{"id": "e4673ae0-da82-11ee-b31f-0242ac130202", "name": "hungry_geese", "title": "Hungry Geese", "description": "Similar to the classic snake game with multiple players", "version": "1.0.0", "configuration": {"episodeSteps": 200, "actTimeout": 6, "runTimeout": 1200, "columns": 11, "rows": 7, "hunger_rate": 40, "min_food": 2}, "specification": {"action": {"description": "Direction to move the head of your players goose.", "type": "string", "enum": ["NORTH", "EAST", "SOUTH", "WEST"], "default": "NORTH"}, "agents": [2, 3, 4, 5, 6, 7, 8], "configuration": {"episodeSteps": {"description": "Maximum number of steps in the episode.", "type": "integer", "minimum": 1, "default": 200}, "actTimeout": {"description": "Maximum runtime (seconds) to obtain an action from an agent.", "type": "number", "minimum": 0, "default": 6}, "runTimeout": {"description": "Maximum runtime (seconds) of an episode (not necessarily DONE).", "type": "number", "minimum": 0, "default": 1200}, "columns": {"description": "Horizontal number of cells on the board.", "type": "integer", "default": 11, "minimum": 3}, "rows": {"description": "Vertical number of cells on the board.", "type": "integer", "default": 7, "minimum": 3}, "hunger_rate": {"description": "The number of steps before the goose shrinks a cell.", "type": "integer", "minimum": 1, "default": 40}, "min_food": {"description": "The minimum amount of food present for all steps.", "type": "integer", "default": 2, "minimum": 1}}, "info": {}, "observation": {"remainingOverageTime": {"description": "Total remaining banked time (seconds) that can be used in excess of per-step actTimeouts -- agent is disqualified with TIMEOUT status when this drops below 0.", "shared": false, "type": "number", "minimum": 0, "default": 12}, "step": {"description": "Current step within the episode.", "type": "integer", "shared": true, "minimum": 0, "default": 0}, "geese": {"description": "List of geese in order by the agent index.", "type": "array", "default": [], "shared": true}, "food": {"description": "Positions on the board where food is present.", "type": "array", "default": [], "shared": true}, "index": {"description": "Index of the current agent's goose in the list of geese.", "type": "integer", "minimum": 0, "defaults": [0, 1, 2, 3, 4, 5, 6, 7]}}, "reward": {"description": "The number of steps the goose has moved plus its length.", "type": ["number", "null"], "default": 0, "minimum": 0}}, "steps": [[{"action": "NORTH", "reward": 0, "info": {}, "observation": {"remainingOverageTime": 12, "step": 0, "geese": [[61], [35], [64], [25]], "food": [23, 51], "index": 0}, "status": "ACTIVE"}, {"action": "NORTH", "reward": 0, "info": {}, "observation": {"remainingOverageTime": 12, "index": 1}, "status": "ACTIVE"}, {"action": "NORTH", "reward": 0, "info": {}, "observation": {"remainingOverageTime": 12, "index": 2}, "status": "ACTIVE"}, {"action": "NORTH", "reward": 0, "info": {}, "observation": {"remainingOverageTime": 12, "index": 3}, "status": "ACTIVE"}], [{"action": "EAST", "reward": 2, "info": {}, "observation": {"remainingOverageTime": 12, "step": 1, "geese": [[62], [34], [53], [14]], "food": [23, 51], "index": 0}, "status": "ACTIVE"}, {"action": "WEST", "reward": 2, "info": {}, "observation": {"remainingOverageTime": 12, "index": 1}, "status": "ACTIVE"}, {"action": "NORTH", "reward": 2, "info": {}, "observation": {"remainingOverageTime": 12, "index": 2}, "status": "ACTIVE"}, {"action": "NORTH", "reward": 2, "info": {}, "observation": {"remainingOverageTime": 12, "index": 3}, "status": "ACTIVE"}], [{"action": "NORTH", "reward": 3, "info": {}, "observation": {"remainingOverageTime": 12, "step": 2, "geese": [[51, 62], [23, 34], [52], [13]], "food": [42, 71], "index": 0}, "status": "ACTIVE"}, {"action": "NORTH", "reward": 3, "info": {}, "observation": {"remainingOverageTime": 12, "index": 1}, "status": "ACTIVE"}, {"action": "WEST", "reward": 3, "info": {}, "observation": {"remainingOverageTime": 12, "index": 2}, "status": "ACTIVE"}, {"action": "WEST", "reward": 3, "info": {}, "observation": {"remainingOverageTime": 12, "index": 3}, "status": "ACTIVE"}], [{"action": "NORTH", "reward": 5, "info": {}, "observation": {"remainingOverageTime": 12, "step": 3, "geese": [[40, 51], [22, 23], [41], [2]], "food": [42, 71], "index": 0}, "status": "ACTIVE"}, {"action": "WEST", "reward": 5, "info": {}, "observation": {"remainingOverageTime": 12, "index": 1}, "status": "ACTIVE"}, {"action": "NORTH", "reward": 4, "info": {}, "observation": {"remainingOverageTime": 12, "index": 2}, "status": "ACTIVE"}, {"action": "NORTH", "reward": 4, "info": {}, "observation": {"remainingOverageTime": 12, "index": 3}, "status": "ACTIVE"}], [{"action": "NORTH", "reward": 6, "info": {}, "observation": {"remainingOverageTime": 12, "step": 4, "geese": [[29, 40], [33, 22], [42, 41], [3]], "food": [71, 67], "index": 0}, "status": "ACTIVE"}, {"action": "SOUTH", "reward": 6, "info": {}, "observation": {"remainingOverageTime": 12, "index": 1}, "status": "ACTIVE"}, {"action": "EAST", "reward": 5, "info": {}, "observation": {"remainingOverageTime": 12, "index": 2}, "status": "ACTIVE"}, {"action": "EAST", "reward": 5, "info": {}, "observation": {"remainingOverageTime": 12, "index": 3}, "status": "ACTIVE"}], [{"action": "WEST", "reward": 7, "info": {}, "observation": {"remainingOverageTime": 12, "step": 5, "geese": [[28, 29], [34, 33], [53, 42], [69]], "food": [71, 67], "index": 0}, "status": "ACTIVE"}, {"action": "EAST", "reward": 7, "info": {}, "observation": {"remainingOverageTime": 12, "index": 1}, "status": "ACTIVE"}, {"action": "SOUTH", "reward": 7, "info": {}, "observation": {"remainingOverageTime": 12, "index": 2}, "status": "ACTIVE"}, {"action": "NORTH", "reward": 6, "info": {}, "observation": {"remainingOverageTime": 12, "index": 3}, "status": "ACTIVE"}], [{"action": "WEST", "reward": 8, "info": {}, "observation": {"remainingOverageTime": 12, "step": 6, "geese": [[27, 28], [45, 34], [54, 53], [70]], "food": [71, 67], "index": 0}, "status": "ACTIVE"}, {"action": "SOUTH", "reward": 8, "info": {}, "observation": {"remainingOverageTime": 12, "index": 1}, "status": "ACTIVE"}, {"action": "EAST", "reward": 8, "info": {}, "observation": {"remainingOverageTime": 12, "index": 2}, "status": "ACTIVE"}, {"action": "EAST", "reward": 7, "info": {}, "observation": {"remainingOverageTime": 12, "index": 3}, "status": "ACTIVE"}], [{"action": "NORTH", "reward": 9, "info": {}, "observation": {"remainingOverageTime": 12, "step": 7, "geese": [[16, 27], [56, 45], [65, 54], [71, 70]], "food": [67, 28], "index": 0}, "status": "ACTIVE"}, {"action": "SOUTH", "reward": 9, "info": {}, "observation": {"remainingOverageTime": 12, "index": 1}, "status": "ACTIVE"}, {"action": "SOUTH", "reward": 9, "info": {}, "observation": {"remainingOverageTime": 12, "index": 2}, "status": "ACTIVE"}, {"action": "EAST", "reward": 8, "info": {}, "observation": {"remainingOverageTime": 12, "index": 3}, "status": "ACTIVE"}], [{"action": "EAST", "reward": 10, "info": {}, "observation": {"remainingOverageTime": 12, "step": 8, "geese": [[17, 16], [67, 56, 45], [76, 65], [72, 71]], "food": [28, 28], "index": 0}, "status": "ACTIVE"}, {"action": "SOUTH", "reward": 10, "info": {}, "observation": {"remainingOverageTime": 12, "index": 1}, "status": "ACTIVE"}, {"action": "SOUTH", "reward": 10, "info": {}, "observation": {"remainingOverageTime": 12, "index": 2}, "status": "ACTIVE"}, {"action": "EAST", "reward": 10, "info": {}, "observation": {"remainingOverageTime": 12, "index": 3}, "status": "ACTIVE"}], [{"action": "SOUTH", "reward": 11, "info": {}, "observation": {"remainingOverageTime": 12, "step": 9, "geese": [[28, 17, 16], [1, 67, 56], [75, 76], [61, 72]], "food": [28, 44], "index": 0}, "status": "ACTIVE"}, {"action": "SOUTH", "reward": 12, "info": {}, "observation": {"remainingOverageTime": 12, "index": 1}, "status": "ACTIVE"}, {"action": "WEST", "reward": 11, "info": {}, "observation": {"remainingOverageTime": 12, "index": 2}, "status": "ACTIVE"}, {"action": "NORTH", "reward": 11, "info": {}, "observation": {"remainingOverageTime": 12, "index": 3}, "status": "ACTIVE"}], [{"action": "EAST", "reward": 13, "info": {}, "observation": {"remainingOverageTime": 12, "step": 10, "geese": [[29, 28, 17], [0, 1, 67], [64, 75], [62, 61]], "food": [28, 44], "index": 0}, "status": "ACTIVE"}, {"action": "WEST", "reward": 13, "info": {}, "observation": {"remainingOverageTime": 12, "index": 1}, "status": "ACTIVE"}, {"action": "NORTH", "reward": 12, "info": {}, "observation": {"remainingOverageTime": 12, "index": 2}, "status": "ACTIVE"}, {"action": "EAST", "reward": 12, "info": {}, "observation": {"remainingOverageTime": 12, "index": 3}, "status": "ACTIVE"}], [{"action": "EAST", "reward": 14, "info": {}, "observation": {"remainingOverageTime": 12, "step": 11, "geese": [[30, 29, 28], [66, 0, 1], [65, 64], [51, 62]], "food": [28, 44], "index": 0}, "status": "ACTIVE"}, {"action": "NORTH", "reward": 14, "info": {}, "observation": {"remainingOverageTime": 12, "index": 1}, "status": "ACTIVE"}, {"action": "EAST", "reward": 13, "info": {}, "observation": {"remainingOverageTime": 12, "index": 2}, "status": "ACTIVE"}, {"action": "NORTH", "reward": 13, "info": {}, "observation": {"remainingOverageTime": 12, "index": 3}, "status": "ACTIVE"}], [{"action": "SOUTH", "reward": 15, "info": {}, "observation": {"remainingOverageTime": 12, "step": 12, "geese": [[41, 30, 29], [67, 66, 0], [54, 65], [40, 51]], "food": [28, 44], "index": 0}, "status": "ACTIVE"}, {"action": "EAST", "reward": 15, "info": {}, "observation": {"remainingOverageTime": 12, "index": 1}, "status": "ACTIVE"}, {"action": "NORTH", "reward": 14, "info": {}, "observation": {"remainingOverageTime": 12, "index": 2}, "status": "ACTIVE"}, {"action": "NORTH", "reward": 14, "info": {}, "observation": {"remainingOverageTime": 12, "index": 3}, "status": "ACTIVE"}], [{"action": "EAST", "reward": 16, "info": {}, "observation": {"remainingOverageTime": 12, "step": 13, "geese": [[42, 41, 30], [56, 67, 66], [44, 54, 65], [29, 40]], "food": [28, 52], "index": 0}, "status": "ACTIVE"}, {"action": "NORTH", "reward": 16, "info": {}, "observation": {"remainingOverageTime": 12, "index": 1}, "status": "ACTIVE"}, {"action": "EAST", "reward": 15, "info": {}, "observation": {"remainingOverageTime": 12, "index": 2}, "status": "ACTIVE"}, {"action": "NORTH", "reward": 15, "info": {}, "observation": {"remainingOverageTime": 12, "index": 3}, "status": "ACTIVE"}], [{"action": "SOUTH", "reward": 17, "info": {}, "observation": {"remainingOverageTime": 12, "step": 14, "geese": [[53, 42, 41], [57, 56, 67], [33, 44, 54], [28, 29, 40]], "food": [52, 71], "index": 0}, "status": "ACTIVE"}, {"action": "EAST", "reward": 17, "info": {}, "observation": {"remainingOverageTime": 12, "index": 1}, "status": "ACTIVE"}, {"action": "NORTH", "reward": 17, "info": {}, "observation": {"remainingOverageTime": 12, "index": 2}, "status": "ACTIVE"}, {"action": "WEST", "reward": 16, "info": {}, "observation": {"remainingOverageTime": 12, "index": 3}, "status": "ACTIVE"}], [{"action": "WEST", "reward": 18, "info": {}, "observation": {"remainingOverageTime": 12, "step": 15, "geese": [[52, 53, 42, 41], [68, 57, 56], [43, 33, 44], [27, 28, 29]], "food": [71, 69], "index": 0}, "status": "ACTIVE"}, {"action": "SOUTH", "reward": 18, "info": {}, "observation": {"remainingOverageTime": 12, "index": 1}, "status": "ACTIVE"}, {"action": "WEST", "reward": 18, "info": {}, "observation": {"remainingOverageTime": 12, "index": 2}, "status": "ACTIVE"}, {"action": "WEST", "reward": 18, "info": {}, "observation": {"remainingOverageTime": 12, "index": 3}, "status": "ACTIVE"}], [{"action": "WEST", "reward": 20, "info": {}, "observation": {"remainingOverageTime": 12, "step": 16, "geese": [[51, 52, 53, 42], [69, 68, 57, 56], [54, 43, 33], [16, 27, 28]], "food": [71, 3], "index": 0}, "status": "ACTIVE"}, {"action": "EAST", "reward": 19, "info": {}, "observation": {"remainingOverageTime": 12, "index": 1}, "status": "ACTIVE"}, {"action": "SOUTH", "reward": 19, "info": {}, "observation": {"remainingOverageTime": 12, "index": 2}, "status": "ACTIVE"}, {"action": "NORTH", "reward": 19, "info": {}, "observation": {"remainingOverageTime": 12, "index": 3}, "status": "ACTIVE"}], [{"action": "SOUTH", "reward": 21, "info": {}, "observation": {"remainingOverageTime": 12, "step": 17, "geese": [[62, 51, 52, 53], [3, 69, 68, 57, 56], [65, 54, 43], [5, 16, 27]], "food": [71, 26], "index": 0}, "status": "ACTIVE"}, {"action": "SOUTH", "reward": 21, "info": {}, "observation": {"remainingOverageTime": 12, "index": 1}, "status": "ACTIVE"}, {"action": "SOUTH", "reward": 20, "info": {}, "observation": {"remainingOverageTime": 12, "index": 2}, "status": "ACTIVE"}, {"action": "NORTH", "reward": 20, "info": {}, "observation": {"remainingOverageTime": 12, "index": 3}, "status": "ACTIVE"}], [{"action": "WEST", "reward": 22, "info": {}, "observation": {"remainingOverageTime": 12, "step": 18, "geese": [[61, 62, 51, 52], [14, 3, 69, 68, 57], [64, 65, 54], [71, 5, 16, 27]], "food": [26, 11], "index": 0}, "status": "ACTIVE"}, {"action": "SOUTH", "reward": 23, "info": {}, "observation": {"remainingOverageTime": 12, "index": 1}, "status": "ACTIVE"}, {"action": "WEST", "reward": 21, "info": {}, "observation": {"remainingOverageTime": 12, "index": 2}, "status": "ACTIVE"}, {"action": "NORTH", "reward": 21, "info": {}, "observation": {"remainingOverageTime": 12, "index": 3}, "status": "ACTIVE"}], [{"action": "NORTH", "reward": 23, "info": {}, "observation": {"remainingOverageTime": 12, "step": 19, "geese": [[50, 61, 62, 51], [25, 14, 3, 69, 68], [75, 64, 65], [70, 71, 5, 16]], "food": [26, 11], "index": 0}, "status": "ACTIVE"}, {"action": "SOUTH", "reward": 24, "info": {}, "observation": {"remainingOverageTime": 12, "index": 1}, "status": "ACTIVE"}, {"action": "SOUTH", "reward": 22, "info": {}, "observation": {"remainingOverageTime": 12, "index": 2}, "status": "ACTIVE"}, {"action": "WEST", "reward": 23, "info": {}, "observation": {"remainingOverageTime": 12, "index": 3}, "status": "ACTIVE"}], [{"action": "WEST", "reward": 24, "info": {}, "observation": {"remainingOverageTime": 12, "step": 20, "geese": [[49, 50, 61, 62], [26, 25, 14, 3, 69, 68], [9, 75, 64], [4, 70, 71, 5]], "food": [11, 60], "index": 0}, "status": "ACTIVE"}, {"action": "EAST", "reward": 25, "info": {}, "observation": {"remainingOverageTime": 12, "index": 1}, "status": "ACTIVE"}, {"action": "SOUTH", "reward": 23, "info": {}, "observation": {"remainingOverageTime": 12, "index": 2}, "status": "ACTIVE"}, {"action": "SOUTH", "reward": 24, "info": {}, "observation": {"remainingOverageTime": 12, "index": 3}, "status": "ACTIVE"}], [{"action": "SOUTH", "reward": 25, "info": {}, "observation": {"remainingOverageTime": 12, "step": 21, "geese": [[60, 49, 50, 61, 62], [37, 26, 25, 14, 3, 69], [10, 9, 75], [5, 4, 70, 71]], "food": [11, 76], "index": 0}, "status": "ACTIVE"}, {"action": "SOUTH", "reward": 27, "info": {}, "observation": {"remainingOverageTime": 12, "index": 1}, "status": "ACTIVE"}, {"action": "EAST", "reward": 24, "info": {}, "observation": {"remainingOverageTime": 12, "index": 2}, "status": "ACTIVE"}, {"action": "EAST", "reward": 25, "info": {}, "observation": {"remainingOverageTime": 12, "index": 3}, "status": "ACTIVE"}], [{"action": "WEST", "reward": 27, "info": {}, "observation": {"remainingOverageTime": 12, "step": 22, "geese": [[59, 60, 49, 50, 61], [36, 37, 26, 25, 14, 3], [76, 10, 9, 75], [6, 5, 4, 70]], "food": [11, 54], "index": 0}, "status": "ACTIVE"}, {"action": "WEST", "reward": 28, "info": {}, "observation": {"remainingOverageTime": 12, "index": 1}, "status": "ACTIVE"}, {"action": "NORTH", "reward": 25, "info": {}, "observation": {"remainingOverageTime": 12, "index": 2}, "status": "ACTIVE"}, {"action": "EAST", "reward": 26, "info": {}, "observation": {"remainingOverageTime": 12, "index": 3}, "status": "ACTIVE"}], [{"action": "NORTH", "reward": 28, "info": {}, "observation": {"remainingOverageTime": 12, "step": 23, "geese": [[48, 59, 60, 49, 50], [35, 36, 37, 26, 25, 14], [65, 76, 10, 9], [17, 6, 5, 4]], "food": [11, 54], "index": 0}, "status": "ACTIVE"}, {"action": "WEST", "reward": 29, "info": {}, "observation": {"remainingOverageTime": 12, "index": 1}, "status": "ACTIVE"}, {"action": "NORTH", "reward": 27, "info": {}, "observation": {"remainingOverageTime": 12, "index": 2}, "status": "ACTIVE"}, {"action": "SOUTH", "reward": 27, "info": {}, "observation": {"remainingOverageTime": 12, "index": 3}, "status": "ACTIVE"}], [{"action": "WEST", "reward": 29, "info": {}, "observation": {"remainingOverageTime": 12, "step": 24, "geese": [[47, 48, 59, 60, 49], [46, 35, 36, 37, 26, 25], [54, 65, 76, 10, 9], [18, 17, 6, 5]], "food": [11, 63], "index": 0}, "status": "ACTIVE"}, {"action": "SOUTH", "reward": 30, "info": {}, "observation": {"remainingOverageTime": 12, "index": 1}, "status": "ACTIVE"}, {"action": "NORTH", "reward": 28, "info": {}, "observation": {"remainingOverageTime": 12, "index": 2}, "status": "ACTIVE"}, {"action": "EAST", "reward": 28, "info": {}, "observation": {"remainingOverageTime": 12, "index": 3}, "status": "ACTIVE"}], [{"action": "SOUTH", "reward": 30, "info": {}, "observation": {"remainingOverageTime": 12, "step": 25, "geese": [[58, 47, 48, 59, 60], [45, 46, 35, 36, 37, 26], [53, 54, 65, 76, 10], [19, 18, 17, 6]], "food": [11, 63], "index": 0}, "status": "ACTIVE"}, {"action": "WEST", "reward": 31, "info": {}, "observation": {"remainingOverageTime": 12, "index": 1}, "status": "ACTIVE"}, {"action": "WEST", "reward": 30, "info": {}, "observation": {"remainingOverageTime": 12, "index": 2}, "status": "ACTIVE"}, {"action": "EAST", "reward": 29, "info": {}, "observation": {"remainingOverageTime": 12, "index": 3}, "status": "ACTIVE"}], [{"action": "SOUTH", "reward": 31, "info": {}, "observation": {"remainingOverageTime": 12, "step": 26, "geese": [[69, 58, 47, 48, 59], [34, 45, 46, 35, 36, 37], [64, 53, 54, 65, 76], [8, 19, 18, 17]], "food": [11, 63], "index": 0}, "status": "ACTIVE"}, {"action": "NORTH", "reward": 32, "info": {}, "observation": {"remainingOverageTime": 12, "index": 1}, "status": "ACTIVE"}, {"action": "SOUTH", "reward": 31, "info": {}, "observation": {"remainingOverageTime": 12, "index": 2}, "status": "ACTIVE"}, {"action": "NORTH", "reward": 30, "info": {}, "observation": {"remainingOverageTime": 12, "index": 3}, "status": "ACTIVE"}], [{"action": "SOUTH", "reward": 32, "info": {}, "observation": {"remainingOverageTime": 12, "step": 27, "geese": [[3, 69, 58, 47, 48], [33, 34, 45, 46, 35, 36], [63, 64, 53, 54, 65, 76], [74, 8, 19, 18]], "food": [11, 60], "index": 0}, "status": "ACTIVE"}, {"action": "WEST", "reward": 33, "info": {}, "observation": {"remainingOverageTime": 12, "index": 1}, "status": "ACTIVE"}, {"action": "WEST", "reward": 32, "info": {}, "observation": {"remainingOverageTime": 12, "index": 2}, "status": "ACTIVE"}, {"action": "NORTH", "reward": 31, "info": {}, "observation": {"remainingOverageTime": 12, "index": 3}, "status": "ACTIVE"}], [{"action": "SOUTH", "reward": 33, "info": {}, "observation": {"remainingOverageTime": 12, "step": 28, "geese": [[14, 3, 69, 58, 47], [22, 33, 34, 45, 46, 35], [62, 63, 64, 53, 54, 65], [73, 74, 8, 19]], "food": [11, 60], "index": 0}, "status": "ACTIVE"}, {"action": "NORTH", "reward": 34, "info": {}, "observation": {"remainingOverageTime": 12, "index": 1}, "status": "ACTIVE"}, {"action": "WEST", "reward": 34, "info": {}, "observation": {"remainingOverageTime": 12, "index": 2}, "status": "ACTIVE"}, {"action": "WEST", "reward": 32, "info": {}, "observation": {"remainingOverageTime": 12, "index": 3}, "status": "ACTIVE"}], [{"action": "WEST", "reward": 34, "info": {}, "observation": {"remainingOverageTime": 12, "step": 29, "geese": [[13, 14, 3, 69, 58], [11, 22, 33, 34, 45, 46, 35], [61, 62, 63, 64, 53, 54], [72, 73, 74, 8]], "food": [60, 68], "index": 0}, "status": "ACTIVE"}, {"action": "NORTH", "reward": 35, "info": {}, "observation": {"remainingOverageTime": 12, "index": 1}, "status": "ACTIVE"}, {"action": "WEST", "reward": 35, "info": {}, "observation": {"remainingOverageTime": 12, "index": 2}, "status": "ACTIVE"}, {"action": "WEST", "reward": 33, "info": {}, "observation": {"remainingOverageTime": 12, "index": 3}, "status": "ACTIVE"}], [{"action": "NORTH", "reward": 35, "info": {}, "observation": {"remainingOverageTime": 12, "step": 30, "geese": [[2, 13, 14, 3, 69], [0, 11, 22, 33, 34, 45, 46], [60, 61, 62, 63, 64, 53, 54], [71, 72, 73, 74]], "food": [68, 36], "index": 0}, "status": "ACTIVE"}, {"action": "NORTH", "reward": 37, "info": {}, "observation": {"remainingOverageTime": 12, "index": 1}, "status": "ACTIVE"}, {"action": "WEST", "reward": 36, "info": {}, "observation": {"remainingOverageTime": 12, "index": 2}, "status": "ACTIVE"}, {"action": "WEST", "reward": 34, "info": {}, "observation": {"remainingOverageTime": 12, "index": 3}, "status": "ACTIVE"}], [{"action": "NORTH", "reward": 36, "info": {}, "observation": {"remainingOverageTime": 12, "step": 31, "geese": [[68, 2, 13, 14, 3, 69], [10, 0, 11, 22, 33, 34, 45], [49, 60, 61, 62, 63, 64, 53], [70, 71, 72, 73]], "food": [36, 17], "index": 0}, "status": "ACTIVE"}, {"action": "WEST", "reward": 38, "info": {}, "observation": {"remainingOverageTime": 12, "index": 1}, "status": "ACTIVE"}, {"action": "NORTH", "reward": 38, "info": {}, "observation": {"remainingOverageTime": 12, "index": 2}, "status": "ACTIVE"}, {"action": "WEST", "reward": 35, "info": {}, "observation": {"remainingOverageTime": 12, "index": 3}, "status": "ACTIVE"}], [{"action": "NORTH", "reward": 38, "info": {}, "observation": {"remainingOverageTime": 12, "step": 32, "geese": [[57, 68, 2, 13, 14, 3], [21, 10, 0, 11, 22, 33, 34], [48, 49, 60, 61, 62, 63, 64], [59, 70, 71, 72]], "food": [36, 17], "index": 0}, "status": "ACTIVE"}, {"action": "SOUTH", "reward": 39, "info": {}, "observation": {"remainingOverageTime": 12, "index": 1}, "status": "ACTIVE"}, {"action": "WEST", "reward": 39, "info": {}, "observation": {"remainingOverageTime": 12, "index": 2}, "status": "ACTIVE"}, {"action": "NORTH", "reward": 36, "info": {}, "observation": {"remainingOverageTime": 12, "index": 3}, "status": "ACTIVE"}], [{"action": "NORTH", "reward": 39, "info": {}, "observation": {"remainingOverageTime": 12, "step": 33, "geese": [[46, 57, 68, 2, 13, 14], [20, 21, 10, 0, 11, 22, 33], [37, 48, 49, 60, 61, 62, 63], [58, 59, 70, 71]], "food": [36, 17], "index": 0}, "status": "ACTIVE"}, {"action": "WEST", "reward": 40, "info": {}, "observation": {"remainingOverageTime": 12, "index": 1}, "status": "ACTIVE"}, {"action": "NORTH", "reward": 40, "info": {}, "observation": {"remainingOverageTime": 12, "index": 2}, "status": "ACTIVE"}, {"action": "WEST", "reward": 37, "info": {}, "observation": {"remainingOverageTime": 12, "index": 3}, "status": "ACTIVE"}], [{"action": "NORTH", "reward": 40, "info": {}, "observation": {"remainingOverageTime": 12, "step": 34, "geese": [[35, 46, 57, 68, 2, 13], [19, 20, 21, 10, 0, 11, 22], [36, 37, 48, 49, 60, 61, 62, 63], [69, 58, 59, 70]], "food": [17, 18], "index": 0}, "status": "ACTIVE"}, {"action": "WEST", "reward": 41, "info": {}, "observation": {"remainingOverageTime": 12, "index": 1}, "status": "ACTIVE"}, {"action": "WEST", "reward": 41, "info": {}, "observation": {"remainingOverageTime": 12, "index": 2}, "status": "ACTIVE"}, {"action": "SOUTH", "reward": 38, "info": {}, "observation": {"remainingOverageTime": 12, "index": 3}, "status": "ACTIVE"}], [{"action": "NORTH", "reward": 41, "info": {}, "observation": {"remainingOverageTime": 12, "step": 35, "geese": [[24, 35, 46, 57, 68, 2], [18, 19, 20, 21, 10, 0, 11, 22], [25, 36, 37, 48, 49, 60, 61, 62], [70, 69, 58, 59]], "food": [17, 4], "index": 0}, "status": "ACTIVE"}, {"action": "WEST", "reward": 42, "info": {}, "observation": {"remainingOverageTime": 12, "index": 1}, "status": "ACTIVE"}, {"action": "NORTH", "reward": 43, "info": {}, "observation": {"remainingOverageTime": 12, "index": 2}, "status": "ACTIVE"}, {"action": "EAST", "reward": 39, "info": {}, "observation": {"remainingOverageTime": 12, "index": 3}, "status": "ACTIVE"}], [{"action": "NORTH", "reward": 42, "info": {}, "observation": {"remainingOverageTime": 12, "step": 36, "geese": [[13, 24, 35, 46, 57, 68], [17, 18, 19, 20, 21, 10, 0, 11, 22], [14, 25, 36, 37, 48, 49, 60, 61], [4, 70, 69, 58, 59]], "food": [1, 26], "index": 0}, "status": "ACTIVE"}, {"action": "WEST", "reward": 44, "info": {}, "observation": {"remainingOverageTime": 12, "index": 1}, "status": "ACTIVE"}, {"action": "NORTH", "reward": 44, "info": {}, "observation": {"remainingOverageTime": 12, "index": 2}, "status": "ACTIVE"}, {"action": "SOUTH", "reward": 40, "info": {}, "observation": {"remainingOverageTime": 12, "index": 3}, "status": "ACTIVE"}], [{"action": "WEST", "reward": 43, "info": {}, "observation": {"remainingOverageTime": 12, "step": 37, "geese": [[12, 13, 24, 35, 46, 57], [16, 17, 18, 19, 20, 21, 10, 0, 11], [15, 14, 25, 36, 37, 48, 49, 60], [5, 4, 70, 69, 58]], "food": [1, 26], "index": 0}, "status": "ACTIVE"}, {"action": "WEST", "reward": 46, "info": {}, "observation": {"remainingOverageTime": 12, "index": 1}, "status": "ACTIVE"}, {"action": "EAST", "reward": 45, "info": {}, "observation": {"remainingOverageTime": 12, "index": 2}, "status": "ACTIVE"}, {"action": "EAST", "reward": 42, "info": {}, "observation": {"remainingOverageTime": 12, "index": 3}, "status": "ACTIVE"}], [{"action": "NORTH", "reward": 44, "info": {}, "observation": {"remainingOverageTime": 12, "step": 38, "geese": [[1, 12, 13, 24, 35, 46, 57], [27, 16, 17, 18, 19, 20, 21, 10, 0], [26, 15, 14, 25, 36, 37, 48, 49, 60], [6, 5, 4, 70, 69]], "food": [31, 34], "index": 0}, "status": "ACTIVE"}, {"action": "SOUTH", "reward": 47, "info": {}, "observation": {"remainingOverageTime": 12, "index": 1}, "status": "ACTIVE"}, {"action": "SOUTH", "reward": 46, "info": {}, "observation": {"remainingOverageTime": 12, "index": 2}, "status": "ACTIVE"}, {"action": "EAST", "reward": 43, "info": {}, "observation": {"remainingOverageTime": 12, "index": 3}, "status": "ACTIVE"}], [{"action": "NORTH", "reward": 46, "info": {}, "observation": {"remainingOverageTime": 12, "step": 39, "geese": [[67, 1, 12, 13, 24, 35, 46], [28, 27, 16, 17, 18, 19, 20, 21, 10], [], [7, 6, 5, 4, 70]], "food": [31, 34], "index": 0}, "status": "ACTIVE"}, {"action": "EAST", "reward": 48, "info": {}, "observation": {"remainingOverageTime": 12, "index": 1}, "status": "ACTIVE"}, {"action": "SOUTH", "reward": 48, "info": {}, "observation": {"remainingOverageTime": 12, "index": 2}, "status": "DONE"}, {"action": "EAST", "reward": 44, "info": {}, "observation": {"remainingOverageTime": 12, "index": 3}, "status": "ACTIVE"}], [{"action": "NORTH", "reward": 47, "info": {}, "observation": {"remainingOverageTime": 12, "step": 40, "geese": [[56, 67, 1, 12, 13, 24], [29, 28, 27, 16, 17, 18, 19, 20], [], [8, 7, 6, 5]], "food": [31, 34], "index": 0}, "status": "ACTIVE"}, {"action": "EAST", "reward": 49, "info": {}, "observation": {"remainingOverageTime": 12, "index": 1}, "status": "ACTIVE"}, {"action": "NORTH", "reward": 48, "info": {}, "observation": {"remainingOverageTime": 12, "index": 2}, "status": "DONE"}, {"action": "EAST", "reward": 45, "info": {}, "observation": {"remainingOverageTime": 12, "index": 3}, "status": "ACTIVE"}], [{"action": "NORTH", "reward": 47, "info": {}, "observation": {"remainingOverageTime": 12, "step": 41, "geese": [[45, 56, 67, 1, 12, 13], [30, 29, 28, 27, 16, 17, 18, 19], [], [9, 8, 7, 6]], "food": [31, 34], "index": 0}, "status": "ACTIVE"}, {"action": "EAST", "reward": 49, "info": {}, "observation": {"remainingOverageTime": 12, "index": 1}, "status": "ACTIVE"}, {"action": "NORTH", "reward": 48, "info": {}, "observation": {"remainingOverageTime": 12, "index": 2}, "status": "DONE"}, {"action": "EAST", "reward": 45, "info": {}, "observation": {"remainingOverageTime": 12, "index": 3}, "status": "ACTIVE"}], [{"action": "NORTH", "reward": 48, "info": {}, "observation": {"remainingOverageTime": 12, "step": 42, "geese": [[34, 45, 56, 67, 1, 12, 13], [31, 30, 29, 28, 27, 16, 17, 18, 19], [], [20, 9, 8, 7]], "food": [40, 35], "index": 0}, "status": "ACTIVE"}, {"action": "EAST", "reward": 50, "info": {}, "observation": {"remainingOverageTime": 12, "index": 1}, "status": "ACTIVE"}, {"action": "NORTH", "reward": 48, "info": {}, "observation": {"remainingOverageTime": 12, "index": 2}, "status": "DONE"}, {"action": "SOUTH", "reward": 46, "info": {}, "observation": {"remainingOverageTime": 12, "index": 3}, "status": "ACTIVE"}], [{"action": "EAST", "reward": 50, "info": {}, "observation": {"remainingOverageTime": 12, "step": 43, "geese": [[35, 34, 45, 56, 67, 1, 12, 13], [42, 31, 30, 29, 28, 27, 16, 17, 18], [], [21, 20, 9, 8]], "food": [40, 66], "index": 0}, "status": "ACTIVE"}, {"action": "SOUTH", "reward": 52, "info": {}, "observation": {"remainingOverageTime": 12, "index": 1}, "status": "ACTIVE"}, {"action": "NORTH", "reward": 48, "info": {}, "observation": {"remainingOverageTime": 12, "index": 2}, "status": "DONE"}, {"action": "EAST", "reward": 47, "info": {}, "observation": {"remainingOverageTime": 12, "index": 3}, "status": "ACTIVE"}], [{"action": "EAST", "reward": 52, "info": {}, "observation": {"remainingOverageTime": 12, "step": 44, "geese": [[36, 35, 34, 45, 56, 67, 1, 12], [41, 42, 31, 30, 29, 28, 27, 16, 17], [], [11, 21, 20, 9]], "food": [40, 66], "index": 0}, "status": "ACTIVE"}, {"action": "WEST", "reward": 53, "info": {}, "observation": {"remainingOverageTime": 12, "index": 1}, "status": "ACTIVE"}, {"action": "NORTH", "reward": 48, "info": {}, "observation": {"remainingOverageTime": 12, "index": 2}, "status": "DONE"}, {"action": "EAST", "reward": 48, "info": {}, "observation": {"remainingOverageTime": 12, "index": 3}, "status": "ACTIVE"}], [{"action": "EAST", "reward": 53, "info": {}, "observation": {"remainingOverageTime": 12, "step": 45, "geese": [[37, 36, 35, 34, 45, 56, 67, 1], [40, 41, 42, 31, 30, 29, 28, 27, 16, 17], [], [0, 11, 21, 20]], "food": [66, 60], "index": 0}, "status": "ACTIVE"}, {"action": "WEST", "reward": 54, "info": {}, "observation": {"remainingOverageTime": 12, "index": 1}, "status": "ACTIVE"}, {"action": "NORTH", "reward": 48, "info": {}, "observation": {"remainingOverageTime": 12, "index": 2}, "status": "DONE"}, {"action": "NORTH", "reward": 49, "info": {}, "observation": {"remainingOverageTime": 12, "index": 3}, "status": "ACTIVE"}], [{"action": "SOUTH", "reward": 54, "info": {}, "observation": {"remainingOverageTime": 12, "step": 46, "geese": [[48, 37, 36, 35, 34, 45, 56, 67], [51, 40, 41, 42, 31, 30, 29, 28, 27, 16], [], [66, 0, 11, 21, 20]], "food": [60, 62], "index": 0}, "status": "ACTIVE"}, {"action": "SOUTH", "reward": 56, "info": {}, "observation": {"remainingOverageTime": 12, "index": 1}, "status": "ACTIVE"}, {"action": "NORTH", "reward": 48, "info": {}, "observation": {"remainingOverageTime": 12, "index": 2}, "status": "DONE"}, {"action": "NORTH", "reward": 50, "info": {}, "observation": {"remainingOverageTime": 12, "index": 3}, "status": "ACTIVE"}], [{"action": "EAST", "reward": 55, "info": {}, "observation": {"remainingOverageTime": 12, "step": 47, "geese": [[49, 48, 37, 36, 35, 34, 45, 56], [62, 51, 40, 41, 42, 31, 30, 29, 28, 27, 16], [], [76, 66, 0, 11, 21]], "food": [60, 67], "index": 0}, "status": "ACTIVE"}, {"action": "SOUTH", "reward": 57, "info": {}, "observation": {"remainingOverageTime": 12, "index": 1}, "status": "ACTIVE"}, {"action": "NORTH", "reward": 48, "info": {}, "observation": {"remainingOverageTime": 12, "index": 2}, "status": "DONE"}, {"action": "WEST", "reward": 52, "info": {}, "observation": {"remainingOverageTime": 12, "index": 3}, "status": "ACTIVE"}], [{"action": "SOUTH", "reward": 56, "info": {}, "observation": {"remainingOverageTime": 12, "step": 48, "geese": [[60, 49, 48, 37, 36, 35, 34, 45, 56], [61, 62, 51, 40, 41, 42, 31, 30, 29, 28, 27], [], [75, 76, 66, 0, 11]], "food": [67, 70], "index": 0}, "status": "ACTIVE"}, {"action": "WEST", "reward": 59, "info": {}, "observation": {"remainingOverageTime": 12, "index": 1}, "status": "ACTIVE"}, {"action": "NORTH", "reward": 48, "info": {}, "observation": {"remainingOverageTime": 12, "index": 2}, "status": "DONE"}, {"action": "WEST", "reward": 53, "info": {}, "observation": {"remainingOverageTime": 12, "index": 3}, "status": "ACTIVE"}], [{"action": "WEST", "reward": 58, "info": {}, "observation": {"remainingOverageTime": 12, "step": 49, "geese": [[59, 60, 49, 48, 37, 36, 35, 34, 45], [72, 61, 62, 51, 40, 41, 42, 31, 30, 29, 28], [], [64, 75, 76, 66, 0]], "food": [67, 70], "index": 0}, "status": "ACTIVE"}, {"action": "SOUTH", "reward": 60, "info": {}, "observation": {"remainingOverageTime": 12, "index": 1}, "status": "ACTIVE"}, {"action": "NORTH", "reward": 48, "info": {}, "observation": {"remainingOverageTime": 12, "index": 2}, "status": "DONE"}, {"action": "NORTH", "reward": 54, "info": {}, "observation": {"remainingOverageTime": 12, "index": 3}, "status": "ACTIVE"}], [{"action": "SOUTH", "reward": 59, "info": {}, "observation": {"remainingOverageTime": 12, "step": 50, "geese": [[70, 59, 60, 49, 48, 37, 36, 35, 34, 45], [71, 72, 61, 62, 51, 40, 41, 42, 31, 30, 29], [], [65, 64, 75, 76, 66]], "food": [67, 4], "index": 0}, "status": "ACTIVE"}, {"action": "WEST", "reward": 61, "info": {}, "observation": {"remainingOverageTime": 12, "index": 1}, "status": "ACTIVE"}, {"action": "NORTH", "reward": 48, "info": {}, "observation": {"remainingOverageTime": 12, "index": 2}, "status": "DONE"}, {"action": "EAST", "reward": 55, "info": {}, "observation": {"remainingOverageTime": 12, "index": 3}, "status": "ACTIVE"}], [{"action": "SOUTH", "reward": 61, "info": {}, "observation": {"remainingOverageTime": 12, "step": 51, "geese": [[4, 70, 59, 60, 49, 48, 37, 36, 35, 34, 45], [5, 71, 72, 61, 62, 51, 40, 41, 42, 31, 30], [], [55, 65, 64, 75, 76]], "food": [67, 67], "index": 0}, "status": "ACTIVE"}, {"action": "SOUTH", "reward": 62, "info": {}, "observation": {"remainingOverageTime": 12, "index": 1}, "status": "ACTIVE"}, {"action": "NORTH", "reward": 48, "info": {}, "observation": {"remainingOverageTime": 12, "index": 2}, "status": "DONE"}, {"action": "EAST", "reward": 56, "info": {}, "observation": {"remainingOverageTime": 12, "index": 3}, "status": "ACTIVE"}], [{"action": "WEST", "reward": 63, "info": {}, "observation": {"remainingOverageTime": 12, "step": 52, "geese": [[3, 4, 70, 59, 60, 49, 48, 37, 36, 35, 34], [16, 5, 71, 72, 61, 62, 51, 40, 41, 42, 31], [], [56, 55, 65, 64, 75]], "food": [67, 67], "index": 0}, "status": "ACTIVE"}, {"action": "SOUTH", "reward": 63, "info": {}, "observation": {"remainingOverageTime": 12, "index": 1}, "status": "ACTIVE"}, {"action": "NORTH", "reward": 48, "info": {}, "observation": {"remainingOverageTime": 12, "index": 2}, "status": "DONE"}, {"action": "EAST", "reward": 57, "info": {}, "observation": {"remainingOverageTime": 12, "index": 3}, "status": "ACTIVE"}], [{"action": "NORTH", "reward": 64, "info": {}, "observation": {"remainingOverageTime": 12, "step": 53, "geese": [[69, 3, 4, 70, 59, 60, 49, 48, 37, 36, 35], [15, 16, 5, 71, 72, 61, 62, 51, 40, 41, 42], [], [67, 56, 55, 65, 64, 75]], "food": [67, 53], "index": 0}, "status": "ACTIVE"}, {"action": "WEST", "reward": 64, "info": {}, "observation": {"remainingOverageTime": 12, "index": 1}, "status": "ACTIVE"}, {"action": "NORTH", "reward": 48, "info": {}, "observation": {"remainingOverageTime": 12, "index": 2}, "status": "DONE"}, {"action": "SOUTH", "reward": 58, "info": {}, "observation": {"remainingOverageTime": 12, "index": 3}, "status": "ACTIVE"}], [{"action": "NORTH", "reward": 65, "info": {}, "observation": {"remainingOverageTime": 12, "step": 54, "geese": [[58, 69, 3, 4, 70, 59, 60, 49, 48, 37, 36], [26, 15, 16, 5, 71, 72, 61, 62, 51, 40, 41], [], [1, 67, 56, 55, 65, 64]], "food": [67, 53], "index": 0}, "status": "ACTIVE"}, {"action": "SOUTH", "reward": 65, "info": {}, "observation": {"remainingOverageTime": 12, "index": 1}, "status": "ACTIVE"}, {"action": "NORTH", "reward": 48, "info": {}, "observation": {"remainingOverageTime": 12, "index": 2}, "status": "DONE"}, {"action": "SOUTH", "reward": 60, "info": {}, "observation": {"remainingOverageTime": 12, "index": 3}, "status": "ACTIVE"}], [{"action": "WEST", "reward": 66, "info": {}, "observation": {"remainingOverageTime": 12, "step": 55, "geese": [[57, 58, 69, 3, 4, 70, 59, 60, 49, 48, 37], [27, 26, 15, 16, 5, 71, 72, 61, 62, 51, 40], [], [0, 1, 67, 56, 55, 65]], "food": [67, 53], "index": 0}, "status": "ACTIVE"}, {"action": "EAST", "reward": 66, "info": {}, "observation": {"remainingOverageTime": 12, "index": 1}, "status": "ACTIVE"}, {"action": "NORTH", "reward": 48, "info": {}, "observation": {"remainingOverageTime": 12, "index": 2}, "status": "DONE"}, {"action": "WEST", "reward": 61, "info": {}, "observation": {"remainingOverageTime": 12, "index": 3}, "status": "ACTIVE"}], [{"action": "NORTH", "reward": 67, "info": {}, "observation": {"remainingOverageTime": 12, "step": 56, "geese": [[46, 57, 58, 69, 3, 4, 70, 59, 60, 49, 48], [28, 27, 26, 15, 16, 5, 71, 72, 61, 62, 51], [], [66, 0, 1, 67, 56, 55]], "food": [67, 53], "index": 0}, "status": "ACTIVE"}, {"action": "EAST", "reward": 67, "info": {}, "observation": {"remainingOverageTime": 12, "index": 1}, "status": "ACTIVE"}, {"action": "NORTH", "reward": 48, "info": {}, "observation": {"remainingOverageTime": 12, "index": 2}, "status": "DONE"}, {"action": "NORTH", "reward": 62, "info": {}, "observation": {"remainingOverageTime": 12, "index": 3}, "status": "ACTIVE"}], [{"action": "WEST", "reward": 68, "info": {}, "observation": {"remainingOverageTime": 12, "step": 57, "geese": [[45, 46, 57, 58, 69, 3, 4, 70, 59, 60, 49], [29, 28, 27, 26, 15, 16, 5, 71, 72, 61, 62], [], [76, 66, 0, 1, 67, 56]], "food": [67, 53], "index": 0}, "status": "ACTIVE"}, {"action": "EAST", "reward": 68, "info": {}, "observation": {"remainingOverageTime": 12, "index": 1}, "status": "ACTIVE"}, {"action": "NORTH", "reward": 48, "info": {}, "observation": {"remainingOverageTime": 12, "index": 2}, "status": "DONE"}, {"action": "WEST", "reward": 63, "info": {}, "observation": {"remainingOverageTime": 12, "index": 3}, "status": "ACTIVE"}], [{"action": "WEST", "reward": 69, "info": {}, "observation": {"remainingOverageTime": 12, "step": 58, "geese": [[44, 45, 46, 57, 58, 69, 3, 4, 70, 59, 60], [30, 29, 28, 27, 26, 15, 16, 5, 71, 72, 61], [], [75, 76, 66, 0, 1, 67]], "food": [67, 53], "index": 0}, "status": "ACTIVE"}, {"action": "EAST", "reward": 69, "info": {}, "observation": {"remainingOverageTime": 12, "index": 1}, "status": "ACTIVE"}, {"action": "NORTH", "reward": 48, "info": {}, "observation": {"remainingOverageTime": 12, "index": 2}, "status": "DONE"}, {"action": "WEST", "reward": 64, "info": {}, "observation": {"remainingOverageTime": 12, "index": 3}, "status": "ACTIVE"}], [{"action": "WEST", "reward": 70, "info": {}, "observation": {"remainingOverageTime": 12, "step": 59, "geese": [[54, 44, 45, 46, 57, 58, 69, 3, 4, 70, 59], [41, 30, 29, 28, 27, 26, 15, 16, 5, 71, 72], [], [64, 75, 76, 66, 0, 1]], "food": [67, 53], "index": 0}, "status": "ACTIVE"}, {"action": "SOUTH", "reward": 70, "info": {}, "observation": {"remainingOverageTime": 12, "index": 1}, "status": "ACTIVE"}, {"action": "NORTH", "reward": 48, "info": {}, "observation": {"remainingOverageTime": 12, "index": 2}, "status": "DONE"}, {"action": "NORTH", "reward": 65, "info": {}, "observation": {"remainingOverageTime": 12, "index": 3}, "status": "ACTIVE"}], [{"action": "NORTH", "reward": 71, "info": {}, "observation": {"remainingOverageTime": 12, "step": 60, "geese": [[43, 54, 44, 45, 46, 57, 58, 69, 3, 4, 70], [42, 41, 30, 29, 28, 27, 26, 15, 16, 5, 71], [], [63, 64, 75, 76, 66, 0]], "food": [67, 53], "index": 0}, "status": "ACTIVE"}, {"action": "EAST", "reward": 71, "info": {}, "observation": {"remainingOverageTime": 12, "index": 1}, "status": "ACTIVE"}, {"action": "NORTH", "reward": 48, "info": {}, "observation": {"remainingOverageTime": 12, "index": 2}, "status": "DONE"}, {"action": "WEST", "reward": 66, "info": {}, "observation": {"remainingOverageTime": 12, "index": 3}, "status": "ACTIVE"}], [{"action": "EAST", "reward": 72, "info": {}, "observation": {"remainingOverageTime": 12, "step": 61, "geese": [[33, 43, 54, 44, 45, 46, 57, 58, 69, 3, 4], [53, 42, 41, 30, 29, 28, 27, 26, 15, 16, 5, 71], [], [52, 63, 64, 75, 76, 66]], "food": [67, 68], "index": 0}, "status": "ACTIVE"}, {"action": "SOUTH", "reward": 72, "info": {}, "observation": {"remainingOverageTime": 12, "index": 1}, "status": "ACTIVE"}, {"action": "NORTH", "reward": 48, "info": {}, "observation": {"remainingOverageTime": 12, "index": 2}, "status": "DONE"}, {"action": "NORTH", "reward": 67, "info": {}, "observation": {"remainingOverageTime": 12, "index": 3}, "status": "ACTIVE"}], [{"action": "NORTH", "reward": 73, "info": {}, "observation": {"remainingOverageTime": 12, "step": 62, "geese": [[], [], [], [51, 52, 63, 64, 75, 76]], "food": [67, 68], "index": 0}, "status": "DONE"}, {"action": "EAST", "reward": 74, "info": {}, "observation": {"remainingOverageTime": 12, "index": 1}, "status": "DONE"}, {"action": "NORTH", "reward": 48, "info": {}, "observation": {"remainingOverageTime": 12, "index": 2}, "status": "DONE"}, {"action": "WEST", "reward": 68, "info": {}, "observation": {"remainingOverageTime": 12, "index": 3}, "status": "DONE"}]], "rewards": [73, 74, 48, 68], "statuses": ["DONE", "DONE", "DONE", "DONE"], "schema_version": 1, "info": {}}