{"id": "30a4aa26-da76-11ee-b2d8-0242ac130202", "name": "hungry_geese", "title": "Hungry Geese", "description": "Similar to the classic snake game with multiple players", "version": "1.0.0", "configuration": {"episodeSteps": 200, "actTimeout": 6, "runTimeout": 1200, "columns": 11, "rows": 7, "hunger_rate": 40, "min_food": 2}, "specification": {"action": {"description": "Direction to move the head of your players goose.", "type": "string", "enum": ["NORTH", "EAST", "SOUTH", "WEST"], "default": "NORTH"}, "agents": [2, 3, 4, 5, 6, 7, 8], "configuration": {"episodeSteps": {"description": "Maximum number of steps in the episode.", "type": "integer", "minimum": 1, "default": 200}, "actTimeout": {"description": "Maximum runtime (seconds) to obtain an action from an agent.", "type": "number", "minimum": 0, "default": 6}, "runTimeout": {"description": "Maximum runtime (seconds) of an episode (not necessarily DONE).", "type": "number", "minimum": 0, "default": 1200}, "columns": {"description": "Horizontal number of cells on the board.", "type": "integer", "default": 11, "minimum": 3}, "rows": {"description": "Vertical number of cells on the board.", "type": "integer", "default": 7, "minimum": 3}, "hunger_rate": {"description": "The number of steps before the goose shrinks a cell.", "type": "integer", "minimum": 1, "default": 40}, "min_food": {"description": "The minimum amount of food present for all steps.", "type": "integer", "default": 2, "minimum": 1}}, "info": {}, "observation": {"remainingOverageTime": {"description": "Total remaining banked time (seconds) that can be used in excess of per-step actTimeouts -- agent is disqualified with TIMEOUT status when this drops below 0.", "shared": false, "type": "number", "minimum": 0, "default": 12}, "step": {"description": "Current step within the episode.", "type": "integer", "shared": true, "minimum": 0, "default": 0}, "geese": {"description": "List of geese in order by the agent index.", "type": "array", "default": [], "shared": true}, "food": {"description": "Positions on the board where food is present.", "type": "array", "default": [], "shared": true}, "index": {"description": "Index of the current agent's goose in the list of geese.", "type": "integer", "minimum": 0, "defaults": [0, 1, 2, 3, 4, 5, 6, 7]}}, "reward": {"description": "The number of steps the goose has moved plus its length.", "type": ["number", "null"], "default": 0, "minimum": 0}}, "steps": [[{"action": "NORTH", "reward": 0, "info": {}, "observation": {"remainingOverageTime": 12, "step": 0, "geese": [[37], [23], [59], [49]], "food": [1, 10], "index": 0}, "status": "ACTIVE"}, {"action": "NORTH", "reward": 0, "info": {}, "observation": {"remainingOverageTime": 12, "index": 1}, "status": "ACTIVE"}, {"action": "NORTH", "reward": 0, "info": {}, "observation": {"remainingOverageTime": 12, "index": 2}, "status": "ACTIVE"}, {"action": "NORTH", "reward": 0, "info": {}, "observation": {"remainingOverageTime": 12, "index": 3}, "status": "ACTIVE"}], [{"action": "NORTH", "reward": 2, "info": {}, "observation": {"remainingOverageTime": 12, "step": 1, "geese": [[26], [12], [70], [50]], "food": [1, 10], "index": 0}, "status": "ACTIVE"}, {"action": "NORTH", "reward": 2, "info": {}, "observation": {"remainingOverageTime": 12, "index": 1}, "status": "ACTIVE"}, {"action": "SOUTH", "reward": 2, "info": {}, "observation": {"remainingOverageTime": 12, "index": 2}, "status": "ACTIVE"}, {"action": "EAST", "reward": 2, "info": {}, "observation": {"remainingOverageTime": 12, "index": 3}, "status": "ACTIVE"}], [{"action": "WEST", "reward": 3, "info": {}, "observation": {"remainingOverageTime": 12, "step": 2, "geese": [[25], [1, 12], [69], [61]], "food": [10, 53], "index": 0}, "status": "ACTIVE"}, {"action": "NORTH", "reward": 3, "info": {}, "observation": {"remainingOverageTime": 12, "index": 1}, "status": "ACTIVE"}, {"action": "WEST", "reward": 3, "info": {}, "observation": {"remainingOverageTime": 12, "index": 2}, "status": "ACTIVE"}, {"action": "SOUTH", "reward": 3, "info": {}, "observation": {"remainingOverageTime": 12, "index": 3}, "status": "ACTIVE"}], [{"action": "NORTH", "reward": 4, "info": {}, "observation": {"remainingOverageTime": 12, "step": 3, "geese": [[14], [0, 1], [68], [62]], "food": [10, 53], "index": 0}, "status": "ACTIVE"}, {"action": "WEST", "reward": 5, "info": {}, "observation": {"remainingOverageTime": 12, "index": 1}, "status": "ACTIVE"}, {"action": "WEST", "reward": 4, "info": {}, "observation": {"remainingOverageTime": 12, "index": 2}, "status": "ACTIVE"}, {"action": "EAST", "reward": 4, "info": {}, "observation": {"remainingOverageTime": 12, "index": 3}, "status": "ACTIVE"}], [{"action": "WEST", "reward": 5, "info": {}, "observation": {"remainingOverageTime": 12, "step": 4, "geese": [[13], [10, 0, 1], [67], [51]], "food": [53, 38], "index": 0}, "status": "ACTIVE"}, {"action": "WEST", "reward": 6, "info": {}, "observation": {"remainingOverageTime": 12, "index": 1}, "status": "ACTIVE"}, {"action": "WEST", "reward": 5, "info": {}, "observation": {"remainingOverageTime": 12, "index": 2}, "status": "ACTIVE"}, {"action": "NORTH", "reward": 5, "info": {}, "observation": {"remainingOverageTime": 12, "index": 3}, "status": "ACTIVE"}], [{"action": "SOUTH", "reward": 6, "info": {}, "observation": {"remainingOverageTime": 12, "step": 5, "geese": [[24], [76, 10, 0], [56], [52]], "food": [53, 38], "index": 0}, "status": "ACTIVE"}, {"action": "NORTH", "reward": 8, "info": {}, "observation": {"remainingOverageTime": 12, "index": 1}, "status": "ACTIVE"}, {"action": "NORTH", "reward": 6, "info": {}, "observation": {"remainingOverageTime": 12, "index": 2}, "status": "ACTIVE"}, {"action": "EAST", "reward": 6, "info": {}, "observation": {"remainingOverageTime": 12, "index": 3}, "status": "ACTIVE"}], [{"action": "SOUTH", "reward": 7, "info": {}, "observation": {"remainingOverageTime": 12, "step": 6, "geese": [[35], [75, 76, 10], [45], [53, 52]], "food": [38, 41], "index": 0}, "status": "ACTIVE"}, {"action": "WEST", "reward": 9, "info": {}, "observation": {"remainingOverageTime": 12, "index": 1}, "status": "ACTIVE"}, {"action": "NORTH", "reward": 7, "info": {}, "observation": {"remainingOverageTime": 12, "index": 2}, "status": "ACTIVE"}, {"action": "EAST", "reward": 7, "info": {}, "observation": {"remainingOverageTime": 12, "index": 3}, "status": "ACTIVE"}], [{"action": "EAST", "reward": 8, "info": {}, "observation": {"remainingOverageTime": 12, "step": 7, "geese": [[36], [9, 75, 76], [44], [42, 53]], "food": [38, 41], "index": 0}, "status": "ACTIVE"}, {"action": "SOUTH", "reward": 10, "info": {}, "observation": {"remainingOverageTime": 12, "index": 1}, "status": "ACTIVE"}, {"action": "WEST", "reward": 8, "info": {}, "observation": {"remainingOverageTime": 12, "index": 2}, "status": "ACTIVE"}, {"action": "NORTH", "reward": 9, "info": {}, "observation": {"remainingOverageTime": 12, "index": 3}, "status": "ACTIVE"}], [{"action": "EAST", "reward": 9, "info": {}, "observation": {"remainingOverageTime": 12, "step": 8, "geese": [[37], [8, 9, 75], [33], [41, 42, 53]], "food": [38, 5], "index": 0}, "status": "ACTIVE"}, {"action": "WEST", "reward": 11, "info": {}, "observation": {"remainingOverageTime": 12, "index": 1}, "status": "ACTIVE"}, {"action": "NORTH", "reward": 9, "info": {}, "observation": {"remainingOverageTime": 12, "index": 2}, "status": "ACTIVE"}, {"action": "WEST", "reward": 10, "info": {}, "observation": {"remainingOverageTime": 12, "index": 3}, "status": "ACTIVE"}], [{"action": "EAST", "reward": 10, "info": {}, "observation": {"remainingOverageTime": 12, "step": 9, "geese": [[38, 37], [7, 8, 9], [22], [40, 41, 42]], "food": [5, 54], "index": 0}, "status": "ACTIVE"}, {"action": "WEST", "reward": 12, "info": {}, "observation": {"remainingOverageTime": 12, "index": 1}, "status": "ACTIVE"}, {"action": "NORTH", "reward": 10, "info": {}, "observation": {"remainingOverageTime": 12, "index": 2}, "status": "ACTIVE"}, {"action": "WEST", "reward": 12, "info": {}, "observation": {"remainingOverageTime": 12, "index": 3}, "status": "ACTIVE"}], [{"action": "NORTH", "reward": 12, "info": {}, "observation": {"remainingOverageTime": 12, "step": 10, "geese": [[27, 38], [6, 7, 8], [32], [51, 40, 41]], "food": [5, 54], "index": 0}, "status": "ACTIVE"}, {"action": "WEST", "reward": 13, "info": {}, "observation": {"remainingOverageTime": 12, "index": 1}, "status": "ACTIVE"}, {"action": "WEST", "reward": 11, "info": {}, "observation": {"remainingOverageTime": 12, "index": 2}, "status": "ACTIVE"}, {"action": "SOUTH", "reward": 13, "info": {}, "observation": {"remainingOverageTime": 12, "index": 3}, "status": "ACTIVE"}], [{"action": "NORTH", "reward": 13, "info": {}, "observation": {"remainingOverageTime": 12, "step": 11, "geese": [[16, 27], [5, 6, 7, 8], [43], [52, 51, 40]], "food": [54, 10], "index": 0}, "status": "ACTIVE"}, {"action": "WEST", "reward": 14, "info": {}, "observation": {"remainingOverageTime": 12, "index": 1}, "status": "ACTIVE"}, {"action": "SOUTH", "reward": 12, "info": {}, "observation": {"remainingOverageTime": 12, "index": 2}, "status": "ACTIVE"}, {"action": "EAST", "reward": 14, "info": {}, "observation": {"remainingOverageTime": 12, "index": 3}, "status": "ACTIVE"}], [{"action": "EAST", "reward": 14, "info": {}, "observation": {"remainingOverageTime": 12, "step": 12, "geese": [[17, 16], [4, 5, 6, 7], [54, 43], [53, 52, 51]], "food": [10, 13], "index": 0}, "status": "ACTIVE"}, {"action": "WEST", "reward": 16, "info": {}, "observation": {"remainingOverageTime": 12, "index": 1}, "status": "ACTIVE"}, {"action": "SOUTH", "reward": 13, "info": {}, "observation": {"remainingOverageTime": 12, "index": 2}, "status": "ACTIVE"}, {"action": "EAST", "reward": 15, "info": {}, "observation": {"remainingOverageTime": 12, "index": 3}, "status": "ACTIVE"}], [{"action": "EAST", "reward": 15, "info": {}, "observation": {"remainingOverageTime": 12, "step": 13, "geese": [[18, 17], [3, 4, 5, 6], [65, 54], [64, 53, 52]], "food": [10, 13], "index": 0}, "status": "ACTIVE"}, {"action": "WEST", "reward": 17, "info": {}, "observation": {"remainingOverageTime": 12, "index": 1}, "status": "ACTIVE"}, {"action": "SOUTH", "reward": 15, "info": {}, "observation": {"remainingOverageTime": 12, "index": 2}, "status": "ACTIVE"}, {"action": "SOUTH", "reward": 16, "info": {}, "observation": {"remainingOverageTime": 12, "index": 3}, "status": "ACTIVE"}], [{"action": "EAST", "reward": 16, "info": {}, "observation": {"remainingOverageTime": 12, "step": 14, "geese": [[19, 18], [14, 3, 4, 5], [76, 65], [75, 64, 53]], "food": [10, 13], "index": 0}, "status": "ACTIVE"}, {"action": "SOUTH", "reward": 18, "info": {}, "observation": {"remainingOverageTime": 12, "index": 1}, "status": "ACTIVE"}, {"action": "SOUTH", "reward": 16, "info": {}, "observation": {"remainingOverageTime": 12, "index": 2}, "status": "ACTIVE"}, {"action": "SOUTH", "reward": 17, "info": {}, "observation": {"remainingOverageTime": 12, "index": 3}, "status": "ACTIVE"}], [{"action": "NORTH", "reward": 17, "info": {}, "observation": {"remainingOverageTime": 12, "step": 15, "geese": [[8, 19], [13, 14, 3, 4, 5], [10, 76, 65], [9, 75, 64]], "food": [25, 54], "index": 0}, "status": "ACTIVE"}, {"action": "WEST", "reward": 19, "info": {}, "observation": {"remainingOverageTime": 12, "index": 1}, "status": "ACTIVE"}, {"action": "SOUTH", "reward": 17, "info": {}, "observation": {"remainingOverageTime": 12, "index": 2}, "status": "ACTIVE"}, {"action": "SOUTH", "reward": 18, "info": {}, "observation": {"remainingOverageTime": 12, "index": 3}, "status": "ACTIVE"}], [{"action": "NORTH", "reward": 18, "info": {}, "observation": {"remainingOverageTime": 12, "step": 16, "geese": [[74, 8], [24, 13, 14, 3, 4], [21, 10, 76], [20, 9, 75]], "food": [25, 54], "index": 0}, "status": "ACTIVE"}, {"action": "SOUTH", "reward": 21, "info": {}, "observation": {"remainingOverageTime": 12, "index": 1}, "status": "ACTIVE"}, {"action": "SOUTH", "reward": 19, "info": {}, "observation": {"remainingOverageTime": 12, "index": 2}, "status": "ACTIVE"}, {"action": "SOUTH", "reward": 19, "info": {}, "observation": {"remainingOverageTime": 12, "index": 3}, "status": "ACTIVE"}], [{"action": "EAST", "reward": 19, "info": {}, "observation": {"remainingOverageTime": 12, "step": 17, "geese": [[75, 74], [25, 24, 13, 14, 3, 4], [32, 21, 10], [31, 20, 9]], "food": [54, 33], "index": 0}, "status": "ACTIVE"}, {"action": "EAST", "reward": 22, "info": {}, "observation": {"remainingOverageTime": 12, "index": 1}, "status": "ACTIVE"}, {"action": "SOUTH", "reward": 20, "info": {}, "observation": {"remainingOverageTime": 12, "index": 2}, "status": "ACTIVE"}, {"action": "SOUTH", "reward": 20, "info": {}, "observation": {"remainingOverageTime": 12, "index": 3}, "status": "ACTIVE"}], [{"action": "NORTH", "reward": 20, "info": {}, "observation": {"remainingOverageTime": 12, "step": 18, "geese": [[64, 75], [36, 25, 24, 13, 14, 3], [22, 32, 21], [42, 31, 20]], "food": [54, 33], "index": 0}, "status": "ACTIVE"}, {"action": "SOUTH", "reward": 24, "info": {}, "observation": {"remainingOverageTime": 12, "index": 1}, "status": "ACTIVE"}, {"action": "EAST", "reward": 21, "info": {}, "observation": {"remainingOverageTime": 12, "index": 2}, "status": "ACTIVE"}, {"action": "SOUTH", "reward": 21, "info": {}, "observation": {"remainingOverageTime": 12, "index": 3}, "status": "ACTIVE"}], [{"action": "EAST", "reward": 21, "info": {}, "observation": {"remainingOverageTime": 12, "step": 19, "geese": [[65, 64], [35, 36, 25, 24, 13, 14], [33, 22, 32, 21], [43, 42, 31]], "food": [54, 3], "index": 0}, "status": "ACTIVE"}, {"action": "WEST", "reward": 25, "info": {}, "observation": {"remainingOverageTime": 12, "index": 1}, "status": "ACTIVE"}, {"action": "SOUTH", "reward": 22, "info": {}, "observation": {"remainingOverageTime": 12, "index": 2}, "status": "ACTIVE"}, {"action": "EAST", "reward": 22, "info": {}, "observation": {"remainingOverageTime": 12, "index": 3}, "status": "ACTIVE"}], [{"action": "EAST", "reward": 22, "info": {}, "observation": {"remainingOverageTime": 12, "step": 20, "geese": [[55, 65], [46, 35, 36, 25, 24, 13], [44, 33, 22, 32], [54, 43, 42, 31]], "food": [3, 34], "index": 0}, "status": "ACTIVE"}, {"action": "SOUTH", "reward": 26, "info": {}, "observation": {"remainingOverageTime": 12, "index": 1}, "status": "ACTIVE"}, {"action": "SOUTH", "reward": 24, "info": {}, "observation": {"remainingOverageTime": 12, "index": 2}, "status": "ACTIVE"}, {"action": "SOUTH", "reward": 23, "info": {}, "observation": {"remainingOverageTime": 12, "index": 3}, "status": "ACTIVE"}], [{"action": "EAST", "reward": 23, "info": {}, "observation": {"remainingOverageTime": 12, "step": 21, "geese": [[56, 55], [57, 46, 35, 36, 25, 24], [45, 44, 33, 22], [53, 54, 43, 42]], "food": [3, 34], "index": 0}, "status": "ACTIVE"}, {"action": "SOUTH", "reward": 27, "info": {}, "observation": {"remainingOverageTime": 12, "index": 1}, "status": "ACTIVE"}, {"action": "EAST", "reward": 25, "info": {}, "observation": {"remainingOverageTime": 12, "index": 2}, "status": "ACTIVE"}, {"action": "WEST", "reward": 25, "info": {}, "observation": {"remainingOverageTime": 12, "index": 3}, "status": "ACTIVE"}], [{"action": "SOUTH", "reward": 24, "info": {}, "observation": {"remainingOverageTime": 12, "step": 22, "geese": [[67, 56], [68, 57, 46, 35, 36, 25], [34, 45, 44, 33, 22], [64, 53, 54, 43]], "food": [3, 71], "index": 0}, "status": "ACTIVE"}, {"action": "SOUTH", "reward": 28, "info": {}, "observation": {"remainingOverageTime": 12, "index": 1}, "status": "ACTIVE"}, {"action": "NORTH", "reward": 26, "info": {}, "observation": {"remainingOverageTime": 12, "index": 2}, "status": "ACTIVE"}, {"action": "SOUTH", "reward": 26, "info": {}, "observation": {"remainingOverageTime": 12, "index": 3}, "status": "ACTIVE"}], [{"action": "SOUTH", "reward": 25, "info": {}, "observation": {"remainingOverageTime": 12, "step": 23, "geese": [[1, 67], [69, 68, 57, 46, 35, 36], [23, 34, 45, 44, 33], [75, 64, 53, 54]], "food": [3, 71], "index": 0}, "status": "ACTIVE"}, {"action": "EAST", "reward": 29, "info": {}, "observation": {"remainingOverageTime": 12, "index": 1}, "status": "ACTIVE"}, {"action": "NORTH", "reward": 28, "info": {}, "observation": {"remainingOverageTime": 12, "index": 2}, "status": "ACTIVE"}, {"action": "SOUTH", "reward": 27, "info": {}, "observation": {"remainingOverageTime": 12, "index": 3}, "status": "ACTIVE"}], [{"action": "EAST", "reward": 26, "info": {}, "observation": {"remainingOverageTime": 12, "step": 24, "geese": [[2, 1], [3, 69, 68, 57, 46, 35, 36], [24, 23, 34, 45, 44], [74, 75, 64, 53]], "food": [71, 21], "index": 0}, "status": "ACTIVE"}, {"action": "SOUTH", "reward": 30, "info": {}, "observation": {"remainingOverageTime": 12, "index": 1}, "status": "ACTIVE"}, {"action": "EAST", "reward": 29, "info": {}, "observation": {"remainingOverageTime": 12, "index": 2}, "status": "ACTIVE"}, {"action": "WEST", "reward": 28, "info": {}, "observation": {"remainingOverageTime": 12, "index": 3}, "status": "ACTIVE"}], [{"action": "SOUTH", "reward": 27, "info": {}, "observation": {"remainingOverageTime": 12, "step": 25, "geese": [[13, 2], [4, 3, 69, 68, 57, 46, 35], [25, 24, 23, 34, 45], [73, 74, 75, 64]], "food": [71, 21], "index": 0}, "status": "ACTIVE"}, {"action": "EAST", "reward": 32, "info": {}, "observation": {"remainingOverageTime": 12, "index": 1}, "status": "ACTIVE"}, {"action": "EAST", "reward": 30, "info": {}, "observation": {"remainingOverageTime": 12, "index": 2}, "status": "ACTIVE"}, {"action": "WEST", "reward": 29, "info": {}, "observation": {"remainingOverageTime": 12, "index": 3}, "status": "ACTIVE"}], [{"action": "WEST", "reward": 28, "info": {}, "observation": {"remainingOverageTime": 12, "step": 26, "geese": [[12, 13], [70, 4, 3, 69, 68, 57, 46], [26, 25, 24, 23, 34], [72, 73, 74, 75]], "food": [71, 21], "index": 0}, "status": "ACTIVE"}, {"action": "NORTH", "reward": 33, "info": {}, "observation": {"remainingOverageTime": 12, "index": 1}, "status": "ACTIVE"}, {"action": "EAST", "reward": 31, "info": {}, "observation": {"remainingOverageTime": 12, "index": 2}, "status": "ACTIVE"}, {"action": "WEST", "reward": 30, "info": {}, "observation": {"remainingOverageTime": 12, "index": 3}, "status": "ACTIVE"}], [{"action": "WEST", "reward": 29, "info": {}, "observation": {"remainingOverageTime": 12, "step": 27, "geese": [[11, 12], [59, 70, 4, 3, 69, 68, 57], [27, 26, 25, 24, 23], [6, 72, 73, 74]], "food": [71, 21], "index": 0}, "status": "ACTIVE"}, {"action": "NORTH", "reward": 34, "info": {}, "observation": {"remainingOverageTime": 12, "index": 1}, "status": "ACTIVE"}, {"action": "EAST", "reward": 32, "info": {}, "observation": {"remainingOverageTime": 12, "index": 2}, "status": "ACTIVE"}, {"action": "SOUTH", "reward": 31, "info": {}, "observation": {"remainingOverageTime": 12, "index": 3}, "status": "ACTIVE"}], [{"action": "WEST", "reward": 30, "info": {}, "observation": {"remainingOverageTime": 12, "step": 28, "geese": [[21, 11, 12], [60, 59, 70, 4, 3, 69, 68], [16, 27, 26, 25, 24], [5, 6, 72, 73]], "food": [71, 42], "index": 0}, "status": "ACTIVE"}, {"action": "EAST", "reward": 35, "info": {}, "observation": {"remainingOverageTime": 12, "index": 1}, "status": "ACTIVE"}, {"action": "NORTH", "reward": 33, "info": {}, "observation": {"remainingOverageTime": 12, "index": 2}, "status": "ACTIVE"}, {"action": "WEST", "reward": 32, "info": {}, "observation": {"remainingOverageTime": 12, "index": 3}, "status": "ACTIVE"}], [{"action": "WEST", "reward": 32, "info": {}, "observation": {"remainingOverageTime": 12, "step": 29, "geese": [[20, 21, 11], [61, 60, 59, 70, 4, 3, 69], [17, 16, 27, 26, 25], [71, 5, 6, 72, 73]], "food": [42, 1], "index": 0}, "status": "ACTIVE"}, {"action": "EAST", "reward": 36, "info": {}, "observation": {"remainingOverageTime": 12, "index": 1}, "status": "ACTIVE"}, {"action": "EAST", "reward": 34, "info": {}, "observation": {"remainingOverageTime": 12, "index": 2}, "status": "ACTIVE"}, {"action": "NORTH", "reward": 33, "info": {}, "observation": {"remainingOverageTime": 12, "index": 3}, "status": "ACTIVE"}], [{"action": "SOUTH", "reward": 33, "info": {}, "observation": {"remainingOverageTime": 12, "step": 30, "geese": [[31, 20, 21], [62, 61, 60, 59, 70, 4, 3], [28, 17, 16, 27, 26], []], "food": [42, 1], "index": 0}, "status": "ACTIVE"}, {"action": "EAST", "reward": 37, "info": {}, "observation": {"remainingOverageTime": 12, "index": 1}, "status": "ACTIVE"}, {"action": "SOUTH", "reward": 35, "info": {}, "observation": {"remainingOverageTime": 12, "index": 2}, "status": "ACTIVE"}, {"action": "EAST", "reward": 35, "info": {}, "observation": {"remainingOverageTime": 12, "index": 3}, "status": "DONE"}], [{"action": "SOUTH", "reward": 34, "info": {}, "observation": {"remainingOverageTime": 12, "step": 31, "geese": [[42, 31, 20, 21], [51, 62, 61, 60, 59, 70, 4], [29, 28, 17, 16, 27], []], "food": [1, 66], "index": 0}, "status": "ACTIVE"}, {"action": "NORTH", "reward": 38, "info": {}, "observation": {"remainingOverageTime": 12, "index": 1}, "status": "ACTIVE"}, {"action": "EAST", "reward": 36, "info": {}, "observation": {"remainingOverageTime": 12, "index": 2}, "status": "ACTIVE"}, {"action": "NORTH", "reward": 35, "info": {}, "observation": {"remainingOverageTime": 12, "index": 3}, "status": "DONE"}], [{"action": "EAST", "reward": 36, "info": {}, "observation": {"remainingOverageTime": 12, "step": 32, "geese": [[43, 42, 31, 20], [52, 51, 62, 61, 60, 59, 70], [30, 29, 28, 17, 16], []], "food": [1, 66], "index": 0}, "status": "ACTIVE"}, {"action": "EAST", "reward": 39, "info": {}, "observation": {"remainingOverageTime": 12, "index": 1}, "status": "ACTIVE"}, {"action": "EAST", "reward": 37, "info": {}, "observation": {"remainingOverageTime": 12, "index": 2}, "status": "ACTIVE"}, {"action": "NORTH", "reward": 35, "info": {}, "observation": {"remainingOverageTime": 12, "index": 3}, "status": "DONE"}], [{"action": "EAST", "reward": 37, "info": {}, "observation": {"remainingOverageTime": 12, "step": 33, "geese": [[33, 43, 42, 31], [53, 52, 51, 62, 61, 60, 59], [19, 30, 29, 28, 17], []], "food": [1, 66], "index": 0}, "status": "ACTIVE"}, {"action": "EAST", "reward": 40, "info": {}, "observation": {"remainingOverageTime": 12, "index": 1}, "status": "ACTIVE"}, {"action": "NORTH", "reward": 38, "info": {}, "observation": {"remainingOverageTime": 12, "index": 2}, "status": "ACTIVE"}, {"action": "NORTH", "reward": 35, "info": {}, "observation": {"remainingOverageTime": 12, "index": 3}, "status": "DONE"}], [{"action": "SOUTH", "reward": 38, "info": {}, "observation": {"remainingOverageTime": 12, "step": 34, "geese": [[44, 33, 43, 42], [54, 53, 52, 51, 62, 61, 60], [8, 19, 30, 29, 28], []], "food": [1, 66], "index": 0}, "status": "ACTIVE"}, {"action": "EAST", "reward": 41, "info": {}, "observation": {"remainingOverageTime": 12, "index": 1}, "status": "ACTIVE"}, {"action": "NORTH", "reward": 39, "info": {}, "observation": {"remainingOverageTime": 12, "index": 2}, "status": "ACTIVE"}, {"action": "NORTH", "reward": 35, "info": {}, "observation": {"remainingOverageTime": 12, "index": 3}, "status": "DONE"}], [{"action": "SOUTH", "reward": 39, "info": {}, "observation": {"remainingOverageTime": 12, "step": 35, "geese": [[55, 44, 33, 43], [65, 54, 53, 52, 51, 62, 61], [9, 8, 19, 30, 29], []], "food": [1, 66], "index": 0}, "status": "ACTIVE"}, {"action": "SOUTH", "reward": 42, "info": {}, "observation": {"remainingOverageTime": 12, "index": 1}, "status": "ACTIVE"}, {"action": "EAST", "reward": 40, "info": {}, "observation": {"remainingOverageTime": 12, "index": 2}, "status": "ACTIVE"}, {"action": "NORTH", "reward": 35, "info": {}, "observation": {"remainingOverageTime": 12, "index": 3}, "status": "DONE"}], [{"action": "SOUTH", "reward": 40, "info": {}, "observation": {"remainingOverageTime": 12, "step": 36, "geese": [[66, 55, 44, 33, 43], [76, 65, 54, 53, 52, 51, 62], [75, 9, 8, 19, 30], []], "food": [1, 5], "index": 0}, "status": "ACTIVE"}, {"action": "SOUTH", "reward": 43, "info": {}, "observation": {"remainingOverageTime": 12, "index": 1}, "status": "ACTIVE"}, {"action": "NORTH", "reward": 41, "info": {}, "observation": {"remainingOverageTime": 12, "index": 2}, "status": "ACTIVE"}, {"action": "NORTH", "reward": 35, "info": {}, "observation": {"remainingOverageTime": 12, "index": 3}, "status": "DONE"}], [{"action": "EAST", "reward": 42, "info": {}, "observation": {"remainingOverageTime": 12, "step": 37, "geese": [[67, 66, 55, 44, 33], [10, 76, 65, 54, 53, 52, 51], [74, 75, 9, 8, 19], []], "food": [1, 5], "index": 0}, "status": "ACTIVE"}, {"action": "SOUTH", "reward": 44, "info": {}, "observation": {"remainingOverageTime": 12, "index": 1}, "status": "ACTIVE"}, {"action": "WEST", "reward": 42, "info": {}, "observation": {"remainingOverageTime": 12, "index": 2}, "status": "ACTIVE"}, {"action": "NORTH", "reward": 35, "info": {}, "observation": {"remainingOverageTime": 12, "index": 3}, "status": "DONE"}], [{"action": "SOUTH", "reward": 43, "info": {}, "observation": {"remainingOverageTime": 12, "step": 38, "geese": [[1, 67, 66, 55, 44, 33], [0, 10, 76, 65, 54, 53, 52], [73, 74, 75, 9, 8], []], "food": [5, 6], "index": 0}, "status": "ACTIVE"}, {"action": "EAST", "reward": 45, "info": {}, "observation": {"remainingOverageTime": 12, "index": 1}, "status": "ACTIVE"}, {"action": "WEST", "reward": 43, "info": {}, "observation": {"remainingOverageTime": 12, "index": 2}, "status": "ACTIVE"}, {"action": "NORTH", "reward": 35, "info": {}, "observation": {"remainingOverageTime": 12, "index": 3}, "status": "DONE"}], [{"action": "EAST", "reward": 45, "info": {}, "observation": {"remainingOverageTime": 12, "step": 39, "geese": [[2, 1, 67, 66, 55, 44], [11, 0, 10, 76, 65, 54, 53], [7, 73, 74, 75, 9], []], "food": [5, 6], "index": 0}, "status": "ACTIVE"}, {"action": "SOUTH", "reward": 46, "info": {}, "observation": {"remainingOverageTime": 12, "index": 1}, "status": "ACTIVE"}, {"action": "SOUTH", "reward": 44, "info": {}, "observation": {"remainingOverageTime": 12, "index": 2}, "status": "ACTIVE"}, {"action": "NORTH", "reward": 35, "info": {}, "observation": {"remainingOverageTime": 12, "index": 3}, "status": "DONE"}], [{"action": "EAST", "reward": 46, "info": {}, "observation": {"remainingOverageTime": 12, "step": 40, "geese": [[3, 2, 1, 67, 66], [21, 11, 0, 10, 76, 65], [6, 7, 73, 74, 75], []], "food": [5, 71], "index": 0}, "status": "ACTIVE"}, {"action": "WEST", "reward": 47, "info": {}, "observation": {"remainingOverageTime": 12, "index": 1}, "status": "ACTIVE"}, {"action": "WEST", "reward": 45, "info": {}, "observation": {"remainingOverageTime": 12, "index": 2}, "status": "ACTIVE"}, {"action": "NORTH", "reward": 35, "info": {}, "observation": {"remainingOverageTime": 12, "index": 3}, "status": "DONE"}], [{"action": "EAST", "reward": 46, "info": {}, "observation": {"remainingOverageTime": 12, "step": 41, "geese": [[4, 3, 2, 1, 67], [20, 21, 11, 0, 10, 76], [5, 6, 7, 73, 74, 75], []], "food": [71, 14], "index": 0}, "status": "ACTIVE"}, {"action": "WEST", "reward": 47, "info": {}, "observation": {"remainingOverageTime": 12, "index": 1}, "status": "ACTIVE"}, {"action": "WEST", "reward": 46, "info": {}, "observation": {"remainingOverageTime": 12, "index": 2}, "status": "ACTIVE"}, {"action": "NORTH", "reward": 35, "info": {}, "observation": {"remainingOverageTime": 12, "index": 3}, "status": "DONE"}], [{"action": "NORTH", "reward": 47, "info": {}, "observation": {"remainingOverageTime": 12, "step": 42, "geese": [[70, 4, 3, 2, 1], [19, 20, 21, 11, 0, 10], [71, 5, 6, 7, 73, 74, 75], []], "food": [14, 57], "index": 0}, "status": "ACTIVE"}, {"action": "WEST", "reward": 48, "info": {}, "observation": {"remainingOverageTime": 12, "index": 1}, "status": "ACTIVE"}, {"action": "NORTH", "reward": 48, "info": {}, "observation": {"remainingOverageTime": 12, "index": 2}, "status": "ACTIVE"}, {"action": "NORTH", "reward": 35, "info": {}, "observation": {"remainingOverageTime": 12, "index": 3}, "status": "DONE"}], [{"action": "WEST", "reward": 48, "info": {}, "observation": {"remainingOverageTime": 12, "step": 43, "geese": [[69, 70, 4, 3, 2], [18, 19, 20, 21, 11, 0], [60, 71, 5, 6, 7, 73, 74], []], "food": [14, 57], "index": 0}, "status": "ACTIVE"}, {"action": "WEST", "reward": 49, "info": {}, "observation": {"remainingOverageTime": 12, "index": 1}, "status": "ACTIVE"}, {"action": "NORTH", "reward": 50, "info": {}, "observation": {"remainingOverageTime": 12, "index": 2}, "status": "ACTIVE"}, {"action": "NORTH", "reward": 35, "info": {}, "observation": {"remainingOverageTime": 12, "index": 3}, "status": "DONE"}], [{"action": "WEST", "reward": 49, "info": {}, "observation": {"remainingOverageTime": 12, "step": 44, "geese": [[68, 69, 70, 4, 3], [17, 18, 19, 20, 21, 11], [59, 60, 71, 5, 6, 7, 73], []], "food": [14, 57], "index": 0}, "status": "ACTIVE"}, {"action": "WEST", "reward": 50, "info": {}, "observation": {"remainingOverageTime": 12, "index": 1}, "status": "ACTIVE"}, {"action": "WEST", "reward": 51, "info": {}, "observation": {"remainingOverageTime": 12, "index": 2}, "status": "ACTIVE"}, {"action": "NORTH", "reward": 35, "info": {}, "observation": {"remainingOverageTime": 12, "index": 3}, "status": "DONE"}], [{"action": "NORTH", "reward": 50, "info": {}, "observation": {"remainingOverageTime": 12, "step": 45, "geese": [[57, 68, 69, 70, 4, 3], [16, 17, 18, 19, 20, 21], [58, 59, 60, 71, 5, 6, 7], []], "food": [14, 66], "index": 0}, "status": "ACTIVE"}, {"action": "WEST", "reward": 51, "info": {}, "observation": {"remainingOverageTime": 12, "index": 1}, "status": "ACTIVE"}, {"action": "WEST", "reward": 52, "info": {}, "observation": {"remainingOverageTime": 12, "index": 2}, "status": "ACTIVE"}, {"action": "NORTH", "reward": 35, "info": {}, "observation": {"remainingOverageTime": 12, "index": 3}, "status": "DONE"}], [{"action": "WEST", "reward": 52, "info": {}, "observation": {"remainingOverageTime": 12, "step": 46, "geese": [[56, 57, 68, 69, 70, 4], [15, 16, 17, 18, 19, 20], [47, 58, 59, 60, 71, 5, 6], []], "food": [14, 66], "index": 0}, "status": "ACTIVE"}, {"action": "WEST", "reward": 52, "info": {}, "observation": {"remainingOverageTime": 12, "index": 1}, "status": "ACTIVE"}, {"action": "NORTH", "reward": 53, "info": {}, "observation": {"remainingOverageTime": 12, "index": 2}, "status": "ACTIVE"}, {"action": "NORTH", "reward": 35, "info": {}, "observation": {"remainingOverageTime": 12, "index": 3}, "status": "DONE"}], [{"action": "SOUTH", "reward": 53, "info": {}, "observation": {"remainingOverageTime": 12, "step": 47, "geese": [[67, 56, 57, 68, 69, 70], [14, 15, 16, 17, 18, 19, 20], [36, 47, 58, 59, 60, 71, 5], []], "food": [66, 50], "index": 0}, "status": "ACTIVE"}, {"action": "WEST", "reward": 53, "info": {}, "observation": {"remainingOverageTime": 12, "index": 1}, "status": "ACTIVE"}, {"action": "NORTH", "reward": 54, "info": {}, "observation": {"remainingOverageTime": 12, "index": 2}, "status": "ACTIVE"}, {"action": "NORTH", "reward": 35, "info": {}, "observation": {"remainingOverageTime": 12, "index": 3}, "status": "DONE"}], [{"action": "WEST", "reward": 54, "info": {}, "observation": {"remainingOverageTime": 12, "step": 48, "geese": [[66, 67, 56, 57, 68, 69, 70], [13, 14, 15, 16, 17, 18, 19], [37, 36, 47, 58, 59, 60, 71], []], "food": [50, 72], "index": 0}, "status": "ACTIVE"}, {"action": "WEST", "reward": 55, "info": {}, "observation": {"remainingOverageTime": 12, "index": 1}, "status": "ACTIVE"}, {"action": "EAST", "reward": 55, "info": {}, "observation": {"remainingOverageTime": 12, "index": 2}, "status": "ACTIVE"}, {"action": "NORTH", "reward": 35, "info": {}, "observation": {"remainingOverageTime": 12, "index": 3}, "status": "DONE"}], [{"action": "WEST", "reward": 56, "info": {}, "observation": {"remainingOverageTime": 12, "step": 49, "geese": [[76, 66, 67, 56, 57, 68, 69], [2, 13, 14, 15, 16, 17, 18], [48, 37, 36, 47, 58, 59, 60], []], "food": [50, 72], "index": 0}, "status": "ACTIVE"}, {"action": "NORTH", "reward": 56, "info": {}, "observation": {"remainingOverageTime": 12, "index": 1}, "status": "ACTIVE"}, {"action": "SOUTH", "reward": 56, "info": {}, "observation": {"remainingOverageTime": 12, "index": 2}, "status": "ACTIVE"}, {"action": "NORTH", "reward": 35, "info": {}, "observation": {"remainingOverageTime": 12, "index": 3}, "status": "DONE"}], [{"action": "WEST", "reward": 57, "info": {}, "observation": {"remainingOverageTime": 12, "step": 50, "geese": [[75, 76, 66, 67, 56, 57, 68], [3, 2, 13, 14, 15, 16, 17], [49, 48, 37, 36, 47, 58, 59], []], "food": [50, 72], "index": 0}, "status": "ACTIVE"}, {"action": "EAST", "reward": 57, "info": {}, "observation": {"remainingOverageTime": 12, "index": 1}, "status": "ACTIVE"}, {"action": "EAST", "reward": 57, "info": {}, "observation": {"remainingOverageTime": 12, "index": 2}, "status": "ACTIVE"}, {"action": "NORTH", "reward": 35, "info": {}, "observation": {"remainingOverageTime": 12, "index": 3}, "status": "DONE"}], [{"action": "WEST", "reward": 58, "info": {}, "observation": {"remainingOverageTime": 12, "step": 51, "geese": [[74, 75, 76, 66, 67, 56, 57], [69, 3, 2, 13, 14, 15, 16], [50, 49, 48, 37, 36, 47, 58, 59], []], "food": [72, 35], "index": 0}, "status": "ACTIVE"}, {"action": "NORTH", "reward": 58, "info": {}, "observation": {"remainingOverageTime": 12, "index": 1}, "status": "ACTIVE"}, {"action": "EAST", "reward": 58, "info": {}, "observation": {"remainingOverageTime": 12, "index": 2}, "status": "ACTIVE"}, {"action": "NORTH", "reward": 35, "info": {}, "observation": {"remainingOverageTime": 12, "index": 3}, "status": "DONE"}], [{"action": "WEST", "reward": 59, "info": {}, "observation": {"remainingOverageTime": 12, "step": 52, "geese": [[73, 74, 75, 76, 66, 67, 56], [70, 69, 3, 2, 13, 14, 15], [61, 50, 49, 48, 37, 36, 47, 58], []], "food": [72, 35], "index": 0}, "status": "ACTIVE"}, {"action": "EAST", "reward": 59, "info": {}, "observation": {"remainingOverageTime": 12, "index": 1}, "status": "ACTIVE"}, {"action": "SOUTH", "reward": 60, "info": {}, "observation": {"remainingOverageTime": 12, "index": 2}, "status": "ACTIVE"}, {"action": "NORTH", "reward": 35, "info": {}, "observation": {"remainingOverageTime": 12, "index": 3}, "status": "DONE"}], [{"action": "SOUTH", "reward": 60, "info": {}, "observation": {"remainingOverageTime": 12, "step": 53, "geese": [[7, 73, 74, 75, 76, 66, 67], [71, 70, 69, 3, 2, 13, 14], [60, 61, 50, 49, 48, 37, 36, 47], []], "food": [72, 35], "index": 0}, "status": "ACTIVE"}, {"action": "EAST", "reward": 60, "info": {}, "observation": {"remainingOverageTime": 12, "index": 1}, "status": "ACTIVE"}, {"action": "WEST", "reward": 61, "info": {}, "observation": {"remainingOverageTime": 12, "index": 2}, "status": "ACTIVE"}, {"action": "NORTH", "reward": 35, "info": {}, "observation": {"remainingOverageTime": 12, "index": 3}, "status": "DONE"}], [{"action": "WEST", "reward": 61, "info": {}, "observation": {"remainingOverageTime": 12, "step": 54, "geese": [[6, 7, 73, 74, 75, 76, 66], [72, 71, 70, 69, 3, 2, 13, 14], [59, 60, 61, 50, 49, 48, 37, 36], []], "food": [35, 26], "index": 0}, "status": "ACTIVE"}, {"action": "EAST", "reward": 61, "info": {}, "observation": {"remainingOverageTime": 12, "index": 1}, "status": "ACTIVE"}, {"action": "WEST", "reward": 62, "info": {}, "observation": {"remainingOverageTime": 12, "index": 2}, "status": "ACTIVE"}, {"action": "NORTH", "reward": 35, "info": {}, "observation": {"remainingOverageTime": 12, "index": 3}, "status": "DONE"}], [{"action": "WEST", "reward": 62, "info": {}, "observation": {"remainingOverageTime": 12, "step": 55, "geese": [[5, 6, 7, 73, 74, 75, 76], [], [], []], "food": [35, 26], "index": 0}, "status": "DONE"}, {"action": "NORTH", "reward": 63, "info": {}, "observation": {"remainingOverageTime": 12, "index": 1}, "status": "DONE"}, {"action": "WEST", "reward": 63, "info": {}, "observation": {"remainingOverageTime": 12, "index": 2}, "status": "DONE"}, {"action": "NORTH", "reward": 35, "info": {}, "observation": {"remainingOverageTime": 12, "index": 3}, "status": "DONE"}]], "rewards": [62, 63, 63, 35], "statuses": ["DONE", "DONE", "DONE", "DONE"], "schema_version": 1, "info": {}}