{"id": "e4dba66e-da82-11ee-b31f-0242ac130202", "name": "hungry_geese", "title": "Hungry Geese", "description": "Similar to the classic snake game with multiple players", "version": "1.0.0", "configuration": {"episodeSteps": 200, "actTimeout": 6, "runTimeout": 1200, "columns": 11, "rows": 7, "hunger_rate": 40, "min_food": 2}, "specification": {"action": {"description": "Direction to move the head of your players goose.", "type": "string", "enum": ["NORTH", "EAST", "SOUTH", "WEST"], "default": "NORTH"}, "agents": [2, 3, 4, 5, 6, 7, 8], "configuration": {"episodeSteps": {"description": "Maximum number of steps in the episode.", "type": "integer", "minimum": 1, "default": 200}, "actTimeout": {"description": "Maximum runtime (seconds) to obtain an action from an agent.", "type": "number", "minimum": 0, "default": 6}, "runTimeout": {"description": "Maximum runtime (seconds) of an episode (not necessarily DONE).", "type": "number", "minimum": 0, "default": 1200}, "columns": {"description": "Horizontal number of cells on the board.", "type": "integer", "default": 11, "minimum": 3}, "rows": {"description": "Vertical number of cells on the board.", "type": "integer", "default": 7, "minimum": 3}, "hunger_rate": {"description": "The number of steps before the goose shrinks a cell.", "type": "integer", "minimum": 1, "default": 40}, "min_food": {"description": "The minimum amount of food present for all steps.", "type": "integer", "default": 2, "minimum": 1}}, "info": {}, "observation": {"remainingOverageTime": {"description": "Total remaining banked time (seconds) that can be used in excess of per-step actTimeouts -- agent is disqualified with TIMEOUT status when this drops below 0.", "shared": false, "type": "number", "minimum": 0, "default": 12}, "step": {"description": "Current step within the episode.", "type": "integer", "shared": true, "minimum": 0, "default": 0}, "geese": {"description": "List of geese in order by the agent index.", "type": "array", "default": [], "shared": true}, "food": {"description": "Positions on the board where food is present.", "type": "array", "default": [], "shared": true}, "index": {"description": "Index of the current agent's goose in the list of geese.", "type": "integer", "minimum": 0, "defaults": [0, 1, 2, 3, 4, 5, 6, 7]}}, "reward": {"description": "The number of steps the goose has moved plus its length.", "type": ["number", "null"], "default": 0, "minimum": 0}}, "steps": [[{"action": "NORTH", "reward": 0, "info": {}, "observation": {"remainingOverageTime": 12, "step": 0, "geese": [[58], [53], [12], [24]], "food": [44, 30], "index": 0}, "status": "ACTIVE"}, {"action": "NORTH", "reward": 0, "info": {}, "observation": {"remainingOverageTime": 12, "index": 1}, "status": "ACTIVE"}, {"action": "NORTH", "reward": 0, "info": {}, "observation": {"remainingOverageTime": 12, "index": 2}, "status": "ACTIVE"}, {"action": "NORTH", "reward": 0, "info": {}, "observation": {"remainingOverageTime": 12, "index": 3}, "status": "ACTIVE"}], [{"action": "WEST", "reward": 2, "info": {}, "observation": {"remainingOverageTime": 12, "step": 1, "geese": [[57], [54], [11], [35]], "food": [44, 30], "index": 0}, "status": "ACTIVE"}, {"action": "EAST", "reward": 2, "info": {}, "observation": {"remainingOverageTime": 12, "index": 1}, "status": "ACTIVE"}, {"action": "WEST", "reward": 2, "info": {}, "observation": {"remainingOverageTime": 12, "index": 2}, "status": "ACTIVE"}, {"action": "SOUTH", "reward": 2, "info": {}, "observation": {"remainingOverageTime": 12, "index": 3}, "status": "ACTIVE"}], [{"action": "WEST", "reward": 3, "info": {}, "observation": {"remainingOverageTime": 12, "step": 2, "geese": [[56], [44, 54], [22], [36]], "food": [30, 46], "index": 0}, "status": "ACTIVE"}, {"action": "EAST", "reward": 3, "info": {}, "observation": {"remainingOverageTime": 12, "index": 1}, "status": "ACTIVE"}, {"action": "SOUTH", "reward": 3, "info": {}, "observation": {"remainingOverageTime": 12, "index": 2}, "status": "ACTIVE"}, {"action": "EAST", "reward": 3, "info": {}, "observation": {"remainingOverageTime": 12, "index": 3}, "status": "ACTIVE"}], [{"action": "SOUTH", "reward": 4, "info": {}, "observation": {"remainingOverageTime": 12, "step": 3, "geese": [[67], [55, 44], [32], [47]], "food": [30, 46], "index": 0}, "status": "ACTIVE"}, {"action": "SOUTH", "reward": 5, "info": {}, "observation": {"remainingOverageTime": 12, "index": 1}, "status": "ACTIVE"}, {"action": "WEST", "reward": 4, "info": {}, "observation": {"remainingOverageTime": 12, "index": 2}, "status": "ACTIVE"}, {"action": "SOUTH", "reward": 4, "info": {}, "observation": {"remainingOverageTime": 12, "index": 3}, "status": "ACTIVE"}], [{"action": "EAST", "reward": 5, "info": {}, "observation": {"remainingOverageTime": 12, "step": 4, "geese": [[68], [65, 55], [31], [46, 47]], "food": [30, 15], "index": 0}, "status": "ACTIVE"}, {"action": "WEST", "reward": 6, "info": {}, "observation": {"remainingOverageTime": 12, "index": 1}, "status": "ACTIVE"}, {"action": "WEST", "reward": 5, "info": {}, "observation": {"remainingOverageTime": 12, "index": 2}, "status": "ACTIVE"}, {"action": "WEST", "reward": 5, "info": {}, "observation": {"remainingOverageTime": 12, "index": 3}, "status": "ACTIVE"}], [{"action": "EAST", "reward": 6, "info": {}, "observation": {"remainingOverageTime": 12, "step": 5, "geese": [[69], [54, 65], [30, 31], [35, 46]], "food": [15, 32], "index": 0}, "status": "ACTIVE"}, {"action": "NORTH", "reward": 7, "info": {}, "observation": {"remainingOverageTime": 12, "index": 1}, "status": "ACTIVE"}, {"action": "WEST", "reward": 6, "info": {}, "observation": {"remainingOverageTime": 12, "index": 2}, "status": "ACTIVE"}, {"action": "NORTH", "reward": 7, "info": {}, "observation": {"remainingOverageTime": 12, "index": 3}, "status": "ACTIVE"}], [{"action": "EAST", "reward": 7, "info": {}, "observation": {"remainingOverageTime": 12, "step": 6, "geese": [[70], [43, 54], [41, 30], [34, 35]], "food": [15, 32], "index": 0}, "status": "ACTIVE"}, {"action": "NORTH", "reward": 8, "info": {}, "observation": {"remainingOverageTime": 12, "index": 1}, "status": "ACTIVE"}, {"action": "SOUTH", "reward": 8, "info": {}, "observation": {"remainingOverageTime": 12, "index": 2}, "status": "ACTIVE"}, {"action": "WEST", "reward": 8, "info": {}, "observation": {"remainingOverageTime": 12, "index": 3}, "status": "ACTIVE"}], [{"action": "SOUTH", "reward": 8, "info": {}, "observation": {"remainingOverageTime": 12, "step": 7, "geese": [[4], [32, 43, 54], [40, 41], [23, 34]], "food": [15, 26], "index": 0}, "status": "ACTIVE"}, {"action": "NORTH", "reward": 9, "info": {}, "observation": {"remainingOverageTime": 12, "index": 1}, "status": "ACTIVE"}, {"action": "WEST", "reward": 9, "info": {}, "observation": {"remainingOverageTime": 12, "index": 2}, "status": "ACTIVE"}, {"action": "NORTH", "reward": 9, "info": {}, "observation": {"remainingOverageTime": 12, "index": 3}, "status": "ACTIVE"}], [{"action": "SOUTH", "reward": 9, "info": {}, "observation": {"remainingOverageTime": 12, "step": 8, "geese": [[15, 4], [21, 32, 43], [29, 40], [24, 23]], "food": [26, 1], "index": 0}, "status": "ACTIVE"}, {"action": "NORTH", "reward": 11, "info": {}, "observation": {"remainingOverageTime": 12, "index": 1}, "status": "ACTIVE"}, {"action": "NORTH", "reward": 10, "info": {}, "observation": {"remainingOverageTime": 12, "index": 2}, "status": "ACTIVE"}, {"action": "EAST", "reward": 10, "info": {}, "observation": {"remainingOverageTime": 12, "index": 3}, "status": "ACTIVE"}], [{"action": "SOUTH", "reward": 11, "info": {}, "observation": {"remainingOverageTime": 12, "step": 9, "geese": [[26, 15, 4], [11, 21, 32], [28, 29], [25, 24]], "food": [1, 71], "index": 0}, "status": "ACTIVE"}, {"action": "EAST", "reward": 12, "info": {}, "observation": {"remainingOverageTime": 12, "index": 1}, "status": "ACTIVE"}, {"action": "WEST", "reward": 11, "info": {}, "observation": {"remainingOverageTime": 12, "index": 2}, "status": "ACTIVE"}, {"action": "EAST", "reward": 11, "info": {}, "observation": {"remainingOverageTime": 12, "index": 3}, "status": "ACTIVE"}], [{"action": "SOUTH", "reward": 13, "info": {}, "observation": {"remainingOverageTime": 12, "step": 10, "geese": [[37, 26, 15], [0, 11, 21], [17, 28], [14, 25]], "food": [1, 71], "index": 0}, "status": "ACTIVE"}, {"action": "NORTH", "reward": 13, "info": {}, "observation": {"remainingOverageTime": 12, "index": 1}, "status": "ACTIVE"}, {"action": "NORTH", "reward": 12, "info": {}, "observation": {"remainingOverageTime": 12, "index": 2}, "status": "ACTIVE"}, {"action": "NORTH", "reward": 12, "info": {}, "observation": {"remainingOverageTime": 12, "index": 3}, "status": "ACTIVE"}], [{"action": "SOUTH", "reward": 14, "info": {}, "observation": {"remainingOverageTime": 12, "step": 11, "geese": [[48, 37, 26], [1, 0, 11, 21], [16, 17], [13, 14]], "food": [71, 76], "index": 0}, "status": "ACTIVE"}, {"action": "EAST", "reward": 14, "info": {}, "observation": {"remainingOverageTime": 12, "index": 1}, "status": "ACTIVE"}, {"action": "WEST", "reward": 13, "info": {}, "observation": {"remainingOverageTime": 12, "index": 2}, "status": "ACTIVE"}, {"action": "WEST", "reward": 13, "info": {}, "observation": {"remainingOverageTime": 12, "index": 3}, "status": "ACTIVE"}], [{"action": "EAST", "reward": 15, "info": {}, "observation": {"remainingOverageTime": 12, "step": 12, "geese": [[49, 48, 37], [67, 1, 0, 11], [5, 16], [24, 13]], "food": [71, 76], "index": 0}, "status": "ACTIVE"}, {"action": "NORTH", "reward": 16, "info": {}, "observation": {"remainingOverageTime": 12, "index": 1}, "status": "ACTIVE"}, {"action": "NORTH", "reward": 14, "info": {}, "observation": {"remainingOverageTime": 12, "index": 2}, "status": "ACTIVE"}, {"action": "SOUTH", "reward": 14, "info": {}, "observation": {"remainingOverageTime": 12, "index": 3}, "status": "ACTIVE"}], [{"action": "SOUTH", "reward": 16, "info": {}, "observation": {"remainingOverageTime": 12, "step": 13, "geese": [[60, 49, 48], [66, 67, 1, 0], [71, 5, 16], [25, 24]], "food": [76, 62], "index": 0}, "status": "ACTIVE"}, {"action": "WEST", "reward": 17, "info": {}, "observation": {"remainingOverageTime": 12, "index": 1}, "status": "ACTIVE"}, {"action": "NORTH", "reward": 15, "info": {}, "observation": {"remainingOverageTime": 12, "index": 2}, "status": "ACTIVE"}, {"action": "EAST", "reward": 15, "info": {}, "observation": {"remainingOverageTime": 12, "index": 3}, "status": "ACTIVE"}], [{"action": "EAST", "reward": 17, "info": {}, "observation": {"remainingOverageTime": 12, "step": 14, "geese": [[61, 60, 49], [76, 66, 67, 1, 0], [72, 71, 5], [14, 25]], "food": [62, 50], "index": 0}, "status": "ACTIVE"}, {"action": "WEST", "reward": 18, "info": {}, "observation": {"remainingOverageTime": 12, "index": 1}, "status": "ACTIVE"}, {"action": "EAST", "reward": 17, "info": {}, "observation": {"remainingOverageTime": 12, "index": 2}, "status": "ACTIVE"}, {"action": "NORTH", "reward": 16, "info": {}, "observation": {"remainingOverageTime": 12, "index": 3}, "status": "ACTIVE"}], [{"action": "EAST", "reward": 18, "info": {}, "observation": {"remainingOverageTime": 12, "step": 15, "geese": [[62, 61, 60, 49], [75, 76, 66, 67, 1], [73, 72, 71], [15, 14]], "food": [50, 69], "index": 0}, "status": "ACTIVE"}, {"action": "WEST", "reward": 20, "info": {}, "observation": {"remainingOverageTime": 12, "index": 1}, "status": "ACTIVE"}, {"action": "EAST", "reward": 18, "info": {}, "observation": {"remainingOverageTime": 12, "index": 2}, "status": "ACTIVE"}, {"action": "EAST", "reward": 17, "info": {}, "observation": {"remainingOverageTime": 12, "index": 3}, "status": "ACTIVE"}], [{"action": "NORTH", "reward": 20, "info": {}, "observation": {"remainingOverageTime": 12, "step": 16, "geese": [[51, 62, 61, 60], [64, 75, 76, 66, 67], [7, 73, 72], [4, 15]], "food": [50, 69], "index": 0}, "status": "ACTIVE"}, {"action": "NORTH", "reward": 21, "info": {}, "observation": {"remainingOverageTime": 12, "index": 1}, "status": "ACTIVE"}, {"action": "SOUTH", "reward": 19, "info": {}, "observation": {"remainingOverageTime": 12, "index": 2}, "status": "ACTIVE"}, {"action": "NORTH", "reward": 18, "info": {}, "observation": {"remainingOverageTime": 12, "index": 3}, "status": "ACTIVE"}], [{"action": "WEST", "reward": 21, "info": {}, "observation": {"remainingOverageTime": 12, "step": 17, "geese": [[50, 51, 62, 61, 60], [65, 64, 75, 76, 66], [6, 7, 73], [70, 4]], "food": [69, 68], "index": 0}, "status": "ACTIVE"}, {"action": "EAST", "reward": 22, "info": {}, "observation": {"remainingOverageTime": 12, "index": 1}, "status": "ACTIVE"}, {"action": "WEST", "reward": 20, "info": {}, "observation": {"remainingOverageTime": 12, "index": 2}, "status": "ACTIVE"}, {"action": "NORTH", "reward": 19, "info": {}, "observation": {"remainingOverageTime": 12, "index": 3}, "status": "ACTIVE"}], [{"action": "WEST", "reward": 23, "info": {}, "observation": {"remainingOverageTime": 12, "step": 18, "geese": [[49, 50, 51, 62, 61], [55, 65, 64, 75, 76], [5, 6, 7], [69, 70, 4]], "food": [68, 22], "index": 0}, "status": "ACTIVE"}, {"action": "EAST", "reward": 23, "info": {}, "observation": {"remainingOverageTime": 12, "index": 1}, "status": "ACTIVE"}, {"action": "WEST", "reward": 21, "info": {}, "observation": {"remainingOverageTime": 12, "index": 2}, "status": "ACTIVE"}, {"action": "WEST", "reward": 20, "info": {}, "observation": {"remainingOverageTime": 12, "index": 3}, "status": "ACTIVE"}], [{"action": "WEST", "reward": 24, "info": {}, "observation": {"remainingOverageTime": 12, "step": 19, "geese": [[48, 49, 50, 51, 62], [56, 55, 65, 64, 75], [16, 5, 6], [68, 69, 70, 4]], "food": [22, 29], "index": 0}, "status": "ACTIVE"}, {"action": "EAST", "reward": 24, "info": {}, "observation": {"remainingOverageTime": 12, "index": 1}, "status": "ACTIVE"}, {"action": "SOUTH", "reward": 22, "info": {}, "observation": {"remainingOverageTime": 12, "index": 2}, "status": "ACTIVE"}, {"action": "WEST", "reward": 22, "info": {}, "observation": {"remainingOverageTime": 12, "index": 3}, "status": "ACTIVE"}], [{"action": "NORTH", "reward": 25, "info": {}, "observation": {"remainingOverageTime": 12, "step": 20, "geese": [[37, 48, 49, 50, 51], [45, 56, 55, 65, 64], [27, 16, 5], [2, 68, 69, 70]], "food": [22, 29], "index": 0}, "status": "ACTIVE"}, {"action": "NORTH", "reward": 25, "info": {}, "observation": {"remainingOverageTime": 12, "index": 1}, "status": "ACTIVE"}, {"action": "SOUTH", "reward": 23, "info": {}, "observation": {"remainingOverageTime": 12, "index": 2}, "status": "ACTIVE"}, {"action": "SOUTH", "reward": 24, "info": {}, "observation": {"remainingOverageTime": 12, "index": 3}, "status": "ACTIVE"}], [{"action": "WEST", "reward": 26, "info": {}, "observation": {"remainingOverageTime": 12, "step": 21, "geese": [[36, 37, 48, 49, 50], [34, 45, 56, 55, 65], [28, 27, 16], [13, 2, 68, 69]], "food": [22, 29], "index": 0}, "status": "ACTIVE"}, {"action": "NORTH", "reward": 26, "info": {}, "observation": {"remainingOverageTime": 12, "index": 1}, "status": "ACTIVE"}, {"action": "EAST", "reward": 24, "info": {}, "observation": {"remainingOverageTime": 12, "index": 2}, "status": "ACTIVE"}, {"action": "SOUTH", "reward": 25, "info": {}, "observation": {"remainingOverageTime": 12, "index": 3}, "status": "ACTIVE"}], [{"action": "NORTH", "reward": 27, "info": {}, "observation": {"remainingOverageTime": 12, "step": 22, "geese": [[25, 36, 37, 48, 49], [33, 34, 45, 56, 55], [29, 28, 27, 16], [12, 13, 2, 68]], "food": [22, 42], "index": 0}, "status": "ACTIVE"}, {"action": "WEST", "reward": 27, "info": {}, "observation": {"remainingOverageTime": 12, "index": 1}, "status": "ACTIVE"}, {"action": "EAST", "reward": 25, "info": {}, "observation": {"remainingOverageTime": 12, "index": 2}, "status": "ACTIVE"}, {"action": "WEST", "reward": 26, "info": {}, "observation": {"remainingOverageTime": 12, "index": 3}, "status": "ACTIVE"}], [{"action": "WEST", "reward": 28, "info": {}, "observation": {"remainingOverageTime": 12, "step": 23, "geese": [[24, 25, 36, 37, 48], [22, 33, 34, 45, 56, 55], [30, 29, 28, 27], [11, 12, 13, 2]], "food": [42, 61], "index": 0}, "status": "ACTIVE"}, {"action": "NORTH", "reward": 28, "info": {}, "observation": {"remainingOverageTime": 12, "index": 1}, "status": "ACTIVE"}, {"action": "EAST", "reward": 27, "info": {}, "observation": {"remainingOverageTime": 12, "index": 2}, "status": "ACTIVE"}, {"action": "WEST", "reward": 27, "info": {}, "observation": {"remainingOverageTime": 12, "index": 3}, "status": "ACTIVE"}], [{"action": "SOUTH", "reward": 29, "info": {}, "observation": {"remainingOverageTime": 12, "step": 24, "geese": [[35, 24, 25, 36, 37], [32, 22, 33, 34, 45, 56], [41, 30, 29, 28], [21, 11, 12, 13]], "food": [42, 61], "index": 0}, "status": "ACTIVE"}, {"action": "WEST", "reward": 30, "info": {}, "observation": {"remainingOverageTime": 12, "index": 1}, "status": "ACTIVE"}, {"action": "SOUTH", "reward": 28, "info": {}, "observation": {"remainingOverageTime": 12, "index": 2}, "status": "ACTIVE"}, {"action": "WEST", "reward": 28, "info": {}, "observation": {"remainingOverageTime": 12, "index": 3}, "status": "ACTIVE"}], [{"action": "SOUTH", "reward": 30, "info": {}, "observation": {"remainingOverageTime": 12, "step": 25, "geese": [[46, 35, 24, 25, 36], [43, 32, 22, 33, 34, 45], [42, 41, 30, 29, 28], [20, 21, 11, 12]], "food": [61, 7], "index": 0}, "status": "ACTIVE"}, {"action": "SOUTH", "reward": 31, "info": {}, "observation": {"remainingOverageTime": 12, "index": 1}, "status": "ACTIVE"}, {"action": "EAST", "reward": 29, "info": {}, "observation": {"remainingOverageTime": 12, "index": 2}, "status": "ACTIVE"}, {"action": "WEST", "reward": 29, "info": {}, "observation": {"remainingOverageTime": 12, "index": 3}, "status": "ACTIVE"}], [{"action": "EAST", "reward": 31, "info": {}, "observation": {"remainingOverageTime": 12, "step": 26, "geese": [[47, 46, 35, 24, 25], [54, 43, 32, 22, 33, 34], [53, 42, 41, 30, 29], [9, 20, 21, 11]], "food": [61, 7], "index": 0}, "status": "ACTIVE"}, {"action": "SOUTH", "reward": 32, "info": {}, "observation": {"remainingOverageTime": 12, "index": 1}, "status": "ACTIVE"}, {"action": "SOUTH", "reward": 31, "info": {}, "observation": {"remainingOverageTime": 12, "index": 2}, "status": "ACTIVE"}, {"action": "NORTH", "reward": 30, "info": {}, "observation": {"remainingOverageTime": 12, "index": 3}, "status": "ACTIVE"}], [{"action": "EAST", "reward": 32, "info": {}, "observation": {"remainingOverageTime": 12, "step": 27, "geese": [[48, 47, 46, 35, 24], [65, 54, 43, 32, 22, 33], [64, 53, 42, 41, 30], [8, 9, 20, 21]], "food": [61, 7], "index": 0}, "status": "ACTIVE"}, {"action": "SOUTH", "reward": 33, "info": {}, "observation": {"remainingOverageTime": 12, "index": 1}, "status": "ACTIVE"}, {"action": "SOUTH", "reward": 32, "info": {}, "observation": {"remainingOverageTime": 12, "index": 2}, "status": "ACTIVE"}, {"action": "WEST", "reward": 31, "info": {}, "observation": {"remainingOverageTime": 12, "index": 3}, "status": "ACTIVE"}], [{"action": "EAST", "reward": 33, "info": {}, "observation": {"remainingOverageTime": 12, "step": 28, "geese": [[49, 48, 47, 46, 35], [76, 65, 54, 43, 32, 22], [63, 64, 53, 42, 41], [7, 8, 9, 20, 21]], "food": [61, 24], "index": 0}, "status": "ACTIVE"}, {"action": "SOUTH", "reward": 34, "info": {}, "observation": {"remainingOverageTime": 12, "index": 1}, "status": "ACTIVE"}, {"action": "WEST", "reward": 33, "info": {}, "observation": {"remainingOverageTime": 12, "index": 2}, "status": "ACTIVE"}, {"action": "WEST", "reward": 32, "info": {}, "observation": {"remainingOverageTime": 12, "index": 3}, "status": "ACTIVE"}], [{"action": "EAST", "reward": 34, "info": {}, "observation": {"remainingOverageTime": 12, "step": 29, "geese": [[50, 49, 48, 47, 46], [75, 76, 65, 54, 43, 32], [62, 63, 64, 53, 42], [6, 7, 8, 9, 20]], "food": [61, 24], "index": 0}, "status": "ACTIVE"}, {"action": "WEST", "reward": 35, "info": {}, "observation": {"remainingOverageTime": 12, "index": 1}, "status": "ACTIVE"}, {"action": "WEST", "reward": 34, "info": {}, "observation": {"remainingOverageTime": 12, "index": 2}, "status": "ACTIVE"}, {"action": "WEST", "reward": 34, "info": {}, "observation": {"remainingOverageTime": 12, "index": 3}, "status": "ACTIVE"}], [{"action": "NORTH", "reward": 35, "info": {}, "observation": {"remainingOverageTime": 12, "step": 30, "geese": [[39, 50, 49, 48, 47], [74, 75, 76, 65, 54, 43], [73, 62, 63, 64, 53], [72, 6, 7, 8, 9]], "food": [61, 24], "index": 0}, "status": "ACTIVE"}, {"action": "WEST", "reward": 36, "info": {}, "observation": {"remainingOverageTime": 12, "index": 1}, "status": "ACTIVE"}, {"action": "SOUTH", "reward": 35, "info": {}, "observation": {"remainingOverageTime": 12, "index": 2}, "status": "ACTIVE"}, {"action": "NORTH", "reward": 35, "info": {}, "observation": {"remainingOverageTime": 12, "index": 3}, "status": "ACTIVE"}], [{"action": "NORTH", "reward": 36, "info": {}, "observation": {"remainingOverageTime": 12, "step": 31, "geese": [[28, 39, 50, 49, 48], [73, 74, 75, 76, 65, 54], [], [61, 72, 6, 7, 8, 9]], "food": [24, 24], "index": 0}, "status": "ACTIVE"}, {"action": "WEST", "reward": 37, "info": {}, "observation": {"remainingOverageTime": 12, "index": 1}, "status": "ACTIVE"}, {"action": "NORTH", "reward": 36, "info": {}, "observation": {"remainingOverageTime": 12, "index": 2}, "status": "DONE"}, {"action": "NORTH", "reward": 36, "info": {}, "observation": {"remainingOverageTime": 12, "index": 3}, "status": "ACTIVE"}], [{"action": "WEST", "reward": 37, "info": {}, "observation": {"remainingOverageTime": 12, "step": 32, "geese": [[27, 28, 39, 50, 49], [62, 73, 74, 75, 76, 65], [], [60, 61, 72, 6, 7, 8]], "food": [24, 24], "index": 0}, "status": "ACTIVE"}, {"action": "NORTH", "reward": 38, "info": {}, "observation": {"remainingOverageTime": 12, "index": 1}, "status": "ACTIVE"}, {"action": "NORTH", "reward": 36, "info": {}, "observation": {"remainingOverageTime": 12, "index": 2}, "status": "DONE"}, {"action": "WEST", "reward": 38, "info": {}, "observation": {"remainingOverageTime": 12, "index": 3}, "status": "ACTIVE"}], [{"action": "WEST", "reward": 38, "info": {}, "observation": {"remainingOverageTime": 12, "step": 33, "geese": [[26, 27, 28, 39, 50], [51, 62, 73, 74, 75, 76], [], [49, 60, 61, 72, 6, 7]], "food": [24, 24], "index": 0}, "status": "ACTIVE"}, {"action": "NORTH", "reward": 39, "info": {}, "observation": {"remainingOverageTime": 12, "index": 1}, "status": "ACTIVE"}, {"action": "NORTH", "reward": 36, "info": {}, "observation": {"remainingOverageTime": 12, "index": 2}, "status": "DONE"}, {"action": "NORTH", "reward": 39, "info": {}, "observation": {"remainingOverageTime": 12, "index": 3}, "status": "ACTIVE"}], [{"action": "WEST", "reward": 39, "info": {}, "observation": {"remainingOverageTime": 12, "step": 34, "geese": [[25, 26, 27, 28, 39], [40, 51, 62, 73, 74, 75], [], [48, 49, 60, 61, 72, 6]], "food": [24, 24], "index": 0}, "status": "ACTIVE"}, {"action": "NORTH", "reward": 40, "info": {}, "observation": {"remainingOverageTime": 12, "index": 1}, "status": "ACTIVE"}, {"action": "NORTH", "reward": 36, "info": {}, "observation": {"remainingOverageTime": 12, "index": 2}, "status": "DONE"}, {"action": "WEST", "reward": 40, "info": {}, "observation": {"remainingOverageTime": 12, "index": 3}, "status": "ACTIVE"}], [{"action": "WEST", "reward": 40, "info": {}, "observation": {"remainingOverageTime": 12, "step": 35, "geese": [[24, 25, 26, 27, 28, 39], [41, 40, 51, 62, 73, 74], [], [37, 48, 49, 60, 61, 72]], "food": [24, 7], "index": 0}, "status": "ACTIVE"}, {"action": "EAST", "reward": 41, "info": {}, "observation": {"remainingOverageTime": 12, "index": 1}, "status": "ACTIVE"}, {"action": "NORTH", "reward": 36, "info": {}, "observation": {"remainingOverageTime": 12, "index": 2}, "status": "DONE"}, {"action": "NORTH", "reward": 41, "info": {}, "observation": {"remainingOverageTime": 12, "index": 3}, "status": "ACTIVE"}], [{"action": "NORTH", "reward": 42, "info": {}, "observation": {"remainingOverageTime": 12, "step": 36, "geese": [[13, 24, 25, 26, 27, 28], [30, 41, 40, 51, 62, 73], [], [36, 37, 48, 49, 60, 61]], "food": [24, 7], "index": 0}, "status": "ACTIVE"}, {"action": "NORTH", "reward": 42, "info": {}, "observation": {"remainingOverageTime": 12, "index": 1}, "status": "ACTIVE"}, {"action": "NORTH", "reward": 36, "info": {}, "observation": {"remainingOverageTime": 12, "index": 2}, "status": "DONE"}, {"action": "WEST", "reward": 42, "info": {}, "observation": {"remainingOverageTime": 12, "index": 3}, "status": "ACTIVE"}], [{"action": "EAST", "reward": 43, "info": {}, "observation": {"remainingOverageTime": 12, "step": 37, "geese": [[14, 13, 24, 25, 26, 27], [29, 30, 41, 40, 51, 62], [], [47, 36, 37, 48, 49, 60]], "food": [24, 7], "index": 0}, "status": "ACTIVE"}, {"action": "WEST", "reward": 43, "info": {}, "observation": {"remainingOverageTime": 12, "index": 1}, "status": "ACTIVE"}, {"action": "NORTH", "reward": 36, "info": {}, "observation": {"remainingOverageTime": 12, "index": 2}, "status": "DONE"}, {"action": "SOUTH", "reward": 43, "info": {}, "observation": {"remainingOverageTime": 12, "index": 3}, "status": "ACTIVE"}], [{"action": "NORTH", "reward": 44, "info": {}, "observation": {"remainingOverageTime": 12, "step": 38, "geese": [[3, 14, 13, 24, 25, 26], [18, 29, 30, 41, 40, 51], [], [58, 47, 36, 37, 48, 49]], "food": [24, 7], "index": 0}, "status": "ACTIVE"}, {"action": "NORTH", "reward": 44, "info": {}, "observation": {"remainingOverageTime": 12, "index": 1}, "status": "ACTIVE"}, {"action": "NORTH", "reward": 36, "info": {}, "observation": {"remainingOverageTime": 12, "index": 2}, "status": "DONE"}, {"action": "SOUTH", "reward": 44, "info": {}, "observation": {"remainingOverageTime": 12, "index": 3}, "status": "ACTIVE"}], [{"action": "EAST", "reward": 45, "info": {}, "observation": {"remainingOverageTime": 12, "step": 39, "geese": [[4, 3, 14, 13, 24, 25], [7, 18, 29, 30, 41, 40, 51], [], [59, 58, 47, 36, 37, 48]], "food": [24, 67], "index": 0}, "status": "ACTIVE"}, {"action": "NORTH", "reward": 45, "info": {}, "observation": {"remainingOverageTime": 12, "index": 1}, "status": "ACTIVE"}, {"action": "NORTH", "reward": 36, "info": {}, "observation": {"remainingOverageTime": 12, "index": 2}, "status": "DONE"}, {"action": "EAST", "reward": 45, "info": {}, "observation": {"remainingOverageTime": 12, "index": 3}, "status": "ACTIVE"}], [{"action": "EAST", "reward": 46, "info": {}, "observation": {"remainingOverageTime": 12, "step": 40, "geese": [[5, 4, 3, 14, 13], [8, 7, 18, 29, 30, 41], [], [48, 59, 58, 47, 36]], "food": [24, 67], "index": 0}, "status": "ACTIVE"}, {"action": "EAST", "reward": 47, "info": {}, "observation": {"remainingOverageTime": 12, "index": 1}, "status": "ACTIVE"}, {"action": "NORTH", "reward": 36, "info": {}, "observation": {"remainingOverageTime": 12, "index": 2}, "status": "DONE"}, {"action": "NORTH", "reward": 46, "info": {}, "observation": {"remainingOverageTime": 12, "index": 3}, "status": "ACTIVE"}], [{"action": "SOUTH", "reward": 46, "info": {}, "observation": {"remainingOverageTime": 12, "step": 41, "geese": [[16, 5, 4, 3, 14], [9, 8, 7, 18, 29, 30], [], [37, 48, 59, 58, 47]], "food": [24, 67], "index": 0}, "status": "ACTIVE"}, {"action": "EAST", "reward": 47, "info": {}, "observation": {"remainingOverageTime": 12, "index": 1}, "status": "ACTIVE"}, {"action": "NORTH", "reward": 36, "info": {}, "observation": {"remainingOverageTime": 12, "index": 2}, "status": "DONE"}, {"action": "NORTH", "reward": 46, "info": {}, "observation": {"remainingOverageTime": 12, "index": 3}, "status": "ACTIVE"}], [{"action": "SOUTH", "reward": 47, "info": {}, "observation": {"remainingOverageTime": 12, "step": 42, "geese": [[27, 16, 5, 4, 3], [75, 9, 8, 7, 18, 29], [], [26, 37, 48, 59, 58]], "food": [24, 67], "index": 0}, "status": "ACTIVE"}, {"action": "NORTH", "reward": 48, "info": {}, "observation": {"remainingOverageTime": 12, "index": 1}, "status": "ACTIVE"}, {"action": "NORTH", "reward": 36, "info": {}, "observation": {"remainingOverageTime": 12, "index": 2}, "status": "DONE"}, {"action": "NORTH", "reward": 47, "info": {}, "observation": {"remainingOverageTime": 12, "index": 3}, "status": "ACTIVE"}], [{"action": "EAST", "reward": 48, "info": {}, "observation": {"remainingOverageTime": 12, "step": 43, "geese": [[28, 27, 16, 5, 4], [76, 75, 9, 8, 7, 18], [], [25, 26, 37, 48, 59]], "food": [24, 67], "index": 0}, "status": "ACTIVE"}, {"action": "EAST", "reward": 49, "info": {}, "observation": {"remainingOverageTime": 12, "index": 1}, "status": "ACTIVE"}, {"action": "NORTH", "reward": 36, "info": {}, "observation": {"remainingOverageTime": 12, "index": 2}, "status": "DONE"}, {"action": "WEST", "reward": 48, "info": {}, "observation": {"remainingOverageTime": 12, "index": 3}, "status": "ACTIVE"}], [{"action": "EAST", "reward": 49, "info": {}, "observation": {"remainingOverageTime": 12, "step": 44, "geese": [[29, 28, 27, 16, 5], [66, 76, 75, 9, 8, 7], [], [24, 25, 26, 37, 48, 59]], "food": [67, 10], "index": 0}, "status": "ACTIVE"}, {"action": "EAST", "reward": 50, "info": {}, "observation": {"remainingOverageTime": 12, "index": 1}, "status": "ACTIVE"}, {"action": "NORTH", "reward": 36, "info": {}, "observation": {"remainingOverageTime": 12, "index": 2}, "status": "DONE"}, {"action": "WEST", "reward": 49, "info": {}, "observation": {"remainingOverageTime": 12, "index": 3}, "status": "ACTIVE"}], [{"action": "EAST", "reward": 50, "info": {}, "observation": {"remainingOverageTime": 12, "step": 45, "geese": [[30, 29, 28, 27, 16], [67, 66, 76, 75, 9, 8, 7], [], [13, 24, 25, 26, 37, 48]], "food": [10, 71], "index": 0}, "status": "ACTIVE"}, {"action": "EAST", "reward": 51, "info": {}, "observation": {"remainingOverageTime": 12, "index": 1}, "status": "ACTIVE"}, {"action": "NORTH", "reward": 36, "info": {}, "observation": {"remainingOverageTime": 12, "index": 2}, "status": "DONE"}, {"action": "NORTH", "reward": 51, "info": {}, "observation": {"remainingOverageTime": 12, "index": 3}, "status": "ACTIVE"}], [{"action": "NORTH", "reward": 51, "info": {}, "observation": {"remainingOverageTime": 12, "step": 46, "geese": [[19, 30, 29, 28, 27], [1, 67, 66, 76, 75, 9, 8], [], [2, 13, 24, 25, 26, 37]], "food": [10, 71], "index": 0}, "status": "ACTIVE"}, {"action": "SOUTH", "reward": 53, "info": {}, "observation": {"remainingOverageTime": 12, "index": 1}, "status": "ACTIVE"}, {"action": "NORTH", "reward": 36, "info": {}, "observation": {"remainingOverageTime": 12, "index": 2}, "status": "DONE"}, {"action": "NORTH", "reward": 52, "info": {}, "observation": {"remainingOverageTime": 12, "index": 3}, "status": "ACTIVE"}], [{"action": "EAST", "reward": 52, "info": {}, "observation": {"remainingOverageTime": 12, "step": 47, "geese": [[20, 19, 30, 29, 28], [0, 1, 67, 66, 76, 75, 9], [], [3, 2, 13, 24, 25, 26]], "food": [10, 71], "index": 0}, "status": "ACTIVE"}, {"action": "WEST", "reward": 54, "info": {}, "observation": {"remainingOverageTime": 12, "index": 1}, "status": "ACTIVE"}, {"action": "NORTH", "reward": 36, "info": {}, "observation": {"remainingOverageTime": 12, "index": 2}, "status": "DONE"}, {"action": "EAST", "reward": 53, "info": {}, "observation": {"remainingOverageTime": 12, "index": 3}, "status": "ACTIVE"}], [{"action": "EAST", "reward": 53, "info": {}, "observation": {"remainingOverageTime": 12, "step": 48, "geese": [[21, 20, 19, 30, 29], [10, 0, 1, 67, 66, 76, 75, 9], [], [69, 3, 2, 13, 24, 25]], "food": [71, 36], "index": 0}, "status": "ACTIVE"}, {"action": "WEST", "reward": 55, "info": {}, "observation": {"remainingOverageTime": 12, "index": 1}, "status": "ACTIVE"}, {"action": "NORTH", "reward": 36, "info": {}, "observation": {"remainingOverageTime": 12, "index": 2}, "status": "DONE"}, {"action": "NORTH", "reward": 54, "info": {}, "observation": {"remainingOverageTime": 12, "index": 3}, "status": "ACTIVE"}], [{"action": "EAST", "reward": 54, "info": {}, "observation": {"remainingOverageTime": 12, "step": 49, "geese": [[11, 21, 20, 19, 30], [9, 10, 0, 1, 67, 66, 76, 75], [], [70, 69, 3, 2, 13, 24]], "food": [71, 36], "index": 0}, "status": "ACTIVE"}, {"action": "WEST", "reward": 57, "info": {}, "observation": {"remainingOverageTime": 12, "index": 1}, "status": "ACTIVE"}, {"action": "NORTH", "reward": 36, "info": {}, "observation": {"remainingOverageTime": 12, "index": 2}, "status": "DONE"}, {"action": "EAST", "reward": 55, "info": {}, "observation": {"remainingOverageTime": 12, "index": 3}, "status": "ACTIVE"}], [{"action": "SOUTH", "reward": 55, "info": {}, "observation": {"remainingOverageTime": 12, "step": 50, "geese": [[22, 11, 21, 20, 19], [75, 9, 10, 0, 1, 67, 66, 76], [], [71, 70, 69, 3, 2, 13, 24]], "food": [36, 16], "index": 0}, "status": "ACTIVE"}, {"action": "NORTH", "reward": 58, "info": {}, "observation": {"remainingOverageTime": 12, "index": 1}, "status": "ACTIVE"}, {"action": "NORTH", "reward": 36, "info": {}, "observation": {"remainingOverageTime": 12, "index": 2}, "status": "DONE"}, {"action": "EAST", "reward": 56, "info": {}, "observation": {"remainingOverageTime": 12, "index": 3}, "status": "ACTIVE"}], [{"action": "SOUTH", "reward": 56, "info": {}, "observation": {"remainingOverageTime": 12, "step": 51, "geese": [[33, 22, 11, 21, 20], [74, 75, 9, 10, 0, 1, 67, 66], [], [5, 71, 70, 69, 3, 2, 13]], "food": [36, 16], "index": 0}, "status": "ACTIVE"}, {"action": "WEST", "reward": 59, "info": {}, "observation": {"remainingOverageTime": 12, "index": 1}, "status": "ACTIVE"}, {"action": "NORTH", "reward": 36, "info": {}, "observation": {"remainingOverageTime": 12, "index": 2}, "status": "DONE"}, {"action": "SOUTH", "reward": 58, "info": {}, "observation": {"remainingOverageTime": 12, "index": 3}, "status": "ACTIVE"}], [{"action": "EAST", "reward": 57, "info": {}, "observation": {"remainingOverageTime": 12, "step": 52, "geese": [[34, 33, 22, 11, 21], [8, 74, 75, 9, 10, 0, 1, 67], [], [16, 5, 71, 70, 69, 3, 2, 13]], "food": [36, 66], "index": 0}, "status": "ACTIVE"}, {"action": "SOUTH", "reward": 60, "info": {}, "observation": {"remainingOverageTime": 12, "index": 1}, "status": "ACTIVE"}, {"action": "NORTH", "reward": 36, "info": {}, "observation": {"remainingOverageTime": 12, "index": 2}, "status": "DONE"}, {"action": "SOUTH", "reward": 59, "info": {}, "observation": {"remainingOverageTime": 12, "index": 3}, "status": "ACTIVE"}], [{"action": "EAST", "reward": 58, "info": {}, "observation": {"remainingOverageTime": 12, "step": 53, "geese": [[35, 34, 33, 22, 11], [19, 8, 74, 75, 9, 10, 0, 1], [], [27, 16, 5, 71, 70, 69, 3, 2]], "food": [36, 66], "index": 0}, "status": "ACTIVE"}, {"action": "SOUTH", "reward": 61, "info": {}, "observation": {"remainingOverageTime": 12, "index": 1}, "status": "ACTIVE"}, {"action": "NORTH", "reward": 36, "info": {}, "observation": {"remainingOverageTime": 12, "index": 2}, "status": "DONE"}, {"action": "SOUTH", "reward": 61, "info": {}, "observation": {"remainingOverageTime": 12, "index": 3}, "status": "ACTIVE"}], [{"action": "EAST", "reward": 59, "info": {}, "observation": {"remainingOverageTime": 12, "step": 54, "geese": [[36, 35, 34, 33, 22, 11], [30, 19, 8, 74, 75, 9, 10, 0], [], [26, 27, 16, 5, 71, 70, 69, 3]], "food": [66, 50], "index": 0}, "status": "ACTIVE"}, {"action": "SOUTH", "reward": 62, "info": {}, "observation": {"remainingOverageTime": 12, "index": 1}, "status": "ACTIVE"}, {"action": "NORTH", "reward": 36, "info": {}, "observation": {"remainingOverageTime": 12, "index": 2}, "status": "DONE"}, {"action": "WEST", "reward": 62, "info": {}, "observation": {"remainingOverageTime": 12, "index": 3}, "status": "ACTIVE"}], [{"action": "SOUTH", "reward": 61, "info": {}, "observation": {"remainingOverageTime": 12, "step": 55, "geese": [[47, 36, 35, 34, 33, 22], [41, 30, 19, 8, 74, 75, 9, 10], [], [15, 26, 27, 16, 5, 71, 70, 69]], "food": [66, 50], "index": 0}, "status": "ACTIVE"}, {"action": "SOUTH", "reward": 63, "info": {}, "observation": {"remainingOverageTime": 12, "index": 1}, "status": "ACTIVE"}, {"action": "NORTH", "reward": 36, "info": {}, "observation": {"remainingOverageTime": 12, "index": 2}, "status": "DONE"}, {"action": "NORTH", "reward": 63, "info": {}, "observation": {"remainingOverageTime": 12, "index": 3}, "status": "ACTIVE"}], [{"action": "EAST", "reward": 62, "info": {}, "observation": {"remainingOverageTime": 12, "step": 56, "geese": [[48, 47, 36, 35, 34, 33], [40, 41, 30, 19, 8, 74, 75, 9], [], [14, 15, 26, 27, 16, 5, 71, 70]], "food": [66, 50], "index": 0}, "status": "ACTIVE"}, {"action": "WEST", "reward": 64, "info": {}, "observation": {"remainingOverageTime": 12, "index": 1}, "status": "ACTIVE"}, {"action": "NORTH", "reward": 36, "info": {}, "observation": {"remainingOverageTime": 12, "index": 2}, "status": "DONE"}, {"action": "WEST", "reward": 64, "info": {}, "observation": {"remainingOverageTime": 12, "index": 3}, "status": "ACTIVE"}], [{"action": "EAST", "reward": 63, "info": {}, "observation": {"remainingOverageTime": 12, "step": 57, "geese": [[49, 48, 47, 36, 35, 34], [51, 40, 41, 30, 19, 8, 74, 75], [], [13, 14, 15, 26, 27, 16, 5, 71]], "food": [66, 50], "index": 0}, "status": "ACTIVE"}, {"action": "SOUTH", "reward": 65, "info": {}, "observation": {"remainingOverageTime": 12, "index": 1}, "status": "ACTIVE"}, {"action": "NORTH", "reward": 36, "info": {}, "observation": {"remainingOverageTime": 12, "index": 2}, "status": "DONE"}, {"action": "WEST", "reward": 65, "info": {}, "observation": {"remainingOverageTime": 12, "index": 3}, "status": "ACTIVE"}], [{"action": "NORTH", "reward": 64, "info": {}, "observation": {"remainingOverageTime": 12, "step": 58, "geese": [[38, 49, 48, 47, 36, 35], [62, 51, 40, 41, 30, 19, 8, 74], [], [12, 13, 14, 15, 26, 27, 16, 5]], "food": [66, 50], "index": 0}, "status": "ACTIVE"}, {"action": "SOUTH", "reward": 66, "info": {}, "observation": {"remainingOverageTime": 12, "index": 1}, "status": "ACTIVE"}, {"action": "NORTH", "reward": 36, "info": {}, "observation": {"remainingOverageTime": 12, "index": 2}, "status": "DONE"}, {"action": "WEST", "reward": 66, "info": {}, "observation": {"remainingOverageTime": 12, "index": 3}, "status": "ACTIVE"}], [{"action": "EAST", "reward": 65, "info": {}, "observation": {"remainingOverageTime": 12, "step": 59, "geese": [[39, 38, 49, 48, 47, 36], [61, 62, 51, 40, 41, 30, 19, 8], [], [1, 12, 13, 14, 15, 26, 27, 16]], "food": [66, 50], "index": 0}, "status": "ACTIVE"}, {"action": "WEST", "reward": 67, "info": {}, "observation": {"remainingOverageTime": 12, "index": 1}, "status": "ACTIVE"}, {"action": "NORTH", "reward": 36, "info": {}, "observation": {"remainingOverageTime": 12, "index": 2}, "status": "DONE"}, {"action": "NORTH", "reward": 67, "info": {}, "observation": {"remainingOverageTime": 12, "index": 3}, "status": "ACTIVE"}], [{"action": "NORTH", "reward": 66, "info": {}, "observation": {"remainingOverageTime": 12, "step": 60, "geese": [[28, 39, 38, 49, 48, 47], [72, 61, 62, 51, 40, 41, 30, 19], [], [67, 1, 12, 13, 14, 15, 26, 27]], "food": [66, 50], "index": 0}, "status": "ACTIVE"}, {"action": "SOUTH", "reward": 68, "info": {}, "observation": {"remainingOverageTime": 12, "index": 1}, "status": "ACTIVE"}, {"action": "NORTH", "reward": 36, "info": {}, "observation": {"remainingOverageTime": 12, "index": 2}, "status": "DONE"}, {"action": "NORTH", "reward": 68, "info": {}, "observation": {"remainingOverageTime": 12, "index": 3}, "status": "ACTIVE"}], [{"action": "EAST", "reward": 67, "info": {}, "observation": {"remainingOverageTime": 12, "step": 61, "geese": [[29, 28, 39, 38, 49, 48], [73, 72, 61, 62, 51, 40, 41, 30], [], [66, 67, 1, 12, 13, 14, 15, 26, 27]], "food": [50, 33], "index": 0}, "status": "ACTIVE"}, {"action": "EAST", "reward": 69, "info": {}, "observation": {"remainingOverageTime": 12, "index": 1}, "status": "ACTIVE"}, {"action": "NORTH", "reward": 36, "info": {}, "observation": {"remainingOverageTime": 12, "index": 2}, "status": "DONE"}, {"action": "WEST", "reward": 69, "info": {}, "observation": {"remainingOverageTime": 12, "index": 3}, "status": "ACTIVE"}], [{"action": "EAST", "reward": 68, "info": {}, "observation": {"remainingOverageTime": 12, "step": 62, "geese": [[30, 29, 28, 39, 38, 49], [74, 73, 72, 61, 62, 51, 40, 41], [], [55, 66, 67, 1, 12, 13, 14, 15, 26]], "food": [50, 33], "index": 0}, "status": "ACTIVE"}, {"action": "EAST", "reward": 70, "info": {}, "observation": {"remainingOverageTime": 12, "index": 1}, "status": "ACTIVE"}, {"action": "NORTH", "reward": 36, "info": {}, "observation": {"remainingOverageTime": 12, "index": 2}, "status": "DONE"}, {"action": "NORTH", "reward": 71, "info": {}, "observation": {"remainingOverageTime": 12, "index": 3}, "status": "ACTIVE"}], [{"action": "SOUTH", "reward": 69, "info": {}, "observation": {"remainingOverageTime": 12, "step": 63, "geese": [[41, 30, 29, 28, 39, 38], [75, 74, 73, 72, 61, 62, 51, 40], [], [44, 55, 66, 67, 1, 12, 13, 14, 15]], "food": [50, 33], "index": 0}, "status": "ACTIVE"}, {"action": "EAST", "reward": 71, "info": {}, "observation": {"remainingOverageTime": 12, "index": 1}, "status": "ACTIVE"}, {"action": "NORTH", "reward": 36, "info": {}, "observation": {"remainingOverageTime": 12, "index": 2}, "status": "DONE"}, {"action": "NORTH", "reward": 72, "info": {}, "observation": {"remainingOverageTime": 12, "index": 3}, "status": "ACTIVE"}], [{"action": "EAST", "reward": 70, "info": {}, "observation": {"remainingOverageTime": 12, "step": 64, "geese": [[42, 41, 30, 29, 28, 39], [64, 75, 74, 73, 72, 61, 62, 51], [], [33, 44, 55, 66, 67, 1, 12, 13, 14, 15]], "food": [50, 54], "index": 0}, "status": "ACTIVE"}, {"action": "NORTH", "reward": 72, "info": {}, "observation": {"remainingOverageTime": 12, "index": 1}, "status": "ACTIVE"}, {"action": "NORTH", "reward": 36, "info": {}, "observation": {"remainingOverageTime": 12, "index": 2}, "status": "DONE"}, {"action": "NORTH", "reward": 73, "info": {}, "observation": {"remainingOverageTime": 12, "index": 3}, "status": "ACTIVE"}], [{"action": "NORTH", "reward": 71, "info": {}, "observation": {"remainingOverageTime": 12, "step": 65, "geese": [[31, 42, 41, 30, 29, 28], [65, 64, 75, 74, 73, 72, 61, 62], [], [34, 33, 44, 55, 66, 67, 1, 12, 13, 14]], "food": [50, 54], "index": 0}, "status": "ACTIVE"}, {"action": "EAST", "reward": 73, "info": {}, "observation": {"remainingOverageTime": 12, "index": 1}, "status": "ACTIVE"}, {"action": "NORTH", "reward": 36, "info": {}, "observation": {"remainingOverageTime": 12, "index": 2}, "status": "DONE"}, {"action": "EAST", "reward": 75, "info": {}, "observation": {"remainingOverageTime": 12, "index": 3}, "status": "ACTIVE"}], [{"action": "EAST", "reward": 72, "info": {}, "observation": {"remainingOverageTime": 12, "step": 66, "geese": [[32, 31, 42, 41, 30, 29], [54, 65, 64, 75, 74, 73, 72, 61, 62], [], [23, 34, 33, 44, 55, 66, 67, 1, 12, 13]], "food": [50, 46], "index": 0}, "status": "ACTIVE"}, {"action": "NORTH", "reward": 74, "info": {}, "observation": {"remainingOverageTime": 12, "index": 1}, "status": "ACTIVE"}, {"action": "NORTH", "reward": 36, "info": {}, "observation": {"remainingOverageTime": 12, "index": 2}, "status": "DONE"}, {"action": "NORTH", "reward": 76, "info": {}, "observation": {"remainingOverageTime": 12, "index": 3}, "status": "ACTIVE"}], [{"action": "NORTH", "reward": 73, "info": {}, "observation": {"remainingOverageTime": 12, "step": 67, "geese": [[21, 32, 31, 42, 41, 30], [53, 54, 65, 64, 75, 74, 73, 72, 61], [], [24, 23, 34, 33, 44, 55, 66, 67, 1, 12]], "food": [50, 46], "index": 0}, "status": "ACTIVE"}, {"action": "WEST", "reward": 76, "info": {}, "observation": {"remainingOverageTime": 12, "index": 1}, "status": "ACTIVE"}, {"action": "NORTH", "reward": 36, "info": {}, "observation": {"remainingOverageTime": 12, "index": 2}, "status": "DONE"}, {"action": "EAST", "reward": 77, "info": {}, "observation": {"remainingOverageTime": 12, "index": 3}, "status": "ACTIVE"}], [{"action": "EAST", "reward": 74, "info": {}, "observation": {"remainingOverageTime": 12, "step": 68, "geese": [[11, 21, 32, 31, 42, 41], [52, 53, 54, 65, 64, 75, 74, 73, 72], [], [35, 24, 23, 34, 33, 44, 55, 66, 67, 1]], "food": [50, 46], "index": 0}, "status": "ACTIVE"}, {"action": "WEST", "reward": 77, "info": {}, "observation": {"remainingOverageTime": 12, "index": 1}, "status": "ACTIVE"}, {"action": "NORTH", "reward": 36, "info": {}, "observation": {"remainingOverageTime": 12, "index": 2}, "status": "DONE"}, {"action": "SOUTH", "reward": 78, "info": {}, "observation": {"remainingOverageTime": 12, "index": 3}, "status": "ACTIVE"}], [{"action": "EAST", "reward": 75, "info": {}, "observation": {"remainingOverageTime": 12, "step": 69, "geese": [[12, 11, 21, 32, 31, 42], [51, 52, 53, 54, 65, 64, 75, 74, 73], [], [46, 35, 24, 23, 34, 33, 44, 55, 66, 67, 1]], "food": [50, 71], "index": 0}, "status": "ACTIVE"}, {"action": "WEST", "reward": 78, "info": {}, "observation": {"remainingOverageTime": 12, "index": 1}, "status": "ACTIVE"}, {"action": "NORTH", "reward": 36, "info": {}, "observation": {"remainingOverageTime": 12, "index": 2}, "status": "DONE"}, {"action": "SOUTH", "reward": 79, "info": {}, "observation": {"remainingOverageTime": 12, "index": 3}, "status": "ACTIVE"}], [{"action": "EAST", "reward": 76, "info": {}, "observation": {"remainingOverageTime": 12, "step": 70, "geese": [[13, 12, 11, 21, 32, 31], [50, 51, 52, 53, 54, 65, 64, 75, 74, 73], [], [47, 46, 35, 24, 23, 34, 33, 44, 55, 66, 67]], "food": [71, 40], "index": 0}, "status": "ACTIVE"}, {"action": "WEST", "reward": 79, "info": {}, "observation": {"remainingOverageTime": 12, "index": 1}, "status": "ACTIVE"}, {"action": "NORTH", "reward": 36, "info": {}, "observation": {"remainingOverageTime": 12, "index": 2}, "status": "DONE"}, {"action": "EAST", "reward": 81, "info": {}, "observation": {"remainingOverageTime": 12, "index": 3}, "status": "ACTIVE"}], [{"action": "EAST", "reward": 77, "info": {}, "observation": {"remainingOverageTime": 12, "step": 71, "geese": [[14, 13, 12, 11, 21, 32], [39, 50, 51, 52, 53, 54, 65, 64, 75, 74], [], [48, 47, 46, 35, 24, 23, 34, 33, 44, 55, 66]], "food": [71, 40], "index": 0}, "status": "ACTIVE"}, {"action": "NORTH", "reward": 81, "info": {}, "observation": {"remainingOverageTime": 12, "index": 1}, "status": "ACTIVE"}, {"action": "NORTH", "reward": 36, "info": {}, "observation": {"remainingOverageTime": 12, "index": 2}, "status": "DONE"}, {"action": "EAST", "reward": 82, "info": {}, "observation": {"remainingOverageTime": 12, "index": 3}, "status": "ACTIVE"}], [{"action": "NORTH", "reward": 78, "info": {}, "observation": {"remainingOverageTime": 12, "step": 72, "geese": [[3, 14, 13, 12, 11, 21], [40, 39, 50, 51, 52, 53, 54, 65, 64, 75, 74], [], [49, 48, 47, 46, 35, 24, 23, 34, 33, 44, 55]], "food": [71, 29], "index": 0}, "status": "ACTIVE"}, {"action": "EAST", "reward": 82, "info": {}, "observation": {"remainingOverageTime": 12, "index": 1}, "status": "ACTIVE"}, {"action": "NORTH", "reward": 36, "info": {}, "observation": {"remainingOverageTime": 12, "index": 2}, "status": "DONE"}, {"action": "EAST", "reward": 83, "info": {}, "observation": {"remainingOverageTime": 12, "index": 3}, "status": "ACTIVE"}], [{"action": "NORTH", "reward": 79, "info": {}, "observation": {"remainingOverageTime": 12, "step": 73, "geese": [[69, 3, 14, 13, 12, 11], [29, 40, 39, 50, 51, 52, 53, 54, 65, 64, 75, 74], [], [60, 49, 48, 47, 46, 35, 24, 23, 34, 33, 44]], "food": [71, 1], "index": 0}, "status": "ACTIVE"}, {"action": "NORTH", "reward": 84, "info": {}, "observation": {"remainingOverageTime": 12, "index": 1}, "status": "ACTIVE"}, {"action": "NORTH", "reward": 36, "info": {}, "observation": {"remainingOverageTime": 12, "index": 2}, "status": "DONE"}, {"action": "SOUTH", "reward": 84, "info": {}, "observation": {"remainingOverageTime": 12, "index": 3}, "status": "ACTIVE"}], [{"action": "EAST", "reward": 80, "info": {}, "observation": {"remainingOverageTime": 12, "step": 74, "geese": [[70, 69, 3, 14, 13, 12], [28, 29, 40, 39, 50, 51, 52, 53, 54, 65, 64, 75], [], [71, 60, 49, 48, 47, 46, 35, 24, 23, 34, 33, 44]], "food": [1, 57], "index": 0}, "status": "ACTIVE"}, {"action": "WEST", "reward": 86, "info": {}, "observation": {"remainingOverageTime": 12, "index": 1}, "status": "ACTIVE"}, {"action": "NORTH", "reward": 36, "info": {}, "observation": {"remainingOverageTime": 12, "index": 2}, "status": "DONE"}, {"action": "SOUTH", "reward": 85, "info": {}, "observation": {"remainingOverageTime": 12, "index": 3}, "status": "ACTIVE"}], [{"action": "NORTH", "reward": 81, "info": {}, "observation": {"remainingOverageTime": 12, "step": 75, "geese": [[59, 70, 69, 3, 14, 13], [17, 28, 29, 40, 39, 50, 51, 52, 53, 54, 65, 64], [], [5, 71, 60, 49, 48, 47, 46, 35, 24, 23, 34, 33]], "food": [1, 57], "index": 0}, "status": "ACTIVE"}, {"action": "NORTH", "reward": 87, "info": {}, "observation": {"remainingOverageTime": 12, "index": 1}, "status": "ACTIVE"}, {"action": "NORTH", "reward": 36, "info": {}, "observation": {"remainingOverageTime": 12, "index": 2}, "status": "DONE"}, {"action": "SOUTH", "reward": 87, "info": {}, "observation": {"remainingOverageTime": 12, "index": 3}, "status": "ACTIVE"}], [{"action": "WEST", "reward": 82, "info": {}, "observation": {"remainingOverageTime": 12, "step": 76, "geese": [[58, 59, 70, 69, 3, 14], [18, 17, 28, 29, 40, 39, 50, 51, 52, 53, 54, 65], [], [4, 5, 71, 60, 49, 48, 47, 46, 35, 24, 23, 34]], "food": [1, 57], "index": 0}, "status": "ACTIVE"}, {"action": "EAST", "reward": 88, "info": {}, "observation": {"remainingOverageTime": 12, "index": 1}, "status": "ACTIVE"}, {"action": "NORTH", "reward": 36, "info": {}, "observation": {"remainingOverageTime": 12, "index": 2}, "status": "DONE"}, {"action": "WEST", "reward": 88, "info": {}, "observation": {"remainingOverageTime": 12, "index": 3}, "status": "ACTIVE"}], [{"action": "WEST", "reward": 83, "info": {}, "observation": {"remainingOverageTime": 12, "step": 77, "geese": [[57, 58, 59, 70, 69, 3, 14], [19, 18, 17, 28, 29, 40, 39, 50, 51, 52, 53, 54], [], [15, 4, 5, 71, 60, 49, 48, 47, 46, 35, 24, 23]], "food": [1, 21], "index": 0}, "status": "ACTIVE"}, {"action": "EAST", "reward": 89, "info": {}, "observation": {"remainingOverageTime": 12, "index": 1}, "status": "ACTIVE"}, {"action": "NORTH", "reward": 36, "info": {}, "observation": {"remainingOverageTime": 12, "index": 2}, "status": "DONE"}, {"action": "SOUTH", "reward": 89, "info": {}, "observation": {"remainingOverageTime": 12, "index": 3}, "status": "ACTIVE"}], [{"action": "WEST", "reward": 85, "info": {}, "observation": {"remainingOverageTime": 12, "step": 78, "geese": [[56, 57, 58, 59, 70, 69, 3], [20, 19, 18, 17, 28, 29, 40, 39, 50, 51, 52, 53], [], [14, 15, 4, 5, 71, 60, 49, 48, 47, 46, 35, 24]], "food": [1, 21], "index": 0}, "status": "ACTIVE"}, {"action": "EAST", "reward": 90, "info": {}, "observation": {"remainingOverageTime": 12, "index": 1}, "status": "ACTIVE"}, {"action": "NORTH", "reward": 36, "info": {}, "observation": {"remainingOverageTime": 12, "index": 2}, "status": "DONE"}, {"action": "WEST", "reward": 90, "info": {}, "observation": {"remainingOverageTime": 12, "index": 3}, "status": "ACTIVE"}], [{"action": "SOUTH", "reward": 86, "info": {}, "observation": {"remainingOverageTime": 12, "step": 79, "geese": [[67, 56, 57, 58, 59, 70, 69], [21, 20, 19, 18, 17, 28, 29, 40, 39, 50, 51, 52, 53], [], [13, 14, 15, 4, 5, 71, 60, 49, 48, 47, 46, 35]], "food": [1, 42], "index": 0}, "status": "ACTIVE"}, {"action": "EAST", "reward": 91, "info": {}, "observation": {"remainingOverageTime": 12, "index": 1}, "status": "ACTIVE"}, {"action": "NORTH", "reward": 36, "info": {}, "observation": {"remainingOverageTime": 12, "index": 2}, "status": "DONE"}, {"action": "WEST", "reward": 91, "info": {}, "observation": {"remainingOverageTime": 12, "index": 3}, "status": "ACTIVE"}], [{"action": "SOUTH", "reward": 87, "info": {}, "observation": {"remainingOverageTime": 12, "step": 80, "geese": [[1, 67, 56, 57, 58, 59, 70], [32, 21, 20, 19, 18, 17, 28, 29, 40, 39, 50, 51], [], [12, 13, 14, 15, 4, 5, 71, 60, 49, 48, 47]], "food": [42, 30], "index": 0}, "status": "ACTIVE"}, {"action": "SOUTH", "reward": 93, "info": {}, "observation": {"remainingOverageTime": 12, "index": 1}, "status": "ACTIVE"}, {"action": "NORTH", "reward": 36, "info": {}, "observation": {"remainingOverageTime": 12, "index": 2}, "status": "DONE"}, {"action": "WEST", "reward": 92, "info": {}, "observation": {"remainingOverageTime": 12, "index": 3}, "status": "ACTIVE"}], [{"action": "WEST", "reward": 88, "info": {}, "observation": {"remainingOverageTime": 12, "step": 81, "geese": [[0, 1, 67, 56, 57, 58, 59], [43, 32, 21, 20, 19, 18, 17, 28, 29, 40, 39, 50], [], [11, 12, 13, 14, 15, 4, 5, 71, 60, 49, 48]], "food": [42, 30], "index": 0}, "status": "ACTIVE"}, {"action": "SOUTH", "reward": 93, "info": {}, "observation": {"remainingOverageTime": 12, "index": 1}, "status": "ACTIVE"}, {"action": "NORTH", "reward": 36, "info": {}, "observation": {"remainingOverageTime": 12, "index": 2}, "status": "DONE"}, {"action": "WEST", "reward": 92, "info": {}, "observation": {"remainingOverageTime": 12, "index": 3}, "status": "ACTIVE"}], [{"action": "WEST", "reward": 89, "info": {}, "observation": {"remainingOverageTime": 12, "step": 82, "geese": [[10, 0, 1, 67, 56, 57, 58], [42, 43, 32, 21, 20, 19, 18, 17, 28, 29, 40, 39, 50], [], [22, 11, 12, 13, 14, 15, 4, 5, 71, 60, 49]], "food": [30, 31], "index": 0}, "status": "ACTIVE"}, {"action": "WEST", "reward": 94, "info": {}, "observation": {"remainingOverageTime": 12, "index": 1}, "status": "ACTIVE"}, {"action": "NORTH", "reward": 36, "info": {}, "observation": {"remainingOverageTime": 12, "index": 2}, "status": "DONE"}, {"action": "SOUTH", "reward": 93, "info": {}, "observation": {"remainingOverageTime": 12, "index": 3}, "status": "ACTIVE"}], [{"action": "WEST", "reward": 90, "info": {}, "observation": {"remainingOverageTime": 12, "step": 83, "geese": [[9, 10, 0, 1, 67, 56, 57], [53, 42, 43, 32, 21, 20, 19, 18, 17, 28, 29, 40, 39], [], [33, 22, 11, 12, 13, 14, 15, 4, 5, 71, 60]], "food": [30, 31], "index": 0}, "status": "ACTIVE"}, {"action": "SOUTH", "reward": 96, "info": {}, "observation": {"remainingOverageTime": 12, "index": 1}, "status": "ACTIVE"}, {"action": "NORTH", "reward": 36, "info": {}, "observation": {"remainingOverageTime": 12, "index": 2}, "status": "DONE"}, {"action": "SOUTH", "reward": 94, "info": {}, "observation": {"remainingOverageTime": 12, "index": 3}, "status": "ACTIVE"}], [{"action": "NORTH", "reward": 91, "info": {}, "observation": {"remainingOverageTime": 12, "step": 84, "geese": [[75, 9, 10, 0, 1, 67, 56], [52, 53, 42, 43, 32, 21, 20, 19, 18, 17, 28, 29, 40], [], [44, 33, 22, 11, 12, 13, 14, 15, 4, 5, 71]], "food": [30, 31], "index": 0}, "status": "ACTIVE"}, {"action": "WEST", "reward": 97, "info": {}, "observation": {"remainingOverageTime": 12, "index": 1}, "status": "ACTIVE"}, {"action": "NORTH", "reward": 36, "info": {}, "observation": {"remainingOverageTime": 12, "index": 2}, "status": "DONE"}, {"action": "SOUTH", "reward": 95, "info": {}, "observation": {"remainingOverageTime": 12, "index": 3}, "status": "ACTIVE"}], [{"action": "NORTH", "reward": 92, "info": {}, "observation": {"remainingOverageTime": 12, "step": 85, "geese": [[64, 75, 9, 10, 0, 1, 67], [41, 52, 53, 42, 43, 32, 21, 20, 19, 18, 17, 28, 29], [], [54, 44, 33, 22, 11, 12, 13, 14, 15, 4, 5]], "food": [30, 31], "index": 0}, "status": "ACTIVE"}, {"action": "NORTH", "reward": 98, "info": {}, "observation": {"remainingOverageTime": 12, "index": 1}, "status": "ACTIVE"}, {"action": "NORTH", "reward": 36, "info": {}, "observation": {"remainingOverageTime": 12, "index": 2}, "status": "DONE"}, {"action": "WEST", "reward": 96, "info": {}, "observation": {"remainingOverageTime": 12, "index": 3}, "status": "ACTIVE"}], [{"action": "WEST", "reward": 93, "info": {}, "observation": {"remainingOverageTime": 12, "step": 86, "geese": [[63, 64, 75, 9, 10, 0, 1], [40, 41, 52, 53, 42, 43, 32, 21, 20, 19, 18, 17, 28], [], [65, 54, 44, 33, 22, 11, 12, 13, 14, 15, 4]], "food": [30, 31], "index": 0}, "status": "ACTIVE"}, {"action": "WEST", "reward": 99, "info": {}, "observation": {"remainingOverageTime": 12, "index": 1}, "status": "ACTIVE"}, {"action": "NORTH", "reward": 36, "info": {}, "observation": {"remainingOverageTime": 12, "index": 2}, "status": "DONE"}, {"action": "SOUTH", "reward": 97, "info": {}, "observation": {"remainingOverageTime": 12, "index": 3}, "status": "ACTIVE"}], [{"action": "WEST", "reward": 94, "info": {}, "observation": {"remainingOverageTime": 12, "step": 87, "geese": [[62, 63, 64, 75, 9, 10, 0], [29, 40, 41, 52, 53, 42, 43, 32, 21, 20, 19, 18, 17], [], [55, 65, 54, 44, 33, 22, 11, 12, 13, 14, 15]], "food": [30, 31], "index": 0}, "status": "ACTIVE"}, {"action": "NORTH", "reward": 100, "info": {}, "observation": {"remainingOverageTime": 12, "index": 1}, "status": "ACTIVE"}, {"action": "NORTH", "reward": 36, "info": {}, "observation": {"remainingOverageTime": 12, "index": 2}, "status": "DONE"}, {"action": "EAST", "reward": 98, "info": {}, "observation": {"remainingOverageTime": 12, "index": 3}, "status": "ACTIVE"}], [{"action": "SOUTH", "reward": 95, "info": {}, "observation": {"remainingOverageTime": 12, "step": 88, "geese": [[73, 62, 63, 64, 75, 9, 10], [28, 29, 40, 41, 52, 53, 42, 43, 32, 21, 20, 19, 18], [], [56, 55, 65, 54, 44, 33, 22, 11, 12, 13, 14]], "food": [30, 31], "index": 0}, "status": "ACTIVE"}, {"action": "WEST", "reward": 101, "info": {}, "observation": {"remainingOverageTime": 12, "index": 1}, "status": "ACTIVE"}, {"action": "NORTH", "reward": 36, "info": {}, "observation": {"remainingOverageTime": 12, "index": 2}, "status": "DONE"}, {"action": "EAST", "reward": 99, "info": {}, "observation": {"remainingOverageTime": 12, "index": 3}, "status": "ACTIVE"}], [{"action": "WEST", "reward": 96, "info": {}, "observation": {"remainingOverageTime": 12, "step": 89, "geese": [[72, 73, 62, 63, 64, 75, 9], [17, 28, 29, 40, 41, 52, 53, 42, 43, 32, 21, 20, 19], [], [67, 56, 55, 65, 54, 44, 33, 22, 11, 12, 13]], "food": [30, 31], "index": 0}, "status": "ACTIVE"}, {"action": "NORTH", "reward": 102, "info": {}, "observation": {"remainingOverageTime": 12, "index": 1}, "status": "ACTIVE"}, {"action": "NORTH", "reward": 36, "info": {}, "observation": {"remainingOverageTime": 12, "index": 2}, "status": "DONE"}, {"action": "SOUTH", "reward": 100, "info": {}, "observation": {"remainingOverageTime": 12, "index": 3}, "status": "ACTIVE"}], [{"action": "WEST", "reward": 97, "info": {}, "observation": {"remainingOverageTime": 12, "step": 90, "geese": [[71, 72, 73, 62, 63, 64, 75], [18, 17, 28, 29, 40, 41, 52, 53, 42, 43, 32, 21, 20], [], [1, 67, 56, 55, 65, 54, 44, 33, 22, 11, 12]], "food": [30, 31], "index": 0}, "status": "ACTIVE"}, {"action": "EAST", "reward": 103, "info": {}, "observation": {"remainingOverageTime": 12, "index": 1}, "status": "ACTIVE"}, {"action": "NORTH", "reward": 36, "info": {}, "observation": {"remainingOverageTime": 12, "index": 2}, "status": "DONE"}, {"action": "SOUTH", "reward": 101, "info": {}, "observation": {"remainingOverageTime": 12, "index": 3}, "status": "ACTIVE"}], [{"action": "SOUTH", "reward": 98, "info": {}, "observation": {"remainingOverageTime": 12, "step": 91, "geese": [[5, 71, 72, 73, 62, 63, 64], [19, 18, 17, 28, 29, 40, 41, 52, 53, 42, 43, 32, 21], [], [0, 1, 67, 56, 55, 65, 54, 44, 33, 22, 11]], "food": [30, 31], "index": 0}, "status": "ACTIVE"}, {"action": "EAST", "reward": 104, "info": {}, "observation": {"remainingOverageTime": 12, "index": 1}, "status": "ACTIVE"}, {"action": "NORTH", "reward": 36, "info": {}, "observation": {"remainingOverageTime": 12, "index": 2}, "status": "DONE"}, {"action": "WEST", "reward": 102, "info": {}, "observation": {"remainingOverageTime": 12, "index": 3}, "status": "ACTIVE"}], [{"action": "EAST", "reward": 99, "info": {}, "observation": {"remainingOverageTime": 12, "step": 92, "geese": [[6, 5, 71, 72, 73, 62, 63], [8, 19, 18, 17, 28, 29, 40, 41, 52, 53, 42, 43, 32], [], [10, 0, 1, 67, 56, 55, 65, 54, 44, 33, 22]], "food": [30, 31], "index": 0}, "status": "ACTIVE"}, {"action": "NORTH", "reward": 105, "info": {}, "observation": {"remainingOverageTime": 12, "index": 1}, "status": "ACTIVE"}, {"action": "NORTH", "reward": 36, "info": {}, "observation": {"remainingOverageTime": 12, "index": 2}, "status": "DONE"}, {"action": "WEST", "reward": 103, "info": {}, "observation": {"remainingOverageTime": 12, "index": 3}, "status": "ACTIVE"}], [{"action": "EAST", "reward": 100, "info": {}, "observation": {"remainingOverageTime": 12, "step": 93, "geese": [[7, 6, 5, 71, 72, 73, 62], [74, 8, 19, 18, 17, 28, 29, 40, 41, 52, 53, 42, 43], [], [21, 10, 0, 1, 67, 56, 55, 65, 54, 44, 33]], "food": [30, 31], "index": 0}, "status": "ACTIVE"}, {"action": "NORTH", "reward": 106, "info": {}, "observation": {"remainingOverageTime": 12, "index": 1}, "status": "ACTIVE"}, {"action": "NORTH", "reward": 36, "info": {}, "observation": {"remainingOverageTime": 12, "index": 2}, "status": "DONE"}, {"action": "SOUTH", "reward": 104, "info": {}, "observation": {"remainingOverageTime": 12, "index": 3}, "status": "ACTIVE"}], [{"action": "WEST", "reward": 101, "info": {}, "observation": {"remainingOverageTime": 12, "step": 94, "geese": [[], [75, 74, 8, 19, 18, 17, 28, 29, 40, 41, 52, 53, 42], [], [20, 21, 10, 0, 1, 67, 56, 55, 65, 54, 44]], "food": [30, 31], "index": 0}, "status": "DONE"}, {"action": "EAST", "reward": 107, "info": {}, "observation": {"remainingOverageTime": 12, "index": 1}, "status": "ACTIVE"}, {"action": "NORTH", "reward": 36, "info": {}, "observation": {"remainingOverageTime": 12, "index": 2}, "status": "DONE"}, {"action": "WEST", "reward": 105, "info": {}, "observation": {"remainingOverageTime": 12, "index": 3}, "status": "ACTIVE"}], [{"action": "NORTH", "reward": 101, "info": {}, "observation": {"remainingOverageTime": 12, "step": 95, "geese": [[], [64, 75, 74, 8, 19, 18, 17, 28, 29, 40, 41, 52, 53], [], [31, 20, 21, 10, 0, 1, 67, 56, 55, 65, 54, 44]], "food": [30, 16], "index": 0}, "status": "DONE"}, {"action": "NORTH", "reward": 108, "info": {}, "observation": {"remainingOverageTime": 12, "index": 1}, "status": "ACTIVE"}, {"action": "NORTH", "reward": 36, "info": {}, "observation": {"remainingOverageTime": 12, "index": 2}, "status": "DONE"}, {"action": "SOUTH", "reward": 106, "info": {}, "observation": {"remainingOverageTime": 12, "index": 3}, "status": "ACTIVE"}], [{"action": "NORTH", "reward": 101, "info": {}, "observation": {"remainingOverageTime": 12, "step": 96, "geese": [[], [53, 64, 75, 74, 8, 19, 18, 17, 28, 29, 40, 41, 52], [], [30, 31, 20, 21, 10, 0, 1, 67, 56, 55, 65, 54, 44]], "food": [16, 27], "index": 0}, "status": "DONE"}, {"action": "NORTH", "reward": 109, "info": {}, "observation": {"remainingOverageTime": 12, "index": 1}, "status": "ACTIVE"}, {"action": "NORTH", "reward": 36, "info": {}, "observation": {"remainingOverageTime": 12, "index": 2}, "status": "DONE"}, {"action": "WEST", "reward": 108, "info": {}, "observation": {"remainingOverageTime": 12, "index": 3}, "status": "ACTIVE"}], [{"action": "NORTH", "reward": 101, "info": {}, "observation": {"remainingOverageTime": 12, "step": 97, "geese": [[], [], [], []], "food": [16, 27], "index": 0}, "status": "DONE"}, {"action": "WEST", "reward": 110, "info": {}, "observation": {"remainingOverageTime": 12, "index": 1}, "status": "DONE"}, {"action": "NORTH", "reward": 36, "info": {}, "observation": {"remainingOverageTime": 12, "index": 2}, "status": "DONE"}, {"action": "NORTH", "reward": 110, "info": {}, "observation": {"remainingOverageTime": 12, "index": 3}, "status": "DONE"}]], "rewards": [101, 110, 36, 110], "statuses": ["DONE", "DONE", "DONE", "DONE"], "schema_version": 1, "info": {}}