{"id": "19a0abe2-da83-11ee-b31f-0242ac130202", "name": "hungry_geese", "title": "Hungry Geese", "description": "Similar to the classic snake game with multiple players", "version": "1.0.0", "configuration": {"episodeSteps": 200, "actTimeout": 6, "runTimeout": 1200, "columns": 11, "rows": 7, "hunger_rate": 40, "min_food": 2}, "specification": {"action": {"description": "Direction to move the head of your players goose.", "type": "string", "enum": ["NORTH", "EAST", "SOUTH", "WEST"], "default": "NORTH"}, "agents": [2, 3, 4, 5, 6, 7, 8], "configuration": {"episodeSteps": {"description": "Maximum number of steps in the episode.", "type": "integer", "minimum": 1, "default": 200}, "actTimeout": {"description": "Maximum runtime (seconds) to obtain an action from an agent.", "type": "number", "minimum": 0, "default": 6}, "runTimeout": {"description": "Maximum runtime (seconds) of an episode (not necessarily DONE).", "type": "number", "minimum": 0, "default": 1200}, "columns": {"description": "Horizontal number of cells on the board.", "type": "integer", "default": 11, "minimum": 3}, "rows": {"description": "Vertical number of cells on the board.", "type": "integer", "default": 7, "minimum": 3}, "hunger_rate": {"description": "The number of steps before the goose shrinks a cell.", "type": "integer", "minimum": 1, "default": 40}, "min_food": {"description": "The minimum amount of food present for all steps.", "type": "integer", "default": 2, "minimum": 1}}, "info": {}, "observation": {"remainingOverageTime": {"description": "Total remaining banked time (seconds) that can be used in excess of per-step actTimeouts -- agent is disqualified with TIMEOUT status when this drops below 0.", "shared": false, "type": "number", "minimum": 0, "default": 12}, "step": {"description": "Current step within the episode.", "type": "integer", "shared": true, "minimum": 0, "default": 0}, "geese": {"description": "List of geese in order by the agent index.", "type": "array", "default": [], "shared": true}, "food": {"description": "Positions on the board where food is present.", "type": "array", "default": [], "shared": true}, "index": {"description": "Index of the current agent's goose in the list of geese.", "type": "integer", "minimum": 0, "defaults": [0, 1, 2, 3, 4, 5, 6, 7]}}, "reward": {"description": "The number of steps the goose has moved plus its length.", "type": ["number", "null"], "default": 0, "minimum": 0}}, "steps": [[{"action": "NORTH", "reward": 0, "info": {}, "observation": {"remainingOverageTime": 12, "step": 0, "geese": [[12], [1], [33], [62]], "food": [75, 76], "index": 0}, "status": "ACTIVE"}, {"action": "NORTH", "reward": 0, "info": {}, "observation": {"remainingOverageTime": 12, "index": 1}, "status": "ACTIVE"}, {"action": "NORTH", "reward": 0, "info": {}, "observation": {"remainingOverageTime": 12, "index": 2}, "status": "ACTIVE"}, {"action": "NORTH", "reward": 0, "info": {}, "observation": {"remainingOverageTime": 12, "index": 3}, "status": "ACTIVE"}], [{"action": "WEST", "reward": 2, "info": {}, "observation": {"remainingOverageTime": 12, "step": 1, "geese": [[11], [67], [43], [73]], "food": [75, 76], "index": 0}, "status": "ACTIVE"}, {"action": "NORTH", "reward": 2, "info": {}, "observation": {"remainingOverageTime": 12, "index": 1}, "status": "ACTIVE"}, {"action": "WEST", "reward": 2, "info": {}, "observation": {"remainingOverageTime": 12, "index": 2}, "status": "ACTIVE"}, {"action": "SOUTH", "reward": 2, "info": {}, "observation": {"remainingOverageTime": 12, "index": 3}, "status": "ACTIVE"}], [{"action": "WEST", "reward": 3, "info": {}, "observation": {"remainingOverageTime": 12, "step": 2, "geese": [[21], [66], [54], [74]], "food": [75, 76], "index": 0}, "status": "ACTIVE"}, {"action": "WEST", "reward": 3, "info": {}, "observation": {"remainingOverageTime": 12, "index": 1}, "status": "ACTIVE"}, {"action": "SOUTH", "reward": 3, "info": {}, "observation": {"remainingOverageTime": 12, "index": 2}, "status": "ACTIVE"}, {"action": "EAST", "reward": 3, "info": {}, "observation": {"remainingOverageTime": 12, "index": 3}, "status": "ACTIVE"}], [{"action": "NORTH", "reward": 4, "info": {}, "observation": {"remainingOverageTime": 12, "step": 3, "geese": [[10], [76, 66], [65], [75, 74]], "food": [37, 69], "index": 0}, "status": "ACTIVE"}, {"action": "WEST", "reward": 4, "info": {}, "observation": {"remainingOverageTime": 12, "index": 1}, "status": "ACTIVE"}, {"action": "SOUTH", "reward": 4, "info": {}, "observation": {"remainingOverageTime": 12, "index": 2}, "status": "ACTIVE"}, {"action": "EAST", "reward": 4, "info": {}, "observation": {"remainingOverageTime": 12, "index": 3}, "status": "ACTIVE"}], [{"action": "EAST", "reward": 5, "info": {}, "observation": {"remainingOverageTime": 12, "step": 4, "geese": [[0], [65, 76], [55], [64, 75]], "food": [37, 69], "index": 0}, "status": "ACTIVE"}, {"action": "NORTH", "reward": 6, "info": {}, "observation": {"remainingOverageTime": 12, "index": 1}, "status": "ACTIVE"}, {"action": "EAST", "reward": 5, "info": {}, "observation": {"remainingOverageTime": 12, "index": 2}, "status": "ACTIVE"}, {"action": "NORTH", "reward": 6, "info": {}, "observation": {"remainingOverageTime": 12, "index": 3}, "status": "ACTIVE"}], [{"action": "EAST", "reward": 6, "info": {}, "observation": {"remainingOverageTime": 12, "step": 5, "geese": [[1], [55, 65], [56], [53, 64]], "food": [37, 69], "index": 0}, "status": "ACTIVE"}, {"action": "EAST", "reward": 7, "info": {}, "observation": {"remainingOverageTime": 12, "index": 1}, "status": "ACTIVE"}, {"action": "EAST", "reward": 6, "info": {}, "observation": {"remainingOverageTime": 12, "index": 2}, "status": "ACTIVE"}, {"action": "NORTH", "reward": 7, "info": {}, "observation": {"remainingOverageTime": 12, "index": 3}, "status": "ACTIVE"}], [{"action": "EAST", "reward": 7, "info": {}, "observation": {"remainingOverageTime": 12, "step": 6, "geese": [[2], [56, 55], [57], [42, 53]], "food": [37, 69], "index": 0}, "status": "ACTIVE"}, {"action": "EAST", "reward": 8, "info": {}, "observation": {"remainingOverageTime": 12, "index": 1}, "status": "ACTIVE"}, {"action": "EAST", "reward": 7, "info": {}, "observation": {"remainingOverageTime": 12, "index": 2}, "status": "ACTIVE"}, {"action": "NORTH", "reward": 8, "info": {}, "observation": {"remainingOverageTime": 12, "index": 3}, "status": "ACTIVE"}], [{"action": "EAST", "reward": 8, "info": {}, "observation": {"remainingOverageTime": 12, "step": 7, "geese": [[3], [67, 56], [46], [41, 42]], "food": [37, 69], "index": 0}, "status": "ACTIVE"}, {"action": "SOUTH", "reward": 9, "info": {}, "observation": {"remainingOverageTime": 12, "index": 1}, "status": "ACTIVE"}, {"action": "NORTH", "reward": 8, "info": {}, "observation": {"remainingOverageTime": 12, "index": 2}, "status": "ACTIVE"}, {"action": "WEST", "reward": 9, "info": {}, "observation": {"remainingOverageTime": 12, "index": 3}, "status": "ACTIVE"}], [{"action": "NORTH", "reward": 9, "info": {}, "observation": {"remainingOverageTime": 12, "step": 8, "geese": [[69, 3], [68, 67], [35], [40, 41]], "food": [37, 70], "index": 0}, "status": "ACTIVE"}, {"action": "EAST", "reward": 10, "info": {}, "observation": {"remainingOverageTime": 12, "index": 1}, "status": "ACTIVE"}, {"action": "NORTH", "reward": 9, "info": {}, "observation": {"remainingOverageTime": 12, "index": 2}, "status": "ACTIVE"}, {"action": "WEST", "reward": 10, "info": {}, "observation": {"remainingOverageTime": 12, "index": 3}, "status": "ACTIVE"}], [{"action": "EAST", "reward": 11, "info": {}, "observation": {"remainingOverageTime": 12, "step": 9, "geese": [[70, 69, 3], [57, 68], [36], [39, 40]], "food": [37, 42], "index": 0}, "status": "ACTIVE"}, {"action": "NORTH", "reward": 11, "info": {}, "observation": {"remainingOverageTime": 12, "index": 1}, "status": "ACTIVE"}, {"action": "EAST", "reward": 10, "info": {}, "observation": {"remainingOverageTime": 12, "index": 2}, "status": "ACTIVE"}, {"action": "WEST", "reward": 11, "info": {}, "observation": {"remainingOverageTime": 12, "index": 3}, "status": "ACTIVE"}], [{"action": "NORTH", "reward": 13, "info": {}, "observation": {"remainingOverageTime": 12, "step": 10, "geese": [[59, 70, 69], [46, 57], [37, 36], [38, 39]], "food": [42, 7], "index": 0}, "status": "ACTIVE"}, {"action": "NORTH", "reward": 12, "info": {}, "observation": {"remainingOverageTime": 12, "index": 1}, "status": "ACTIVE"}, {"action": "EAST", "reward": 11, "info": {}, "observation": {"remainingOverageTime": 12, "index": 2}, "status": "ACTIVE"}, {"action": "WEST", "reward": 12, "info": {}, "observation": {"remainingOverageTime": 12, "index": 3}, "status": "ACTIVE"}], [{"action": "EAST", "reward": 14, "info": {}, "observation": {"remainingOverageTime": 12, "step": 11, "geese": [[60, 59, 70], [35, 46], [26, 37], [27, 38]], "food": [42, 7], "index": 0}, "status": "ACTIVE"}, {"action": "NORTH", "reward": 13, "info": {}, "observation": {"remainingOverageTime": 12, "index": 1}, "status": "ACTIVE"}, {"action": "NORTH", "reward": 13, "info": {}, "observation": {"remainingOverageTime": 12, "index": 2}, "status": "ACTIVE"}, {"action": "NORTH", "reward": 13, "info": {}, "observation": {"remainingOverageTime": 12, "index": 3}, "status": "ACTIVE"}], [{"action": "EAST", "reward": 15, "info": {}, "observation": {"remainingOverageTime": 12, "step": 12, "geese": [[61, 60, 59], [34, 35], [15, 26], [16, 27]], "food": [42, 7], "index": 0}, "status": "ACTIVE"}, {"action": "WEST", "reward": 14, "info": {}, "observation": {"remainingOverageTime": 12, "index": 1}, "status": "ACTIVE"}, {"action": "NORTH", "reward": 14, "info": {}, "observation": {"remainingOverageTime": 12, "index": 2}, "status": "ACTIVE"}, {"action": "NORTH", "reward": 14, "info": {}, "observation": {"remainingOverageTime": 12, "index": 3}, "status": "ACTIVE"}], [{"action": "EAST", "reward": 16, "info": {}, "observation": {"remainingOverageTime": 12, "step": 13, "geese": [[62, 61, 60], [33, 34], [4, 15], [5, 16]], "food": [42, 7], "index": 0}, "status": "ACTIVE"}, {"action": "WEST", "reward": 15, "info": {}, "observation": {"remainingOverageTime": 12, "index": 1}, "status": "ACTIVE"}, {"action": "NORTH", "reward": 15, "info": {}, "observation": {"remainingOverageTime": 12, "index": 2}, "status": "ACTIVE"}, {"action": "NORTH", "reward": 15, "info": {}, "observation": {"remainingOverageTime": 12, "index": 3}, "status": "ACTIVE"}], [{"action": "SOUTH", "reward": 17, "info": {}, "observation": {"remainingOverageTime": 12, "step": 14, "geese": [[73, 62, 61], [43, 33], [70, 4], [6, 5]], "food": [42, 7], "index": 0}, "status": "ACTIVE"}, {"action": "WEST", "reward": 16, "info": {}, "observation": {"remainingOverageTime": 12, "index": 1}, "status": "ACTIVE"}, {"action": "NORTH", "reward": 16, "info": {}, "observation": {"remainingOverageTime": 12, "index": 2}, "status": "ACTIVE"}, {"action": "EAST", "reward": 16, "info": {}, "observation": {"remainingOverageTime": 12, "index": 3}, "status": "ACTIVE"}], [{"action": "EAST", "reward": 18, "info": {}, "observation": {"remainingOverageTime": 12, "step": 15, "geese": [[74, 73, 62], [42, 43, 33], [69, 70], [17, 6]], "food": [7, 9], "index": 0}, "status": "ACTIVE"}, {"action": "WEST", "reward": 17, "info": {}, "observation": {"remainingOverageTime": 12, "index": 1}, "status": "ACTIVE"}, {"action": "WEST", "reward": 17, "info": {}, "observation": {"remainingOverageTime": 12, "index": 2}, "status": "ACTIVE"}, {"action": "SOUTH", "reward": 17, "info": {}, "observation": {"remainingOverageTime": 12, "index": 3}, "status": "ACTIVE"}], [{"action": "EAST", "reward": 19, "info": {}, "observation": {"remainingOverageTime": 12, "step": 16, "geese": [[75, 74, 73], [31, 42, 43], [3, 69], [18, 17]], "food": [7, 9], "index": 0}, "status": "ACTIVE"}, {"action": "NORTH", "reward": 19, "info": {}, "observation": {"remainingOverageTime": 12, "index": 1}, "status": "ACTIVE"}, {"action": "SOUTH", "reward": 18, "info": {}, "observation": {"remainingOverageTime": 12, "index": 2}, "status": "ACTIVE"}, {"action": "EAST", "reward": 18, "info": {}, "observation": {"remainingOverageTime": 12, "index": 3}, "status": "ACTIVE"}], [{"action": "SOUTH", "reward": 20, "info": {}, "observation": {"remainingOverageTime": 12, "step": 17, "geese": [[9, 75, 74, 73], [20, 31, 42], [4, 3], [7, 18, 17]], "food": [8, 28], "index": 0}, "status": "ACTIVE"}, {"action": "NORTH", "reward": 20, "info": {}, "observation": {"remainingOverageTime": 12, "index": 1}, "status": "ACTIVE"}, {"action": "EAST", "reward": 19, "info": {}, "observation": {"remainingOverageTime": 12, "index": 2}, "status": "ACTIVE"}, {"action": "NORTH", "reward": 19, "info": {}, "observation": {"remainingOverageTime": 12, "index": 3}, "status": "ACTIVE"}], [{"action": "EAST", "reward": 22, "info": {}, "observation": {"remainingOverageTime": 12, "step": 18, "geese": [[10, 9, 75, 74], [19, 20, 31], [5, 4], [6, 7, 18]], "food": [8, 28], "index": 0}, "status": "ACTIVE"}, {"action": "WEST", "reward": 21, "info": {}, "observation": {"remainingOverageTime": 12, "index": 1}, "status": "ACTIVE"}, {"action": "EAST", "reward": 20, "info": {}, "observation": {"remainingOverageTime": 12, "index": 2}, "status": "ACTIVE"}, {"action": "WEST", "reward": 21, "info": {}, "observation": {"remainingOverageTime": 12, "index": 3}, "status": "ACTIVE"}], [{"action": "NORTH", "reward": 23, "info": {}, "observation": {"remainingOverageTime": 12, "step": 19, "geese": [[76, 10, 9, 75], [8, 19, 20, 31], [16, 5], [17, 6, 7]], "food": [28, 72], "index": 0}, "status": "ACTIVE"}, {"action": "NORTH", "reward": 22, "info": {}, "observation": {"remainingOverageTime": 12, "index": 1}, "status": "ACTIVE"}, {"action": "SOUTH", "reward": 21, "info": {}, "observation": {"remainingOverageTime": 12, "index": 2}, "status": "ACTIVE"}, {"action": "SOUTH", "reward": 22, "info": {}, "observation": {"remainingOverageTime": 12, "index": 3}, "status": "ACTIVE"}], [{"action": "WEST", "reward": 24, "info": {}, "observation": {"remainingOverageTime": 12, "step": 20, "geese": [[75, 76, 10, 9], [74, 8, 19, 20], [27, 16], [28, 17, 6, 7]], "food": [72, 47], "index": 0}, "status": "ACTIVE"}, {"action": "NORTH", "reward": 24, "info": {}, "observation": {"remainingOverageTime": 12, "index": 1}, "status": "ACTIVE"}, {"action": "SOUTH", "reward": 22, "info": {}, "observation": {"remainingOverageTime": 12, "index": 2}, "status": "ACTIVE"}, {"action": "SOUTH", "reward": 23, "info": {}, "observation": {"remainingOverageTime": 12, "index": 3}, "status": "ACTIVE"}], [{"action": "NORTH", "reward": 25, "info": {}, "observation": {"remainingOverageTime": 12, "step": 21, "geese": [[64, 75, 76, 10], [73, 74, 8, 19], [26, 27], [39, 28, 17, 6]], "food": [72, 47], "index": 0}, "status": "ACTIVE"}, {"action": "WEST", "reward": 25, "info": {}, "observation": {"remainingOverageTime": 12, "index": 1}, "status": "ACTIVE"}, {"action": "WEST", "reward": 23, "info": {}, "observation": {"remainingOverageTime": 12, "index": 2}, "status": "ACTIVE"}, {"action": "SOUTH", "reward": 25, "info": {}, "observation": {"remainingOverageTime": 12, "index": 3}, "status": "ACTIVE"}], [{"action": "WEST", "reward": 26, "info": {}, "observation": {"remainingOverageTime": 12, "step": 22, "geese": [[63, 64, 75, 76], [72, 73, 74, 8, 19], [37, 26], [50, 39, 28, 17]], "food": [47, 46], "index": 0}, "status": "ACTIVE"}, {"action": "WEST", "reward": 26, "info": {}, "observation": {"remainingOverageTime": 12, "index": 1}, "status": "ACTIVE"}, {"action": "SOUTH", "reward": 24, "info": {}, "observation": {"remainingOverageTime": 12, "index": 2}, "status": "ACTIVE"}, {"action": "SOUTH", "reward": 26, "info": {}, "observation": {"remainingOverageTime": 12, "index": 3}, "status": "ACTIVE"}], [{"action": "WEST", "reward": 27, "info": {}, "observation": {"remainingOverageTime": 12, "step": 23, "geese": [[62, 63, 64, 75], [71, 72, 73, 74, 8], [48, 37], [49, 50, 39, 28]], "food": [47, 46], "index": 0}, "status": "ACTIVE"}, {"action": "WEST", "reward": 28, "info": {}, "observation": {"remainingOverageTime": 12, "index": 1}, "status": "ACTIVE"}, {"action": "SOUTH", "reward": 25, "info": {}, "observation": {"remainingOverageTime": 12, "index": 2}, "status": "ACTIVE"}, {"action": "WEST", "reward": 27, "info": {}, "observation": {"remainingOverageTime": 12, "index": 3}, "status": "ACTIVE"}], [{"action": "WEST", "reward": 28, "info": {}, "observation": {"remainingOverageTime": 12, "step": 24, "geese": [[61, 62, 63, 64], [70, 71, 72, 73, 74], [47, 48, 37], [38, 49, 50, 39]], "food": [46, 0], "index": 0}, "status": "ACTIVE"}, {"action": "WEST", "reward": 29, "info": {}, "observation": {"remainingOverageTime": 12, "index": 1}, "status": "ACTIVE"}, {"action": "WEST", "reward": 26, "info": {}, "observation": {"remainingOverageTime": 12, "index": 2}, "status": "ACTIVE"}, {"action": "NORTH", "reward": 28, "info": {}, "observation": {"remainingOverageTime": 12, "index": 3}, "status": "ACTIVE"}], [{"action": "WEST", "reward": 29, "info": {}, "observation": {"remainingOverageTime": 12, "step": 25, "geese": [[60, 61, 62, 63], [69, 70, 71, 72, 73], [46, 47, 48, 37], [27, 38, 49, 50]], "food": [0, 67], "index": 0}, "status": "ACTIVE"}, {"action": "WEST", "reward": 30, "info": {}, "observation": {"remainingOverageTime": 12, "index": 1}, "status": "ACTIVE"}, {"action": "WEST", "reward": 28, "info": {}, "observation": {"remainingOverageTime": 12, "index": 2}, "status": "ACTIVE"}, {"action": "NORTH", "reward": 29, "info": {}, "observation": {"remainingOverageTime": 12, "index": 3}, "status": "ACTIVE"}], [{"action": "WEST", "reward": 30, "info": {}, "observation": {"remainingOverageTime": 12, "step": 26, "geese": [[59, 60, 61, 62], [68, 69, 70, 71, 72], [45, 46, 47, 48], [16, 27, 38, 49]], "food": [0, 67], "index": 0}, "status": "ACTIVE"}, {"action": "WEST", "reward": 31, "info": {}, "observation": {"remainingOverageTime": 12, "index": 1}, "status": "ACTIVE"}, {"action": "WEST", "reward": 30, "info": {}, "observation": {"remainingOverageTime": 12, "index": 2}, "status": "ACTIVE"}, {"action": "NORTH", "reward": 30, "info": {}, "observation": {"remainingOverageTime": 12, "index": 3}, "status": "ACTIVE"}], [{"action": "WEST", "reward": 31, "info": {}, "observation": {"remainingOverageTime": 12, "step": 27, "geese": [[58, 59, 60, 61], [67, 68, 69, 70, 71, 72], [56, 45, 46, 47], [5, 16, 27, 38]], "food": [0, 43], "index": 0}, "status": "ACTIVE"}, {"action": "WEST", "reward": 32, "info": {}, "observation": {"remainingOverageTime": 12, "index": 1}, "status": "ACTIVE"}, {"action": "SOUTH", "reward": 31, "info": {}, "observation": {"remainingOverageTime": 12, "index": 2}, "status": "ACTIVE"}, {"action": "NORTH", "reward": 31, "info": {}, "observation": {"remainingOverageTime": 12, "index": 3}, "status": "ACTIVE"}], [{"action": "NORTH", "reward": 32, "info": {}, "observation": {"remainingOverageTime": 12, "step": 28, "geese": [[47, 58, 59, 60], [1, 67, 68, 69, 70, 71], [55, 56, 45, 46], [4, 5, 16, 27]], "food": [0, 43], "index": 0}, "status": "ACTIVE"}, {"action": "SOUTH", "reward": 34, "info": {}, "observation": {"remainingOverageTime": 12, "index": 1}, "status": "ACTIVE"}, {"action": "WEST", "reward": 32, "info": {}, "observation": {"remainingOverageTime": 12, "index": 2}, "status": "ACTIVE"}, {"action": "WEST", "reward": 32, "info": {}, "observation": {"remainingOverageTime": 12, "index": 3}, "status": "ACTIVE"}], [{"action": "WEST", "reward": 33, "info": {}, "observation": {"remainingOverageTime": 12, "step": 29, "geese": [[46, 47, 58, 59], [0, 1, 67, 68, 69, 70, 71], [66, 55, 56, 45], [3, 4, 5, 16]], "food": [43, 57], "index": 0}, "status": "ACTIVE"}, {"action": "WEST", "reward": 35, "info": {}, "observation": {"remainingOverageTime": 12, "index": 1}, "status": "ACTIVE"}, {"action": "SOUTH", "reward": 33, "info": {}, "observation": {"remainingOverageTime": 12, "index": 2}, "status": "ACTIVE"}, {"action": "WEST", "reward": 33, "info": {}, "observation": {"remainingOverageTime": 12, "index": 3}, "status": "ACTIVE"}], [{"action": "SOUTH", "reward": 34, "info": {}, "observation": {"remainingOverageTime": 12, "step": 30, "geese": [[57, 46, 47, 58, 59], [11, 0, 1, 67, 68, 69, 70], [76, 66, 55, 56], [14, 3, 4, 5]], "food": [43, 31], "index": 0}, "status": "ACTIVE"}, {"action": "SOUTH", "reward": 37, "info": {}, "observation": {"remainingOverageTime": 12, "index": 1}, "status": "ACTIVE"}, {"action": "WEST", "reward": 34, "info": {}, "observation": {"remainingOverageTime": 12, "index": 2}, "status": "ACTIVE"}, {"action": "SOUTH", "reward": 34, "info": {}, "observation": {"remainingOverageTime": 12, "index": 3}, "status": "ACTIVE"}], [{"action": "WEST", "reward": 36, "info": {}, "observation": {"remainingOverageTime": 12, "step": 31, "geese": [[56, 57, 46, 47, 58], [21, 11, 0, 1, 67, 68, 69], [65, 76, 66, 55], [13, 14, 3, 4]], "food": [43, 31], "index": 0}, "status": "ACTIVE"}, {"action": "WEST", "reward": 38, "info": {}, "observation": {"remainingOverageTime": 12, "index": 1}, "status": "ACTIVE"}, {"action": "NORTH", "reward": 35, "info": {}, "observation": {"remainingOverageTime": 12, "index": 2}, "status": "ACTIVE"}, {"action": "WEST", "reward": 35, "info": {}, "observation": {"remainingOverageTime": 12, "index": 3}, "status": "ACTIVE"}], [{"action": "NORTH", "reward": 37, "info": {}, "observation": {"remainingOverageTime": 12, "step": 32, "geese": [[45, 56, 57, 46, 47], [20, 21, 11, 0, 1, 67, 68], [54, 65, 76, 66], [12, 13, 14, 3]], "food": [43, 31], "index": 0}, "status": "ACTIVE"}, {"action": "WEST", "reward": 39, "info": {}, "observation": {"remainingOverageTime": 12, "index": 1}, "status": "ACTIVE"}, {"action": "NORTH", "reward": 36, "info": {}, "observation": {"remainingOverageTime": 12, "index": 2}, "status": "ACTIVE"}, {"action": "WEST", "reward": 36, "info": {}, "observation": {"remainingOverageTime": 12, "index": 3}, "status": "ACTIVE"}], [{"action": "NORTH", "reward": 38, "info": {}, "observation": {"remainingOverageTime": 12, "step": 33, "geese": [[34, 45, 56, 57, 46], [31, 20, 21, 11, 0, 1, 67, 68], [43, 54, 65, 76, 66], [23, 12, 13, 14]], "food": [26, 10], "index": 0}, "status": "ACTIVE"}, {"action": "SOUTH", "reward": 40, "info": {}, "observation": {"remainingOverageTime": 12, "index": 1}, "status": "ACTIVE"}, {"action": "NORTH", "reward": 37, "info": {}, "observation": {"remainingOverageTime": 12, "index": 2}, "status": "ACTIVE"}, {"action": "SOUTH", "reward": 37, "info": {}, "observation": {"remainingOverageTime": 12, "index": 3}, "status": "ACTIVE"}], [{"action": "EAST", "reward": 39, "info": {}, "observation": {"remainingOverageTime": 12, "step": 34, "geese": [[35, 34, 45, 56, 57], [30, 31, 20, 21, 11, 0, 1, 67], [32, 43, 54, 65, 76], [24, 23, 12, 13]], "food": [26, 10], "index": 0}, "status": "ACTIVE"}, {"action": "WEST", "reward": 42, "info": {}, "observation": {"remainingOverageTime": 12, "index": 1}, "status": "ACTIVE"}, {"action": "NORTH", "reward": 39, "info": {}, "observation": {"remainingOverageTime": 12, "index": 2}, "status": "ACTIVE"}, {"action": "EAST", "reward": 38, "info": {}, "observation": {"remainingOverageTime": 12, "index": 3}, "status": "ACTIVE"}], [{"action": "EAST", "reward": 40, "info": {}, "observation": {"remainingOverageTime": 12, "step": 35, "geese": [[36, 35, 34, 45, 56], [19, 30, 31, 20, 21, 11, 0, 1], [22, 32, 43, 54, 65], [25, 24, 23, 12]], "food": [26, 10], "index": 0}, "status": "ACTIVE"}, {"action": "NORTH", "reward": 43, "info": {}, "observation": {"remainingOverageTime": 12, "index": 1}, "status": "ACTIVE"}, {"action": "EAST", "reward": 40, "info": {}, "observation": {"remainingOverageTime": 12, "index": 2}, "status": "ACTIVE"}, {"action": "EAST", "reward": 39, "info": {}, "observation": {"remainingOverageTime": 12, "index": 3}, "status": "ACTIVE"}], [{"action": "EAST", "reward": 41, "info": {}, "observation": {"remainingOverageTime": 12, "step": 36, "geese": [[37, 36, 35, 34, 45], [8, 19, 30, 31, 20, 21, 11, 0], [33, 22, 32, 43, 54], [26, 25, 24, 23, 12]], "food": [10, 40], "index": 0}, "status": "ACTIVE"}, {"action": "NORTH", "reward": 44, "info": {}, "observation": {"remainingOverageTime": 12, "index": 1}, "status": "ACTIVE"}, {"action": "SOUTH", "reward": 41, "info": {}, "observation": {"remainingOverageTime": 12, "index": 2}, "status": "ACTIVE"}, {"action": "EAST", "reward": 40, "info": {}, "observation": {"remainingOverageTime": 12, "index": 3}, "status": "ACTIVE"}], [{"action": "EAST", "reward": 42, "info": {}, "observation": {"remainingOverageTime": 12, "step": 37, "geese": [[38, 37, 36, 35, 34], [9, 8, 19, 30, 31, 20, 21, 11], [44, 33, 22, 32, 43], [27, 26, 25, 24, 23]], "food": [10, 40], "index": 0}, "status": "ACTIVE"}, {"action": "EAST", "reward": 45, "info": {}, "observation": {"remainingOverageTime": 12, "index": 1}, "status": "ACTIVE"}, {"action": "SOUTH", "reward": 42, "info": {}, "observation": {"remainingOverageTime": 12, "index": 2}, "status": "ACTIVE"}, {"action": "EAST", "reward": 42, "info": {}, "observation": {"remainingOverageTime": 12, "index": 3}, "status": "ACTIVE"}], [{"action": "EAST", "reward": 43, "info": {}, "observation": {"remainingOverageTime": 12, "step": 38, "geese": [[39, 38, 37, 36, 35], [10, 9, 8, 19, 30, 31, 20, 21, 11], [54, 44, 33, 22, 32], [28, 27, 26, 25, 24]], "food": [40, 51], "index": 0}, "status": "ACTIVE"}, {"action": "EAST", "reward": 46, "info": {}, "observation": {"remainingOverageTime": 12, "index": 1}, "status": "ACTIVE"}, {"action": "WEST", "reward": 43, "info": {}, "observation": {"remainingOverageTime": 12, "index": 2}, "status": "ACTIVE"}, {"action": "EAST", "reward": 43, "info": {}, "observation": {"remainingOverageTime": 12, "index": 3}, "status": "ACTIVE"}], [{"action": "EAST", "reward": 44, "info": {}, "observation": {"remainingOverageTime": 12, "step": 39, "geese": [[40, 39, 38, 37, 36, 35], [76, 10, 9, 8, 19, 30, 31, 20, 21], [53, 54, 44, 33, 22], [29, 28, 27, 26, 25]], "food": [51, 57], "index": 0}, "status": "ACTIVE"}, {"action": "NORTH", "reward": 48, "info": {}, "observation": {"remainingOverageTime": 12, "index": 1}, "status": "ACTIVE"}, {"action": "WEST", "reward": 44, "info": {}, "observation": {"remainingOverageTime": 12, "index": 2}, "status": "ACTIVE"}, {"action": "EAST", "reward": 44, "info": {}, "observation": {"remainingOverageTime": 12, "index": 3}, "status": "ACTIVE"}], [{"action": "SOUTH", "reward": 46, "info": {}, "observation": {"remainingOverageTime": 12, "step": 40, "geese": [[51, 40, 39, 38, 37, 36], [65, 76, 10, 9, 8, 19, 30, 31], [52, 53, 54, 44], [18, 29, 28, 27]], "food": [57, 17], "index": 0}, "status": "ACTIVE"}, {"action": "NORTH", "reward": 49, "info": {}, "observation": {"remainingOverageTime": 12, "index": 1}, "status": "ACTIVE"}, {"action": "WEST", "reward": 45, "info": {}, "observation": {"remainingOverageTime": 12, "index": 2}, "status": "ACTIVE"}, {"action": "NORTH", "reward": 45, "info": {}, "observation": {"remainingOverageTime": 12, "index": 3}, "status": "ACTIVE"}], [{"action": "SOUTH", "reward": 47, "info": {}, "observation": {"remainingOverageTime": 12, "step": 41, "geese": [[62, 51, 40, 39, 38, 37], [55, 65, 76, 10, 9, 8, 19, 30], [63, 52, 53, 54], [17, 18, 29, 28, 27]], "food": [57, 69], "index": 0}, "status": "ACTIVE"}, {"action": "EAST", "reward": 49, "info": {}, "observation": {"remainingOverageTime": 12, "index": 1}, "status": "ACTIVE"}, {"action": "SOUTH", "reward": 45, "info": {}, "observation": {"remainingOverageTime": 12, "index": 2}, "status": "ACTIVE"}, {"action": "WEST", "reward": 45, "info": {}, "observation": {"remainingOverageTime": 12, "index": 3}, "status": "ACTIVE"}], [{"action": "WEST", "reward": 48, "info": {}, "observation": {"remainingOverageTime": 12, "step": 42, "geese": [[61, 62, 51, 40, 39, 38], [56, 55, 65, 76, 10, 9, 8, 19], [74, 63, 52, 53], [16, 17, 18, 29, 28]], "food": [57, 69], "index": 0}, "status": "ACTIVE"}, {"action": "EAST", "reward": 50, "info": {}, "observation": {"remainingOverageTime": 12, "index": 1}, "status": "ACTIVE"}, {"action": "SOUTH", "reward": 46, "info": {}, "observation": {"remainingOverageTime": 12, "index": 2}, "status": "ACTIVE"}, {"action": "WEST", "reward": 47, "info": {}, "observation": {"remainingOverageTime": 12, "index": 3}, "status": "ACTIVE"}], [{"action": "WEST", "reward": 49, "info": {}, "observation": {"remainingOverageTime": 12, "step": 43, "geese": [[60, 61, 62, 51, 40, 39], [57, 56, 55, 65, 76, 10, 9, 8, 19], [73, 74, 63, 52], [5, 16, 17, 18, 29]], "food": [69, 45], "index": 0}, "status": "ACTIVE"}, {"action": "EAST", "reward": 51, "info": {}, "observation": {"remainingOverageTime": 12, "index": 1}, "status": "ACTIVE"}, {"action": "WEST", "reward": 47, "info": {}, "observation": {"remainingOverageTime": 12, "index": 2}, "status": "ACTIVE"}, {"action": "NORTH", "reward": 48, "info": {}, "observation": {"remainingOverageTime": 12, "index": 3}, "status": "ACTIVE"}], [{"action": "WEST", "reward": 50, "info": {}, "observation": {"remainingOverageTime": 12, "step": 44, "geese": [[59, 60, 61, 62, 51, 40], [46, 57, 56, 55, 65, 76, 10, 9, 8], [72, 73, 74, 63], [6, 5, 16, 17, 18]], "food": [69, 45], "index": 0}, "status": "ACTIVE"}, {"action": "NORTH", "reward": 53, "info": {}, "observation": {"remainingOverageTime": 12, "index": 1}, "status": "ACTIVE"}, {"action": "WEST", "reward": 48, "info": {}, "observation": {"remainingOverageTime": 12, "index": 2}, "status": "ACTIVE"}, {"action": "EAST", "reward": 49, "info": {}, "observation": {"remainingOverageTime": 12, "index": 3}, "status": "ACTIVE"}], [{"action": "SOUTH", "reward": 51, "info": {}, "observation": {"remainingOverageTime": 12, "step": 45, "geese": [[70, 59, 60, 61, 62, 51], [45, 46, 57, 56, 55, 65, 76, 10, 9, 8], [71, 72, 73, 74], [7, 6, 5, 16, 17]], "food": [69, 43], "index": 0}, "status": "ACTIVE"}, {"action": "WEST", "reward": 54, "info": {}, "observation": {"remainingOverageTime": 12, "index": 1}, "status": "ACTIVE"}, {"action": "WEST", "reward": 49, "info": {}, "observation": {"remainingOverageTime": 12, "index": 2}, "status": "ACTIVE"}, {"action": "EAST", "reward": 50, "info": {}, "observation": {"remainingOverageTime": 12, "index": 3}, "status": "ACTIVE"}], [{"action": "WEST", "reward": 52, "info": {}, "observation": {"remainingOverageTime": 12, "step": 46, "geese": [[], [34, 45, 46, 57, 56, 55, 65, 76, 10, 9], [], [8, 7, 6, 5, 16]], "food": [43, 41], "index": 0}, "status": "DONE"}, {"action": "NORTH", "reward": 56, "info": {}, "observation": {"remainingOverageTime": 12, "index": 1}, "status": "ACTIVE"}, {"action": "WEST", "reward": 50, "info": {}, "observation": {"remainingOverageTime": 12, "index": 2}, "status": "DONE"}, {"action": "EAST", "reward": 51, "info": {}, "observation": {"remainingOverageTime": 12, "index": 3}, "status": "ACTIVE"}], [{"action": "NORTH", "reward": 52, "info": {}, "observation": {"remainingOverageTime": 12, "step": 47, "geese": [[], [33, 34, 45, 46, 57, 56, 55, 65, 76, 10], [], [19, 8, 7, 6, 5]], "food": [43, 41], "index": 0}, "status": "DONE"}, {"action": "WEST", "reward": 57, "info": {}, "observation": {"remainingOverageTime": 12, "index": 1}, "status": "ACTIVE"}, {"action": "NORTH", "reward": 50, "info": {}, "observation": {"remainingOverageTime": 12, "index": 2}, "status": "DONE"}, {"action": "SOUTH", "reward": 52, "info": {}, "observation": {"remainingOverageTime": 12, "index": 3}, "status": "ACTIVE"}], [{"action": "NORTH", "reward": 52, "info": {}, "observation": {"remainingOverageTime": 12, "step": 48, "geese": [[], [43, 33, 34, 45, 46, 57, 56, 55, 65, 76, 10], [], [30, 19, 8, 7, 6]], "food": [41, 50], "index": 0}, "status": "DONE"}, {"action": "WEST", "reward": 58, "info": {}, "observation": {"remainingOverageTime": 12, "index": 1}, "status": "ACTIVE"}, {"action": "NORTH", "reward": 50, "info": {}, "observation": {"remainingOverageTime": 12, "index": 2}, "status": "DONE"}, {"action": "SOUTH", "reward": 53, "info": {}, "observation": {"remainingOverageTime": 12, "index": 3}, "status": "ACTIVE"}], [{"action": "NORTH", "reward": 52, "info": {}, "observation": {"remainingOverageTime": 12, "step": 49, "geese": [[], [42, 43, 33, 34, 45, 46, 57, 56, 55, 65, 76], [], [41, 30, 19, 8, 7, 6]], "food": [50, 66], "index": 0}, "status": "DONE"}, {"action": "WEST", "reward": 60, "info": {}, "observation": {"remainingOverageTime": 12, "index": 1}, "status": "ACTIVE"}, {"action": "NORTH", "reward": 50, "info": {}, "observation": {"remainingOverageTime": 12, "index": 2}, "status": "DONE"}, {"action": "SOUTH", "reward": 54, "info": {}, "observation": {"remainingOverageTime": 12, "index": 3}, "status": "ACTIVE"}], [{"action": "NORTH", "reward": 52, "info": {}, "observation": {"remainingOverageTime": 12, "step": 50, "geese": [[], [53, 42, 43, 33, 34, 45, 46, 57, 56, 55, 65], [], [40, 41, 30, 19, 8, 7]], "food": [50, 66], "index": 0}, "status": "DONE"}, {"action": "SOUTH", "reward": 61, "info": {}, "observation": {"remainingOverageTime": 12, "index": 1}, "status": "ACTIVE"}, {"action": "NORTH", "reward": 50, "info": {}, "observation": {"remainingOverageTime": 12, "index": 2}, "status": "DONE"}, {"action": "WEST", "reward": 56, "info": {}, "observation": {"remainingOverageTime": 12, "index": 3}, "status": "ACTIVE"}], [{"action": "NORTH", "reward": 52, "info": {}, "observation": {"remainingOverageTime": 12, "step": 51, "geese": [[], [52, 53, 42, 43, 33, 34, 45, 46, 57, 56, 55], [], [51, 40, 41, 30, 19, 8]], "food": [50, 66], "index": 0}, "status": "DONE"}, {"action": "WEST", "reward": 62, "info": {}, "observation": {"remainingOverageTime": 12, "index": 1}, "status": "ACTIVE"}, {"action": "NORTH", "reward": 50, "info": {}, "observation": {"remainingOverageTime": 12, "index": 2}, "status": "DONE"}, {"action": "SOUTH", "reward": 57, "info": {}, "observation": {"remainingOverageTime": 12, "index": 3}, "status": "ACTIVE"}], [{"action": "NORTH", "reward": 52, "info": {}, "observation": {"remainingOverageTime": 12, "step": 52, "geese": [[], [63, 52, 53, 42, 43, 33, 34, 45, 46, 57, 56], [], [50, 51, 40, 41, 30, 19, 8]], "food": [66, 2], "index": 0}, "status": "DONE"}, {"action": "SOUTH", "reward": 63, "info": {}, "observation": {"remainingOverageTime": 12, "index": 1}, "status": "ACTIVE"}, {"action": "NORTH", "reward": 50, "info": {}, "observation": {"remainingOverageTime": 12, "index": 2}, "status": "DONE"}, {"action": "WEST", "reward": 58, "info": {}, "observation": {"remainingOverageTime": 12, "index": 3}, "status": "ACTIVE"}], [{"action": "NORTH", "reward": 52, "info": {}, "observation": {"remainingOverageTime": 12, "step": 53, "geese": [[], [64, 63, 52, 53, 42, 43, 33, 34, 45, 46, 57], [], [61, 50, 51, 40, 41, 30, 19]], "food": [66, 2], "index": 0}, "status": "DONE"}, {"action": "EAST", "reward": 64, "info": {}, "observation": {"remainingOverageTime": 12, "index": 1}, "status": "ACTIVE"}, {"action": "NORTH", "reward": 50, "info": {}, "observation": {"remainingOverageTime": 12, "index": 2}, "status": "DONE"}, {"action": "SOUTH", "reward": 60, "info": {}, "observation": {"remainingOverageTime": 12, "index": 3}, "status": "ACTIVE"}], [{"action": "NORTH", "reward": 52, "info": {}, "observation": {"remainingOverageTime": 12, "step": 54, "geese": [[], [75, 64, 63, 52, 53, 42, 43, 33, 34, 45, 46], [], [62, 61, 50, 51, 40, 41, 30]], "food": [66, 2], "index": 0}, "status": "DONE"}, {"action": "SOUTH", "reward": 65, "info": {}, "observation": {"remainingOverageTime": 12, "index": 1}, "status": "ACTIVE"}, {"action": "NORTH", "reward": 50, "info": {}, "observation": {"remainingOverageTime": 12, "index": 2}, "status": "DONE"}, {"action": "EAST", "reward": 61, "info": {}, "observation": {"remainingOverageTime": 12, "index": 3}, "status": "ACTIVE"}], [{"action": "NORTH", "reward": 52, "info": {}, "observation": {"remainingOverageTime": 12, "step": 55, "geese": [[], [76, 75, 64, 63, 52, 53, 42, 43, 33, 34, 45], [], [73, 62, 61, 50, 51, 40, 41]], "food": [66, 2], "index": 0}, "status": "DONE"}, {"action": "EAST", "reward": 66, "info": {}, "observation": {"remainingOverageTime": 12, "index": 1}, "status": "ACTIVE"}, {"action": "NORTH", "reward": 50, "info": {}, "observation": {"remainingOverageTime": 12, "index": 2}, "status": "DONE"}, {"action": "SOUTH", "reward": 62, "info": {}, "observation": {"remainingOverageTime": 12, "index": 3}, "status": "ACTIVE"}], [{"action": "NORTH", "reward": 52, "info": {}, "observation": {"remainingOverageTime": 12, "step": 56, "geese": [[], [66, 76, 75, 64, 63, 52, 53, 42, 43, 33, 34, 45], [], [74, 73, 62, 61, 50, 51, 40]], "food": [2, 22], "index": 0}, "status": "DONE"}, {"action": "EAST", "reward": 67, "info": {}, "observation": {"remainingOverageTime": 12, "index": 1}, "status": "ACTIVE"}, {"action": "NORTH", "reward": 50, "info": {}, "observation": {"remainingOverageTime": 12, "index": 2}, "status": "DONE"}, {"action": "EAST", "reward": 63, "info": {}, "observation": {"remainingOverageTime": 12, "index": 3}, "status": "ACTIVE"}], [{"action": "NORTH", "reward": 52, "info": {}, "observation": {"remainingOverageTime": 12, "step": 57, "geese": [[], [67, 66, 76, 75, 64, 63, 52, 53, 42, 43, 33, 34], [], [8, 74, 73, 62, 61, 50, 51]], "food": [2, 22], "index": 0}, "status": "DONE"}, {"action": "EAST", "reward": 69, "info": {}, "observation": {"remainingOverageTime": 12, "index": 1}, "status": "ACTIVE"}, {"action": "NORTH", "reward": 50, "info": {}, "observation": {"remainingOverageTime": 12, "index": 2}, "status": "DONE"}, {"action": "SOUTH", "reward": 64, "info": {}, "observation": {"remainingOverageTime": 12, "index": 3}, "status": "ACTIVE"}], [{"action": "NORTH", "reward": 52, "info": {}, "observation": {"remainingOverageTime": 12, "step": 58, "geese": [[], [1, 67, 66, 76, 75, 64, 63, 52, 53, 42, 43, 33], [], [9, 8, 74, 73, 62, 61, 50]], "food": [2, 22], "index": 0}, "status": "DONE"}, {"action": "SOUTH", "reward": 70, "info": {}, "observation": {"remainingOverageTime": 12, "index": 1}, "status": "ACTIVE"}, {"action": "NORTH", "reward": 50, "info": {}, "observation": {"remainingOverageTime": 12, "index": 2}, "status": "DONE"}, {"action": "EAST", "reward": 65, "info": {}, "observation": {"remainingOverageTime": 12, "index": 3}, "status": "ACTIVE"}], [{"action": "NORTH", "reward": 52, "info": {}, "observation": {"remainingOverageTime": 12, "step": 59, "geese": [[], [2, 1, 67, 66, 76, 75, 64, 63, 52, 53, 42, 43, 33], [], [10, 9, 8, 74, 73, 62, 61]], "food": [22, 46], "index": 0}, "status": "DONE"}, {"action": "EAST", "reward": 71, "info": {}, "observation": {"remainingOverageTime": 12, "index": 1}, "status": "ACTIVE"}, {"action": "NORTH", "reward": 50, "info": {}, "observation": {"remainingOverageTime": 12, "index": 2}, "status": "DONE"}, {"action": "EAST", "reward": 66, "info": {}, "observation": {"remainingOverageTime": 12, "index": 3}, "status": "ACTIVE"}], [{"action": "NORTH", "reward": 52, "info": {}, "observation": {"remainingOverageTime": 12, "step": 60, "geese": [[], [13, 2, 1, 67, 66, 76, 75, 64, 63, 52, 53, 42, 43], [], [21, 10, 9, 8, 74, 73, 62]], "food": [22, 46], "index": 0}, "status": "DONE"}, {"action": "SOUTH", "reward": 73, "info": {}, "observation": {"remainingOverageTime": 12, "index": 1}, "status": "ACTIVE"}, {"action": "NORTH", "reward": 50, "info": {}, "observation": {"remainingOverageTime": 12, "index": 2}, "status": "DONE"}, {"action": "SOUTH", "reward": 67, "info": {}, "observation": {"remainingOverageTime": 12, "index": 3}, "status": "ACTIVE"}], [{"action": "NORTH", "reward": 52, "info": {}, "observation": {"remainingOverageTime": 12, "step": 61, "geese": [[], [12, 13, 2, 1, 67, 66, 76, 75, 64, 63, 52, 53, 42], [], [11, 21, 10, 9, 8, 74, 73]], "food": [22, 46], "index": 0}, "status": "DONE"}, {"action": "WEST", "reward": 74, "info": {}, "observation": {"remainingOverageTime": 12, "index": 1}, "status": "ACTIVE"}, {"action": "NORTH", "reward": 50, "info": {}, "observation": {"remainingOverageTime": 12, "index": 2}, "status": "DONE"}, {"action": "EAST", "reward": 68, "info": {}, "observation": {"remainingOverageTime": 12, "index": 3}, "status": "ACTIVE"}], [{"action": "NORTH", "reward": 52, "info": {}, "observation": {"remainingOverageTime": 12, "step": 62, "geese": [[], [23, 12, 13, 2, 1, 67, 66, 76, 75, 64, 63, 52, 53], [], [22, 11, 21, 10, 9, 8, 74, 73]], "food": [46, 18], "index": 0}, "status": "DONE"}, {"action": "SOUTH", "reward": 75, "info": {}, "observation": {"remainingOverageTime": 12, "index": 1}, "status": "ACTIVE"}, {"action": "NORTH", "reward": 50, "info": {}, "observation": {"remainingOverageTime": 12, "index": 2}, "status": "DONE"}, {"action": "SOUTH", "reward": 69, "info": {}, "observation": {"remainingOverageTime": 12, "index": 3}, "status": "ACTIVE"}], [{"action": "NORTH", "reward": 52, "info": {}, "observation": {"remainingOverageTime": 12, "step": 63, "geese": [[], [34, 23, 12, 13, 2, 1, 67, 66, 76, 75, 64, 63, 52], [], [33, 22, 11, 21, 10, 9, 8, 74]], "food": [46, 18], "index": 0}, "status": "DONE"}, {"action": "SOUTH", "reward": 76, "info": {}, "observation": {"remainingOverageTime": 12, "index": 1}, "status": "ACTIVE"}, {"action": "NORTH", "reward": 50, "info": {}, "observation": {"remainingOverageTime": 12, "index": 2}, "status": "DONE"}, {"action": "SOUTH", "reward": 71, "info": {}, "observation": {"remainingOverageTime": 12, "index": 3}, "status": "ACTIVE"}], [{"action": "NORTH", "reward": 52, "info": {}, "observation": {"remainingOverageTime": 12, "step": 64, "geese": [[], [45, 34, 23, 12, 13, 2, 1, 67, 66, 76, 75, 64, 63], [], [44, 33, 22, 11, 21, 10, 9, 8]], "food": [46, 18], "index": 0}, "status": "DONE"}, {"action": "SOUTH", "reward": 77, "info": {}, "observation": {"remainingOverageTime": 12, "index": 1}, "status": "ACTIVE"}, {"action": "NORTH", "reward": 50, "info": {}, "observation": {"remainingOverageTime": 12, "index": 2}, "status": "DONE"}, {"action": "SOUTH", "reward": 72, "info": {}, "observation": {"remainingOverageTime": 12, "index": 3}, "status": "ACTIVE"}], [{"action": "NORTH", "reward": 52, "info": {}, "observation": {"remainingOverageTime": 12, "step": 65, "geese": [[], [56, 45, 34, 23, 12, 13, 2, 1, 67, 66, 76, 75, 64], [], [55, 44, 33, 22, 11, 21, 10, 9]], "food": [46, 18], "index": 0}, "status": "DONE"}, {"action": "SOUTH", "reward": 78, "info": {}, "observation": {"remainingOverageTime": 12, "index": 1}, "status": "ACTIVE"}, {"action": "NORTH", "reward": 50, "info": {}, "observation": {"remainingOverageTime": 12, "index": 2}, "status": "DONE"}, {"action": "SOUTH", "reward": 73, "info": {}, "observation": {"remainingOverageTime": 12, "index": 3}, "status": "ACTIVE"}], [{"action": "NORTH", "reward": 52, "info": {}, "observation": {"remainingOverageTime": 12, "step": 66, "geese": [[], [57, 56, 45, 34, 23, 12, 13, 2, 1, 67, 66, 76, 75], [], [65, 55, 44, 33, 22, 11, 21, 10]], "food": [46, 18], "index": 0}, "status": "DONE"}, {"action": "EAST", "reward": 79, "info": {}, "observation": {"remainingOverageTime": 12, "index": 1}, "status": "ACTIVE"}, {"action": "NORTH", "reward": 50, "info": {}, "observation": {"remainingOverageTime": 12, "index": 2}, "status": "DONE"}, {"action": "WEST", "reward": 74, "info": {}, "observation": {"remainingOverageTime": 12, "index": 3}, "status": "ACTIVE"}], [{"action": "NORTH", "reward": 52, "info": {}, "observation": {"remainingOverageTime": 12, "step": 67, "geese": [[], [68, 57, 56, 45, 34, 23, 12, 13, 2, 1, 67, 66, 76], [], [64, 65, 55, 44, 33, 22, 11, 21]], "food": [46, 18], "index": 0}, "status": "DONE"}, {"action": "SOUTH", "reward": 80, "info": {}, "observation": {"remainingOverageTime": 12, "index": 1}, "status": "ACTIVE"}, {"action": "NORTH", "reward": 50, "info": {}, "observation": {"remainingOverageTime": 12, "index": 2}, "status": "DONE"}, {"action": "WEST", "reward": 75, "info": {}, "observation": {"remainingOverageTime": 12, "index": 3}, "status": "ACTIVE"}], [{"action": "NORTH", "reward": 52, "info": {}, "observation": {"remainingOverageTime": 12, "step": 68, "geese": [[], [69, 68, 57, 56, 45, 34, 23, 12, 13, 2, 1, 67, 66], [], [75, 64, 65, 55, 44, 33, 22, 11]], "food": [46, 18], "index": 0}, "status": "DONE"}, {"action": "EAST", "reward": 81, "info": {}, "observation": {"remainingOverageTime": 12, "index": 1}, "status": "ACTIVE"}, {"action": "NORTH", "reward": 50, "info": {}, "observation": {"remainingOverageTime": 12, "index": 2}, "status": "DONE"}, {"action": "SOUTH", "reward": 76, "info": {}, "observation": {"remainingOverageTime": 12, "index": 3}, "status": "ACTIVE"}], [{"action": "NORTH", "reward": 52, "info": {}, "observation": {"remainingOverageTime": 12, "step": 69, "geese": [[], [70, 69, 68, 57, 56, 45, 34, 23, 12, 13, 2, 1, 67], [], [9, 75, 64, 65, 55, 44, 33, 22]], "food": [46, 18], "index": 0}, "status": "DONE"}, {"action": "EAST", "reward": 82, "info": {}, "observation": {"remainingOverageTime": 12, "index": 1}, "status": "ACTIVE"}, {"action": "NORTH", "reward": 50, "info": {}, "observation": {"remainingOverageTime": 12, "index": 2}, "status": "DONE"}, {"action": "SOUTH", "reward": 77, "info": {}, "observation": {"remainingOverageTime": 12, "index": 3}, "status": "ACTIVE"}], [{"action": "NORTH", "reward": 52, "info": {}, "observation": {"remainingOverageTime": 12, "step": 70, "geese": [[], [71, 70, 69, 68, 57, 56, 45, 34, 23, 12, 13, 2, 1], [], [8, 9, 75, 64, 65, 55, 44, 33]], "food": [46, 18], "index": 0}, "status": "DONE"}, {"action": "EAST", "reward": 83, "info": {}, "observation": {"remainingOverageTime": 12, "index": 1}, "status": "ACTIVE"}, {"action": "NORTH", "reward": 50, "info": {}, "observation": {"remainingOverageTime": 12, "index": 2}, "status": "DONE"}, {"action": "WEST", "reward": 78, "info": {}, "observation": {"remainingOverageTime": 12, "index": 3}, "status": "ACTIVE"}], [{"action": "NORTH", "reward": 52, "info": {}, "observation": {"remainingOverageTime": 12, "step": 71, "geese": [[], [5, 71, 70, 69, 68, 57, 56, 45, 34, 23, 12, 13, 2], [], [19, 8, 9, 75, 64, 65, 55, 44]], "food": [46, 18], "index": 0}, "status": "DONE"}, {"action": "SOUTH", "reward": 84, "info": {}, "observation": {"remainingOverageTime": 12, "index": 1}, "status": "ACTIVE"}, {"action": "NORTH", "reward": 50, "info": {}, "observation": {"remainingOverageTime": 12, "index": 2}, "status": "DONE"}, {"action": "SOUTH", "reward": 79, "info": {}, "observation": {"remainingOverageTime": 12, "index": 3}, "status": "ACTIVE"}], [{"action": "NORTH", "reward": 52, "info": {}, "observation": {"remainingOverageTime": 12, "step": 72, "geese": [[], [4, 5, 71, 70, 69, 68, 57, 56, 45, 34, 23, 12, 13], [], [18, 19, 8, 9, 75, 64, 65, 55, 44]], "food": [46, 50], "index": 0}, "status": "DONE"}, {"action": "WEST", "reward": 85, "info": {}, "observation": {"remainingOverageTime": 12, "index": 1}, "status": "ACTIVE"}, {"action": "NORTH", "reward": 50, "info": {}, "observation": {"remainingOverageTime": 12, "index": 2}, "status": "DONE"}, {"action": "WEST", "reward": 80, "info": {}, "observation": {"remainingOverageTime": 12, "index": 3}, "status": "ACTIVE"}], [{"action": "NORTH", "reward": 52, "info": {}, "observation": {"remainingOverageTime": 12, "step": 73, "geese": [[], [3, 4, 5, 71, 70, 69, 68, 57, 56, 45, 34, 23, 12], [], [29, 18, 19, 8, 9, 75, 64, 65, 55]], "food": [46, 50], "index": 0}, "status": "DONE"}, {"action": "WEST", "reward": 86, "info": {}, "observation": {"remainingOverageTime": 12, "index": 1}, "status": "ACTIVE"}, {"action": "NORTH", "reward": 50, "info": {}, "observation": {"remainingOverageTime": 12, "index": 2}, "status": "DONE"}, {"action": "SOUTH", "reward": 82, "info": {}, "observation": {"remainingOverageTime": 12, "index": 3}, "status": "ACTIVE"}], [{"action": "NORTH", "reward": 52, "info": {}, "observation": {"remainingOverageTime": 12, "step": 74, "geese": [[], [14, 3, 4, 5, 71, 70, 69, 68, 57, 56, 45, 34, 23], [], [28, 29, 18, 19, 8, 9, 75, 64, 65]], "food": [46, 50], "index": 0}, "status": "DONE"}, {"action": "SOUTH", "reward": 87, "info": {}, "observation": {"remainingOverageTime": 12, "index": 1}, "status": "ACTIVE"}, {"action": "NORTH", "reward": 50, "info": {}, "observation": {"remainingOverageTime": 12, "index": 2}, "status": "DONE"}, {"action": "WEST", "reward": 83, "info": {}, "observation": {"remainingOverageTime": 12, "index": 3}, "status": "ACTIVE"}], [{"action": "NORTH", "reward": 52, "info": {}, "observation": {"remainingOverageTime": 12, "step": 75, "geese": [[], [13, 14, 3, 4, 5, 71, 70, 69, 68, 57, 56, 45, 34], [], [39, 28, 29, 18, 19, 8, 9, 75, 64]], "food": [46, 50], "index": 0}, "status": "DONE"}, {"action": "WEST", "reward": 88, "info": {}, "observation": {"remainingOverageTime": 12, "index": 1}, "status": "ACTIVE"}, {"action": "NORTH", "reward": 50, "info": {}, "observation": {"remainingOverageTime": 12, "index": 2}, "status": "DONE"}, {"action": "SOUTH", "reward": 84, "info": {}, "observation": {"remainingOverageTime": 12, "index": 3}, "status": "ACTIVE"}], [{"action": "NORTH", "reward": 52, "info": {}, "observation": {"remainingOverageTime": 12, "step": 76, "geese": [[], [12, 13, 14, 3, 4, 5, 71, 70, 69, 68, 57, 56, 45], [], [50, 39, 28, 29, 18, 19, 8, 9, 75, 64]], "food": [46, 48], "index": 0}, "status": "DONE"}, {"action": "WEST", "reward": 89, "info": {}, "observation": {"remainingOverageTime": 12, "index": 1}, "status": "ACTIVE"}, {"action": "NORTH", "reward": 50, "info": {}, "observation": {"remainingOverageTime": 12, "index": 2}, "status": "DONE"}, {"action": "SOUTH", "reward": 85, "info": {}, "observation": {"remainingOverageTime": 12, "index": 3}, "status": "ACTIVE"}], [{"action": "NORTH", "reward": 52, "info": {}, "observation": {"remainingOverageTime": 12, "step": 77, "geese": [[], [23, 12, 13, 14, 3, 4, 5, 71, 70, 69, 68, 57, 56], [], [49, 50, 39, 28, 29, 18, 19, 8, 9, 75]], "food": [46, 48], "index": 0}, "status": "DONE"}, {"action": "SOUTH", "reward": 90, "info": {}, "observation": {"remainingOverageTime": 12, "index": 1}, "status": "ACTIVE"}, {"action": "NORTH", "reward": 50, "info": {}, "observation": {"remainingOverageTime": 12, "index": 2}, "status": "DONE"}, {"action": "WEST", "reward": 87, "info": {}, "observation": {"remainingOverageTime": 12, "index": 3}, "status": "ACTIVE"}], [{"action": "NORTH", "reward": 52, "info": {}, "observation": {"remainingOverageTime": 12, "step": 78, "geese": [[], [34, 23, 12, 13, 14, 3, 4, 5, 71, 70, 69, 68, 57], [], [48, 49, 50, 39, 28, 29, 18, 19, 8, 9, 75]], "food": [46, 36], "index": 0}, "status": "DONE"}, {"action": "SOUTH", "reward": 91, "info": {}, "observation": {"remainingOverageTime": 12, "index": 1}, "status": "ACTIVE"}, {"action": "NORTH", "reward": 50, "info": {}, "observation": {"remainingOverageTime": 12, "index": 2}, "status": "DONE"}, {"action": "WEST", "reward": 88, "info": {}, "observation": {"remainingOverageTime": 12, "index": 3}, "status": "ACTIVE"}], [{"action": "NORTH", "reward": 52, "info": {}, "observation": {"remainingOverageTime": 12, "step": 79, "geese": [[], [35, 34, 23, 12, 13, 14, 3, 4, 5, 71, 70, 69, 68], [], [37, 48, 49, 50, 39, 28, 29, 18, 19, 8, 9]], "food": [46, 36], "index": 0}, "status": "DONE"}, {"action": "EAST", "reward": 92, "info": {}, "observation": {"remainingOverageTime": 12, "index": 1}, "status": "ACTIVE"}, {"action": "NORTH", "reward": 50, "info": {}, "observation": {"remainingOverageTime": 12, "index": 2}, "status": "DONE"}, {"action": "NORTH", "reward": 90, "info": {}, "observation": {"remainingOverageTime": 12, "index": 3}, "status": "ACTIVE"}], [{"action": "NORTH", "reward": 52, "info": {}, "observation": {"remainingOverageTime": 12, "step": 80, "geese": [[], [24, 35, 34, 23, 12, 13, 14, 3, 4, 5, 71, 70], [], [26, 37, 48, 49, 50, 39, 28, 29, 18, 19]], "food": [46, 36], "index": 0}, "status": "DONE"}, {"action": "NORTH", "reward": 93, "info": {}, "observation": {"remainingOverageTime": 12, "index": 1}, "status": "ACTIVE"}, {"action": "NORTH", "reward": 50, "info": {}, "observation": {"remainingOverageTime": 12, "index": 2}, "status": "DONE"}, {"action": "NORTH", "reward": 91, "info": {}, "observation": {"remainingOverageTime": 12, "index": 3}, "status": "ACTIVE"}], [{"action": "NORTH", "reward": 52, "info": {}, "observation": {"remainingOverageTime": 12, "step": 81, "geese": [[], [25, 24, 35, 34, 23, 12, 13, 14, 3, 4, 5, 71], [], [15, 26, 37, 48, 49, 50, 39, 28, 29, 18]], "food": [46, 36], "index": 0}, "status": "DONE"}, {"action": "EAST", "reward": 93, "info": {}, "observation": {"remainingOverageTime": 12, "index": 1}, "status": "ACTIVE"}, {"action": "NORTH", "reward": 50, "info": {}, "observation": {"remainingOverageTime": 12, "index": 2}, "status": "DONE"}, {"action": "NORTH", "reward": 91, "info": {}, "observation": {"remainingOverageTime": 12, "index": 3}, "status": "ACTIVE"}], [{"action": "NORTH", "reward": 52, "info": {}, "observation": {"remainingOverageTime": 12, "step": 82, "geese": [[], [36, 25, 24, 35, 34, 23, 12, 13, 14, 3, 4, 5, 71], [], [16, 15, 26, 37, 48, 49, 50, 39, 28, 29]], "food": [46, 55], "index": 0}, "status": "DONE"}, {"action": "SOUTH", "reward": 94, "info": {}, "observation": {"remainingOverageTime": 12, "index": 1}, "status": "ACTIVE"}, {"action": "NORTH", "reward": 50, "info": {}, "observation": {"remainingOverageTime": 12, "index": 2}, "status": "DONE"}, {"action": "EAST", "reward": 92, "info": {}, "observation": {"remainingOverageTime": 12, "index": 3}, "status": "ACTIVE"}], [{"action": "NORTH", "reward": 52, "info": {}, "observation": {"remainingOverageTime": 12, "step": 83, "geese": [[], [47, 36, 25, 24, 35, 34, 23, 12, 13, 14, 3, 4, 5], [], [17, 16, 15, 26, 37, 48, 49, 50, 39, 28]], "food": [46, 55], "index": 0}, "status": "DONE"}, {"action": "SOUTH", "reward": 96, "info": {}, "observation": {"remainingOverageTime": 12, "index": 1}, "status": "ACTIVE"}, {"action": "NORTH", "reward": 50, "info": {}, "observation": {"remainingOverageTime": 12, "index": 2}, "status": "DONE"}, {"action": "EAST", "reward": 93, "info": {}, "observation": {"remainingOverageTime": 12, "index": 3}, "status": "ACTIVE"}], [{"action": "NORTH", "reward": 52, "info": {}, "observation": {"remainingOverageTime": 12, "step": 84, "geese": [[], [58, 47, 36, 25, 24, 35, 34, 23, 12, 13, 14, 3, 4], [], [6, 17, 16, 15, 26, 37, 48, 49, 50, 39]], "food": [46, 55], "index": 0}, "status": "DONE"}, {"action": "SOUTH", "reward": 97, "info": {}, "observation": {"remainingOverageTime": 12, "index": 1}, "status": "ACTIVE"}, {"action": "NORTH", "reward": 50, "info": {}, "observation": {"remainingOverageTime": 12, "index": 2}, "status": "DONE"}, {"action": "NORTH", "reward": 94, "info": {}, "observation": {"remainingOverageTime": 12, "index": 3}, "status": "ACTIVE"}], [{"action": "NORTH", "reward": 52, "info": {}, "observation": {"remainingOverageTime": 12, "step": 85, "geese": [[], [69, 58, 47, 36, 25, 24, 35, 34, 23, 12, 13, 14, 3], [], [5, 6, 17, 16, 15, 26, 37, 48, 49, 50]], "food": [46, 55], "index": 0}, "status": "DONE"}, {"action": "SOUTH", "reward": 98, "info": {}, "observation": {"remainingOverageTime": 12, "index": 1}, "status": "ACTIVE"}, {"action": "NORTH", "reward": 50, "info": {}, "observation": {"remainingOverageTime": 12, "index": 2}, "status": "DONE"}, {"action": "WEST", "reward": 95, "info": {}, "observation": {"remainingOverageTime": 12, "index": 3}, "status": "ACTIVE"}], [{"action": "NORTH", "reward": 52, "info": {}, "observation": {"remainingOverageTime": 12, "step": 86, "geese": [[], [3, 69, 58, 47, 36, 25, 24, 35, 34, 23, 12, 13, 14], [], [4, 5, 6, 17, 16, 15, 26, 37, 48, 49]], "food": [46, 55], "index": 0}, "status": "DONE"}, {"action": "SOUTH", "reward": 99, "info": {}, "observation": {"remainingOverageTime": 12, "index": 1}, "status": "ACTIVE"}, {"action": "NORTH", "reward": 50, "info": {}, "observation": {"remainingOverageTime": 12, "index": 2}, "status": "DONE"}, {"action": "WEST", "reward": 96, "info": {}, "observation": {"remainingOverageTime": 12, "index": 3}, "status": "ACTIVE"}], [{"action": "NORTH", "reward": 52, "info": {}, "observation": {"remainingOverageTime": 12, "step": 87, "geese": [[], [14, 3, 69, 58, 47, 36, 25, 24, 35, 34, 23, 12, 13], [], [70, 4, 5, 6, 17, 16, 15, 26, 37, 48]], "food": [46, 55], "index": 0}, "status": "DONE"}, {"action": "SOUTH", "reward": 100, "info": {}, "observation": {"remainingOverageTime": 12, "index": 1}, "status": "ACTIVE"}, {"action": "NORTH", "reward": 50, "info": {}, "observation": {"remainingOverageTime": 12, "index": 2}, "status": "DONE"}, {"action": "NORTH", "reward": 97, "info": {}, "observation": {"remainingOverageTime": 12, "index": 3}, "status": "ACTIVE"}], [{"action": "NORTH", "reward": 52, "info": {}, "observation": {"remainingOverageTime": 12, "step": 88, "geese": [[], [13, 14, 3, 69, 58, 47, 36, 25, 24, 35, 34, 23, 12], [], [59, 70, 4, 5, 6, 17, 16, 15, 26, 37]], "food": [46, 55], "index": 0}, "status": "DONE"}, {"action": "WEST", "reward": 101, "info": {}, "observation": {"remainingOverageTime": 12, "index": 1}, "status": "ACTIVE"}, {"action": "NORTH", "reward": 50, "info": {}, "observation": {"remainingOverageTime": 12, "index": 2}, "status": "DONE"}, {"action": "NORTH", "reward": 98, "info": {}, "observation": {"remainingOverageTime": 12, "index": 3}, "status": "ACTIVE"}], [{"action": "NORTH", "reward": 52, "info": {}, "observation": {"remainingOverageTime": 12, "step": 89, "geese": [[], [12, 13, 14, 3, 69, 58, 47, 36, 25, 24, 35, 34, 23], [], [60, 59, 70, 4, 5, 6, 17, 16, 15, 26]], "food": [46, 55], "index": 0}, "status": "DONE"}, {"action": "WEST", "reward": 102, "info": {}, "observation": {"remainingOverageTime": 12, "index": 1}, "status": "ACTIVE"}, {"action": "NORTH", "reward": 50, "info": {}, "observation": {"remainingOverageTime": 12, "index": 2}, "status": "DONE"}, {"action": "EAST", "reward": 99, "info": {}, "observation": {"remainingOverageTime": 12, "index": 3}, "status": "ACTIVE"}], [{"action": "NORTH", "reward": 52, "info": {}, "observation": {"remainingOverageTime": 12, "step": 90, "geese": [[], [23, 12, 13, 14, 3, 69, 58, 47, 36, 25, 24, 35, 34], [], [61, 60, 59, 70, 4, 5, 6, 17, 16, 15]], "food": [46, 55], "index": 0}, "status": "DONE"}, {"action": "SOUTH", "reward": 103, "info": {}, "observation": {"remainingOverageTime": 12, "index": 1}, "status": "ACTIVE"}, {"action": "NORTH", "reward": 50, "info": {}, "observation": {"remainingOverageTime": 12, "index": 2}, "status": "DONE"}, {"action": "EAST", "reward": 100, "info": {}, "observation": {"remainingOverageTime": 12, "index": 3}, "status": "ACTIVE"}], [{"action": "NORTH", "reward": 52, "info": {}, "observation": {"remainingOverageTime": 12, "step": 91, "geese": [[], [34, 23, 12, 13, 14, 3, 69, 58, 47, 36, 25, 24, 35], [], [62, 61, 60, 59, 70, 4, 5, 6, 17, 16]], "food": [46, 55], "index": 0}, "status": "DONE"}, {"action": "SOUTH", "reward": 104, "info": {}, "observation": {"remainingOverageTime": 12, "index": 1}, "status": "ACTIVE"}, {"action": "NORTH", "reward": 50, "info": {}, "observation": {"remainingOverageTime": 12, "index": 2}, "status": "DONE"}, {"action": "EAST", "reward": 101, "info": {}, "observation": {"remainingOverageTime": 12, "index": 3}, "status": "ACTIVE"}], [{"action": "NORTH", "reward": 52, "info": {}, "observation": {"remainingOverageTime": 12, "step": 92, "geese": [[], [35, 34, 23, 12, 13, 14, 3, 69, 58, 47, 36, 25, 24], [], [63, 62, 61, 60, 59, 70, 4, 5, 6, 17]], "food": [46, 55], "index": 0}, "status": "DONE"}, {"action": "EAST", "reward": 105, "info": {}, "observation": {"remainingOverageTime": 12, "index": 1}, "status": "ACTIVE"}, {"action": "NORTH", "reward": 50, "info": {}, "observation": {"remainingOverageTime": 12, "index": 2}, "status": "DONE"}, {"action": "EAST", "reward": 102, "info": {}, "observation": {"remainingOverageTime": 12, "index": 3}, "status": "ACTIVE"}], [{"action": "NORTH", "reward": 52, "info": {}, "observation": {"remainingOverageTime": 12, "step": 93, "geese": [[], [46, 35, 34, 23, 12, 13, 14, 3, 69, 58, 47, 36, 25, 24], [], [64, 63, 62, 61, 60, 59, 70, 4, 5, 6]], "food": [55, 7], "index": 0}, "status": "DONE"}, {"action": "SOUTH", "reward": 106, "info": {}, "observation": {"remainingOverageTime": 12, "index": 1}, "status": "ACTIVE"}, {"action": "NORTH", "reward": 50, "info": {}, "observation": {"remainingOverageTime": 12, "index": 2}, "status": "DONE"}, {"action": "EAST", "reward": 103, "info": {}, "observation": {"remainingOverageTime": 12, "index": 3}, "status": "ACTIVE"}], [{"action": "NORTH", "reward": 52, "info": {}, "observation": {"remainingOverageTime": 12, "step": 94, "geese": [[], [57, 46, 35, 34, 23, 12, 13, 14, 3, 69, 58, 47, 36, 25], [], [65, 64, 63, 62, 61, 60, 59, 70, 4, 5]], "food": [55, 7], "index": 0}, "status": "DONE"}, {"action": "SOUTH", "reward": 108, "info": {}, "observation": {"remainingOverageTime": 12, "index": 1}, "status": "ACTIVE"}, {"action": "NORTH", "reward": 50, "info": {}, "observation": {"remainingOverageTime": 12, "index": 2}, "status": "DONE"}, {"action": "EAST", "reward": 104, "info": {}, "observation": {"remainingOverageTime": 12, "index": 3}, "status": "ACTIVE"}], [{"action": "NORTH", "reward": 52, "info": {}, "observation": {"remainingOverageTime": 12, "step": 95, "geese": [[], [56, 57, 46, 35, 34, 23, 12, 13, 14, 3, 69, 58, 47, 36], [], [55, 65, 64, 63, 62, 61, 60, 59, 70, 4, 5]], "food": [7, 33], "index": 0}, "status": "DONE"}, {"action": "WEST", "reward": 109, "info": {}, "observation": {"remainingOverageTime": 12, "index": 1}, "status": "ACTIVE"}, {"action": "NORTH", "reward": 50, "info": {}, "observation": {"remainingOverageTime": 12, "index": 2}, "status": "DONE"}, {"action": "EAST", "reward": 105, "info": {}, "observation": {"remainingOverageTime": 12, "index": 3}, "status": "ACTIVE"}], [{"action": "NORTH", "reward": 52, "info": {}, "observation": {"remainingOverageTime": 12, "step": 96, "geese": [[], [45, 56, 57, 46, 35, 34, 23, 12, 13, 14, 3, 69, 58, 47], [], [44, 55, 65, 64, 63, 62, 61, 60, 59, 70, 4]], "food": [7, 33], "index": 0}, "status": "DONE"}, {"action": "NORTH", "reward": 110, "info": {}, "observation": {"remainingOverageTime": 12, "index": 1}, "status": "ACTIVE"}, {"action": "NORTH", "reward": 50, "info": {}, "observation": {"remainingOverageTime": 12, "index": 2}, "status": "DONE"}, {"action": "NORTH", "reward": 107, "info": {}, "observation": {"remainingOverageTime": 12, "index": 3}, "status": "ACTIVE"}], [{"action": "NORTH", "reward": 52, "info": {}, "observation": {"remainingOverageTime": 12, "step": 97, "geese": [[], [], [], [33, 44, 55, 65, 64, 63, 62, 61, 60, 59, 70, 4]], "food": [7, 48], "index": 0}, "status": "DONE"}, {"action": "NORTH", "reward": 111, "info": {}, "observation": {"remainingOverageTime": 12, "index": 1}, "status": "DONE"}, {"action": "NORTH", "reward": 50, "info": {}, "observation": {"remainingOverageTime": 12, "index": 2}, "status": "DONE"}, {"action": "NORTH", "reward": 108, "info": {}, "observation": {"remainingOverageTime": 12, "index": 3}, "status": "DONE"}]], "rewards": [52, 111, 50, 108], "statuses": ["DONE", "DONE", "DONE", "DONE"], "schema_version": 1, "info": {}}