{"id": "a049c12e-da83-11ee-b31f-0242ac130202", "name": "hungry_geese", "title": "Hungry Geese", "description": "Similar to the classic snake game with multiple players", "version": "1.0.0", "configuration": {"episodeSteps": 200, "actTimeout": 6, "runTimeout": 1200, "columns": 11, "rows": 7, "hunger_rate": 40, "min_food": 2}, "specification": {"action": {"description": "Direction to move the head of your players goose.", "type": "string", "enum": ["NORTH", "EAST", "SOUTH", "WEST"], "default": "NORTH"}, "agents": [2, 3, 4, 5, 6, 7, 8], "configuration": {"episodeSteps": {"description": "Maximum number of steps in the episode.", "type": "integer", "minimum": 1, "default": 200}, "actTimeout": {"description": "Maximum runtime (seconds) to obtain an action from an agent.", "type": "number", "minimum": 0, "default": 6}, "runTimeout": {"description": "Maximum runtime (seconds) of an episode (not necessarily DONE).", "type": "number", "minimum": 0, "default": 1200}, "columns": {"description": "Horizontal number of cells on the board.", "type": "integer", "default": 11, "minimum": 3}, "rows": {"description": "Vertical number of cells on the board.", "type": "integer", "default": 7, "minimum": 3}, "hunger_rate": {"description": "The number of steps before the goose shrinks a cell.", "type": "integer", "minimum": 1, "default": 40}, "min_food": {"description": "The minimum amount of food present for all steps.", "type": "integer", "default": 2, "minimum": 1}}, "info": {}, "observation": {"remainingOverageTime": {"description": "Total remaining banked time (seconds) that can be used in excess of per-step actTimeouts -- agent is disqualified with TIMEOUT status when this drops below 0.", "shared": false, "type": "number", "minimum": 0, "default": 12}, "step": {"description": "Current step within the episode.", "type": "integer", "shared": true, "minimum": 0, "default": 0}, "geese": {"description": "List of geese in order by the agent index.", "type": "array", "default": [], "shared": true}, "food": {"description": "Positions on the board where food is present.", "type": "array", "default": [], "shared": true}, "index": {"description": "Index of the current agent's goose in the list of geese.", "type": "integer", "minimum": 0, "defaults": [0, 1, 2, 3, 4, 5, 6, 7]}}, "reward": {"description": "The number of steps the goose has moved plus its length.", "type": ["number", "null"], "default": 0, "minimum": 0}}, "steps": [[{"action": "NORTH", "reward": 0, "info": {}, "observation": {"remainingOverageTime": 12, "step": 0, "geese": [[0], [73], [72], [36]], "food": [11, 38], "index": 0}, "status": "ACTIVE"}, {"action": "NORTH", "reward": 0, "info": {}, "observation": {"remainingOverageTime": 12, "index": 1}, "status": "ACTIVE"}, {"action": "NORTH", "reward": 0, "info": {}, "observation": {"remainingOverageTime": 12, "index": 2}, "status": "ACTIVE"}, {"action": "NORTH", "reward": 0, "info": {}, "observation": {"remainingOverageTime": 12, "index": 3}, "status": "ACTIVE"}], [{"action": "SOUTH", "reward": 2, "info": {}, "observation": {"remainingOverageTime": 12, "step": 1, "geese": [[11, 0], [62], [61], [37]], "food": [38, 20], "index": 0}, "status": "ACTIVE"}, {"action": "NORTH", "reward": 2, "info": {}, "observation": {"remainingOverageTime": 12, "index": 1}, "status": "ACTIVE"}, {"action": "NORTH", "reward": 2, "info": {}, "observation": {"remainingOverageTime": 12, "index": 2}, "status": "ACTIVE"}, {"action": "EAST", "reward": 2, "info": {}, "observation": {"remainingOverageTime": 12, "index": 3}, "status": "ACTIVE"}], [{"action": "WEST", "reward": 4, "info": {}, "observation": {"remainingOverageTime": 12, "step": 2, "geese": [[21, 11], [61], [50], [38, 37]], "food": [20, 10], "index": 0}, "status": "ACTIVE"}, {"action": "WEST", "reward": 3, "info": {}, "observation": {"remainingOverageTime": 12, "index": 1}, "status": "ACTIVE"}, {"action": "NORTH", "reward": 3, "info": {}, "observation": {"remainingOverageTime": 12, "index": 2}, "status": "ACTIVE"}, {"action": "EAST", "reward": 3, "info": {}, "observation": {"remainingOverageTime": 12, "index": 3}, "status": "ACTIVE"}], [{"action": "NORTH", "reward": 5, "info": {}, "observation": {"remainingOverageTime": 12, "step": 3, "geese": [[10, 21, 11], [72], [51], [27, 38]], "food": [20, 32], "index": 0}, "status": "ACTIVE"}, {"action": "SOUTH", "reward": 4, "info": {}, "observation": {"remainingOverageTime": 12, "index": 1}, "status": "ACTIVE"}, {"action": "EAST", "reward": 4, "info": {}, "observation": {"remainingOverageTime": 12, "index": 2}, "status": "ACTIVE"}, {"action": "NORTH", "reward": 5, "info": {}, "observation": {"remainingOverageTime": 12, "index": 3}, "status": "ACTIVE"}], [{"action": "WEST", "reward": 7, "info": {}, "observation": {"remainingOverageTime": 12, "step": 4, "geese": [[9, 10, 21], [6], [40], [16, 27]], "food": [20, 32], "index": 0}, "status": "ACTIVE"}, {"action": "SOUTH", "reward": 5, "info": {}, "observation": {"remainingOverageTime": 12, "index": 1}, "status": "ACTIVE"}, {"action": "NORTH", "reward": 5, "info": {}, "observation": {"remainingOverageTime": 12, "index": 2}, "status": "ACTIVE"}, {"action": "NORTH", "reward": 6, "info": {}, "observation": {"remainingOverageTime": 12, "index": 3}, "status": "ACTIVE"}], [{"action": "SOUTH", "reward": 8, "info": {}, "observation": {"remainingOverageTime": 12, "step": 5, "geese": [[20, 9, 10, 21], [7], [41], [15, 16]], "food": [32, 49], "index": 0}, "status": "ACTIVE"}, {"action": "EAST", "reward": 6, "info": {}, "observation": {"remainingOverageTime": 12, "index": 1}, "status": "ACTIVE"}, {"action": "EAST", "reward": 6, "info": {}, "observation": {"remainingOverageTime": 12, "index": 2}, "status": "ACTIVE"}, {"action": "WEST", "reward": 7, "info": {}, "observation": {"remainingOverageTime": 12, "index": 3}, "status": "ACTIVE"}], [{"action": "EAST", "reward": 10, "info": {}, "observation": {"remainingOverageTime": 12, "step": 6, "geese": [[21, 20, 9, 10], [8], [30], [26, 15]], "food": [32, 49], "index": 0}, "status": "ACTIVE"}, {"action": "EAST", "reward": 7, "info": {}, "observation": {"remainingOverageTime": 12, "index": 1}, "status": "ACTIVE"}, {"action": "NORTH", "reward": 7, "info": {}, "observation": {"remainingOverageTime": 12, "index": 2}, "status": "ACTIVE"}, {"action": "SOUTH", "reward": 8, "info": {}, "observation": {"remainingOverageTime": 12, "index": 3}, "status": "ACTIVE"}], [{"action": "SOUTH", "reward": 11, "info": {}, "observation": {"remainingOverageTime": 12, "step": 7, "geese": [[32, 21, 20, 9, 10], [74], [31], [27, 26]], "food": [49, 62], "index": 0}, "status": "ACTIVE"}, {"action": "NORTH", "reward": 8, "info": {}, "observation": {"remainingOverageTime": 12, "index": 1}, "status": "ACTIVE"}, {"action": "EAST", "reward": 8, "info": {}, "observation": {"remainingOverageTime": 12, "index": 2}, "status": "ACTIVE"}, {"action": "EAST", "reward": 9, "info": {}, "observation": {"remainingOverageTime": 12, "index": 3}, "status": "ACTIVE"}], [{"action": "SOUTH", "reward": 13, "info": {}, "observation": {"remainingOverageTime": 12, "step": 8, "geese": [[43, 32, 21, 20, 9], [73], [42], [38, 27]], "food": [49, 62], "index": 0}, "status": "ACTIVE"}, {"action": "WEST", "reward": 9, "info": {}, "observation": {"remainingOverageTime": 12, "index": 1}, "status": "ACTIVE"}, {"action": "SOUTH", "reward": 9, "info": {}, "observation": {"remainingOverageTime": 12, "index": 2}, "status": "ACTIVE"}, {"action": "SOUTH", "reward": 10, "info": {}, "observation": {"remainingOverageTime": 12, "index": 3}, "status": "ACTIVE"}], [{"action": "SOUTH", "reward": 14, "info": {}, "observation": {"remainingOverageTime": 12, "step": 9, "geese": [[54, 43, 32, 21, 20], [62, 73], [41], [49, 38, 27]], "food": [47, 26], "index": 0}, "status": "ACTIVE"}, {"action": "NORTH", "reward": 10, "info": {}, "observation": {"remainingOverageTime": 12, "index": 1}, "status": "ACTIVE"}, {"action": "WEST", "reward": 10, "info": {}, "observation": {"remainingOverageTime": 12, "index": 2}, "status": "ACTIVE"}, {"action": "SOUTH", "reward": 11, "info": {}, "observation": {"remainingOverageTime": 12, "index": 3}, "status": "ACTIVE"}], [{"action": "EAST", "reward": 15, "info": {}, "observation": {"remainingOverageTime": 12, "step": 10, "geese": [[44, 54, 43, 32, 21], [61, 62], [40], [48, 49, 38]], "food": [47, 26], "index": 0}, "status": "ACTIVE"}, {"action": "WEST", "reward": 12, "info": {}, "observation": {"remainingOverageTime": 12, "index": 1}, "status": "ACTIVE"}, {"action": "WEST", "reward": 11, "info": {}, "observation": {"remainingOverageTime": 12, "index": 2}, "status": "ACTIVE"}, {"action": "WEST", "reward": 13, "info": {}, "observation": {"remainingOverageTime": 12, "index": 3}, "status": "ACTIVE"}], [{"action": "EAST", "reward": 16, "info": {}, "observation": {"remainingOverageTime": 12, "step": 11, "geese": [[45, 44, 54, 43, 32], [60, 61], [29], [47, 48, 49, 38]], "food": [26, 39], "index": 0}, "status": "ACTIVE"}, {"action": "WEST", "reward": 13, "info": {}, "observation": {"remainingOverageTime": 12, "index": 1}, "status": "ACTIVE"}, {"action": "NORTH", "reward": 12, "info": {}, "observation": {"remainingOverageTime": 12, "index": 2}, "status": "ACTIVE"}, {"action": "WEST", "reward": 14, "info": {}, "observation": {"remainingOverageTime": 12, "index": 3}, "status": "ACTIVE"}], [{"action": "NORTH", "reward": 17, "info": {}, "observation": {"remainingOverageTime": 12, "step": 12, "geese": [[34, 45, 44, 54, 43], [59, 60], [28], [36, 47, 48, 49]], "food": [26, 39], "index": 0}, "status": "ACTIVE"}, {"action": "WEST", "reward": 14, "info": {}, "observation": {"remainingOverageTime": 12, "index": 1}, "status": "ACTIVE"}, {"action": "WEST", "reward": 13, "info": {}, "observation": {"remainingOverageTime": 12, "index": 2}, "status": "ACTIVE"}, {"action": "NORTH", "reward": 16, "info": {}, "observation": {"remainingOverageTime": 12, "index": 3}, "status": "ACTIVE"}], [{"action": "WEST", "reward": 18, "info": {}, "observation": {"remainingOverageTime": 12, "step": 13, "geese": [[33, 34, 45, 44, 54], [70, 59], [39, 28], [37, 36, 47, 48]], "food": [26, 69], "index": 0}, "status": "ACTIVE"}, {"action": "SOUTH", "reward": 15, "info": {}, "observation": {"remainingOverageTime": 12, "index": 1}, "status": "ACTIVE"}, {"action": "SOUTH", "reward": 14, "info": {}, "observation": {"remainingOverageTime": 12, "index": 2}, "status": "ACTIVE"}, {"action": "EAST", "reward": 17, "info": {}, "observation": {"remainingOverageTime": 12, "index": 3}, "status": "ACTIVE"}], [{"action": "NORTH", "reward": 19, "info": {}, "observation": {"remainingOverageTime": 12, "step": 14, "geese": [[22, 33, 34, 45, 44], [69, 70, 59], [40, 39], [26, 37, 36, 47, 48]], "food": [72, 57], "index": 0}, "status": "ACTIVE"}, {"action": "WEST", "reward": 16, "info": {}, "observation": {"remainingOverageTime": 12, "index": 1}, "status": "ACTIVE"}, {"action": "EAST", "reward": 16, "info": {}, "observation": {"remainingOverageTime": 12, "index": 2}, "status": "ACTIVE"}, {"action": "NORTH", "reward": 18, "info": {}, "observation": {"remainingOverageTime": 12, "index": 3}, "status": "ACTIVE"}], [{"action": "EAST", "reward": 20, "info": {}, "observation": {"remainingOverageTime": 12, "step": 15, "geese": [[23, 22, 33, 34, 45], [68, 69, 70], [51, 40], [27, 26, 37, 36, 47]], "food": [72, 57], "index": 0}, "status": "ACTIVE"}, {"action": "WEST", "reward": 18, "info": {}, "observation": {"remainingOverageTime": 12, "index": 1}, "status": "ACTIVE"}, {"action": "SOUTH", "reward": 17, "info": {}, "observation": {"remainingOverageTime": 12, "index": 2}, "status": "ACTIVE"}, {"action": "EAST", "reward": 20, "info": {}, "observation": {"remainingOverageTime": 12, "index": 3}, "status": "ACTIVE"}], [{"action": "EAST", "reward": 21, "info": {}, "observation": {"remainingOverageTime": 12, "step": 16, "geese": [[24, 23, 22, 33, 34], [57, 68, 69, 70], [62, 51], [16, 27, 26, 37, 36]], "food": [72, 58], "index": 0}, "status": "ACTIVE"}, {"action": "NORTH", "reward": 19, "info": {}, "observation": {"remainingOverageTime": 12, "index": 1}, "status": "ACTIVE"}, {"action": "SOUTH", "reward": 18, "info": {}, "observation": {"remainingOverageTime": 12, "index": 2}, "status": "ACTIVE"}, {"action": "NORTH", "reward": 21, "info": {}, "observation": {"remainingOverageTime": 12, "index": 3}, "status": "ACTIVE"}], [{"action": "SOUTH", "reward": 22, "info": {}, "observation": {"remainingOverageTime": 12, "step": 17, "geese": [[35, 24, 23, 22, 33], [58, 57, 68, 69, 70], [61, 62], [5, 16, 27, 26, 37]], "food": [72, 73], "index": 0}, "status": "ACTIVE"}, {"action": "EAST", "reward": 21, "info": {}, "observation": {"remainingOverageTime": 12, "index": 1}, "status": "ACTIVE"}, {"action": "WEST", "reward": 19, "info": {}, "observation": {"remainingOverageTime": 12, "index": 2}, "status": "ACTIVE"}, {"action": "NORTH", "reward": 22, "info": {}, "observation": {"remainingOverageTime": 12, "index": 3}, "status": "ACTIVE"}], [{"action": "SOUTH", "reward": 23, "info": {}, "observation": {"remainingOverageTime": 12, "step": 18, "geese": [[46, 35, 24, 23, 22], [59, 58, 57, 68, 69], [72, 61, 62], [6, 5, 16, 27, 26]], "food": [73, 25], "index": 0}, "status": "ACTIVE"}, {"action": "EAST", "reward": 23, "info": {}, "observation": {"remainingOverageTime": 12, "index": 1}, "status": "ACTIVE"}, {"action": "SOUTH", "reward": 20, "info": {}, "observation": {"remainingOverageTime": 12, "index": 2}, "status": "ACTIVE"}, {"action": "EAST", "reward": 23, "info": {}, "observation": {"remainingOverageTime": 12, "index": 3}, "status": "ACTIVE"}], [{"action": "EAST", "reward": 24, "info": {}, "observation": {"remainingOverageTime": 12, "step": 19, "geese": [[47, 46, 35, 24, 23], [48, 59, 58, 57, 68], [73, 72, 61, 62], [7, 6, 5, 16, 27]], "food": [25, 20], "index": 0}, "status": "ACTIVE"}, {"action": "NORTH", "reward": 24, "info": {}, "observation": {"remainingOverageTime": 12, "index": 1}, "status": "ACTIVE"}, {"action": "EAST", "reward": 22, "info": {}, "observation": {"remainingOverageTime": 12, "index": 2}, "status": "ACTIVE"}, {"action": "EAST", "reward": 24, "info": {}, "observation": {"remainingOverageTime": 12, "index": 3}, "status": "ACTIVE"}], [{"action": "NORTH", "reward": 25, "info": {}, "observation": {"remainingOverageTime": 12, "step": 20, "geese": [[36, 47, 46, 35, 24], [37, 48, 59, 58, 57], [74, 73, 72, 61], [8, 7, 6, 5, 16]], "food": [25, 20], "index": 0}, "status": "ACTIVE"}, {"action": "NORTH", "reward": 25, "info": {}, "observation": {"remainingOverageTime": 12, "index": 1}, "status": "ACTIVE"}, {"action": "EAST", "reward": 24, "info": {}, "observation": {"remainingOverageTime": 12, "index": 2}, "status": "ACTIVE"}, {"action": "EAST", "reward": 25, "info": {}, "observation": {"remainingOverageTime": 12, "index": 3}, "status": "ACTIVE"}], [{"action": "NORTH", "reward": 26, "info": {}, "observation": {"remainingOverageTime": 12, "step": 21, "geese": [[25, 36, 47, 46, 35, 24], [26, 37, 48, 59, 58], [75, 74, 73, 72], [9, 8, 7, 6, 5]], "food": [20, 41], "index": 0}, "status": "ACTIVE"}, {"action": "NORTH", "reward": 26, "info": {}, "observation": {"remainingOverageTime": 12, "index": 1}, "status": "ACTIVE"}, {"action": "EAST", "reward": 25, "info": {}, "observation": {"remainingOverageTime": 12, "index": 2}, "status": "ACTIVE"}, {"action": "EAST", "reward": 26, "info": {}, "observation": {"remainingOverageTime": 12, "index": 3}, "status": "ACTIVE"}], [{"action": "NORTH", "reward": 28, "info": {}, "observation": {"remainingOverageTime": 12, "step": 22, "geese": [[14, 25, 36, 47, 46, 35], [27, 26, 37, 48, 59], [64, 75, 74, 73], [20, 9, 8, 7, 6, 5]], "food": [41, 13], "index": 0}, "status": "ACTIVE"}, {"action": "EAST", "reward": 27, "info": {}, "observation": {"remainingOverageTime": 12, "index": 1}, "status": "ACTIVE"}, {"action": "NORTH", "reward": 26, "info": {}, "observation": {"remainingOverageTime": 12, "index": 2}, "status": "ACTIVE"}, {"action": "SOUTH", "reward": 27, "info": {}, "observation": {"remainingOverageTime": 12, "index": 3}, "status": "ACTIVE"}], [{"action": "WEST", "reward": 29, "info": {}, "observation": {"remainingOverageTime": 12, "step": 23, "geese": [[13, 14, 25, 36, 47, 46, 35], [28, 27, 26, 37, 48], [53, 64, 75, 74], [19, 20, 9, 8, 7, 6]], "food": [41, 73], "index": 0}, "status": "ACTIVE"}, {"action": "EAST", "reward": 28, "info": {}, "observation": {"remainingOverageTime": 12, "index": 1}, "status": "ACTIVE"}, {"action": "NORTH", "reward": 27, "info": {}, "observation": {"remainingOverageTime": 12, "index": 2}, "status": "ACTIVE"}, {"action": "WEST", "reward": 29, "info": {}, "observation": {"remainingOverageTime": 12, "index": 3}, "status": "ACTIVE"}], [{"action": "WEST", "reward": 31, "info": {}, "observation": {"remainingOverageTime": 12, "step": 24, "geese": [[12, 13, 14, 25, 36, 47, 46], [29, 28, 27, 26, 37], [42, 53, 64, 75], [30, 19, 20, 9, 8, 7]], "food": [41, 73], "index": 0}, "status": "ACTIVE"}, {"action": "EAST", "reward": 29, "info": {}, "observation": {"remainingOverageTime": 12, "index": 1}, "status": "ACTIVE"}, {"action": "NORTH", "reward": 28, "info": {}, "observation": {"remainingOverageTime": 12, "index": 2}, "status": "ACTIVE"}, {"action": "SOUTH", "reward": 30, "info": {}, "observation": {"remainingOverageTime": 12, "index": 3}, "status": "ACTIVE"}], [{"action": "NORTH", "reward": 32, "info": {}, "observation": {"remainingOverageTime": 12, "step": 25, "geese": [[1, 12, 13, 14, 25, 36, 47], [40, 29, 28, 27, 26], [43, 42, 53, 64], [41, 30, 19, 20, 9, 8, 7]], "food": [73, 17], "index": 0}, "status": "ACTIVE"}, {"action": "SOUTH", "reward": 30, "info": {}, "observation": {"remainingOverageTime": 12, "index": 1}, "status": "ACTIVE"}, {"action": "EAST", "reward": 29, "info": {}, "observation": {"remainingOverageTime": 12, "index": 2}, "status": "ACTIVE"}, {"action": "SOUTH", "reward": 31, "info": {}, "observation": {"remainingOverageTime": 12, "index": 3}, "status": "ACTIVE"}], [{"action": "NORTH", "reward": 33, "info": {}, "observation": {"remainingOverageTime": 12, "step": 26, "geese": [[67, 1, 12, 13, 14, 25, 36], [51, 40, 29, 28, 27], [54, 43, 42, 53], [52, 41, 30, 19, 20, 9, 8]], "food": [73, 17], "index": 0}, "status": "ACTIVE"}, {"action": "SOUTH", "reward": 31, "info": {}, "observation": {"remainingOverageTime": 12, "index": 1}, "status": "ACTIVE"}, {"action": "SOUTH", "reward": 30, "info": {}, "observation": {"remainingOverageTime": 12, "index": 2}, "status": "ACTIVE"}, {"action": "SOUTH", "reward": 33, "info": {}, "observation": {"remainingOverageTime": 12, "index": 3}, "status": "ACTIVE"}], [{"action": "WEST", "reward": 34, "info": {}, "observation": {"remainingOverageTime": 12, "step": 27, "geese": [[66, 67, 1, 12, 13, 14, 25], [62, 51, 40, 29, 28], [65, 54, 43, 42], [63, 52, 41, 30, 19, 20, 9]], "food": [73, 17], "index": 0}, "status": "ACTIVE"}, {"action": "SOUTH", "reward": 32, "info": {}, "observation": {"remainingOverageTime": 12, "index": 1}, "status": "ACTIVE"}, {"action": "SOUTH", "reward": 31, "info": {}, "observation": {"remainingOverageTime": 12, "index": 2}, "status": "ACTIVE"}, {"action": "SOUTH", "reward": 34, "info": {}, "observation": {"remainingOverageTime": 12, "index": 3}, "status": "ACTIVE"}], [{"action": "SOUTH", "reward": 35, "info": {}, "observation": {"remainingOverageTime": 12, "step": 28, "geese": [[0, 66, 67, 1, 12, 13, 14], [73, 62, 51, 40, 29, 28], [64, 65, 54, 43], [74, 63, 52, 41, 30, 19, 20]], "food": [17, 45], "index": 0}, "status": "ACTIVE"}, {"action": "SOUTH", "reward": 33, "info": {}, "observation": {"remainingOverageTime": 12, "index": 1}, "status": "ACTIVE"}, {"action": "WEST", "reward": 32, "info": {}, "observation": {"remainingOverageTime": 12, "index": 2}, "status": "ACTIVE"}, {"action": "SOUTH", "reward": 35, "info": {}, "observation": {"remainingOverageTime": 12, "index": 3}, "status": "ACTIVE"}], [{"action": "SOUTH", "reward": 36, "info": {}, "observation": {"remainingOverageTime": 12, "step": 29, "geese": [[11, 0, 66, 67, 1, 12, 13], [7, 73, 62, 51, 40, 29], [53, 64, 65, 54], [8, 74, 63, 52, 41, 30, 19]], "food": [17, 45], "index": 0}, "status": "ACTIVE"}, {"action": "SOUTH", "reward": 35, "info": {}, "observation": {"remainingOverageTime": 12, "index": 1}, "status": "ACTIVE"}, {"action": "NORTH", "reward": 33, "info": {}, "observation": {"remainingOverageTime": 12, "index": 2}, "status": "ACTIVE"}, {"action": "SOUTH", "reward": 36, "info": {}, "observation": {"remainingOverageTime": 12, "index": 3}, "status": "ACTIVE"}], [{"action": "SOUTH", "reward": 37, "info": {}, "observation": {"remainingOverageTime": 12, "step": 30, "geese": [[22, 11, 0, 66, 67, 1, 12], [6, 7, 73, 62, 51, 40], [54, 53, 64, 65], [19, 8, 74, 63, 52, 41, 30]], "food": [17, 45], "index": 0}, "status": "ACTIVE"}, {"action": "WEST", "reward": 36, "info": {}, "observation": {"remainingOverageTime": 12, "index": 1}, "status": "ACTIVE"}, {"action": "EAST", "reward": 34, "info": {}, "observation": {"remainingOverageTime": 12, "index": 2}, "status": "ACTIVE"}, {"action": "SOUTH", "reward": 37, "info": {}, "observation": {"remainingOverageTime": 12, "index": 3}, "status": "ACTIVE"}], [{"action": "SOUTH", "reward": 38, "info": {}, "observation": {"remainingOverageTime": 12, "step": 31, "geese": [[33, 22, 11, 0, 66, 67, 1], [17, 6, 7, 73, 62, 51, 40], [44, 54, 53, 64], [18, 19, 8, 74, 63, 52, 41]], "food": [45, 76], "index": 0}, "status": "ACTIVE"}, {"action": "SOUTH", "reward": 37, "info": {}, "observation": {"remainingOverageTime": 12, "index": 1}, "status": "ACTIVE"}, {"action": "EAST", "reward": 35, "info": {}, "observation": {"remainingOverageTime": 12, "index": 2}, "status": "ACTIVE"}, {"action": "WEST", "reward": 38, "info": {}, "observation": {"remainingOverageTime": 12, "index": 3}, "status": "ACTIVE"}], [{"action": "EAST", "reward": 39, "info": {}, "observation": {"remainingOverageTime": 12, "step": 32, "geese": [[34, 33, 22, 11, 0, 66, 67], [16, 17, 6, 7, 73, 62, 51], [45, 44, 54, 53, 64], [29, 18, 19, 8, 74, 63, 52]], "food": [76, 50], "index": 0}, "status": "ACTIVE"}, {"action": "WEST", "reward": 39, "info": {}, "observation": {"remainingOverageTime": 12, "index": 1}, "status": "ACTIVE"}, {"action": "EAST", "reward": 36, "info": {}, "observation": {"remainingOverageTime": 12, "index": 2}, "status": "ACTIVE"}, {"action": "SOUTH", "reward": 39, "info": {}, "observation": {"remainingOverageTime": 12, "index": 3}, "status": "ACTIVE"}], [{"action": "EAST", "reward": 40, "info": {}, "observation": {"remainingOverageTime": 12, "step": 33, "geese": [[35, 34, 33, 22, 11, 0, 66], [27, 16, 17, 6, 7, 73, 62], [56, 45, 44, 54, 53], [28, 29, 18, 19, 8, 74, 63]], "food": [76, 50], "index": 0}, "status": "ACTIVE"}, {"action": "SOUTH", "reward": 40, "info": {}, "observation": {"remainingOverageTime": 12, "index": 1}, "status": "ACTIVE"}, {"action": "SOUTH", "reward": 38, "info": {}, "observation": {"remainingOverageTime": 12, "index": 2}, "status": "ACTIVE"}, {"action": "WEST", "reward": 40, "info": {}, "observation": {"remainingOverageTime": 12, "index": 3}, "status": "ACTIVE"}], [{"action": "SOUTH", "reward": 41, "info": {}, "observation": {"remainingOverageTime": 12, "step": 34, "geese": [[46, 35, 34, 33, 22, 11, 0], [38, 27, 16, 17, 6, 7, 73], [67, 56, 45, 44, 54], [39, 28, 29, 18, 19, 8, 74]], "food": [76, 50], "index": 0}, "status": "ACTIVE"}, {"action": "SOUTH", "reward": 41, "info": {}, "observation": {"remainingOverageTime": 12, "index": 1}, "status": "ACTIVE"}, {"action": "SOUTH", "reward": 39, "info": {}, "observation": {"remainingOverageTime": 12, "index": 2}, "status": "ACTIVE"}, {"action": "SOUTH", "reward": 41, "info": {}, "observation": {"remainingOverageTime": 12, "index": 3}, "status": "ACTIVE"}], [{"action": "EAST", "reward": 42, "info": {}, "observation": {"remainingOverageTime": 12, "step": 35, "geese": [[47, 46, 35, 34, 33, 22, 11], [49, 38, 27, 16, 17, 6, 7], [66, 67, 56, 45, 44], [50, 39, 28, 29, 18, 19, 8, 74]], "food": [76, 61], "index": 0}, "status": "ACTIVE"}, {"action": "SOUTH", "reward": 42, "info": {}, "observation": {"remainingOverageTime": 12, "index": 1}, "status": "ACTIVE"}, {"action": "WEST", "reward": 40, "info": {}, "observation": {"remainingOverageTime": 12, "index": 2}, "status": "ACTIVE"}, {"action": "SOUTH", "reward": 42, "info": {}, "observation": {"remainingOverageTime": 12, "index": 3}, "status": "ACTIVE"}], [{"action": "SOUTH", "reward": 43, "info": {}, "observation": {"remainingOverageTime": 12, "step": 36, "geese": [[58, 47, 46, 35, 34, 33, 22], [60, 49, 38, 27, 16, 17, 6], [76, 66, 67, 56, 45, 44], [61, 50, 39, 28, 29, 18, 19, 8, 74]], "food": [23, 30], "index": 0}, "status": "ACTIVE"}, {"action": "SOUTH", "reward": 43, "info": {}, "observation": {"remainingOverageTime": 12, "index": 1}, "status": "ACTIVE"}, {"action": "WEST", "reward": 41, "info": {}, "observation": {"remainingOverageTime": 12, "index": 2}, "status": "ACTIVE"}, {"action": "SOUTH", "reward": 44, "info": {}, "observation": {"remainingOverageTime": 12, "index": 3}, "status": "ACTIVE"}], [{"action": "SOUTH", "reward": 44, "info": {}, "observation": {"remainingOverageTime": 12, "step": 37, "geese": [[69, 58, 47, 46, 35, 34, 33], [71, 60, 49, 38, 27, 16, 17], [75, 76, 66, 67, 56, 45], [62, 61, 50, 39, 28, 29, 18, 19, 8]], "food": [23, 30], "index": 0}, "status": "ACTIVE"}, {"action": "SOUTH", "reward": 44, "info": {}, "observation": {"remainingOverageTime": 12, "index": 1}, "status": "ACTIVE"}, {"action": "WEST", "reward": 43, "info": {}, "observation": {"remainingOverageTime": 12, "index": 2}, "status": "ACTIVE"}, {"action": "EAST", "reward": 46, "info": {}, "observation": {"remainingOverageTime": 12, "index": 3}, "status": "ACTIVE"}], [{"action": "SOUTH", "reward": 45, "info": {}, "observation": {"remainingOverageTime": 12, "step": 38, "geese": [[3, 69, 58, 47, 46, 35, 34], [72, 71, 60, 49, 38, 27, 16], [9, 75, 76, 66, 67, 56], [51, 62, 61, 50, 39, 28, 29, 18, 19]], "food": [23, 30], "index": 0}, "status": "ACTIVE"}, {"action": "EAST", "reward": 45, "info": {}, "observation": {"remainingOverageTime": 12, "index": 1}, "status": "ACTIVE"}, {"action": "SOUTH", "reward": 44, "info": {}, "observation": {"remainingOverageTime": 12, "index": 2}, "status": "ACTIVE"}, {"action": "NORTH", "reward": 47, "info": {}, "observation": {"remainingOverageTime": 12, "index": 3}, "status": "ACTIVE"}], [{"action": "SOUTH", "reward": 46, "info": {}, "observation": {"remainingOverageTime": 12, "step": 39, "geese": [[14, 3, 69, 58, 47, 46, 35], [6, 72, 71, 60, 49, 38, 27], [8, 9, 75, 76, 66, 67], [40, 51, 62, 61, 50, 39, 28, 29, 18]], "food": [23, 30], "index": 0}, "status": "ACTIVE"}, {"action": "SOUTH", "reward": 46, "info": {}, "observation": {"remainingOverageTime": 12, "index": 1}, "status": "ACTIVE"}, {"action": "WEST", "reward": 45, "info": {}, "observation": {"remainingOverageTime": 12, "index": 2}, "status": "ACTIVE"}, {"action": "NORTH", "reward": 48, "info": {}, "observation": {"remainingOverageTime": 12, "index": 3}, "status": "ACTIVE"}], [{"action": "WEST", "reward": 47, "info": {}, "observation": {"remainingOverageTime": 12, "step": 40, "geese": [[13, 14, 3, 69, 58, 47], [17, 6, 72, 71, 60, 49], [19, 8, 9, 75, 76], [41, 40, 51, 62, 61, 50, 39, 28]], "food": [23, 30], "index": 0}, "status": "ACTIVE"}, {"action": "SOUTH", "reward": 47, "info": {}, "observation": {"remainingOverageTime": 12, "index": 1}, "status": "ACTIVE"}, {"action": "SOUTH", "reward": 46, "info": {}, "observation": {"remainingOverageTime": 12, "index": 2}, "status": "ACTIVE"}, {"action": "EAST", "reward": 49, "info": {}, "observation": {"remainingOverageTime": 12, "index": 3}, "status": "ACTIVE"}], [{"action": "WEST", "reward": 47, "info": {}, "observation": {"remainingOverageTime": 12, "step": 41, "geese": [[12, 13, 14, 3, 69, 58], [16, 17, 6, 72, 71, 60], [20, 19, 8, 9, 75], [52, 41, 40, 51, 62, 61, 50, 39]], "food": [23, 30], "index": 0}, "status": "ACTIVE"}, {"action": "WEST", "reward": 47, "info": {}, "observation": {"remainingOverageTime": 12, "index": 1}, "status": "ACTIVE"}, {"action": "EAST", "reward": 46, "info": {}, "observation": {"remainingOverageTime": 12, "index": 2}, "status": "ACTIVE"}, {"action": "SOUTH", "reward": 49, "info": {}, "observation": {"remainingOverageTime": 12, "index": 3}, "status": "ACTIVE"}], [{"action": "SOUTH", "reward": 48, "info": {}, "observation": {"remainingOverageTime": 12, "step": 42, "geese": [[23, 12, 13, 14, 3, 69, 58], [27, 16, 17, 6, 72, 71], [31, 20, 19, 8, 9], [53, 52, 41, 40, 51, 62, 61, 50]], "food": [30, 49], "index": 0}, "status": "ACTIVE"}, {"action": "SOUTH", "reward": 48, "info": {}, "observation": {"remainingOverageTime": 12, "index": 1}, "status": "ACTIVE"}, {"action": "SOUTH", "reward": 47, "info": {}, "observation": {"remainingOverageTime": 12, "index": 2}, "status": "ACTIVE"}, {"action": "EAST", "reward": 50, "info": {}, "observation": {"remainingOverageTime": 12, "index": 3}, "status": "ACTIVE"}], [{"action": "SOUTH", "reward": 50, "info": {}, "observation": {"remainingOverageTime": 12, "step": 43, "geese": [[34, 23, 12, 13, 14, 3, 69], [38, 27, 16, 17, 6, 72], [30, 31, 20, 19, 8, 9], [54, 53, 52, 41, 40, 51, 62, 61]], "food": [49, 15], "index": 0}, "status": "ACTIVE"}, {"action": "SOUTH", "reward": 49, "info": {}, "observation": {"remainingOverageTime": 12, "index": 1}, "status": "ACTIVE"}, {"action": "WEST", "reward": 48, "info": {}, "observation": {"remainingOverageTime": 12, "index": 2}, "status": "ACTIVE"}, {"action": "EAST", "reward": 51, "info": {}, "observation": {"remainingOverageTime": 12, "index": 3}, "status": "ACTIVE"}], [{"action": "EAST", "reward": 51, "info": {}, "observation": {"remainingOverageTime": 12, "step": 44, "geese": [[35, 34, 23, 12, 13, 14, 3], [49, 38, 27, 16, 17, 6, 72], [29, 30, 31, 20, 19, 8], [44, 54, 53, 52, 41, 40, 51, 62]], "food": [15, 1], "index": 0}, "status": "ACTIVE"}, {"action": "SOUTH", "reward": 50, "info": {}, "observation": {"remainingOverageTime": 12, "index": 1}, "status": "ACTIVE"}, {"action": "WEST", "reward": 50, "info": {}, "observation": {"remainingOverageTime": 12, "index": 2}, "status": "ACTIVE"}, {"action": "EAST", "reward": 52, "info": {}, "observation": {"remainingOverageTime": 12, "index": 3}, "status": "ACTIVE"}], [{"action": "EAST", "reward": 52, "info": {}, "observation": {"remainingOverageTime": 12, "step": 45, "geese": [[36, 35, 34, 23, 12, 13, 14], [48, 49, 38, 27, 16, 17, 6], [18, 29, 30, 31, 20, 19], [45, 44, 54, 53, 52, 41, 40, 51]], "food": [15, 1], "index": 0}, "status": "ACTIVE"}, {"action": "WEST", "reward": 52, "info": {}, "observation": {"remainingOverageTime": 12, "index": 1}, "status": "ACTIVE"}, {"action": "NORTH", "reward": 51, "info": {}, "observation": {"remainingOverageTime": 12, "index": 2}, "status": "ACTIVE"}, {"action": "EAST", "reward": 53, "info": {}, "observation": {"remainingOverageTime": 12, "index": 3}, "status": "ACTIVE"}], [{"action": "NORTH", "reward": 53, "info": {}, "observation": {"remainingOverageTime": 12, "step": 46, "geese": [[25, 36, 35, 34, 23, 12, 13], [59, 48, 49, 38, 27, 16, 17], [7, 18, 29, 30, 31, 20], [56, 45, 44, 54, 53, 52, 41, 40]], "food": [15, 1], "index": 0}, "status": "ACTIVE"}, {"action": "SOUTH", "reward": 53, "info": {}, "observation": {"remainingOverageTime": 12, "index": 1}, "status": "ACTIVE"}, {"action": "NORTH", "reward": 52, "info": {}, "observation": {"remainingOverageTime": 12, "index": 2}, "status": "ACTIVE"}, {"action": "SOUTH", "reward": 54, "info": {}, "observation": {"remainingOverageTime": 12, "index": 3}, "status": "ACTIVE"}], [{"action": "NORTH", "reward": 54, "info": {}, "observation": {"remainingOverageTime": 12, "step": 47, "geese": [[14, 25, 36, 35, 34, 23, 12], [70, 59, 48, 49, 38, 27, 16], [6, 7, 18, 29, 30, 31], [67, 56, 45, 44, 54, 53, 52, 41]], "food": [15, 1], "index": 0}, "status": "ACTIVE"}, {"action": "SOUTH", "reward": 54, "info": {}, "observation": {"remainingOverageTime": 12, "index": 1}, "status": "ACTIVE"}, {"action": "WEST", "reward": 53, "info": {}, "observation": {"remainingOverageTime": 12, "index": 2}, "status": "ACTIVE"}, {"action": "SOUTH", "reward": 55, "info": {}, "observation": {"remainingOverageTime": 12, "index": 3}, "status": "ACTIVE"}], [{"action": "EAST", "reward": 55, "info": {}, "observation": {"remainingOverageTime": 12, "step": 48, "geese": [[15, 14, 25, 36, 35, 34, 23, 12], [4, 70, 59, 48, 49, 38, 27], [5, 6, 7, 18, 29, 30], [1, 67, 56, 45, 44, 54, 53, 52, 41]], "food": [66, 50], "index": 0}, "status": "ACTIVE"}, {"action": "SOUTH", "reward": 55, "info": {}, "observation": {"remainingOverageTime": 12, "index": 1}, "status": "ACTIVE"}, {"action": "WEST", "reward": 54, "info": {}, "observation": {"remainingOverageTime": 12, "index": 2}, "status": "ACTIVE"}, {"action": "SOUTH", "reward": 56, "info": {}, "observation": {"remainingOverageTime": 12, "index": 3}, "status": "ACTIVE"}], [{"action": "SOUTH", "reward": 57, "info": {}, "observation": {"remainingOverageTime": 12, "step": 49, "geese": [[26, 15, 14, 25, 36, 35, 34, 23], [3, 4, 70, 59, 48, 49, 38], [71, 5, 6, 7, 18, 29], [0, 1, 67, 56, 45, 44, 54, 53, 52]], "food": [66, 50], "index": 0}, "status": "ACTIVE"}, {"action": "WEST", "reward": 56, "info": {}, "observation": {"remainingOverageTime": 12, "index": 1}, "status": "ACTIVE"}, {"action": "NORTH", "reward": 55, "info": {}, "observation": {"remainingOverageTime": 12, "index": 2}, "status": "ACTIVE"}, {"action": "WEST", "reward": 58, "info": {}, "observation": {"remainingOverageTime": 12, "index": 3}, "status": "ACTIVE"}], [{"action": "EAST", "reward": 58, "info": {}, "observation": {"remainingOverageTime": 12, "step": 50, "geese": [[27, 26, 15, 14, 25, 36, 35, 34], [2, 3, 4, 70, 59, 48, 49], [60, 71, 5, 6, 7, 18], [66, 0, 1, 67, 56, 45, 44, 54, 53, 52]], "food": [50, 31], "index": 0}, "status": "ACTIVE"}, {"action": "WEST", "reward": 57, "info": {}, "observation": {"remainingOverageTime": 12, "index": 1}, "status": "ACTIVE"}, {"action": "NORTH", "reward": 56, "info": {}, "observation": {"remainingOverageTime": 12, "index": 2}, "status": "ACTIVE"}, {"action": "NORTH", "reward": 59, "info": {}, "observation": {"remainingOverageTime": 12, "index": 3}, "status": "ACTIVE"}], [{"action": "EAST", "reward": 59, "info": {}, "observation": {"remainingOverageTime": 12, "step": 51, "geese": [[28, 27, 26, 15, 14, 25, 36, 35], [13, 2, 3, 4, 70, 59, 48], [61, 60, 71, 5, 6, 7], [76, 66, 0, 1, 67, 56, 45, 44, 54, 53]], "food": [50, 31], "index": 0}, "status": "ACTIVE"}, {"action": "SOUTH", "reward": 58, "info": {}, "observation": {"remainingOverageTime": 12, "index": 1}, "status": "ACTIVE"}, {"action": "EAST", "reward": 57, "info": {}, "observation": {"remainingOverageTime": 12, "index": 2}, "status": "ACTIVE"}, {"action": "WEST", "reward": 61, "info": {}, "observation": {"remainingOverageTime": 12, "index": 3}, "status": "ACTIVE"}], [{"action": "SOUTH", "reward": 60, "info": {}, "observation": {"remainingOverageTime": 12, "step": 52, "geese": [[39, 28, 27, 26, 15, 14, 25, 36], [12, 13, 2, 3, 4, 70, 59], [50, 61, 60, 71, 5, 6, 7], [75, 76, 66, 0, 1, 67, 56, 45, 44, 54]], "food": [31, 47], "index": 0}, "status": "ACTIVE"}, {"action": "WEST", "reward": 59, "info": {}, "observation": {"remainingOverageTime": 12, "index": 1}, "status": "ACTIVE"}, {"action": "NORTH", "reward": 58, "info": {}, "observation": {"remainingOverageTime": 12, "index": 2}, "status": "ACTIVE"}, {"action": "WEST", "reward": 62, "info": {}, "observation": {"remainingOverageTime": 12, "index": 3}, "status": "ACTIVE"}], [{"action": "EAST", "reward": 61, "info": {}, "observation": {"remainingOverageTime": 12, "step": 53, "geese": [[40, 39, 28, 27, 26, 15, 14, 25], [11, 12, 13, 2, 3, 4, 70], [49, 50, 61, 60, 71, 5, 6], [9, 75, 76, 66, 0, 1, 67, 56, 45, 44]], "food": [31, 47], "index": 0}, "status": "ACTIVE"}, {"action": "WEST", "reward": 60, "info": {}, "observation": {"remainingOverageTime": 12, "index": 1}, "status": "ACTIVE"}, {"action": "WEST", "reward": 60, "info": {}, "observation": {"remainingOverageTime": 12, "index": 2}, "status": "ACTIVE"}, {"action": "SOUTH", "reward": 63, "info": {}, "observation": {"remainingOverageTime": 12, "index": 3}, "status": "ACTIVE"}], [{"action": "EAST", "reward": 62, "info": {}, "observation": {"remainingOverageTime": 12, "step": 54, "geese": [[41, 40, 39, 28, 27, 26, 15, 14], [21, 11, 12, 13, 2, 3, 4], [48, 49, 50, 61, 60, 71, 5], [20, 9, 75, 76, 66, 0, 1, 67, 56, 45]], "food": [31, 47], "index": 0}, "status": "ACTIVE"}, {"action": "WEST", "reward": 61, "info": {}, "observation": {"remainingOverageTime": 12, "index": 1}, "status": "ACTIVE"}, {"action": "WEST", "reward": 61, "info": {}, "observation": {"remainingOverageTime": 12, "index": 2}, "status": "ACTIVE"}, {"action": "SOUTH", "reward": 64, "info": {}, "observation": {"remainingOverageTime": 12, "index": 3}, "status": "ACTIVE"}], [{"action": "NORTH", "reward": 63, "info": {}, "observation": {"remainingOverageTime": 12, "step": 55, "geese": [[30, 41, 40, 39, 28, 27, 26, 15], [32, 21, 11, 12, 13, 2, 3], [47, 48, 49, 50, 61, 60, 71, 5], [31, 20, 9, 75, 76, 66, 0, 1, 67, 56, 45]], "food": [36, 43], "index": 0}, "status": "ACTIVE"}, {"action": "SOUTH", "reward": 62, "info": {}, "observation": {"remainingOverageTime": 12, "index": 1}, "status": "ACTIVE"}, {"action": "WEST", "reward": 62, "info": {}, "observation": {"remainingOverageTime": 12, "index": 2}, "status": "ACTIVE"}, {"action": "SOUTH", "reward": 65, "info": {}, "observation": {"remainingOverageTime": 12, "index": 3}, "status": "ACTIVE"}], [{"action": "WEST", "reward": 64, "info": {}, "observation": {"remainingOverageTime": 12, "step": 56, "geese": [[29, 30, 41, 40, 39, 28, 27, 26], [43, 32, 21, 11, 12, 13, 2, 3], [36, 47, 48, 49, 50, 61, 60, 71, 5], [42, 31, 20, 9, 75, 76, 66, 0, 1, 67, 56]], "food": [70, 18], "index": 0}, "status": "ACTIVE"}, {"action": "SOUTH", "reward": 63, "info": {}, "observation": {"remainingOverageTime": 12, "index": 1}, "status": "ACTIVE"}, {"action": "NORTH", "reward": 64, "info": {}, "observation": {"remainingOverageTime": 12, "index": 2}, "status": "ACTIVE"}, {"action": "SOUTH", "reward": 67, "info": {}, "observation": {"remainingOverageTime": 12, "index": 3}, "status": "ACTIVE"}], [{"action": "NORTH", "reward": 65, "info": {}, "observation": {"remainingOverageTime": 12, "step": 57, "geese": [[18, 29, 30, 41, 40, 39, 28, 27, 26], [33, 43, 32, 21, 11, 12, 13, 2], [25, 36, 47, 48, 49, 50, 61, 60, 71], [53, 42, 31, 20, 9, 75, 76, 66, 0, 1, 67]], "food": [70, 15], "index": 0}, "status": "ACTIVE"}, {"action": "EAST", "reward": 65, "info": {}, "observation": {"remainingOverageTime": 12, "index": 1}, "status": "ACTIVE"}, {"action": "NORTH", "reward": 66, "info": {}, "observation": {"remainingOverageTime": 12, "index": 2}, "status": "ACTIVE"}, {"action": "SOUTH", "reward": 68, "info": {}, "observation": {"remainingOverageTime": 12, "index": 3}, "status": "ACTIVE"}], [{"action": "WEST", "reward": 67, "info": {}, "observation": {"remainingOverageTime": 12, "step": 58, "geese": [[17, 18, 29, 30, 41, 40, 39, 28, 27], [34, 33, 43, 32, 21, 11, 12, 13], [14, 25, 36, 47, 48, 49, 50, 61, 60], [64, 53, 42, 31, 20, 9, 75, 76, 66, 0, 1]], "food": [70, 15], "index": 0}, "status": "ACTIVE"}, {"action": "EAST", "reward": 66, "info": {}, "observation": {"remainingOverageTime": 12, "index": 1}, "status": "ACTIVE"}, {"action": "NORTH", "reward": 67, "info": {}, "observation": {"remainingOverageTime": 12, "index": 2}, "status": "ACTIVE"}, {"action": "SOUTH", "reward": 69, "info": {}, "observation": {"remainingOverageTime": 12, "index": 3}, "status": "ACTIVE"}], [{"action": "WEST", "reward": 68, "info": {}, "observation": {"remainingOverageTime": 12, "step": 59, "geese": [[16, 17, 18, 29, 30, 41, 40, 39, 28], [35, 34, 33, 43, 32, 21, 11, 12], [15, 14, 25, 36, 47, 48, 49, 50, 61, 60], [63, 64, 53, 42, 31, 20, 9, 75, 76, 66, 0]], "food": [70, 71], "index": 0}, "status": "ACTIVE"}, {"action": "EAST", "reward": 67, "info": {}, "observation": {"remainingOverageTime": 12, "index": 1}, "status": "ACTIVE"}, {"action": "EAST", "reward": 68, "info": {}, "observation": {"remainingOverageTime": 12, "index": 2}, "status": "ACTIVE"}, {"action": "WEST", "reward": 70, "info": {}, "observation": {"remainingOverageTime": 12, "index": 3}, "status": "ACTIVE"}], [{"action": "NORTH", "reward": 69, "info": {}, "observation": {"remainingOverageTime": 12, "step": 60, "geese": [[5, 16, 17, 18, 29, 30, 41, 40, 39], [46, 35, 34, 33, 43, 32, 21, 11], [4, 15, 14, 25, 36, 47, 48, 49, 50, 61], [62, 63, 64, 53, 42, 31, 20, 9, 75, 76, 66]], "food": [70, 71], "index": 0}, "status": "ACTIVE"}, {"action": "SOUTH", "reward": 68, "info": {}, "observation": {"remainingOverageTime": 12, "index": 1}, "status": "ACTIVE"}, {"action": "NORTH", "reward": 70, "info": {}, "observation": {"remainingOverageTime": 12, "index": 2}, "status": "ACTIVE"}, {"action": "WEST", "reward": 71, "info": {}, "observation": {"remainingOverageTime": 12, "index": 3}, "status": "ACTIVE"}], [{"action": "NORTH", "reward": 70, "info": {}, "observation": {"remainingOverageTime": 12, "step": 61, "geese": [[71, 5, 16, 17, 18, 29, 30, 41, 40, 39], [57, 46, 35, 34, 33, 43, 32, 21], [70, 4, 15, 14, 25, 36, 47, 48, 49, 50, 61], [73, 62, 63, 64, 53, 42, 31, 20, 9, 75, 76]], "food": [60, 8], "index": 0}, "status": "ACTIVE"}, {"action": "SOUTH", "reward": 69, "info": {}, "observation": {"remainingOverageTime": 12, "index": 1}, "status": "ACTIVE"}, {"action": "NORTH", "reward": 71, "info": {}, "observation": {"remainingOverageTime": 12, "index": 2}, "status": "ACTIVE"}, {"action": "SOUTH", "reward": 72, "info": {}, "observation": {"remainingOverageTime": 12, "index": 3}, "status": "ACTIVE"}], [{"action": "NORTH", "reward": 72, "info": {}, "observation": {"remainingOverageTime": 12, "step": 62, "geese": [[60, 71, 5, 16, 17, 18, 29, 30, 41, 40, 39], [58, 57, 46, 35, 34, 33, 43, 32], [59, 70, 4, 15, 14, 25, 36, 47, 48, 49, 50], [74, 73, 62, 63, 64, 53, 42, 31, 20, 9, 75]], "food": [8, 44], "index": 0}, "status": "ACTIVE"}, {"action": "EAST", "reward": 70, "info": {}, "observation": {"remainingOverageTime": 12, "index": 1}, "status": "ACTIVE"}, {"action": "NORTH", "reward": 73, "info": {}, "observation": {"remainingOverageTime": 12, "index": 2}, "status": "ACTIVE"}, {"action": "EAST", "reward": 73, "info": {}, "observation": {"remainingOverageTime": 12, "index": 3}, "status": "ACTIVE"}], [{"action": "EAST", "reward": 74, "info": {}, "observation": {"remainingOverageTime": 12, "step": 63, "geese": [[61, 60, 71, 5, 16, 17, 18, 29, 30, 41, 40], [69, 58, 57, 46, 35, 34, 33, 43], [], [8, 74, 73, 62, 63, 64, 53, 42, 31, 20, 9, 75]], "food": [44, 67], "index": 0}, "status": "ACTIVE"}, {"action": "SOUTH", "reward": 71, "info": {}, "observation": {"remainingOverageTime": 12, "index": 1}, "status": "ACTIVE"}, {"action": "SOUTH", "reward": 74, "info": {}, "observation": {"remainingOverageTime": 12, "index": 2}, "status": "DONE"}, {"action": "SOUTH", "reward": 74, "info": {}, "observation": {"remainingOverageTime": 12, "index": 3}, "status": "ACTIVE"}], [{"action": "NORTH", "reward": 75, "info": {}, "observation": {"remainingOverageTime": 12, "step": 64, "geese": [[50, 61, 60, 71, 5, 16, 17, 18, 29, 30, 41], [68, 69, 58, 57, 46, 35, 34, 33], [], [7, 8, 74, 73, 62, 63, 64, 53, 42, 31, 20, 9]], "food": [44, 67], "index": 0}, "status": "ACTIVE"}, {"action": "WEST", "reward": 72, "info": {}, "observation": {"remainingOverageTime": 12, "index": 1}, "status": "ACTIVE"}, {"action": "NORTH", "reward": 74, "info": {}, "observation": {"remainingOverageTime": 12, "index": 2}, "status": "DONE"}, {"action": "WEST", "reward": 76, "info": {}, "observation": {"remainingOverageTime": 12, "index": 3}, "status": "ACTIVE"}], [{"action": "WEST", "reward": 76, "info": {}, "observation": {"remainingOverageTime": 12, "step": 65, "geese": [[49, 50, 61, 60, 71, 5, 16, 17, 18, 29, 30], [67, 68, 69, 58, 57, 46, 35, 34, 33], [], [6, 7, 8, 74, 73, 62, 63, 64, 53, 42, 31, 20]], "food": [44, 39], "index": 0}, "status": "ACTIVE"}, {"action": "WEST", "reward": 73, "info": {}, "observation": {"remainingOverageTime": 12, "index": 1}, "status": "ACTIVE"}, {"action": "NORTH", "reward": 74, "info": {}, "observation": {"remainingOverageTime": 12, "index": 2}, "status": "DONE"}, {"action": "WEST", "reward": 77, "info": {}, "observation": {"remainingOverageTime": 12, "index": 3}, "status": "ACTIVE"}], [{"action": "NORTH", "reward": 77, "info": {}, "observation": {"remainingOverageTime": 12, "step": 66, "geese": [[38, 49, 50, 61, 60, 71, 5, 16, 17, 18, 29], [56, 67, 68, 69, 58, 57, 46, 35, 34], [], [72, 6, 7, 8, 74, 73, 62, 63, 64, 53, 42, 31]], "food": [44, 39], "index": 0}, "status": "ACTIVE"}, {"action": "NORTH", "reward": 75, "info": {}, "observation": {"remainingOverageTime": 12, "index": 1}, "status": "ACTIVE"}, {"action": "NORTH", "reward": 74, "info": {}, "observation": {"remainingOverageTime": 12, "index": 2}, "status": "DONE"}, {"action": "NORTH", "reward": 78, "info": {}, "observation": {"remainingOverageTime": 12, "index": 3}, "status": "ACTIVE"}], [{"action": "EAST", "reward": 78, "info": {}, "observation": {"remainingOverageTime": 12, "step": 67, "geese": [[39, 38, 49, 50, 61, 60, 71, 5, 16, 17, 18, 29], [45, 56, 67, 68, 69, 58, 57, 46, 35], [], []], "food": [44, 33], "index": 0}, "status": "ACTIVE"}, {"action": "NORTH", "reward": 76, "info": {}, "observation": {"remainingOverageTime": 12, "index": 1}, "status": "ACTIVE"}, {"action": "NORTH", "reward": 74, "info": {}, "observation": {"remainingOverageTime": 12, "index": 2}, "status": "DONE"}, {"action": "EAST", "reward": 79, "info": {}, "observation": {"remainingOverageTime": 12, "index": 3}, "status": "DONE"}], [{"action": "EAST", "reward": 80, "info": {}, "observation": {"remainingOverageTime": 12, "step": 68, "geese": [[40, 39, 38, 49, 50, 61, 60, 71, 5, 16, 17, 18], [44, 45, 56, 67, 68, 69, 58, 57, 46, 35], [], []], "food": [33, 28], "index": 0}, "status": "ACTIVE"}, {"action": "WEST", "reward": 77, "info": {}, "observation": {"remainingOverageTime": 12, "index": 1}, "status": "ACTIVE"}, {"action": "NORTH", "reward": 74, "info": {}, "observation": {"remainingOverageTime": 12, "index": 2}, "status": "DONE"}, {"action": "NORTH", "reward": 79, "info": {}, "observation": {"remainingOverageTime": 12, "index": 3}, "status": "DONE"}], [{"action": "NORTH", "reward": 81, "info": {}, "observation": {"remainingOverageTime": 12, "step": 69, "geese": [[29, 40, 39, 38, 49, 50, 61, 60, 71, 5, 16, 17], [33, 44, 45, 56, 67, 68, 69, 58, 57, 46, 35], [], []], "food": [28, 54], "index": 0}, "status": "ACTIVE"}, {"action": "NORTH", "reward": 79, "info": {}, "observation": {"remainingOverageTime": 12, "index": 1}, "status": "ACTIVE"}, {"action": "NORTH", "reward": 74, "info": {}, "observation": {"remainingOverageTime": 12, "index": 2}, "status": "DONE"}, {"action": "NORTH", "reward": 79, "info": {}, "observation": {"remainingOverageTime": 12, "index": 3}, "status": "DONE"}], [{"action": "WEST", "reward": 82, "info": {}, "observation": {"remainingOverageTime": 12, "step": 70, "geese": [[28, 29, 40, 39, 38, 49, 50, 61, 60, 71, 5, 16, 17], [43, 33, 44, 45, 56, 67, 68, 69, 58, 57, 46], [], []], "food": [54, 6], "index": 0}, "status": "ACTIVE"}, {"action": "WEST", "reward": 81, "info": {}, "observation": {"remainingOverageTime": 12, "index": 1}, "status": "ACTIVE"}, {"action": "NORTH", "reward": 74, "info": {}, "observation": {"remainingOverageTime": 12, "index": 2}, "status": "DONE"}, {"action": "NORTH", "reward": 79, "info": {}, "observation": {"remainingOverageTime": 12, "index": 3}, "status": "DONE"}], [{"action": "NORTH", "reward": 84, "info": {}, "observation": {"remainingOverageTime": 12, "step": 71, "geese": [[17, 28, 29, 40, 39, 38, 49, 50, 61, 60, 71, 5, 16], [54, 43, 33, 44, 45, 56, 67, 68, 69, 58, 57, 46], [], []], "food": [6, 66], "index": 0}, "status": "ACTIVE"}, {"action": "SOUTH", "reward": 82, "info": {}, "observation": {"remainingOverageTime": 12, "index": 1}, "status": "ACTIVE"}, {"action": "NORTH", "reward": 74, "info": {}, "observation": {"remainingOverageTime": 12, "index": 2}, "status": "DONE"}, {"action": "NORTH", "reward": 79, "info": {}, "observation": {"remainingOverageTime": 12, "index": 3}, "status": "DONE"}], [{"action": "EAST", "reward": 85, "info": {}, "observation": {"remainingOverageTime": 12, "step": 72, "geese": [[18, 17, 28, 29, 40, 39, 38, 49, 50, 61, 60, 71, 5], [65, 54, 43, 33, 44, 45, 56, 67, 68, 69, 58, 57], [], []], "food": [6, 66], "index": 0}, "status": "ACTIVE"}, {"action": "SOUTH", "reward": 84, "info": {}, "observation": {"remainingOverageTime": 12, "index": 1}, "status": "ACTIVE"}, {"action": "NORTH", "reward": 74, "info": {}, "observation": {"remainingOverageTime": 12, "index": 2}, "status": "DONE"}, {"action": "NORTH", "reward": 79, "info": {}, "observation": {"remainingOverageTime": 12, "index": 3}, "status": "DONE"}], [{"action": "NORTH", "reward": 86, "info": {}, "observation": {"remainingOverageTime": 12, "step": 73, "geese": [[7, 18, 17, 28, 29, 40, 39, 38, 49, 50, 61, 60, 71], [76, 65, 54, 43, 33, 44, 45, 56, 67, 68, 69, 58], [], []], "food": [6, 66], "index": 0}, "status": "ACTIVE"}, {"action": "SOUTH", "reward": 85, "info": {}, "observation": {"remainingOverageTime": 12, "index": 1}, "status": "ACTIVE"}, {"action": "NORTH", "reward": 74, "info": {}, "observation": {"remainingOverageTime": 12, "index": 2}, "status": "DONE"}, {"action": "NORTH", "reward": 79, "info": {}, "observation": {"remainingOverageTime": 12, "index": 3}, "status": "DONE"}], [{"action": "NORTH", "reward": 87, "info": {}, "observation": {"remainingOverageTime": 12, "step": 74, "geese": [[73, 7, 18, 17, 28, 29, 40, 39, 38, 49, 50, 61, 60], [66, 76, 65, 54, 43, 33, 44, 45, 56, 67, 68, 69, 58], [], []], "food": [6, 51], "index": 0}, "status": "ACTIVE"}, {"action": "EAST", "reward": 86, "info": {}, "observation": {"remainingOverageTime": 12, "index": 1}, "status": "ACTIVE"}, {"action": "NORTH", "reward": 74, "info": {}, "observation": {"remainingOverageTime": 12, "index": 2}, "status": "DONE"}, {"action": "NORTH", "reward": 79, "info": {}, "observation": {"remainingOverageTime": 12, "index": 3}, "status": "DONE"}], [{"action": "WEST", "reward": 88, "info": {}, "observation": {"remainingOverageTime": 12, "step": 75, "geese": [[72, 73, 7, 18, 17, 28, 29, 40, 39, 38, 49, 50, 61], [0, 66, 76, 65, 54, 43, 33, 44, 45, 56, 67, 68, 69], [], []], "food": [6, 51], "index": 0}, "status": "ACTIVE"}, {"action": "SOUTH", "reward": 88, "info": {}, "observation": {"remainingOverageTime": 12, "index": 1}, "status": "ACTIVE"}, {"action": "NORTH", "reward": 74, "info": {}, "observation": {"remainingOverageTime": 12, "index": 2}, "status": "DONE"}, {"action": "NORTH", "reward": 79, "info": {}, "observation": {"remainingOverageTime": 12, "index": 3}, "status": "DONE"}], [{"action": "WEST", "reward": 89, "info": {}, "observation": {"remainingOverageTime": 12, "step": 76, "geese": [[71, 72, 73, 7, 18, 17, 28, 29, 40, 39, 38, 49, 50], [1, 0, 66, 76, 65, 54, 43, 33, 44, 45, 56, 67, 68], [], []], "food": [6, 51], "index": 0}, "status": "ACTIVE"}, {"action": "EAST", "reward": 89, "info": {}, "observation": {"remainingOverageTime": 12, "index": 1}, "status": "ACTIVE"}, {"action": "NORTH", "reward": 74, "info": {}, "observation": {"remainingOverageTime": 12, "index": 2}, "status": "DONE"}, {"action": "NORTH", "reward": 79, "info": {}, "observation": {"remainingOverageTime": 12, "index": 3}, "status": "DONE"}], [{"action": "NORTH", "reward": 90, "info": {}, "observation": {"remainingOverageTime": 12, "step": 77, "geese": [[60, 71, 72, 73, 7, 18, 17, 28, 29, 40, 39, 38, 49], [2, 1, 0, 66, 76, 65, 54, 43, 33, 44, 45, 56, 67], [], []], "food": [6, 51], "index": 0}, "status": "ACTIVE"}, {"action": "EAST", "reward": 90, "info": {}, "observation": {"remainingOverageTime": 12, "index": 1}, "status": "ACTIVE"}, {"action": "NORTH", "reward": 74, "info": {}, "observation": {"remainingOverageTime": 12, "index": 2}, "status": "DONE"}, {"action": "NORTH", "reward": 79, "info": {}, "observation": {"remainingOverageTime": 12, "index": 3}, "status": "DONE"}], [{"action": "NORTH", "reward": 91, "info": {}, "observation": {"remainingOverageTime": 12, "step": 78, "geese": [[49, 60, 71, 72, 73, 7, 18, 17, 28, 29, 40, 39, 38], [68, 2, 1, 0, 66, 76, 65, 54, 43, 33, 44, 45, 56], [], []], "food": [6, 51], "index": 0}, "status": "ACTIVE"}, {"action": "NORTH", "reward": 91, "info": {}, "observation": {"remainingOverageTime": 12, "index": 1}, "status": "ACTIVE"}, {"action": "NORTH", "reward": 74, "info": {}, "observation": {"remainingOverageTime": 12, "index": 2}, "status": "DONE"}, {"action": "NORTH", "reward": 79, "info": {}, "observation": {"remainingOverageTime": 12, "index": 3}, "status": "DONE"}], [{"action": "NORTH", "reward": 92, "info": {}, "observation": {"remainingOverageTime": 12, "step": 79, "geese": [[38, 49, 60, 71, 72, 73, 7, 18, 17, 28, 29, 40, 39], [67, 68, 2, 1, 0, 66, 76, 65, 54, 43, 33, 44, 45], [], []], "food": [6, 51], "index": 0}, "status": "ACTIVE"}, {"action": "WEST", "reward": 92, "info": {}, "observation": {"remainingOverageTime": 12, "index": 1}, "status": "ACTIVE"}, {"action": "NORTH", "reward": 74, "info": {}, "observation": {"remainingOverageTime": 12, "index": 2}, "status": "DONE"}, {"action": "NORTH", "reward": 79, "info": {}, "observation": {"remainingOverageTime": 12, "index": 3}, "status": "DONE"}], [{"action": "EAST", "reward": 93, "info": {}, "observation": {"remainingOverageTime": 12, "step": 80, "geese": [[39, 38, 49, 60, 71, 72, 73, 7, 18, 17, 28, 29], [56, 67, 68, 2, 1, 0, 66, 76, 65, 54, 43, 33], [], []], "food": [6, 51], "index": 0}, "status": "ACTIVE"}, {"action": "NORTH", "reward": 93, "info": {}, "observation": {"remainingOverageTime": 12, "index": 1}, "status": "ACTIVE"}, {"action": "NORTH", "reward": 74, "info": {}, "observation": {"remainingOverageTime": 12, "index": 2}, "status": "DONE"}, {"action": "NORTH", "reward": 79, "info": {}, "observation": {"remainingOverageTime": 12, "index": 3}, "status": "DONE"}], [{"action": "EAST", "reward": 93, "info": {}, "observation": {"remainingOverageTime": 12, "step": 81, "geese": [[40, 39, 38, 49, 60, 71, 72, 73, 7, 18, 17, 28], [57, 56, 67, 68, 2, 1, 0, 66, 76, 65, 54, 43], [], []], "food": [6, 51], "index": 0}, "status": "ACTIVE"}, {"action": "EAST", "reward": 93, "info": {}, "observation": {"remainingOverageTime": 12, "index": 1}, "status": "ACTIVE"}, {"action": "NORTH", "reward": 74, "info": {}, "observation": {"remainingOverageTime": 12, "index": 2}, "status": "DONE"}, {"action": "NORTH", "reward": 79, "info": {}, "observation": {"remainingOverageTime": 12, "index": 3}, "status": "DONE"}], [{"action": "SOUTH", "reward": 94, "info": {}, "observation": {"remainingOverageTime": 12, "step": 82, "geese": [[51, 40, 39, 38, 49, 60, 71, 72, 73, 7, 18, 17, 28], [58, 57, 56, 67, 68, 2, 1, 0, 66, 76, 65, 54], [], []], "food": [6, 53], "index": 0}, "status": "ACTIVE"}, {"action": "EAST", "reward": 94, "info": {}, "observation": {"remainingOverageTime": 12, "index": 1}, "status": "ACTIVE"}, {"action": "NORTH", "reward": 74, "info": {}, "observation": {"remainingOverageTime": 12, "index": 2}, "status": "DONE"}, {"action": "NORTH", "reward": 79, "info": {}, "observation": {"remainingOverageTime": 12, "index": 3}, "status": "DONE"}], [{"action": "EAST", "reward": 96, "info": {}, "observation": {"remainingOverageTime": 12, "step": 83, "geese": [[52, 51, 40, 39, 38, 49, 60, 71, 72, 73, 7, 18, 17], [69, 58, 57, 56, 67, 68, 2, 1, 0, 66, 76, 65], [], []], "food": [6, 53], "index": 0}, "status": "ACTIVE"}, {"action": "SOUTH", "reward": 95, "info": {}, "observation": {"remainingOverageTime": 12, "index": 1}, "status": "ACTIVE"}, {"action": "NORTH", "reward": 74, "info": {}, "observation": {"remainingOverageTime": 12, "index": 2}, "status": "DONE"}, {"action": "NORTH", "reward": 79, "info": {}, "observation": {"remainingOverageTime": 12, "index": 3}, "status": "DONE"}], [{"action": "NORTH", "reward": 97, "info": {}, "observation": {"remainingOverageTime": 12, "step": 84, "geese": [[41, 52, 51, 40, 39, 38, 49, 60, 71, 72, 73, 7, 18], [70, 69, 58, 57, 56, 67, 68, 2, 1, 0, 66, 76], [], []], "food": [6, 53], "index": 0}, "status": "ACTIVE"}, {"action": "EAST", "reward": 96, "info": {}, "observation": {"remainingOverageTime": 12, "index": 1}, "status": "ACTIVE"}, {"action": "NORTH", "reward": 74, "info": {}, "observation": {"remainingOverageTime": 12, "index": 2}, "status": "DONE"}, {"action": "NORTH", "reward": 79, "info": {}, "observation": {"remainingOverageTime": 12, "index": 3}, "status": "DONE"}], [{"action": "NORTH", "reward": 98, "info": {}, "observation": {"remainingOverageTime": 12, "step": 85, "geese": [[30, 41, 52, 51, 40, 39, 38, 49, 60, 71, 72, 73, 7], [4, 70, 69, 58, 57, 56, 67, 68, 2, 1, 0, 66], [], []], "food": [6, 53], "index": 0}, "status": "ACTIVE"}, {"action": "SOUTH", "reward": 97, "info": {}, "observation": {"remainingOverageTime": 12, "index": 1}, "status": "ACTIVE"}, {"action": "NORTH", "reward": 74, "info": {}, "observation": {"remainingOverageTime": 12, "index": 2}, "status": "DONE"}, {"action": "NORTH", "reward": 79, "info": {}, "observation": {"remainingOverageTime": 12, "index": 3}, "status": "DONE"}], [{"action": "WEST", "reward": 99, "info": {}, "observation": {"remainingOverageTime": 12, "step": 86, "geese": [[29, 30, 41, 52, 51, 40, 39, 38, 49, 60, 71, 72, 73], [5, 4, 70, 69, 58, 57, 56, 67, 68, 2, 1, 0], [], []], "food": [6, 53], "index": 0}, "status": "ACTIVE"}, {"action": "EAST", "reward": 98, "info": {}, "observation": {"remainingOverageTime": 12, "index": 1}, "status": "ACTIVE"}, {"action": "NORTH", "reward": 74, "info": {}, "observation": {"remainingOverageTime": 12, "index": 2}, "status": "DONE"}, {"action": "NORTH", "reward": 79, "info": {}, "observation": {"remainingOverageTime": 12, "index": 3}, "status": "DONE"}], [{"action": "NORTH", "reward": 100, "info": {}, "observation": {"remainingOverageTime": 12, "step": 87, "geese": [[18, 29, 30, 41, 52, 51, 40, 39, 38, 49, 60, 71, 72], [6, 5, 4, 70, 69, 58, 57, 56, 67, 68, 2, 1, 0], [], []], "food": [53, 76], "index": 0}, "status": "ACTIVE"}, {"action": "EAST", "reward": 99, "info": {}, "observation": {"remainingOverageTime": 12, "index": 1}, "status": "ACTIVE"}, {"action": "NORTH", "reward": 74, "info": {}, "observation": {"remainingOverageTime": 12, "index": 2}, "status": "DONE"}, {"action": "NORTH", "reward": 79, "info": {}, "observation": {"remainingOverageTime": 12, "index": 3}, "status": "DONE"}], [{"action": "EAST", "reward": 101, "info": {}, "observation": {"remainingOverageTime": 12, "step": 88, "geese": [[19, 18, 29, 30, 41, 52, 51, 40, 39, 38, 49, 60, 71], [72, 6, 5, 4, 70, 69, 58, 57, 56, 67, 68, 2, 1], [], []], "food": [53, 76], "index": 0}, "status": "ACTIVE"}, {"action": "NORTH", "reward": 101, "info": {}, "observation": {"remainingOverageTime": 12, "index": 1}, "status": "ACTIVE"}, {"action": "NORTH", "reward": 74, "info": {}, "observation": {"remainingOverageTime": 12, "index": 2}, "status": "DONE"}, {"action": "NORTH", "reward": 79, "info": {}, "observation": {"remainingOverageTime": 12, "index": 3}, "status": "DONE"}], [{"action": "NORTH", "reward": 102, "info": {}, "observation": {"remainingOverageTime": 12, "step": 89, "geese": [[8, 19, 18, 29, 30, 41, 52, 51, 40, 39, 38, 49, 60], [73, 72, 6, 5, 4, 70, 69, 58, 57, 56, 67, 68, 2], [], []], "food": [53, 76], "index": 0}, "status": "ACTIVE"}, {"action": "EAST", "reward": 102, "info": {}, "observation": {"remainingOverageTime": 12, "index": 1}, "status": "ACTIVE"}, {"action": "NORTH", "reward": 74, "info": {}, "observation": {"remainingOverageTime": 12, "index": 2}, "status": "DONE"}, {"action": "NORTH", "reward": 79, "info": {}, "observation": {"remainingOverageTime": 12, "index": 3}, "status": "DONE"}], [{"action": "EAST", "reward": 103, "info": {}, "observation": {"remainingOverageTime": 12, "step": 90, "geese": [[9, 8, 19, 18, 29, 30, 41, 52, 51, 40, 39, 38, 49], [62, 73, 72, 6, 5, 4, 70, 69, 58, 57, 56, 67, 68], [], []], "food": [53, 76], "index": 0}, "status": "ACTIVE"}, {"action": "NORTH", "reward": 103, "info": {}, "observation": {"remainingOverageTime": 12, "index": 1}, "status": "ACTIVE"}, {"action": "NORTH", "reward": 74, "info": {}, "observation": {"remainingOverageTime": 12, "index": 2}, "status": "DONE"}, {"action": "NORTH", "reward": 79, "info": {}, "observation": {"remainingOverageTime": 12, "index": 3}, "status": "DONE"}], [{"action": "NORTH", "reward": 104, "info": {}, "observation": {"remainingOverageTime": 12, "step": 91, "geese": [[75, 9, 8, 19, 18, 29, 30, 41, 52, 51, 40, 39, 38], [63, 62, 73, 72, 6, 5, 4, 70, 69, 58, 57, 56, 67], [], []], "food": [53, 76], "index": 0}, "status": "ACTIVE"}, {"action": "EAST", "reward": 104, "info": {}, "observation": {"remainingOverageTime": 12, "index": 1}, "status": "ACTIVE"}, {"action": "NORTH", "reward": 74, "info": {}, "observation": {"remainingOverageTime": 12, "index": 2}, "status": "DONE"}, {"action": "NORTH", "reward": 79, "info": {}, "observation": {"remainingOverageTime": 12, "index": 3}, "status": "DONE"}], [{"action": "EAST", "reward": 105, "info": {}, "observation": {"remainingOverageTime": 12, "step": 92, "geese": [[76, 75, 9, 8, 19, 18, 29, 30, 41, 52, 51, 40, 39, 38], [74, 63, 62, 73, 72, 6, 5, 4, 70, 69, 58, 57, 56], [], []], "food": [53, 37], "index": 0}, "status": "ACTIVE"}, {"action": "SOUTH", "reward": 105, "info": {}, "observation": {"remainingOverageTime": 12, "index": 1}, "status": "ACTIVE"}, {"action": "NORTH", "reward": 74, "info": {}, "observation": {"remainingOverageTime": 12, "index": 2}, "status": "DONE"}, {"action": "NORTH", "reward": 79, "info": {}, "observation": {"remainingOverageTime": 12, "index": 3}, "status": "DONE"}], [{"action": "NORTH", "reward": 107, "info": {}, "observation": {"remainingOverageTime": 12, "step": 93, "geese": [[65, 76, 75, 9, 8, 19, 18, 29, 30, 41, 52, 51, 40, 39], [], [], []], "food": [53, 37], "index": 0}, "status": "DONE"}, {"action": "WEST", "reward": 106, "info": {}, "observation": {"remainingOverageTime": 12, "index": 1}, "status": "DONE"}, {"action": "NORTH", "reward": 74, "info": {}, "observation": {"remainingOverageTime": 12, "index": 2}, "status": "DONE"}, {"action": "NORTH", "reward": 79, "info": {}, "observation": {"remainingOverageTime": 12, "index": 3}, "status": "DONE"}]], "rewards": [107, 106, 74, 79], "statuses": ["DONE", "DONE", "DONE", "DONE"], "schema_version": 1, "info": {}}