{"id": "c77beaac-da82-11ee-b31f-0242ac130202", "name": "hungry_geese", "title": "Hungry Geese", "description": "Similar to the classic snake game with multiple players", "version": "1.0.0", "configuration": {"episodeSteps": 200, "actTimeout": 6, "runTimeout": 1200, "columns": 11, "rows": 7, "hunger_rate": 40, "min_food": 2}, "specification": {"action": {"description": "Direction to move the head of your players goose.", "type": "string", "enum": ["NORTH", "EAST", "SOUTH", "WEST"], "default": "NORTH"}, "agents": [2, 3, 4, 5, 6, 7, 8], "configuration": {"episodeSteps": {"description": "Maximum number of steps in the episode.", "type": "integer", "minimum": 1, "default": 200}, "actTimeout": {"description": "Maximum runtime (seconds) to obtain an action from an agent.", "type": "number", "minimum": 0, "default": 6}, "runTimeout": {"description": "Maximum runtime (seconds) of an episode (not necessarily DONE).", "type": "number", "minimum": 0, "default": 1200}, "columns": {"description": "Horizontal number of cells on the board.", "type": "integer", "default": 11, "minimum": 3}, "rows": {"description": "Vertical number of cells on the board.", "type": "integer", "default": 7, "minimum": 3}, "hunger_rate": {"description": "The number of steps before the goose shrinks a cell.", "type": "integer", "minimum": 1, "default": 40}, "min_food": {"description": "The minimum amount of food present for all steps.", "type": "integer", "default": 2, "minimum": 1}}, "info": {}, "observation": {"remainingOverageTime": {"description": "Total remaining banked time (seconds) that can be used in excess of per-step actTimeouts -- agent is disqualified with TIMEOUT status when this drops below 0.", "shared": false, "type": "number", "minimum": 0, "default": 12}, "step": {"description": "Current step within the episode.", "type": "integer", "shared": true, "minimum": 0, "default": 0}, "geese": {"description": "List of geese in order by the agent index.", "type": "array", "default": [], "shared": true}, "food": {"description": "Positions on the board where food is present.", "type": "array", "default": [], "shared": true}, "index": {"description": "Index of the current agent's goose in the list of geese.", "type": "integer", "minimum": 0, "defaults": [0, 1, 2, 3, 4, 5, 6, 7]}}, "reward": {"description": "The number of steps the goose has moved plus its length.", "type": ["number", "null"], "default": 0, "minimum": 0}}, "steps": [[{"action": "NORTH", "reward": 0, "info": {}, "observation": {"remainingOverageTime": 12, "step": 0, "geese": [[10], [29], [5], [24]], "food": [43, 41], "index": 0}, "status": "ACTIVE"}, {"action": "NORTH", "reward": 0, "info": {}, "observation": {"remainingOverageTime": 12, "index": 1}, "status": "ACTIVE"}, {"action": "NORTH", "reward": 0, "info": {}, "observation": {"remainingOverageTime": 12, "index": 2}, "status": "ACTIVE"}, {"action": "NORTH", "reward": 0, "info": {}, "observation": {"remainingOverageTime": 12, "index": 3}, "status": "ACTIVE"}], [{"action": "SOUTH", "reward": 2, "info": {}, "observation": {"remainingOverageTime": 12, "step": 1, "geese": [[21], [30], [6], [35]], "food": [43, 41], "index": 0}, "status": "ACTIVE"}, {"action": "EAST", "reward": 2, "info": {}, "observation": {"remainingOverageTime": 12, "index": 1}, "status": "ACTIVE"}, {"action": "EAST", "reward": 2, "info": {}, "observation": {"remainingOverageTime": 12, "index": 2}, "status": "ACTIVE"}, {"action": "SOUTH", "reward": 2, "info": {}, "observation": {"remainingOverageTime": 12, "index": 3}, "status": "ACTIVE"}], [{"action": "SOUTH", "reward": 3, "info": {}, "observation": {"remainingOverageTime": 12, "step": 2, "geese": [[32], [41, 30], [17], [34]], "food": [43, 3], "index": 0}, "status": "ACTIVE"}, {"action": "SOUTH", "reward": 3, "info": {}, "observation": {"remainingOverageTime": 12, "index": 1}, "status": "ACTIVE"}, {"action": "SOUTH", "reward": 3, "info": {}, "observation": {"remainingOverageTime": 12, "index": 2}, "status": "ACTIVE"}, {"action": "WEST", "reward": 3, "info": {}, "observation": {"remainingOverageTime": 12, "index": 3}, "status": "ACTIVE"}], [{"action": "SOUTH", "reward": 4, "info": {}, "observation": {"remainingOverageTime": 12, "step": 3, "geese": [[43, 32], [42, 41], [16], [33]], "food": [3, 52], "index": 0}, "status": "ACTIVE"}, {"action": "EAST", "reward": 5, "info": {}, "observation": {"remainingOverageTime": 12, "index": 1}, "status": "ACTIVE"}, {"action": "WEST", "reward": 4, "info": {}, "observation": {"remainingOverageTime": 12, "index": 2}, "status": "ACTIVE"}, {"action": "WEST", "reward": 4, "info": {}, "observation": {"remainingOverageTime": 12, "index": 3}, "status": "ACTIVE"}], [{"action": "SOUTH", "reward": 6, "info": {}, "observation": {"remainingOverageTime": 12, "step": 4, "geese": [[54, 43], [53, 42], [5], [44]], "food": [3, 52], "index": 0}, "status": "ACTIVE"}, {"action": "SOUTH", "reward": 6, "info": {}, "observation": {"remainingOverageTime": 12, "index": 1}, "status": "ACTIVE"}, {"action": "NORTH", "reward": 5, "info": {}, "observation": {"remainingOverageTime": 12, "index": 2}, "status": "ACTIVE"}, {"action": "SOUTH", "reward": 5, "info": {}, "observation": {"remainingOverageTime": 12, "index": 3}, "status": "ACTIVE"}], [{"action": "SOUTH", "reward": 7, "info": {}, "observation": {"remainingOverageTime": 12, "step": 5, "geese": [[65, 54], [52, 53, 42], [4], [55]], "food": [3, 49], "index": 0}, "status": "ACTIVE"}, {"action": "WEST", "reward": 7, "info": {}, "observation": {"remainingOverageTime": 12, "index": 1}, "status": "ACTIVE"}, {"action": "WEST", "reward": 6, "info": {}, "observation": {"remainingOverageTime": 12, "index": 2}, "status": "ACTIVE"}, {"action": "SOUTH", "reward": 6, "info": {}, "observation": {"remainingOverageTime": 12, "index": 3}, "status": "ACTIVE"}], [{"action": "WEST", "reward": 8, "info": {}, "observation": {"remainingOverageTime": 12, "step": 6, "geese": [[64, 65], [51, 52, 53], [3, 4], [56]], "food": [49, 70], "index": 0}, "status": "ACTIVE"}, {"action": "WEST", "reward": 9, "info": {}, "observation": {"remainingOverageTime": 12, "index": 1}, "status": "ACTIVE"}, {"action": "WEST", "reward": 7, "info": {}, "observation": {"remainingOverageTime": 12, "index": 2}, "status": "ACTIVE"}, {"action": "EAST", "reward": 7, "info": {}, "observation": {"remainingOverageTime": 12, "index": 3}, "status": "ACTIVE"}], [{"action": "WEST", "reward": 9, "info": {}, "observation": {"remainingOverageTime": 12, "step": 7, "geese": [[63, 64], [50, 51, 52], [69, 3], [67]], "food": [49, 70], "index": 0}, "status": "ACTIVE"}, {"action": "WEST", "reward": 10, "info": {}, "observation": {"remainingOverageTime": 12, "index": 1}, "status": "ACTIVE"}, {"action": "NORTH", "reward": 9, "info": {}, "observation": {"remainingOverageTime": 12, "index": 2}, "status": "ACTIVE"}, {"action": "SOUTH", "reward": 8, "info": {}, "observation": {"remainingOverageTime": 12, "index": 3}, "status": "ACTIVE"}], [{"action": "WEST", "reward": 10, "info": {}, "observation": {"remainingOverageTime": 12, "step": 8, "geese": [[62, 63], [49, 50, 51, 52], [70, 69, 3], [1]], "food": [8, 22], "index": 0}, "status": "ACTIVE"}, {"action": "WEST", "reward": 11, "info": {}, "observation": {"remainingOverageTime": 12, "index": 1}, "status": "ACTIVE"}, {"action": "EAST", "reward": 10, "info": {}, "observation": {"remainingOverageTime": 12, "index": 2}, "status": "ACTIVE"}, {"action": "SOUTH", "reward": 9, "info": {}, "observation": {"remainingOverageTime": 12, "index": 3}, "status": "ACTIVE"}], [{"action": "SOUTH", "reward": 11, "info": {}, "observation": {"remainingOverageTime": 12, "step": 9, "geese": [[73, 62], [60, 49, 50, 51], [71, 70, 69], [0]], "food": [8, 22], "index": 0}, "status": "ACTIVE"}, {"action": "SOUTH", "reward": 13, "info": {}, "observation": {"remainingOverageTime": 12, "index": 1}, "status": "ACTIVE"}, {"action": "EAST", "reward": 12, "info": {}, "observation": {"remainingOverageTime": 12, "index": 2}, "status": "ACTIVE"}, {"action": "WEST", "reward": 10, "info": {}, "observation": {"remainingOverageTime": 12, "index": 3}, "status": "ACTIVE"}], [{"action": "EAST", "reward": 12, "info": {}, "observation": {"remainingOverageTime": 12, "step": 10, "geese": [[74, 73], [61, 60, 49, 50], [5, 71, 70], [11]], "food": [8, 22], "index": 0}, "status": "ACTIVE"}, {"action": "EAST", "reward": 14, "info": {}, "observation": {"remainingOverageTime": 12, "index": 1}, "status": "ACTIVE"}, {"action": "SOUTH", "reward": 13, "info": {}, "observation": {"remainingOverageTime": 12, "index": 2}, "status": "ACTIVE"}, {"action": "SOUTH", "reward": 11, "info": {}, "observation": {"remainingOverageTime": 12, "index": 3}, "status": "ACTIVE"}], [{"action": "SOUTH", "reward": 13, "info": {}, "observation": {"remainingOverageTime": 12, "step": 11, "geese": [[8, 74, 73], [72, 61, 60, 49], [6, 5, 71], [22, 11]], "food": [21, 20], "index": 0}, "status": "ACTIVE"}, {"action": "SOUTH", "reward": 15, "info": {}, "observation": {"remainingOverageTime": 12, "index": 1}, "status": "ACTIVE"}, {"action": "EAST", "reward": 14, "info": {}, "observation": {"remainingOverageTime": 12, "index": 2}, "status": "ACTIVE"}, {"action": "SOUTH", "reward": 12, "info": {}, "observation": {"remainingOverageTime": 12, "index": 3}, "status": "ACTIVE"}], [{"action": "EAST", "reward": 15, "info": {}, "observation": {"remainingOverageTime": 12, "step": 12, "geese": [[9, 8, 74], [73, 72, 61, 60], [17, 6, 5], [32, 22]], "food": [21, 20], "index": 0}, "status": "ACTIVE"}, {"action": "EAST", "reward": 16, "info": {}, "observation": {"remainingOverageTime": 12, "index": 1}, "status": "ACTIVE"}, {"action": "SOUTH", "reward": 15, "info": {}, "observation": {"remainingOverageTime": 12, "index": 2}, "status": "ACTIVE"}, {"action": "WEST", "reward": 14, "info": {}, "observation": {"remainingOverageTime": 12, "index": 3}, "status": "ACTIVE"}], [{"action": "SOUTH", "reward": 16, "info": {}, "observation": {"remainingOverageTime": 12, "step": 13, "geese": [[20, 9, 8, 74], [7, 73, 72, 61], [18, 17, 6], [21, 32, 22]], "food": [58, 62], "index": 0}, "status": "ACTIVE"}, {"action": "SOUTH", "reward": 17, "info": {}, "observation": {"remainingOverageTime": 12, "index": 1}, "status": "ACTIVE"}, {"action": "EAST", "reward": 16, "info": {}, "observation": {"remainingOverageTime": 12, "index": 2}, "status": "ACTIVE"}, {"action": "NORTH", "reward": 15, "info": {}, "observation": {"remainingOverageTime": 12, "index": 3}, "status": "ACTIVE"}], [{"action": "SOUTH", "reward": 18, "info": {}, "observation": {"remainingOverageTime": 12, "step": 14, "geese": [[31, 20, 9, 8], [6, 7, 73, 72], [29, 18, 17], [10, 21, 32]], "food": [58, 62], "index": 0}, "status": "ACTIVE"}, {"action": "WEST", "reward": 18, "info": {}, "observation": {"remainingOverageTime": 12, "index": 1}, "status": "ACTIVE"}, {"action": "SOUTH", "reward": 17, "info": {}, "observation": {"remainingOverageTime": 12, "index": 2}, "status": "ACTIVE"}, {"action": "NORTH", "reward": 17, "info": {}, "observation": {"remainingOverageTime": 12, "index": 3}, "status": "ACTIVE"}], [{"action": "SOUTH", "reward": 19, "info": {}, "observation": {"remainingOverageTime": 12, "step": 15, "geese": [[42, 31, 20, 9], [72, 6, 7, 73], [40, 29, 18], [76, 10, 21]], "food": [58, 62], "index": 0}, "status": "ACTIVE"}, {"action": "NORTH", "reward": 19, "info": {}, "observation": {"remainingOverageTime": 12, "index": 1}, "status": "ACTIVE"}, {"action": "SOUTH", "reward": 18, "info": {}, "observation": {"remainingOverageTime": 12, "index": 2}, "status": "ACTIVE"}, {"action": "NORTH", "reward": 18, "info": {}, "observation": {"remainingOverageTime": 12, "index": 3}, "status": "ACTIVE"}], [{"action": "SOUTH", "reward": 20, "info": {}, "observation": {"remainingOverageTime": 12, "step": 16, "geese": [[53, 42, 31, 20], [61, 72, 6, 7], [51, 40, 29], [75, 76, 10]], "food": [58, 62], "index": 0}, "status": "ACTIVE"}, {"action": "NORTH", "reward": 20, "info": {}, "observation": {"remainingOverageTime": 12, "index": 1}, "status": "ACTIVE"}, {"action": "SOUTH", "reward": 19, "info": {}, "observation": {"remainingOverageTime": 12, "index": 2}, "status": "ACTIVE"}, {"action": "WEST", "reward": 19, "info": {}, "observation": {"remainingOverageTime": 12, "index": 3}, "status": "ACTIVE"}], [{"action": "EAST", "reward": 21, "info": {}, "observation": {"remainingOverageTime": 12, "step": 17, "geese": [[54, 53, 42, 31], [60, 61, 72, 6], [62, 51, 40, 29], [9, 75, 76]], "food": [58, 15], "index": 0}, "status": "ACTIVE"}, {"action": "WEST", "reward": 21, "info": {}, "observation": {"remainingOverageTime": 12, "index": 1}, "status": "ACTIVE"}, {"action": "SOUTH", "reward": 20, "info": {}, "observation": {"remainingOverageTime": 12, "index": 2}, "status": "ACTIVE"}, {"action": "SOUTH", "reward": 20, "info": {}, "observation": {"remainingOverageTime": 12, "index": 3}, "status": "ACTIVE"}], [{"action": "SOUTH", "reward": 22, "info": {}, "observation": {"remainingOverageTime": 12, "step": 18, "geese": [[65, 54, 53, 42], [59, 60, 61, 72], [73, 62, 51, 40], [8, 9, 75]], "food": [58, 15], "index": 0}, "status": "ACTIVE"}, {"action": "WEST", "reward": 22, "info": {}, "observation": {"remainingOverageTime": 12, "index": 1}, "status": "ACTIVE"}, {"action": "SOUTH", "reward": 22, "info": {}, "observation": {"remainingOverageTime": 12, "index": 2}, "status": "ACTIVE"}, {"action": "WEST", "reward": 21, "info": {}, "observation": {"remainingOverageTime": 12, "index": 3}, "status": "ACTIVE"}], [{"action": "EAST", "reward": 23, "info": {}, "observation": {"remainingOverageTime": 12, "step": 19, "geese": [[55, 65, 54, 53], [58, 59, 60, 61, 72], [74, 73, 62, 51], [19, 8, 9]], "food": [15, 11], "index": 0}, "status": "ACTIVE"}, {"action": "WEST", "reward": 23, "info": {}, "observation": {"remainingOverageTime": 12, "index": 1}, "status": "ACTIVE"}, {"action": "EAST", "reward": 23, "info": {}, "observation": {"remainingOverageTime": 12, "index": 2}, "status": "ACTIVE"}, {"action": "SOUTH", "reward": 22, "info": {}, "observation": {"remainingOverageTime": 12, "index": 3}, "status": "ACTIVE"}], [{"action": "SOUTH", "reward": 24, "info": {}, "observation": {"remainingOverageTime": 12, "step": 20, "geese": [[66, 55, 65, 54], [69, 58, 59, 60, 61], [75, 74, 73, 62], [20, 19, 8]], "food": [15, 11], "index": 0}, "status": "ACTIVE"}, {"action": "SOUTH", "reward": 25, "info": {}, "observation": {"remainingOverageTime": 12, "index": 1}, "status": "ACTIVE"}, {"action": "EAST", "reward": 24, "info": {}, "observation": {"remainingOverageTime": 12, "index": 2}, "status": "ACTIVE"}, {"action": "EAST", "reward": 23, "info": {}, "observation": {"remainingOverageTime": 12, "index": 3}, "status": "ACTIVE"}], [{"action": "SOUTH", "reward": 25, "info": {}, "observation": {"remainingOverageTime": 12, "step": 21, "geese": [[0, 66, 55, 65], [70, 69, 58, 59, 60], [64, 75, 74, 73], [21, 20, 19]], "food": [15, 11], "index": 0}, "status": "ACTIVE"}, {"action": "EAST", "reward": 26, "info": {}, "observation": {"remainingOverageTime": 12, "index": 1}, "status": "ACTIVE"}, {"action": "NORTH", "reward": 25, "info": {}, "observation": {"remainingOverageTime": 12, "index": 2}, "status": "ACTIVE"}, {"action": "EAST", "reward": 24, "info": {}, "observation": {"remainingOverageTime": 12, "index": 3}, "status": "ACTIVE"}], [{"action": "EAST", "reward": 26, "info": {}, "observation": {"remainingOverageTime": 12, "step": 22, "geese": [[1, 0, 66, 55], [4, 70, 69, 58, 59], [53, 64, 75, 74], [32, 21, 20]], "food": [15, 11], "index": 0}, "status": "ACTIVE"}, {"action": "SOUTH", "reward": 27, "info": {}, "observation": {"remainingOverageTime": 12, "index": 1}, "status": "ACTIVE"}, {"action": "NORTH", "reward": 26, "info": {}, "observation": {"remainingOverageTime": 12, "index": 2}, "status": "ACTIVE"}, {"action": "SOUTH", "reward": 25, "info": {}, "observation": {"remainingOverageTime": 12, "index": 3}, "status": "ACTIVE"}], [{"action": "SOUTH", "reward": 27, "info": {}, "observation": {"remainingOverageTime": 12, "step": 23, "geese": [[12, 1, 0, 66], [15, 4, 70, 69, 58, 59], [54, 53, 64, 75], [22, 32, 21]], "food": [11, 48], "index": 0}, "status": "ACTIVE"}, {"action": "SOUTH", "reward": 28, "info": {}, "observation": {"remainingOverageTime": 12, "index": 1}, "status": "ACTIVE"}, {"action": "EAST", "reward": 27, "info": {}, "observation": {"remainingOverageTime": 12, "index": 2}, "status": "ACTIVE"}, {"action": "EAST", "reward": 26, "info": {}, "observation": {"remainingOverageTime": 12, "index": 3}, "status": "ACTIVE"}], [{"action": "EAST", "reward": 28, "info": {}, "observation": {"remainingOverageTime": 12, "step": 24, "geese": [[13, 12, 1, 0], [26, 15, 4, 70, 69, 58], [44, 54, 53, 64], [33, 22, 32]], "food": [11, 48], "index": 0}, "status": "ACTIVE"}, {"action": "SOUTH", "reward": 30, "info": {}, "observation": {"remainingOverageTime": 12, "index": 1}, "status": "ACTIVE"}, {"action": "EAST", "reward": 28, "info": {}, "observation": {"remainingOverageTime": 12, "index": 2}, "status": "ACTIVE"}, {"action": "SOUTH", "reward": 27, "info": {}, "observation": {"remainingOverageTime": 12, "index": 3}, "status": "ACTIVE"}], [{"action": "EAST", "reward": 29, "info": {}, "observation": {"remainingOverageTime": 12, "step": 25, "geese": [[14, 13, 12, 1], [37, 26, 15, 4, 70, 69], [45, 44, 54, 53], [43, 33, 22]], "food": [11, 48], "index": 0}, "status": "ACTIVE"}, {"action": "SOUTH", "reward": 31, "info": {}, "observation": {"remainingOverageTime": 12, "index": 1}, "status": "ACTIVE"}, {"action": "EAST", "reward": 29, "info": {}, "observation": {"remainingOverageTime": 12, "index": 2}, "status": "ACTIVE"}, {"action": "WEST", "reward": 28, "info": {}, "observation": {"remainingOverageTime": 12, "index": 3}, "status": "ACTIVE"}], [{"action": "SOUTH", "reward": 30, "info": {}, "observation": {"remainingOverageTime": 12, "step": 26, "geese": [[25, 14, 13, 12], [48, 37, 26, 15, 4, 70, 69], [46, 45, 44, 54], [32, 43, 33]], "food": [11, 21], "index": 0}, "status": "ACTIVE"}, {"action": "SOUTH", "reward": 32, "info": {}, "observation": {"remainingOverageTime": 12, "index": 1}, "status": "ACTIVE"}, {"action": "EAST", "reward": 30, "info": {}, "observation": {"remainingOverageTime": 12, "index": 2}, "status": "ACTIVE"}, {"action": "NORTH", "reward": 29, "info": {}, "observation": {"remainingOverageTime": 12, "index": 3}, "status": "ACTIVE"}], [{"action": "WEST", "reward": 31, "info": {}, "observation": {"remainingOverageTime": 12, "step": 27, "geese": [[24, 25, 14, 13], [59, 48, 37, 26, 15, 4, 70], [35, 46, 45, 44], [21, 32, 43, 33]], "food": [11, 51], "index": 0}, "status": "ACTIVE"}, {"action": "SOUTH", "reward": 34, "info": {}, "observation": {"remainingOverageTime": 12, "index": 1}, "status": "ACTIVE"}, {"action": "NORTH", "reward": 31, "info": {}, "observation": {"remainingOverageTime": 12, "index": 2}, "status": "ACTIVE"}, {"action": "NORTH", "reward": 30, "info": {}, "observation": {"remainingOverageTime": 12, "index": 3}, "status": "ACTIVE"}], [{"action": "NORTH", "reward": 32, "info": {}, "observation": {"remainingOverageTime": 12, "step": 28, "geese": [[13, 24, 25, 14], [60, 59, 48, 37, 26, 15, 4], [34, 35, 46, 45], [11, 21, 32, 43, 33]], "food": [51, 2], "index": 0}, "status": "ACTIVE"}, {"action": "EAST", "reward": 35, "info": {}, "observation": {"remainingOverageTime": 12, "index": 1}, "status": "ACTIVE"}, {"action": "WEST", "reward": 32, "info": {}, "observation": {"remainingOverageTime": 12, "index": 2}, "status": "ACTIVE"}, {"action": "EAST", "reward": 32, "info": {}, "observation": {"remainingOverageTime": 12, "index": 3}, "status": "ACTIVE"}], [{"action": "NORTH", "reward": 33, "info": {}, "observation": {"remainingOverageTime": 12, "step": 29, "geese": [[2, 13, 24, 25, 14], [61, 60, 59, 48, 37, 26, 15], [23, 34, 35, 46], [0, 11, 21, 32, 43]], "food": [51, 56], "index": 0}, "status": "ACTIVE"}, {"action": "EAST", "reward": 36, "info": {}, "observation": {"remainingOverageTime": 12, "index": 1}, "status": "ACTIVE"}, {"action": "NORTH", "reward": 33, "info": {}, "observation": {"remainingOverageTime": 12, "index": 2}, "status": "ACTIVE"}, {"action": "NORTH", "reward": 34, "info": {}, "observation": {"remainingOverageTime": 12, "index": 3}, "status": "ACTIVE"}], [{"action": "NORTH", "reward": 35, "info": {}, "observation": {"remainingOverageTime": 12, "step": 30, "geese": [[68, 2, 13, 24, 25], [62, 61, 60, 59, 48, 37, 26], [12, 23, 34, 35], [66, 0, 11, 21, 32]], "food": [51, 56], "index": 0}, "status": "ACTIVE"}, {"action": "EAST", "reward": 37, "info": {}, "observation": {"remainingOverageTime": 12, "index": 1}, "status": "ACTIVE"}, {"action": "NORTH", "reward": 34, "info": {}, "observation": {"remainingOverageTime": 12, "index": 2}, "status": "ACTIVE"}, {"action": "NORTH", "reward": 35, "info": {}, "observation": {"remainingOverageTime": 12, "index": 3}, "status": "ACTIVE"}], [{"action": "NORTH", "reward": 36, "info": {}, "observation": {"remainingOverageTime": 12, "step": 31, "geese": [[57, 68, 2, 13, 24], [51, 62, 61, 60, 59, 48, 37, 26], [1, 12, 23, 34], [55, 66, 0, 11, 21]], "food": [56, 39], "index": 0}, "status": "ACTIVE"}, {"action": "NORTH", "reward": 38, "info": {}, "observation": {"remainingOverageTime": 12, "index": 1}, "status": "ACTIVE"}, {"action": "NORTH", "reward": 35, "info": {}, "observation": {"remainingOverageTime": 12, "index": 2}, "status": "ACTIVE"}, {"action": "NORTH", "reward": 36, "info": {}, "observation": {"remainingOverageTime": 12, "index": 3}, "status": "ACTIVE"}], [{"action": "NORTH", "reward": 37, "info": {}, "observation": {"remainingOverageTime": 12, "step": 32, "geese": [[46, 57, 68, 2, 13], [40, 51, 62, 61, 60, 59, 48, 37], [67, 1, 12, 23], [65, 55, 66, 0, 11]], "food": [56, 39], "index": 0}, "status": "ACTIVE"}, {"action": "NORTH", "reward": 40, "info": {}, "observation": {"remainingOverageTime": 12, "index": 1}, "status": "ACTIVE"}, {"action": "NORTH", "reward": 36, "info": {}, "observation": {"remainingOverageTime": 12, "index": 2}, "status": "ACTIVE"}, {"action": "WEST", "reward": 37, "info": {}, "observation": {"remainingOverageTime": 12, "index": 3}, "status": "ACTIVE"}], [{"action": "WEST", "reward": 38, "info": {}, "observation": {"remainingOverageTime": 12, "step": 33, "geese": [[45, 46, 57, 68, 2], [39, 40, 51, 62, 61, 60, 59, 48, 37], [56, 67, 1, 12, 23], [54, 65, 55, 66, 0]], "food": [6, 31], "index": 0}, "status": "ACTIVE"}, {"action": "WEST", "reward": 41, "info": {}, "observation": {"remainingOverageTime": 12, "index": 1}, "status": "ACTIVE"}, {"action": "NORTH", "reward": 37, "info": {}, "observation": {"remainingOverageTime": 12, "index": 2}, "status": "ACTIVE"}, {"action": "NORTH", "reward": 38, "info": {}, "observation": {"remainingOverageTime": 12, "index": 3}, "status": "ACTIVE"}], [{"action": "NORTH", "reward": 39, "info": {}, "observation": {"remainingOverageTime": 12, "step": 34, "geese": [[], [28, 39, 40, 51, 62, 61, 60, 59, 48], [], [43, 54, 65, 55, 66]], "food": [6, 31], "index": 0}, "status": "DONE"}, {"action": "NORTH", "reward": 43, "info": {}, "observation": {"remainingOverageTime": 12, "index": 1}, "status": "ACTIVE"}, {"action": "EAST", "reward": 39, "info": {}, "observation": {"remainingOverageTime": 12, "index": 2}, "status": "DONE"}, {"action": "NORTH", "reward": 39, "info": {}, "observation": {"remainingOverageTime": 12, "index": 3}, "status": "ACTIVE"}], [{"action": "NORTH", "reward": 39, "info": {}, "observation": {"remainingOverageTime": 12, "step": 35, "geese": [[], [17, 28, 39, 40, 51, 62, 61, 60, 59], [], [42, 43, 54, 65, 55]], "food": [6, 31], "index": 0}, "status": "DONE"}, {"action": "NORTH", "reward": 44, "info": {}, "observation": {"remainingOverageTime": 12, "index": 1}, "status": "ACTIVE"}, {"action": "NORTH", "reward": 39, "info": {}, "observation": {"remainingOverageTime": 12, "index": 2}, "status": "DONE"}, {"action": "WEST", "reward": 40, "info": {}, "observation": {"remainingOverageTime": 12, "index": 3}, "status": "ACTIVE"}], [{"action": "NORTH", "reward": 39, "info": {}, "observation": {"remainingOverageTime": 12, "step": 36, "geese": [[], [6, 17, 28, 39, 40, 51, 62, 61, 60, 59], [], [31, 42, 43, 54, 65, 55]], "food": [67, 76], "index": 0}, "status": "DONE"}, {"action": "NORTH", "reward": 45, "info": {}, "observation": {"remainingOverageTime": 12, "index": 1}, "status": "ACTIVE"}, {"action": "NORTH", "reward": 39, "info": {}, "observation": {"remainingOverageTime": 12, "index": 2}, "status": "DONE"}, {"action": "NORTH", "reward": 41, "info": {}, "observation": {"remainingOverageTime": 12, "index": 3}, "status": "ACTIVE"}], [{"action": "NORTH", "reward": 39, "info": {}, "observation": {"remainingOverageTime": 12, "step": 37, "geese": [[], [7, 6, 17, 28, 39, 40, 51, 62, 61, 60], [], [20, 31, 42, 43, 54, 65]], "food": [67, 76], "index": 0}, "status": "DONE"}, {"action": "EAST", "reward": 47, "info": {}, "observation": {"remainingOverageTime": 12, "index": 1}, "status": "ACTIVE"}, {"action": "NORTH", "reward": 39, "info": {}, "observation": {"remainingOverageTime": 12, "index": 2}, "status": "DONE"}, {"action": "NORTH", "reward": 43, "info": {}, "observation": {"remainingOverageTime": 12, "index": 3}, "status": "ACTIVE"}], [{"action": "NORTH", "reward": 39, "info": {}, "observation": {"remainingOverageTime": 12, "step": 38, "geese": [[], [8, 7, 6, 17, 28, 39, 40, 51, 62, 61], [], [21, 20, 31, 42, 43, 54]], "food": [67, 76], "index": 0}, "status": "DONE"}, {"action": "EAST", "reward": 48, "info": {}, "observation": {"remainingOverageTime": 12, "index": 1}, "status": "ACTIVE"}, {"action": "NORTH", "reward": 39, "info": {}, "observation": {"remainingOverageTime": 12, "index": 2}, "status": "DONE"}, {"action": "EAST", "reward": 44, "info": {}, "observation": {"remainingOverageTime": 12, "index": 3}, "status": "ACTIVE"}], [{"action": "NORTH", "reward": 39, "info": {}, "observation": {"remainingOverageTime": 12, "step": 39, "geese": [[], [9, 8, 7, 6, 17, 28, 39, 40, 51, 62], [], [10, 21, 20, 31, 42, 43]], "food": [67, 76], "index": 0}, "status": "DONE"}, {"action": "EAST", "reward": 49, "info": {}, "observation": {"remainingOverageTime": 12, "index": 1}, "status": "ACTIVE"}, {"action": "NORTH", "reward": 39, "info": {}, "observation": {"remainingOverageTime": 12, "index": 2}, "status": "DONE"}, {"action": "NORTH", "reward": 45, "info": {}, "observation": {"remainingOverageTime": 12, "index": 3}, "status": "ACTIVE"}], [{"action": "NORTH", "reward": 39, "info": {}, "observation": {"remainingOverageTime": 12, "step": 40, "geese": [[], [75, 9, 8, 7, 6, 17, 28, 39, 40], [], [76, 10, 21, 20, 31, 42]], "food": [67, 44], "index": 0}, "status": "DONE"}, {"action": "NORTH", "reward": 50, "info": {}, "observation": {"remainingOverageTime": 12, "index": 1}, "status": "ACTIVE"}, {"action": "NORTH", "reward": 39, "info": {}, "observation": {"remainingOverageTime": 12, "index": 2}, "status": "DONE"}, {"action": "NORTH", "reward": 46, "info": {}, "observation": {"remainingOverageTime": 12, "index": 3}, "status": "ACTIVE"}], [{"action": "NORTH", "reward": 39, "info": {}, "observation": {"remainingOverageTime": 12, "step": 41, "geese": [[], [64, 75, 9, 8, 7, 6, 17, 28, 39], [], [66, 76, 10, 21, 20, 31]], "food": [67, 44], "index": 0}, "status": "DONE"}, {"action": "NORTH", "reward": 50, "info": {}, "observation": {"remainingOverageTime": 12, "index": 1}, "status": "ACTIVE"}, {"action": "NORTH", "reward": 39, "info": {}, "observation": {"remainingOverageTime": 12, "index": 2}, "status": "DONE"}, {"action": "EAST", "reward": 47, "info": {}, "observation": {"remainingOverageTime": 12, "index": 3}, "status": "ACTIVE"}], [{"action": "NORTH", "reward": 39, "info": {}, "observation": {"remainingOverageTime": 12, "step": 42, "geese": [[], [65, 64, 75, 9, 8, 7, 6, 17, 28], [], [67, 66, 76, 10, 21, 20, 31]], "food": [44, 42], "index": 0}, "status": "DONE"}, {"action": "EAST", "reward": 51, "info": {}, "observation": {"remainingOverageTime": 12, "index": 1}, "status": "ACTIVE"}, {"action": "NORTH", "reward": 39, "info": {}, "observation": {"remainingOverageTime": 12, "index": 2}, "status": "DONE"}, {"action": "EAST", "reward": 48, "info": {}, "observation": {"remainingOverageTime": 12, "index": 3}, "status": "ACTIVE"}], [{"action": "NORTH", "reward": 39, "info": {}, "observation": {"remainingOverageTime": 12, "step": 43, "geese": [[], [54, 65, 64, 75, 9, 8, 7, 6, 17], [], [56, 67, 66, 76, 10, 21, 20]], "food": [44, 42], "index": 0}, "status": "DONE"}, {"action": "NORTH", "reward": 52, "info": {}, "observation": {"remainingOverageTime": 12, "index": 1}, "status": "ACTIVE"}, {"action": "NORTH", "reward": 39, "info": {}, "observation": {"remainingOverageTime": 12, "index": 2}, "status": "DONE"}, {"action": "NORTH", "reward": 50, "info": {}, "observation": {"remainingOverageTime": 12, "index": 3}, "status": "ACTIVE"}], [{"action": "NORTH", "reward": 39, "info": {}, "observation": {"remainingOverageTime": 12, "step": 44, "geese": [[], [44, 54, 65, 64, 75, 9, 8, 7, 6, 17], [], [45, 56, 67, 66, 76, 10, 21]], "food": [42, 38], "index": 0}, "status": "DONE"}, {"action": "EAST", "reward": 53, "info": {}, "observation": {"remainingOverageTime": 12, "index": 1}, "status": "ACTIVE"}, {"action": "NORTH", "reward": 39, "info": {}, "observation": {"remainingOverageTime": 12, "index": 2}, "status": "DONE"}, {"action": "NORTH", "reward": 51, "info": {}, "observation": {"remainingOverageTime": 12, "index": 3}, "status": "ACTIVE"}], [{"action": "NORTH", "reward": 39, "info": {}, "observation": {"remainingOverageTime": 12, "step": 45, "geese": [[], [33, 44, 54, 65, 64, 75, 9, 8, 7, 6], [], [34, 45, 56, 67, 66, 76, 10]], "food": [42, 38], "index": 0}, "status": "DONE"}, {"action": "NORTH", "reward": 55, "info": {}, "observation": {"remainingOverageTime": 12, "index": 1}, "status": "ACTIVE"}, {"action": "NORTH", "reward": 39, "info": {}, "observation": {"remainingOverageTime": 12, "index": 2}, "status": "DONE"}, {"action": "NORTH", "reward": 52, "info": {}, "observation": {"remainingOverageTime": 12, "index": 3}, "status": "ACTIVE"}], [{"action": "NORTH", "reward": 39, "info": {}, "observation": {"remainingOverageTime": 12, "step": 46, "geese": [[], [43, 33, 44, 54, 65, 64, 75, 9, 8, 7], [], [35, 34, 45, 56, 67, 66, 76]], "food": [42, 38], "index": 0}, "status": "DONE"}, {"action": "WEST", "reward": 56, "info": {}, "observation": {"remainingOverageTime": 12, "index": 1}, "status": "ACTIVE"}, {"action": "NORTH", "reward": 39, "info": {}, "observation": {"remainingOverageTime": 12, "index": 2}, "status": "DONE"}, {"action": "EAST", "reward": 53, "info": {}, "observation": {"remainingOverageTime": 12, "index": 3}, "status": "ACTIVE"}], [{"action": "NORTH", "reward": 39, "info": {}, "observation": {"remainingOverageTime": 12, "step": 47, "geese": [[], [42, 43, 33, 44, 54, 65, 64, 75, 9, 8, 7], [], [36, 35, 34, 45, 56, 67, 66]], "food": [38, 18], "index": 0}, "status": "DONE"}, {"action": "WEST", "reward": 57, "info": {}, "observation": {"remainingOverageTime": 12, "index": 1}, "status": "ACTIVE"}, {"action": "NORTH", "reward": 39, "info": {}, "observation": {"remainingOverageTime": 12, "index": 2}, "status": "DONE"}, {"action": "EAST", "reward": 54, "info": {}, "observation": {"remainingOverageTime": 12, "index": 3}, "status": "ACTIVE"}], [{"action": "NORTH", "reward": 39, "info": {}, "observation": {"remainingOverageTime": 12, "step": 48, "geese": [[], [41, 42, 43, 33, 44, 54, 65, 64, 75, 9, 8], [], [37, 36, 35, 34, 45, 56, 67]], "food": [38, 18], "index": 0}, "status": "DONE"}, {"action": "WEST", "reward": 59, "info": {}, "observation": {"remainingOverageTime": 12, "index": 1}, "status": "ACTIVE"}, {"action": "NORTH", "reward": 39, "info": {}, "observation": {"remainingOverageTime": 12, "index": 2}, "status": "DONE"}, {"action": "EAST", "reward": 55, "info": {}, "observation": {"remainingOverageTime": 12, "index": 3}, "status": "ACTIVE"}], [{"action": "NORTH", "reward": 39, "info": {}, "observation": {"remainingOverageTime": 12, "step": 49, "geese": [[], [40, 41, 42, 43, 33, 44, 54, 65, 64, 75, 9], [], [38, 37, 36, 35, 34, 45, 56, 67]], "food": [18, 2], "index": 0}, "status": "DONE"}, {"action": "WEST", "reward": 60, "info": {}, "observation": {"remainingOverageTime": 12, "index": 1}, "status": "ACTIVE"}, {"action": "NORTH", "reward": 39, "info": {}, "observation": {"remainingOverageTime": 12, "index": 2}, "status": "DONE"}, {"action": "EAST", "reward": 56, "info": {}, "observation": {"remainingOverageTime": 12, "index": 3}, "status": "ACTIVE"}], [{"action": "NORTH", "reward": 39, "info": {}, "observation": {"remainingOverageTime": 12, "step": 50, "geese": [[], [29, 40, 41, 42, 43, 33, 44, 54, 65, 64, 75], [], [27, 38, 37, 36, 35, 34, 45, 56]], "food": [18, 2], "index": 0}, "status": "DONE"}, {"action": "NORTH", "reward": 61, "info": {}, "observation": {"remainingOverageTime": 12, "index": 1}, "status": "ACTIVE"}, {"action": "NORTH", "reward": 39, "info": {}, "observation": {"remainingOverageTime": 12, "index": 2}, "status": "DONE"}, {"action": "NORTH", "reward": 58, "info": {}, "observation": {"remainingOverageTime": 12, "index": 3}, "status": "ACTIVE"}], [{"action": "NORTH", "reward": 39, "info": {}, "observation": {"remainingOverageTime": 12, "step": 51, "geese": [[], [18, 29, 40, 41, 42, 43, 33, 44, 54, 65, 64, 75], [], [16, 27, 38, 37, 36, 35, 34, 45]], "food": [2, 61], "index": 0}, "status": "DONE"}, {"action": "NORTH", "reward": 62, "info": {}, "observation": {"remainingOverageTime": 12, "index": 1}, "status": "ACTIVE"}, {"action": "NORTH", "reward": 39, "info": {}, "observation": {"remainingOverageTime": 12, "index": 2}, "status": "DONE"}, {"action": "NORTH", "reward": 59, "info": {}, "observation": {"remainingOverageTime": 12, "index": 3}, "status": "ACTIVE"}], [{"action": "NORTH", "reward": 39, "info": {}, "observation": {"remainingOverageTime": 12, "step": 52, "geese": [[], [7, 18, 29, 40, 41, 42, 43, 33, 44, 54, 65, 64], [], [5, 16, 27, 38, 37, 36, 35, 34]], "food": [2, 61], "index": 0}, "status": "DONE"}, {"action": "NORTH", "reward": 64, "info": {}, "observation": {"remainingOverageTime": 12, "index": 1}, "status": "ACTIVE"}, {"action": "NORTH", "reward": 39, "info": {}, "observation": {"remainingOverageTime": 12, "index": 2}, "status": "DONE"}, {"action": "NORTH", "reward": 60, "info": {}, "observation": {"remainingOverageTime": 12, "index": 3}, "status": "ACTIVE"}], [{"action": "NORTH", "reward": 39, "info": {}, "observation": {"remainingOverageTime": 12, "step": 53, "geese": [[], [73, 7, 18, 29, 40, 41, 42, 43, 33, 44, 54, 65], [], [4, 5, 16, 27, 38, 37, 36, 35]], "food": [2, 61], "index": 0}, "status": "DONE"}, {"action": "NORTH", "reward": 65, "info": {}, "observation": {"remainingOverageTime": 12, "index": 1}, "status": "ACTIVE"}, {"action": "NORTH", "reward": 39, "info": {}, "observation": {"remainingOverageTime": 12, "index": 2}, "status": "DONE"}, {"action": "WEST", "reward": 61, "info": {}, "observation": {"remainingOverageTime": 12, "index": 3}, "status": "ACTIVE"}], [{"action": "NORTH", "reward": 39, "info": {}, "observation": {"remainingOverageTime": 12, "step": 54, "geese": [[], [62, 73, 7, 18, 29, 40, 41, 42, 43, 33, 44, 54], [], [3, 4, 5, 16, 27, 38, 37, 36]], "food": [2, 61], "index": 0}, "status": "DONE"}, {"action": "NORTH", "reward": 66, "info": {}, "observation": {"remainingOverageTime": 12, "index": 1}, "status": "ACTIVE"}, {"action": "NORTH", "reward": 39, "info": {}, "observation": {"remainingOverageTime": 12, "index": 2}, "status": "DONE"}, {"action": "WEST", "reward": 62, "info": {}, "observation": {"remainingOverageTime": 12, "index": 3}, "status": "ACTIVE"}], [{"action": "NORTH", "reward": 39, "info": {}, "observation": {"remainingOverageTime": 12, "step": 55, "geese": [[], [61, 62, 73, 7, 18, 29, 40, 41, 42, 43, 33, 44, 54], [], [2, 3, 4, 5, 16, 27, 38, 37, 36]], "food": [51, 68], "index": 0}, "status": "DONE"}, {"action": "WEST", "reward": 67, "info": {}, "observation": {"remainingOverageTime": 12, "index": 1}, "status": "ACTIVE"}, {"action": "NORTH", "reward": 39, "info": {}, "observation": {"remainingOverageTime": 12, "index": 2}, "status": "DONE"}, {"action": "WEST", "reward": 63, "info": {}, "observation": {"remainingOverageTime": 12, "index": 3}, "status": "ACTIVE"}], [{"action": "NORTH", "reward": 39, "info": {}, "observation": {"remainingOverageTime": 12, "step": 56, "geese": [[], [50, 61, 62, 73, 7, 18, 29, 40, 41, 42, 43, 33, 44], [], [68, 2, 3, 4, 5, 16, 27, 38, 37, 36]], "food": [51, 1], "index": 0}, "status": "DONE"}, {"action": "NORTH", "reward": 69, "info": {}, "observation": {"remainingOverageTime": 12, "index": 1}, "status": "ACTIVE"}, {"action": "NORTH", "reward": 39, "info": {}, "observation": {"remainingOverageTime": 12, "index": 2}, "status": "DONE"}, {"action": "NORTH", "reward": 65, "info": {}, "observation": {"remainingOverageTime": 12, "index": 3}, "status": "ACTIVE"}], [{"action": "NORTH", "reward": 39, "info": {}, "observation": {"remainingOverageTime": 12, "step": 57, "geese": [[], [39, 50, 61, 62, 73, 7, 18, 29, 40, 41, 42, 43, 33], [], [67, 68, 2, 3, 4, 5, 16, 27, 38, 37]], "food": [51, 1], "index": 0}, "status": "DONE"}, {"action": "NORTH", "reward": 70, "info": {}, "observation": {"remainingOverageTime": 12, "index": 1}, "status": "ACTIVE"}, {"action": "NORTH", "reward": 39, "info": {}, "observation": {"remainingOverageTime": 12, "index": 2}, "status": "DONE"}, {"action": "WEST", "reward": 67, "info": {}, "observation": {"remainingOverageTime": 12, "index": 3}, "status": "ACTIVE"}], [{"action": "NORTH", "reward": 39, "info": {}, "observation": {"remainingOverageTime": 12, "step": 58, "geese": [[], [28, 39, 50, 61, 62, 73, 7, 18, 29, 40, 41, 42, 43], [], [1, 67, 68, 2, 3, 4, 5, 16, 27, 38, 37]], "food": [51, 64], "index": 0}, "status": "DONE"}, {"action": "NORTH", "reward": 71, "info": {}, "observation": {"remainingOverageTime": 12, "index": 1}, "status": "ACTIVE"}, {"action": "NORTH", "reward": 39, "info": {}, "observation": {"remainingOverageTime": 12, "index": 2}, "status": "DONE"}, {"action": "SOUTH", "reward": 68, "info": {}, "observation": {"remainingOverageTime": 12, "index": 3}, "status": "ACTIVE"}], [{"action": "NORTH", "reward": 39, "info": {}, "observation": {"remainingOverageTime": 12, "step": 59, "geese": [[], [17, 28, 39, 50, 61, 62, 73, 7, 18, 29, 40, 41, 42], [], [0, 1, 67, 68, 2, 3, 4, 5, 16, 27, 38]], "food": [51, 64], "index": 0}, "status": "DONE"}, {"action": "NORTH", "reward": 72, "info": {}, "observation": {"remainingOverageTime": 12, "index": 1}, "status": "ACTIVE"}, {"action": "NORTH", "reward": 39, "info": {}, "observation": {"remainingOverageTime": 12, "index": 2}, "status": "DONE"}, {"action": "WEST", "reward": 70, "info": {}, "observation": {"remainingOverageTime": 12, "index": 3}, "status": "ACTIVE"}], [{"action": "NORTH", "reward": 39, "info": {}, "observation": {"remainingOverageTime": 12, "step": 60, "geese": [[], [6, 17, 28, 39, 50, 61, 62, 73, 7, 18, 29, 40, 41], [], [66, 0, 1, 67, 68, 2, 3, 4, 5, 16, 27]], "food": [51, 64], "index": 0}, "status": "DONE"}, {"action": "NORTH", "reward": 73, "info": {}, "observation": {"remainingOverageTime": 12, "index": 1}, "status": "ACTIVE"}, {"action": "NORTH", "reward": 39, "info": {}, "observation": {"remainingOverageTime": 12, "index": 2}, "status": "DONE"}, {"action": "NORTH", "reward": 71, "info": {}, "observation": {"remainingOverageTime": 12, "index": 3}, "status": "ACTIVE"}], [{"action": "NORTH", "reward": 39, "info": {}, "observation": {"remainingOverageTime": 12, "step": 61, "geese": [[], [72, 6, 17, 28, 39, 50, 61, 62, 73, 7, 18, 29, 40], [], [76, 66, 0, 1, 67, 68, 2, 3, 4, 5, 16]], "food": [51, 64], "index": 0}, "status": "DONE"}, {"action": "NORTH", "reward": 74, "info": {}, "observation": {"remainingOverageTime": 12, "index": 1}, "status": "ACTIVE"}, {"action": "NORTH", "reward": 39, "info": {}, "observation": {"remainingOverageTime": 12, "index": 2}, "status": "DONE"}, {"action": "WEST", "reward": 72, "info": {}, "observation": {"remainingOverageTime": 12, "index": 3}, "status": "ACTIVE"}], [{"action": "NORTH", "reward": 39, "info": {}, "observation": {"remainingOverageTime": 12, "step": 62, "geese": [[], [71, 72, 6, 17, 28, 39, 50, 61, 62, 73, 7, 18, 29], [], [75, 76, 66, 0, 1, 67, 68, 2, 3, 4, 5]], "food": [51, 64], "index": 0}, "status": "DONE"}, {"action": "WEST", "reward": 75, "info": {}, "observation": {"remainingOverageTime": 12, "index": 1}, "status": "ACTIVE"}, {"action": "NORTH", "reward": 39, "info": {}, "observation": {"remainingOverageTime": 12, "index": 2}, "status": "DONE"}, {"action": "WEST", "reward": 73, "info": {}, "observation": {"remainingOverageTime": 12, "index": 3}, "status": "ACTIVE"}], [{"action": "NORTH", "reward": 39, "info": {}, "observation": {"remainingOverageTime": 12, "step": 63, "geese": [[], [70, 71, 72, 6, 17, 28, 39, 50, 61, 62, 73, 7, 18], [], [64, 75, 76, 66, 0, 1, 67, 68, 2, 3, 4, 5]], "food": [51, 32], "index": 0}, "status": "DONE"}, {"action": "WEST", "reward": 76, "info": {}, "observation": {"remainingOverageTime": 12, "index": 1}, "status": "ACTIVE"}, {"action": "NORTH", "reward": 39, "info": {}, "observation": {"remainingOverageTime": 12, "index": 2}, "status": "DONE"}, {"action": "NORTH", "reward": 74, "info": {}, "observation": {"remainingOverageTime": 12, "index": 3}, "status": "ACTIVE"}], [{"action": "NORTH", "reward": 39, "info": {}, "observation": {"remainingOverageTime": 12, "step": 64, "geese": [[], [69, 70, 71, 72, 6, 17, 28, 39, 50, 61, 62, 73, 7], [], [53, 64, 75, 76, 66, 0, 1, 67, 68, 2, 3, 4]], "food": [51, 32], "index": 0}, "status": "DONE"}, {"action": "WEST", "reward": 77, "info": {}, "observation": {"remainingOverageTime": 12, "index": 1}, "status": "ACTIVE"}, {"action": "NORTH", "reward": 39, "info": {}, "observation": {"remainingOverageTime": 12, "index": 2}, "status": "DONE"}, {"action": "NORTH", "reward": 76, "info": {}, "observation": {"remainingOverageTime": 12, "index": 3}, "status": "ACTIVE"}], [{"action": "NORTH", "reward": 39, "info": {}, "observation": {"remainingOverageTime": 12, "step": 65, "geese": [[], [58, 69, 70, 71, 72, 6, 17, 28, 39, 50, 61, 62, 73], [], [52, 53, 64, 75, 76, 66, 0, 1, 67, 68, 2, 3]], "food": [51, 32], "index": 0}, "status": "DONE"}, {"action": "NORTH", "reward": 78, "info": {}, "observation": {"remainingOverageTime": 12, "index": 1}, "status": "ACTIVE"}, {"action": "NORTH", "reward": 39, "info": {}, "observation": {"remainingOverageTime": 12, "index": 2}, "status": "DONE"}, {"action": "WEST", "reward": 77, "info": {}, "observation": {"remainingOverageTime": 12, "index": 3}, "status": "ACTIVE"}], [{"action": "NORTH", "reward": 39, "info": {}, "observation": {"remainingOverageTime": 12, "step": 66, "geese": [[], [57, 58, 69, 70, 71, 72, 6, 17, 28, 39, 50, 61, 62], [], [51, 52, 53, 64, 75, 76, 66, 0, 1, 67, 68, 2, 3]], "food": [32, 54], "index": 0}, "status": "DONE"}, {"action": "WEST", "reward": 79, "info": {}, "observation": {"remainingOverageTime": 12, "index": 1}, "status": "ACTIVE"}, {"action": "NORTH", "reward": 39, "info": {}, "observation": {"remainingOverageTime": 12, "index": 2}, "status": "DONE"}, {"action": "WEST", "reward": 78, "info": {}, "observation": {"remainingOverageTime": 12, "index": 3}, "status": "ACTIVE"}], [{"action": "NORTH", "reward": 39, "info": {}, "observation": {"remainingOverageTime": 12, "step": 67, "geese": [[], [46, 57, 58, 69, 70, 71, 72, 6, 17, 28, 39, 50, 61], [], [40, 51, 52, 53, 64, 75, 76, 66, 0, 1, 67, 68, 2]], "food": [32, 54], "index": 0}, "status": "DONE"}, {"action": "NORTH", "reward": 80, "info": {}, "observation": {"remainingOverageTime": 12, "index": 1}, "status": "ACTIVE"}, {"action": "NORTH", "reward": 39, "info": {}, "observation": {"remainingOverageTime": 12, "index": 2}, "status": "DONE"}, {"action": "NORTH", "reward": 80, "info": {}, "observation": {"remainingOverageTime": 12, "index": 3}, "status": "ACTIVE"}], [{"action": "NORTH", "reward": 39, "info": {}, "observation": {"remainingOverageTime": 12, "step": 68, "geese": [[], [47, 46, 57, 58, 69, 70, 71, 72, 6, 17, 28, 39, 50], [], [41, 40, 51, 52, 53, 64, 75, 76, 66, 0, 1, 67, 68]], "food": [32, 54], "index": 0}, "status": "DONE"}, {"action": "EAST", "reward": 81, "info": {}, "observation": {"remainingOverageTime": 12, "index": 1}, "status": "ACTIVE"}, {"action": "NORTH", "reward": 39, "info": {}, "observation": {"remainingOverageTime": 12, "index": 2}, "status": "DONE"}, {"action": "EAST", "reward": 81, "info": {}, "observation": {"remainingOverageTime": 12, "index": 3}, "status": "ACTIVE"}], [{"action": "NORTH", "reward": 39, "info": {}, "observation": {"remainingOverageTime": 12, "step": 69, "geese": [[], [48, 47, 46, 57, 58, 69, 70, 71, 72, 6, 17, 28, 39], [], [30, 41, 40, 51, 52, 53, 64, 75, 76, 66, 0, 1, 67]], "food": [32, 54], "index": 0}, "status": "DONE"}, {"action": "EAST", "reward": 82, "info": {}, "observation": {"remainingOverageTime": 12, "index": 1}, "status": "ACTIVE"}, {"action": "NORTH", "reward": 39, "info": {}, "observation": {"remainingOverageTime": 12, "index": 2}, "status": "DONE"}, {"action": "NORTH", "reward": 82, "info": {}, "observation": {"remainingOverageTime": 12, "index": 3}, "status": "ACTIVE"}], [{"action": "NORTH", "reward": 39, "info": {}, "observation": {"remainingOverageTime": 12, "step": 70, "geese": [[], [49, 48, 47, 46, 57, 58, 69, 70, 71, 72, 6, 17, 28], [], [31, 30, 41, 40, 51, 52, 53, 64, 75, 76, 66, 0, 1]], "food": [32, 54], "index": 0}, "status": "DONE"}, {"action": "EAST", "reward": 83, "info": {}, "observation": {"remainingOverageTime": 12, "index": 1}, "status": "ACTIVE"}, {"action": "NORTH", "reward": 39, "info": {}, "observation": {"remainingOverageTime": 12, "index": 2}, "status": "DONE"}, {"action": "EAST", "reward": 83, "info": {}, "observation": {"remainingOverageTime": 12, "index": 3}, "status": "ACTIVE"}], [{"action": "NORTH", "reward": 39, "info": {}, "observation": {"remainingOverageTime": 12, "step": 71, "geese": [[], [50, 49, 48, 47, 46, 57, 58, 69, 70, 71, 72, 6, 17], [], [42, 31, 30, 41, 40, 51, 52, 53, 64, 75, 76, 66, 0]], "food": [32, 54], "index": 0}, "status": "DONE"}, {"action": "EAST", "reward": 84, "info": {}, "observation": {"remainingOverageTime": 12, "index": 1}, "status": "ACTIVE"}, {"action": "NORTH", "reward": 39, "info": {}, "observation": {"remainingOverageTime": 12, "index": 2}, "status": "DONE"}, {"action": "SOUTH", "reward": 84, "info": {}, "observation": {"remainingOverageTime": 12, "index": 3}, "status": "ACTIVE"}], [{"action": "NORTH", "reward": 39, "info": {}, "observation": {"remainingOverageTime": 12, "step": 72, "geese": [[], [39, 50, 49, 48, 47, 46, 57, 58, 69, 70, 71, 72, 6], [], [43, 42, 31, 30, 41, 40, 51, 52, 53, 64, 75, 76, 66]], "food": [32, 54], "index": 0}, "status": "DONE"}, {"action": "NORTH", "reward": 85, "info": {}, "observation": {"remainingOverageTime": 12, "index": 1}, "status": "ACTIVE"}, {"action": "NORTH", "reward": 39, "info": {}, "observation": {"remainingOverageTime": 12, "index": 2}, "status": "DONE"}, {"action": "EAST", "reward": 85, "info": {}, "observation": {"remainingOverageTime": 12, "index": 3}, "status": "ACTIVE"}], [{"action": "NORTH", "reward": 39, "info": {}, "observation": {"remainingOverageTime": 12, "step": 73, "geese": [[], [28, 39, 50, 49, 48, 47, 46, 57, 58, 69, 70, 71, 72], [], [33, 43, 42, 31, 30, 41, 40, 51, 52, 53, 64, 75, 76]], "food": [32, 54], "index": 0}, "status": "DONE"}, {"action": "NORTH", "reward": 86, "info": {}, "observation": {"remainingOverageTime": 12, "index": 1}, "status": "ACTIVE"}, {"action": "NORTH", "reward": 39, "info": {}, "observation": {"remainingOverageTime": 12, "index": 2}, "status": "DONE"}, {"action": "EAST", "reward": 86, "info": {}, "observation": {"remainingOverageTime": 12, "index": 3}, "status": "ACTIVE"}], [{"action": "NORTH", "reward": 39, "info": {}, "observation": {"remainingOverageTime": 12, "step": 74, "geese": [[], [17, 28, 39, 50, 49, 48, 47, 46, 57, 58, 69, 70, 71], [], [44, 33, 43, 42, 31, 30, 41, 40, 51, 52, 53, 64, 75]], "food": [32, 54], "index": 0}, "status": "DONE"}, {"action": "NORTH", "reward": 87, "info": {}, "observation": {"remainingOverageTime": 12, "index": 1}, "status": "ACTIVE"}, {"action": "NORTH", "reward": 39, "info": {}, "observation": {"remainingOverageTime": 12, "index": 2}, "status": "DONE"}, {"action": "SOUTH", "reward": 87, "info": {}, "observation": {"remainingOverageTime": 12, "index": 3}, "status": "ACTIVE"}], [{"action": "NORTH", "reward": 39, "info": {}, "observation": {"remainingOverageTime": 12, "step": 75, "geese": [[], [16, 17, 28, 39, 50, 49, 48, 47, 46, 57, 58, 69, 70], [], [45, 44, 33, 43, 42, 31, 30, 41, 40, 51, 52, 53, 64]], "food": [32, 54], "index": 0}, "status": "DONE"}, {"action": "WEST", "reward": 88, "info": {}, "observation": {"remainingOverageTime": 12, "index": 1}, "status": "ACTIVE"}, {"action": "NORTH", "reward": 39, "info": {}, "observation": {"remainingOverageTime": 12, "index": 2}, "status": "DONE"}, {"action": "EAST", "reward": 88, "info": {}, "observation": {"remainingOverageTime": 12, "index": 3}, "status": "ACTIVE"}], [{"action": "NORTH", "reward": 39, "info": {}, "observation": {"remainingOverageTime": 12, "step": 76, "geese": [[], [5, 16, 17, 28, 39, 50, 49, 48, 47, 46, 57, 58, 69], [], [56, 45, 44, 33, 43, 42, 31, 30, 41, 40, 51, 52, 53]], "food": [32, 54], "index": 0}, "status": "DONE"}, {"action": "NORTH", "reward": 89, "info": {}, "observation": {"remainingOverageTime": 12, "index": 1}, "status": "ACTIVE"}, {"action": "NORTH", "reward": 39, "info": {}, "observation": {"remainingOverageTime": 12, "index": 2}, "status": "DONE"}, {"action": "SOUTH", "reward": 89, "info": {}, "observation": {"remainingOverageTime": 12, "index": 3}, "status": "ACTIVE"}], [{"action": "NORTH", "reward": 39, "info": {}, "observation": {"remainingOverageTime": 12, "step": 77, "geese": [[], [71, 5, 16, 17, 28, 39, 50, 49, 48, 47, 46, 57, 58], [], [55, 56, 45, 44, 33, 43, 42, 31, 30, 41, 40, 51, 52]], "food": [32, 54], "index": 0}, "status": "DONE"}, {"action": "NORTH", "reward": 90, "info": {}, "observation": {"remainingOverageTime": 12, "index": 1}, "status": "ACTIVE"}, {"action": "NORTH", "reward": 39, "info": {}, "observation": {"remainingOverageTime": 12, "index": 2}, "status": "DONE"}, {"action": "WEST", "reward": 90, "info": {}, "observation": {"remainingOverageTime": 12, "index": 3}, "status": "ACTIVE"}], [{"action": "NORTH", "reward": 39, "info": {}, "observation": {"remainingOverageTime": 12, "step": 78, "geese": [[], [70, 71, 5, 16, 17, 28, 39, 50, 49, 48, 47, 46, 57], [], [65, 55, 56, 45, 44, 33, 43, 42, 31, 30, 41, 40, 51]], "food": [32, 54], "index": 0}, "status": "DONE"}, {"action": "WEST", "reward": 91, "info": {}, "observation": {"remainingOverageTime": 12, "index": 1}, "status": "ACTIVE"}, {"action": "NORTH", "reward": 39, "info": {}, "observation": {"remainingOverageTime": 12, "index": 2}, "status": "DONE"}, {"action": "WEST", "reward": 91, "info": {}, "observation": {"remainingOverageTime": 12, "index": 3}, "status": "ACTIVE"}], [{"action": "NORTH", "reward": 39, "info": {}, "observation": {"remainingOverageTime": 12, "step": 79, "geese": [[], [69, 70, 71, 5, 16, 17, 28, 39, 50, 49, 48, 47, 46], [], [76, 65, 55, 56, 45, 44, 33, 43, 42, 31, 30, 41, 40]], "food": [32, 54], "index": 0}, "status": "DONE"}, {"action": "WEST", "reward": 92, "info": {}, "observation": {"remainingOverageTime": 12, "index": 1}, "status": "ACTIVE"}, {"action": "NORTH", "reward": 39, "info": {}, "observation": {"remainingOverageTime": 12, "index": 2}, "status": "DONE"}, {"action": "SOUTH", "reward": 92, "info": {}, "observation": {"remainingOverageTime": 12, "index": 3}, "status": "ACTIVE"}], [{"action": "NORTH", "reward": 39, "info": {}, "observation": {"remainingOverageTime": 12, "step": 80, "geese": [[], [68, 69, 70, 71, 5, 16, 17, 28, 39, 50, 49, 48], [], [75, 76, 65, 55, 56, 45, 44, 33, 43, 42, 31, 30]], "food": [32, 54], "index": 0}, "status": "DONE"}, {"action": "WEST", "reward": 93, "info": {}, "observation": {"remainingOverageTime": 12, "index": 1}, "status": "ACTIVE"}, {"action": "NORTH", "reward": 39, "info": {}, "observation": {"remainingOverageTime": 12, "index": 2}, "status": "DONE"}, {"action": "WEST", "reward": 93, "info": {}, "observation": {"remainingOverageTime": 12, "index": 3}, "status": "ACTIVE"}], [{"action": "NORTH", "reward": 39, "info": {}, "observation": {"remainingOverageTime": 12, "step": 81, "geese": [[], [67, 68, 69, 70, 71, 5, 16, 17, 28, 39, 50, 49], [], [64, 75, 76, 65, 55, 56, 45, 44, 33, 43, 42, 31]], "food": [32, 54], "index": 0}, "status": "DONE"}, {"action": "WEST", "reward": 93, "info": {}, "observation": {"remainingOverageTime": 12, "index": 1}, "status": "ACTIVE"}, {"action": "NORTH", "reward": 39, "info": {}, "observation": {"remainingOverageTime": 12, "index": 2}, "status": "DONE"}, {"action": "NORTH", "reward": 93, "info": {}, "observation": {"remainingOverageTime": 12, "index": 3}, "status": "ACTIVE"}], [{"action": "NORTH", "reward": 39, "info": {}, "observation": {"remainingOverageTime": 12, "step": 82, "geese": [[], [1, 67, 68, 69, 70, 71, 5, 16, 17, 28, 39, 50], [], [53, 64, 75, 76, 65, 55, 56, 45, 44, 33, 43, 42]], "food": [32, 54], "index": 0}, "status": "DONE"}, {"action": "SOUTH", "reward": 94, "info": {}, "observation": {"remainingOverageTime": 12, "index": 1}, "status": "ACTIVE"}, {"action": "NORTH", "reward": 39, "info": {}, "observation": {"remainingOverageTime": 12, "index": 2}, "status": "DONE"}, {"action": "NORTH", "reward": 94, "info": {}, "observation": {"remainingOverageTime": 12, "index": 3}, "status": "ACTIVE"}], [{"action": "NORTH", "reward": 39, "info": {}, "observation": {"remainingOverageTime": 12, "step": 83, "geese": [[], [0, 1, 67, 68, 69, 70, 71, 5, 16, 17, 28, 39], [], [54, 53, 64, 75, 76, 65, 55, 56, 45, 44, 33, 43, 42]], "food": [32, 7], "index": 0}, "status": "DONE"}, {"action": "WEST", "reward": 95, "info": {}, "observation": {"remainingOverageTime": 12, "index": 1}, "status": "ACTIVE"}, {"action": "NORTH", "reward": 39, "info": {}, "observation": {"remainingOverageTime": 12, "index": 2}, "status": "DONE"}, {"action": "EAST", "reward": 95, "info": {}, "observation": {"remainingOverageTime": 12, "index": 3}, "status": "ACTIVE"}], [{"action": "NORTH", "reward": 39, "info": {}, "observation": {"remainingOverageTime": 12, "step": 84, "geese": [[], [11, 0, 1, 67, 68, 69, 70, 71, 5, 16, 17, 28], [], []], "food": [32, 7], "index": 0}, "status": "DONE"}, {"action": "SOUTH", "reward": 96, "info": {}, "observation": {"remainingOverageTime": 12, "index": 1}, "status": "DONE"}, {"action": "NORTH", "reward": 39, "info": {}, "observation": {"remainingOverageTime": 12, "index": 2}, "status": "DONE"}, {"action": "WEST", "reward": 97, "info": {}, "observation": {"remainingOverageTime": 12, "index": 3}, "status": "DONE"}]], "rewards": [39, 96, 39, 97], "statuses": ["DONE", "DONE", "DONE", "DONE"], "schema_version": 1, "info": {}}