{"id": "3451168e-da83-11ee-b31f-0242ac130202", "name": "hungry_geese", "title": "Hungry Geese", "description": "Similar to the classic snake game with multiple players", "version": "1.0.0", "configuration": {"episodeSteps": 200, "actTimeout": 6, "runTimeout": 1200, "columns": 11, "rows": 7, "hunger_rate": 40, "min_food": 2}, "specification": {"action": {"description": "Direction to move the head of your players goose.", "type": "string", "enum": ["NORTH", "EAST", "SOUTH", "WEST"], "default": "NORTH"}, "agents": [2, 3, 4, 5, 6, 7, 8], "configuration": {"episodeSteps": {"description": "Maximum number of steps in the episode.", "type": "integer", "minimum": 1, "default": 200}, "actTimeout": {"description": "Maximum runtime (seconds) to obtain an action from an agent.", "type": "number", "minimum": 0, "default": 6}, "runTimeout": {"description": "Maximum runtime (seconds) of an episode (not necessarily DONE).", "type": "number", "minimum": 0, "default": 1200}, "columns": {"description": "Horizontal number of cells on the board.", "type": "integer", "default": 11, "minimum": 3}, "rows": {"description": "Vertical number of cells on the board.", "type": "integer", "default": 7, "minimum": 3}, "hunger_rate": {"description": "The number of steps before the goose shrinks a cell.", "type": "integer", "minimum": 1, "default": 40}, "min_food": {"description": "The minimum amount of food present for all steps.", "type": "integer", "default": 2, "minimum": 1}}, "info": {}, "observation": {"remainingOverageTime": {"description": "Total remaining banked time (seconds) that can be used in excess of per-step actTimeouts -- agent is disqualified with TIMEOUT status when this drops below 0.", "shared": false, "type": "number", "minimum": 0, "default": 12}, "step": {"description": "Current step within the episode.", "type": "integer", "shared": true, "minimum": 0, "default": 0}, "geese": {"description": "List of geese in order by the agent index.", "type": "array", "default": [], "shared": true}, "food": {"description": "Positions on the board where food is present.", "type": "array", "default": [], "shared": true}, "index": {"description": "Index of the current agent's goose in the list of geese.", "type": "integer", "minimum": 0, "defaults": [0, 1, 2, 3, 4, 5, 6, 7]}}, "reward": {"description": "The number of steps the goose has moved plus its length.", "type": ["number", "null"], "default": 0, "minimum": 0}}, "steps": [[{"action": "NORTH", "reward": 0, "info": {}, "observation": {"remainingOverageTime": 12, "step": 0, "geese": [[23], [72], [13], [52]], "food": [68, 24], "index": 0}, "status": "ACTIVE"}, {"action": "NORTH", "reward": 0, "info": {}, "observation": {"remainingOverageTime": 12, "index": 1}, "status": "ACTIVE"}, {"action": "NORTH", "reward": 0, "info": {}, "observation": {"remainingOverageTime": 12, "index": 2}, "status": "ACTIVE"}, {"action": "NORTH", "reward": 0, "info": {}, "observation": {"remainingOverageTime": 12, "index": 3}, "status": "ACTIVE"}], [{"action": "WEST", "reward": 2, "info": {}, "observation": {"remainingOverageTime": 12, "step": 1, "geese": [[22], [71], [2], [41]], "food": [68, 24], "index": 0}, "status": "ACTIVE"}, {"action": "WEST", "reward": 2, "info": {}, "observation": {"remainingOverageTime": 12, "index": 1}, "status": "ACTIVE"}, {"action": "NORTH", "reward": 2, "info": {}, "observation": {"remainingOverageTime": 12, "index": 2}, "status": "ACTIVE"}, {"action": "NORTH", "reward": 2, "info": {}, "observation": {"remainingOverageTime": 12, "index": 3}, "status": "ACTIVE"}], [{"action": "SOUTH", "reward": 3, "info": {}, "observation": {"remainingOverageTime": 12, "step": 2, "geese": [[33], [70], [68, 2], [42]], "food": [24, 75], "index": 0}, "status": "ACTIVE"}, {"action": "WEST", "reward": 3, "info": {}, "observation": {"remainingOverageTime": 12, "index": 1}, "status": "ACTIVE"}, {"action": "NORTH", "reward": 3, "info": {}, "observation": {"remainingOverageTime": 12, "index": 2}, "status": "ACTIVE"}, {"action": "EAST", "reward": 3, "info": {}, "observation": {"remainingOverageTime": 12, "index": 3}, "status": "ACTIVE"}], [{"action": "EAST", "reward": 4, "info": {}, "observation": {"remainingOverageTime": 12, "step": 3, "geese": [[34], [59], [67, 68], [53]], "food": [24, 75], "index": 0}, "status": "ACTIVE"}, {"action": "NORTH", "reward": 4, "info": {}, "observation": {"remainingOverageTime": 12, "index": 1}, "status": "ACTIVE"}, {"action": "WEST", "reward": 5, "info": {}, "observation": {"remainingOverageTime": 12, "index": 2}, "status": "ACTIVE"}, {"action": "SOUTH", "reward": 4, "info": {}, "observation": {"remainingOverageTime": 12, "index": 3}, "status": "ACTIVE"}], [{"action": "EAST", "reward": 5, "info": {}, "observation": {"remainingOverageTime": 12, "step": 4, "geese": [[35], [48], [66, 67], [64]], "food": [24, 75], "index": 0}, "status": "ACTIVE"}, {"action": "NORTH", "reward": 5, "info": {}, "observation": {"remainingOverageTime": 12, "index": 1}, "status": "ACTIVE"}, {"action": "WEST", "reward": 6, "info": {}, "observation": {"remainingOverageTime": 12, "index": 2}, "status": "ACTIVE"}, {"action": "SOUTH", "reward": 5, "info": {}, "observation": {"remainingOverageTime": 12, "index": 3}, "status": "ACTIVE"}], [{"action": "NORTH", "reward": 6, "info": {}, "observation": {"remainingOverageTime": 12, "step": 5, "geese": [[24, 35], [37], [76, 66], [75, 64]], "food": [6, 53], "index": 0}, "status": "ACTIVE"}, {"action": "NORTH", "reward": 6, "info": {}, "observation": {"remainingOverageTime": 12, "index": 1}, "status": "ACTIVE"}, {"action": "WEST", "reward": 7, "info": {}, "observation": {"remainingOverageTime": 12, "index": 2}, "status": "ACTIVE"}, {"action": "SOUTH", "reward": 6, "info": {}, "observation": {"remainingOverageTime": 12, "index": 3}, "status": "ACTIVE"}], [{"action": "NORTH", "reward": 8, "info": {}, "observation": {"remainingOverageTime": 12, "step": 6, "geese": [[13, 24], [38], [65, 76], [9, 75]], "food": [6, 53], "index": 0}, "status": "ACTIVE"}, {"action": "EAST", "reward": 7, "info": {}, "observation": {"remainingOverageTime": 12, "index": 1}, "status": "ACTIVE"}, {"action": "NORTH", "reward": 8, "info": {}, "observation": {"remainingOverageTime": 12, "index": 2}, "status": "ACTIVE"}, {"action": "SOUTH", "reward": 8, "info": {}, "observation": {"remainingOverageTime": 12, "index": 3}, "status": "ACTIVE"}], [{"action": "EAST", "reward": 9, "info": {}, "observation": {"remainingOverageTime": 12, "step": 7, "geese": [[14, 13], [27], [54, 65], [8, 9]], "food": [6, 53], "index": 0}, "status": "ACTIVE"}, {"action": "NORTH", "reward": 8, "info": {}, "observation": {"remainingOverageTime": 12, "index": 1}, "status": "ACTIVE"}, {"action": "NORTH", "reward": 9, "info": {}, "observation": {"remainingOverageTime": 12, "index": 2}, "status": "ACTIVE"}, {"action": "WEST", "reward": 9, "info": {}, "observation": {"remainingOverageTime": 12, "index": 3}, "status": "ACTIVE"}], [{"action": "NORTH", "reward": 10, "info": {}, "observation": {"remainingOverageTime": 12, "step": 8, "geese": [[3, 14], [16], [53, 54, 65], [7, 8]], "food": [6, 72], "index": 0}, "status": "ACTIVE"}, {"action": "NORTH", "reward": 9, "info": {}, "observation": {"remainingOverageTime": 12, "index": 1}, "status": "ACTIVE"}, {"action": "WEST", "reward": 10, "info": {}, "observation": {"remainingOverageTime": 12, "index": 2}, "status": "ACTIVE"}, {"action": "WEST", "reward": 10, "info": {}, "observation": {"remainingOverageTime": 12, "index": 3}, "status": "ACTIVE"}], [{"action": "EAST", "reward": 11, "info": {}, "observation": {"remainingOverageTime": 12, "step": 9, "geese": [[4, 3], [5], [64, 53, 54], [6, 7, 8]], "food": [72, 51], "index": 0}, "status": "ACTIVE"}, {"action": "NORTH", "reward": 10, "info": {}, "observation": {"remainingOverageTime": 12, "index": 1}, "status": "ACTIVE"}, {"action": "SOUTH", "reward": 12, "info": {}, "observation": {"remainingOverageTime": 12, "index": 2}, "status": "ACTIVE"}, {"action": "WEST", "reward": 11, "info": {}, "observation": {"remainingOverageTime": 12, "index": 3}, "status": "ACTIVE"}], [{"action": "NORTH", "reward": 12, "info": {}, "observation": {"remainingOverageTime": 12, "step": 10, "geese": [[70, 4], [71], [63, 64, 53], [72, 6, 7, 8]], "food": [51, 50], "index": 0}, "status": "ACTIVE"}, {"action": "NORTH", "reward": 11, "info": {}, "observation": {"remainingOverageTime": 12, "index": 1}, "status": "ACTIVE"}, {"action": "WEST", "reward": 13, "info": {}, "observation": {"remainingOverageTime": 12, "index": 2}, "status": "ACTIVE"}, {"action": "NORTH", "reward": 13, "info": {}, "observation": {"remainingOverageTime": 12, "index": 3}, "status": "ACTIVE"}], [{"action": "NORTH", "reward": 13, "info": {}, "observation": {"remainingOverageTime": 12, "step": 11, "geese": [[59, 70], [60], [62, 63, 64], [61, 72, 6, 7]], "food": [51, 50], "index": 0}, "status": "ACTIVE"}, {"action": "NORTH", "reward": 12, "info": {}, "observation": {"remainingOverageTime": 12, "index": 1}, "status": "ACTIVE"}, {"action": "WEST", "reward": 14, "info": {}, "observation": {"remainingOverageTime": 12, "index": 2}, "status": "ACTIVE"}, {"action": "NORTH", "reward": 15, "info": {}, "observation": {"remainingOverageTime": 12, "index": 3}, "status": "ACTIVE"}], [{"action": "NORTH", "reward": 14, "info": {}, "observation": {"remainingOverageTime": 12, "step": 12, "geese": [[48, 59], [49], [51, 62, 63, 64], [50, 61, 72, 6, 7]], "food": [23, 11], "index": 0}, "status": "ACTIVE"}, {"action": "NORTH", "reward": 13, "info": {}, "observation": {"remainingOverageTime": 12, "index": 1}, "status": "ACTIVE"}, {"action": "NORTH", "reward": 15, "info": {}, "observation": {"remainingOverageTime": 12, "index": 2}, "status": "ACTIVE"}, {"action": "NORTH", "reward": 16, "info": {}, "observation": {"remainingOverageTime": 12, "index": 3}, "status": "ACTIVE"}], [{"action": "NORTH", "reward": 15, "info": {}, "observation": {"remainingOverageTime": 12, "step": 13, "geese": [[37, 48], [38], [40, 51, 62, 63], [39, 50, 61, 72, 6]], "food": [23, 11], "index": 0}, "status": "ACTIVE"}, {"action": "NORTH", "reward": 14, "info": {}, "observation": {"remainingOverageTime": 12, "index": 1}, "status": "ACTIVE"}, {"action": "NORTH", "reward": 17, "info": {}, "observation": {"remainingOverageTime": 12, "index": 2}, "status": "ACTIVE"}, {"action": "NORTH", "reward": 18, "info": {}, "observation": {"remainingOverageTime": 12, "index": 3}, "status": "ACTIVE"}], [{"action": "NORTH", "reward": 16, "info": {}, "observation": {"remainingOverageTime": 12, "step": 14, "geese": [[26, 37], [27], [41, 40, 51, 62], [28, 39, 50, 61, 72]], "food": [23, 11], "index": 0}, "status": "ACTIVE"}, {"action": "NORTH", "reward": 15, "info": {}, "observation": {"remainingOverageTime": 12, "index": 1}, "status": "ACTIVE"}, {"action": "EAST", "reward": 18, "info": {}, "observation": {"remainingOverageTime": 12, "index": 2}, "status": "ACTIVE"}, {"action": "NORTH", "reward": 19, "info": {}, "observation": {"remainingOverageTime": 12, "index": 3}, "status": "ACTIVE"}], [{"action": "WEST", "reward": 17, "info": {}, "observation": {"remainingOverageTime": 12, "step": 15, "geese": [[25, 26], [16], [30, 41, 40, 51], [29, 28, 39, 50, 61]], "food": [23, 11], "index": 0}, "status": "ACTIVE"}, {"action": "NORTH", "reward": 16, "info": {}, "observation": {"remainingOverageTime": 12, "index": 1}, "status": "ACTIVE"}, {"action": "NORTH", "reward": 19, "info": {}, "observation": {"remainingOverageTime": 12, "index": 2}, "status": "ACTIVE"}, {"action": "EAST", "reward": 20, "info": {}, "observation": {"remainingOverageTime": 12, "index": 3}, "status": "ACTIVE"}], [{"action": "WEST", "reward": 18, "info": {}, "observation": {"remainingOverageTime": 12, "step": 16, "geese": [[24, 25], [15], [19, 30, 41, 40], [18, 29, 28, 39, 50]], "food": [23, 11], "index": 0}, "status": "ACTIVE"}, {"action": "WEST", "reward": 17, "info": {}, "observation": {"remainingOverageTime": 12, "index": 1}, "status": "ACTIVE"}, {"action": "NORTH", "reward": 20, "info": {}, "observation": {"remainingOverageTime": 12, "index": 2}, "status": "ACTIVE"}, {"action": "NORTH", "reward": 21, "info": {}, "observation": {"remainingOverageTime": 12, "index": 3}, "status": "ACTIVE"}], [{"action": "WEST", "reward": 19, "info": {}, "observation": {"remainingOverageTime": 12, "step": 17, "geese": [[23, 24, 25], [14], [20, 19, 30, 41], [7, 18, 29, 28, 39]], "food": [11, 50], "index": 0}, "status": "ACTIVE"}, {"action": "WEST", "reward": 18, "info": {}, "observation": {"remainingOverageTime": 12, "index": 1}, "status": "ACTIVE"}, {"action": "EAST", "reward": 21, "info": {}, "observation": {"remainingOverageTime": 12, "index": 2}, "status": "ACTIVE"}, {"action": "NORTH", "reward": 22, "info": {}, "observation": {"remainingOverageTime": 12, "index": 3}, "status": "ACTIVE"}], [{"action": "WEST", "reward": 21, "info": {}, "observation": {"remainingOverageTime": 12, "step": 18, "geese": [[22, 23, 24], [13], [21, 20, 19, 30], [6, 7, 18, 29, 28]], "food": [11, 50], "index": 0}, "status": "ACTIVE"}, {"action": "WEST", "reward": 19, "info": {}, "observation": {"remainingOverageTime": 12, "index": 1}, "status": "ACTIVE"}, {"action": "EAST", "reward": 22, "info": {}, "observation": {"remainingOverageTime": 12, "index": 2}, "status": "ACTIVE"}, {"action": "WEST", "reward": 23, "info": {}, "observation": {"remainingOverageTime": 12, "index": 3}, "status": "ACTIVE"}], [{"action": "SOUTH", "reward": 22, "info": {}, "observation": {"remainingOverageTime": 12, "step": 19, "geese": [[33, 22, 23], [12], [10, 21, 20, 19], [72, 6, 7, 18, 29]], "food": [11, 50], "index": 0}, "status": "ACTIVE"}, {"action": "WEST", "reward": 20, "info": {}, "observation": {"remainingOverageTime": 12, "index": 1}, "status": "ACTIVE"}, {"action": "NORTH", "reward": 23, "info": {}, "observation": {"remainingOverageTime": 12, "index": 2}, "status": "ACTIVE"}, {"action": "NORTH", "reward": 24, "info": {}, "observation": {"remainingOverageTime": 12, "index": 3}, "status": "ACTIVE"}], [{"action": "SOUTH", "reward": 23, "info": {}, "observation": {"remainingOverageTime": 12, "step": 20, "geese": [[44, 33, 22], [11, 12], [0, 10, 21, 20], [61, 72, 6, 7, 18]], "food": [50, 9], "index": 0}, "status": "ACTIVE"}, {"action": "WEST", "reward": 21, "info": {}, "observation": {"remainingOverageTime": 12, "index": 1}, "status": "ACTIVE"}, {"action": "EAST", "reward": 24, "info": {}, "observation": {"remainingOverageTime": 12, "index": 2}, "status": "ACTIVE"}, {"action": "NORTH", "reward": 25, "info": {}, "observation": {"remainingOverageTime": 12, "index": 3}, "status": "ACTIVE"}], [{"action": "WEST", "reward": 24, "info": {}, "observation": {"remainingOverageTime": 12, "step": 21, "geese": [[54, 44, 33], [22, 11], [66, 0, 10, 21], [50, 61, 72, 6, 7, 18]], "food": [9, 12], "index": 0}, "status": "ACTIVE"}, {"action": "SOUTH", "reward": 23, "info": {}, "observation": {"remainingOverageTime": 12, "index": 1}, "status": "ACTIVE"}, {"action": "NORTH", "reward": 25, "info": {}, "observation": {"remainingOverageTime": 12, "index": 2}, "status": "ACTIVE"}, {"action": "NORTH", "reward": 26, "info": {}, "observation": {"remainingOverageTime": 12, "index": 3}, "status": "ACTIVE"}], [{"action": "SOUTH", "reward": 25, "info": {}, "observation": {"remainingOverageTime": 12, "step": 22, "geese": [[65, 54, 44], [23, 22], [67, 66, 0, 10], [51, 50, 61, 72, 6, 7]], "food": [9, 12], "index": 0}, "status": "ACTIVE"}, {"action": "EAST", "reward": 24, "info": {}, "observation": {"remainingOverageTime": 12, "index": 1}, "status": "ACTIVE"}, {"action": "EAST", "reward": 26, "info": {}, "observation": {"remainingOverageTime": 12, "index": 2}, "status": "ACTIVE"}, {"action": "EAST", "reward": 28, "info": {}, "observation": {"remainingOverageTime": 12, "index": 3}, "status": "ACTIVE"}], [{"action": "WEST", "reward": 26, "info": {}, "observation": {"remainingOverageTime": 12, "step": 23, "geese": [[64, 65, 54], [12, 23, 22], [1, 67, 66, 0], [62, 51, 50, 61, 72, 6]], "food": [9, 17], "index": 0}, "status": "ACTIVE"}, {"action": "NORTH", "reward": 25, "info": {}, "observation": {"remainingOverageTime": 12, "index": 1}, "status": "ACTIVE"}, {"action": "SOUTH", "reward": 27, "info": {}, "observation": {"remainingOverageTime": 12, "index": 2}, "status": "ACTIVE"}, {"action": "SOUTH", "reward": 29, "info": {}, "observation": {"remainingOverageTime": 12, "index": 3}, "status": "ACTIVE"}], [{"action": "SOUTH", "reward": 27, "info": {}, "observation": {"remainingOverageTime": 12, "step": 24, "geese": [[75, 64, 65], [11, 12, 23], [0, 1, 67, 66], [73, 62, 51, 50, 61, 72]], "food": [9, 17], "index": 0}, "status": "ACTIVE"}, {"action": "WEST", "reward": 27, "info": {}, "observation": {"remainingOverageTime": 12, "index": 1}, "status": "ACTIVE"}, {"action": "WEST", "reward": 28, "info": {}, "observation": {"remainingOverageTime": 12, "index": 2}, "status": "ACTIVE"}, {"action": "SOUTH", "reward": 30, "info": {}, "observation": {"remainingOverageTime": 12, "index": 3}, "status": "ACTIVE"}], [{"action": "SOUTH", "reward": 28, "info": {}, "observation": {"remainingOverageTime": 12, "step": 25, "geese": [[9, 75, 64, 65], [21, 11, 12], [10, 0, 1, 67], [7, 73, 62, 51, 50, 61]], "food": [17, 16], "index": 0}, "status": "ACTIVE"}, {"action": "WEST", "reward": 28, "info": {}, "observation": {"remainingOverageTime": 12, "index": 1}, "status": "ACTIVE"}, {"action": "WEST", "reward": 29, "info": {}, "observation": {"remainingOverageTime": 12, "index": 2}, "status": "ACTIVE"}, {"action": "SOUTH", "reward": 31, "info": {}, "observation": {"remainingOverageTime": 12, "index": 3}, "status": "ACTIVE"}], [{"action": "SOUTH", "reward": 30, "info": {}, "observation": {"remainingOverageTime": 12, "step": 26, "geese": [[20, 9, 75, 64], [32, 21, 11], [76, 10, 0, 1], [6, 7, 73, 62, 51, 50]], "food": [17, 16], "index": 0}, "status": "ACTIVE"}, {"action": "SOUTH", "reward": 29, "info": {}, "observation": {"remainingOverageTime": 12, "index": 1}, "status": "ACTIVE"}, {"action": "NORTH", "reward": 30, "info": {}, "observation": {"remainingOverageTime": 12, "index": 2}, "status": "ACTIVE"}, {"action": "WEST", "reward": 32, "info": {}, "observation": {"remainingOverageTime": 12, "index": 3}, "status": "ACTIVE"}], [{"action": "WEST", "reward": 31, "info": {}, "observation": {"remainingOverageTime": 12, "step": 27, "geese": [[19, 20, 9, 75], [22, 32, 21], [65, 76, 10, 0], [17, 6, 7, 73, 62, 51, 50]], "food": [16, 74], "index": 0}, "status": "ACTIVE"}, {"action": "EAST", "reward": 30, "info": {}, "observation": {"remainingOverageTime": 12, "index": 1}, "status": "ACTIVE"}, {"action": "NORTH", "reward": 31, "info": {}, "observation": {"remainingOverageTime": 12, "index": 2}, "status": "ACTIVE"}, {"action": "SOUTH", "reward": 33, "info": {}, "observation": {"remainingOverageTime": 12, "index": 3}, "status": "ACTIVE"}], [{"action": "NORTH", "reward": 32, "info": {}, "observation": {"remainingOverageTime": 12, "step": 28, "geese": [[8, 19, 20, 9], [11, 22, 32], [64, 65, 76, 10], [16, 17, 6, 7, 73, 62, 51, 50]], "food": [74, 12], "index": 0}, "status": "ACTIVE"}, {"action": "NORTH", "reward": 31, "info": {}, "observation": {"remainingOverageTime": 12, "index": 1}, "status": "ACTIVE"}, {"action": "WEST", "reward": 32, "info": {}, "observation": {"remainingOverageTime": 12, "index": 2}, "status": "ACTIVE"}, {"action": "WEST", "reward": 35, "info": {}, "observation": {"remainingOverageTime": 12, "index": 3}, "status": "ACTIVE"}], [{"action": "NORTH", "reward": 33, "info": {}, "observation": {"remainingOverageTime": 12, "step": 29, "geese": [[74, 8, 19, 20, 9], [12, 11, 22, 32], [75, 64, 65, 76], [15, 16, 17, 6, 7, 73, 62, 51]], "food": [40, 30], "index": 0}, "status": "ACTIVE"}, {"action": "EAST", "reward": 32, "info": {}, "observation": {"remainingOverageTime": 12, "index": 1}, "status": "ACTIVE"}, {"action": "SOUTH", "reward": 33, "info": {}, "observation": {"remainingOverageTime": 12, "index": 2}, "status": "ACTIVE"}, {"action": "WEST", "reward": 37, "info": {}, "observation": {"remainingOverageTime": 12, "index": 3}, "status": "ACTIVE"}], [{"action": "NORTH", "reward": 35, "info": {}, "observation": {"remainingOverageTime": 12, "step": 30, "geese": [[63, 74, 8, 19, 20], [1, 12, 11, 22], [9, 75, 64, 65], [26, 15, 16, 17, 6, 7, 73, 62]], "food": [40, 30], "index": 0}, "status": "ACTIVE"}, {"action": "NORTH", "reward": 34, "info": {}, "observation": {"remainingOverageTime": 12, "index": 1}, "status": "ACTIVE"}, {"action": "SOUTH", "reward": 34, "info": {}, "observation": {"remainingOverageTime": 12, "index": 2}, "status": "ACTIVE"}, {"action": "SOUTH", "reward": 38, "info": {}, "observation": {"remainingOverageTime": 12, "index": 3}, "status": "ACTIVE"}], [{"action": "WEST", "reward": 36, "info": {}, "observation": {"remainingOverageTime": 12, "step": 31, "geese": [[62, 63, 74, 8, 19], [0, 1, 12, 11], [20, 9, 75, 64], [27, 26, 15, 16, 17, 6, 7, 73]], "food": [40, 30], "index": 0}, "status": "ACTIVE"}, {"action": "WEST", "reward": 35, "info": {}, "observation": {"remainingOverageTime": 12, "index": 1}, "status": "ACTIVE"}, {"action": "SOUTH", "reward": 35, "info": {}, "observation": {"remainingOverageTime": 12, "index": 2}, "status": "ACTIVE"}, {"action": "EAST", "reward": 39, "info": {}, "observation": {"remainingOverageTime": 12, "index": 3}, "status": "ACTIVE"}], [{"action": "NORTH", "reward": 37, "info": {}, "observation": {"remainingOverageTime": 12, "step": 32, "geese": [[51, 62, 63, 74, 8], [11, 0, 1, 12], [19, 20, 9, 75], [28, 27, 26, 15, 16, 17, 6, 7]], "food": [40, 30], "index": 0}, "status": "ACTIVE"}, {"action": "SOUTH", "reward": 36, "info": {}, "observation": {"remainingOverageTime": 12, "index": 1}, "status": "ACTIVE"}, {"action": "WEST", "reward": 36, "info": {}, "observation": {"remainingOverageTime": 12, "index": 2}, "status": "ACTIVE"}, {"action": "EAST", "reward": 40, "info": {}, "observation": {"remainingOverageTime": 12, "index": 3}, "status": "ACTIVE"}], [{"action": "NORTH", "reward": 38, "info": {}, "observation": {"remainingOverageTime": 12, "step": 33, "geese": [[40, 51, 62, 63, 74, 8], [21, 11, 0, 1], [30, 19, 20, 9, 75], [29, 28, 27, 26, 15, 16, 17, 6]], "food": [37, 58], "index": 0}, "status": "ACTIVE"}, {"action": "WEST", "reward": 37, "info": {}, "observation": {"remainingOverageTime": 12, "index": 1}, "status": "ACTIVE"}, {"action": "SOUTH", "reward": 37, "info": {}, "observation": {"remainingOverageTime": 12, "index": 2}, "status": "ACTIVE"}, {"action": "EAST", "reward": 41, "info": {}, "observation": {"remainingOverageTime": 12, "index": 3}, "status": "ACTIVE"}], [{"action": "WEST", "reward": 40, "info": {}, "observation": {"remainingOverageTime": 12, "step": 34, "geese": [[39, 40, 51, 62, 63, 74], [10, 21, 11, 0], [31, 30, 19, 20, 9], [18, 29, 28, 27, 26, 15, 16, 17]], "food": [37, 58], "index": 0}, "status": "ACTIVE"}, {"action": "NORTH", "reward": 38, "info": {}, "observation": {"remainingOverageTime": 12, "index": 1}, "status": "ACTIVE"}, {"action": "EAST", "reward": 39, "info": {}, "observation": {"remainingOverageTime": 12, "index": 2}, "status": "ACTIVE"}, {"action": "NORTH", "reward": 42, "info": {}, "observation": {"remainingOverageTime": 12, "index": 3}, "status": "ACTIVE"}], [{"action": "WEST", "reward": 41, "info": {}, "observation": {"remainingOverageTime": 12, "step": 35, "geese": [[38, 39, 40, 51, 62, 63], [76, 10, 21, 11], [42, 31, 30, 19, 20], [17, 18, 29, 28, 27, 26, 15, 16]], "food": [37, 58], "index": 0}, "status": "ACTIVE"}, {"action": "NORTH", "reward": 39, "info": {}, "observation": {"remainingOverageTime": 12, "index": 1}, "status": "ACTIVE"}, {"action": "SOUTH", "reward": 40, "info": {}, "observation": {"remainingOverageTime": 12, "index": 2}, "status": "ACTIVE"}, {"action": "WEST", "reward": 43, "info": {}, "observation": {"remainingOverageTime": 12, "index": 3}, "status": "ACTIVE"}], [{"action": "WEST", "reward": 42, "info": {}, "observation": {"remainingOverageTime": 12, "step": 36, "geese": [[37, 38, 39, 40, 51, 62, 63], [65, 76, 10, 21], [43, 42, 31, 30, 19], [16, 17, 18, 29, 28, 27, 26, 15]], "food": [58, 61], "index": 0}, "status": "ACTIVE"}, {"action": "NORTH", "reward": 40, "info": {}, "observation": {"remainingOverageTime": 12, "index": 1}, "status": "ACTIVE"}, {"action": "EAST", "reward": 41, "info": {}, "observation": {"remainingOverageTime": 12, "index": 2}, "status": "ACTIVE"}, {"action": "WEST", "reward": 44, "info": {}, "observation": {"remainingOverageTime": 12, "index": 3}, "status": "ACTIVE"}], [{"action": "SOUTH", "reward": 44, "info": {}, "observation": {"remainingOverageTime": 12, "step": 37, "geese": [[48, 37, 38, 39, 40, 51, 62], [55, 65, 76, 10], [33, 43, 42, 31, 30], [5, 16, 17, 18, 29, 28, 27, 26]], "food": [58, 61], "index": 0}, "status": "ACTIVE"}, {"action": "EAST", "reward": 41, "info": {}, "observation": {"remainingOverageTime": 12, "index": 1}, "status": "ACTIVE"}, {"action": "EAST", "reward": 42, "info": {}, "observation": {"remainingOverageTime": 12, "index": 2}, "status": "ACTIVE"}, {"action": "NORTH", "reward": 45, "info": {}, "observation": {"remainingOverageTime": 12, "index": 3}, "status": "ACTIVE"}], [{"action": "SOUTH", "reward": 45, "info": {}, "observation": {"remainingOverageTime": 12, "step": 38, "geese": [[59, 48, 37, 38, 39, 40, 51], [56, 55, 65, 76], [34, 33, 43, 42, 31], [6, 5, 16, 17, 18, 29, 28, 27]], "food": [58, 61], "index": 0}, "status": "ACTIVE"}, {"action": "EAST", "reward": 42, "info": {}, "observation": {"remainingOverageTime": 12, "index": 1}, "status": "ACTIVE"}, {"action": "EAST", "reward": 43, "info": {}, "observation": {"remainingOverageTime": 12, "index": 2}, "status": "ACTIVE"}, {"action": "EAST", "reward": 46, "info": {}, "observation": {"remainingOverageTime": 12, "index": 3}, "status": "ACTIVE"}], [{"action": "WEST", "reward": 46, "info": {}, "observation": {"remainingOverageTime": 12, "step": 39, "geese": [[58, 59, 48, 37, 38, 39, 40, 51], [57, 56, 55, 65], [35, 34, 33, 43, 42], [72, 6, 5, 16, 17, 18, 29, 28]], "food": [61, 70], "index": 0}, "status": "ACTIVE"}, {"action": "EAST", "reward": 43, "info": {}, "observation": {"remainingOverageTime": 12, "index": 1}, "status": "ACTIVE"}, {"action": "EAST", "reward": 44, "info": {}, "observation": {"remainingOverageTime": 12, "index": 2}, "status": "ACTIVE"}, {"action": "NORTH", "reward": 47, "info": {}, "observation": {"remainingOverageTime": 12, "index": 3}, "status": "ACTIVE"}], [{"action": "SOUTH", "reward": 48, "info": {}, "observation": {"remainingOverageTime": 12, "step": 40, "geese": [[69, 58, 59, 48, 37, 38, 39], [68, 57, 56], [36, 35, 34, 33], [61, 72, 6, 5, 16, 17, 18, 29]], "food": [70, 55], "index": 0}, "status": "ACTIVE"}, {"action": "SOUTH", "reward": 44, "info": {}, "observation": {"remainingOverageTime": 12, "index": 1}, "status": "ACTIVE"}, {"action": "EAST", "reward": 45, "info": {}, "observation": {"remainingOverageTime": 12, "index": 2}, "status": "ACTIVE"}, {"action": "NORTH", "reward": 48, "info": {}, "observation": {"remainingOverageTime": 12, "index": 3}, "status": "ACTIVE"}], [{"action": "EAST", "reward": 48, "info": {}, "observation": {"remainingOverageTime": 12, "step": 41, "geese": [[70, 69, 58, 59, 48, 37, 38, 39], [67, 68, 57], [25, 36, 35, 34], [60, 61, 72, 6, 5, 16, 17, 18]], "food": [55, 21], "index": 0}, "status": "ACTIVE"}, {"action": "WEST", "reward": 44, "info": {}, "observation": {"remainingOverageTime": 12, "index": 1}, "status": "ACTIVE"}, {"action": "NORTH", "reward": 45, "info": {}, "observation": {"remainingOverageTime": 12, "index": 2}, "status": "ACTIVE"}, {"action": "WEST", "reward": 49, "info": {}, "observation": {"remainingOverageTime": 12, "index": 3}, "status": "ACTIVE"}], [{"action": "SOUTH", "reward": 50, "info": {}, "observation": {"remainingOverageTime": 12, "step": 42, "geese": [[4, 70, 69, 58, 59, 48, 37, 38], [56, 67, 68], [14, 25, 36, 35], [49, 60, 61, 72, 6, 5, 16, 17]], "food": [55, 21], "index": 0}, "status": "ACTIVE"}, {"action": "NORTH", "reward": 45, "info": {}, "observation": {"remainingOverageTime": 12, "index": 1}, "status": "ACTIVE"}, {"action": "NORTH", "reward": 46, "info": {}, "observation": {"remainingOverageTime": 12, "index": 2}, "status": "ACTIVE"}, {"action": "NORTH", "reward": 50, "info": {}, "observation": {"remainingOverageTime": 12, "index": 3}, "status": "ACTIVE"}], [{"action": "WEST", "reward": 51, "info": {}, "observation": {"remainingOverageTime": 12, "step": 43, "geese": [[3, 4, 70, 69, 58, 59, 48, 37], [55, 56, 67, 68], [13, 14, 25, 36], [50, 49, 60, 61, 72, 6, 5, 16]], "food": [21, 32], "index": 0}, "status": "ACTIVE"}, {"action": "WEST", "reward": 46, "info": {}, "observation": {"remainingOverageTime": 12, "index": 1}, "status": "ACTIVE"}, {"action": "WEST", "reward": 47, "info": {}, "observation": {"remainingOverageTime": 12, "index": 2}, "status": "ACTIVE"}, {"action": "EAST", "reward": 51, "info": {}, "observation": {"remainingOverageTime": 12, "index": 3}, "status": "ACTIVE"}], [{"action": "WEST", "reward": 52, "info": {}, "observation": {"remainingOverageTime": 12, "step": 44, "geese": [[2, 3, 4, 70, 69, 58, 59, 48], [65, 55, 56, 67], [12, 13, 14, 25], [51, 50, 49, 60, 61, 72, 6, 5]], "food": [21, 32], "index": 0}, "status": "ACTIVE"}, {"action": "WEST", "reward": 48, "info": {}, "observation": {"remainingOverageTime": 12, "index": 1}, "status": "ACTIVE"}, {"action": "WEST", "reward": 48, "info": {}, "observation": {"remainingOverageTime": 12, "index": 2}, "status": "ACTIVE"}, {"action": "EAST", "reward": 52, "info": {}, "observation": {"remainingOverageTime": 12, "index": 3}, "status": "ACTIVE"}], [{"action": "NORTH", "reward": 53, "info": {}, "observation": {"remainingOverageTime": 12, "step": 45, "geese": [[68, 2, 3, 4, 70, 69, 58, 59], [54, 65, 55, 56], [11, 12, 13, 14], [40, 51, 50, 49, 60, 61, 72, 6]], "food": [21, 32], "index": 0}, "status": "ACTIVE"}, {"action": "NORTH", "reward": 49, "info": {}, "observation": {"remainingOverageTime": 12, "index": 1}, "status": "ACTIVE"}, {"action": "WEST", "reward": 49, "info": {}, "observation": {"remainingOverageTime": 12, "index": 2}, "status": "ACTIVE"}, {"action": "NORTH", "reward": 53, "info": {}, "observation": {"remainingOverageTime": 12, "index": 3}, "status": "ACTIVE"}], [{"action": "WEST", "reward": 54, "info": {}, "observation": {"remainingOverageTime": 12, "step": 46, "geese": [[67, 68, 2, 3, 4, 70, 69, 58], [43, 54, 65, 55], [21, 11, 12, 13, 14], [41, 40, 51, 50, 49, 60, 61, 72]], "food": [32, 17], "index": 0}, "status": "ACTIVE"}, {"action": "NORTH", "reward": 50, "info": {}, "observation": {"remainingOverageTime": 12, "index": 1}, "status": "ACTIVE"}, {"action": "WEST", "reward": 50, "info": {}, "observation": {"remainingOverageTime": 12, "index": 2}, "status": "ACTIVE"}, {"action": "EAST", "reward": 54, "info": {}, "observation": {"remainingOverageTime": 12, "index": 3}, "status": "ACTIVE"}], [{"action": "NORTH", "reward": 55, "info": {}, "observation": {"remainingOverageTime": 12, "step": 47, "geese": [[56, 67, 68, 2, 3, 4, 70, 69], [33, 43, 54, 65], [20, 21, 11, 12, 13], [30, 41, 40, 51, 50, 49, 60, 61]], "food": [32, 17], "index": 0}, "status": "ACTIVE"}, {"action": "EAST", "reward": 51, "info": {}, "observation": {"remainingOverageTime": 12, "index": 1}, "status": "ACTIVE"}, {"action": "WEST", "reward": 52, "info": {}, "observation": {"remainingOverageTime": 12, "index": 2}, "status": "ACTIVE"}, {"action": "NORTH", "reward": 55, "info": {}, "observation": {"remainingOverageTime": 12, "index": 3}, "status": "ACTIVE"}], [{"action": "NORTH", "reward": 56, "info": {}, "observation": {"remainingOverageTime": 12, "step": 48, "geese": [[45, 56, 67, 68, 2, 3, 4, 70], [22, 33, 43, 54], [9, 20, 21, 11, 12], [29, 30, 41, 40, 51, 50, 49, 60]], "food": [32, 17], "index": 0}, "status": "ACTIVE"}, {"action": "NORTH", "reward": 52, "info": {}, "observation": {"remainingOverageTime": 12, "index": 1}, "status": "ACTIVE"}, {"action": "NORTH", "reward": 53, "info": {}, "observation": {"remainingOverageTime": 12, "index": 2}, "status": "ACTIVE"}, {"action": "WEST", "reward": 56, "info": {}, "observation": {"remainingOverageTime": 12, "index": 3}, "status": "ACTIVE"}], [{"action": "EAST", "reward": 57, "info": {}, "observation": {"remainingOverageTime": 12, "step": 49, "geese": [[46, 45, 56, 67, 68, 2, 3, 4], [32, 22, 33, 43, 54], [8, 9, 20, 21, 11], [28, 29, 30, 41, 40, 51, 50, 49]], "food": [17, 60], "index": 0}, "status": "ACTIVE"}, {"action": "WEST", "reward": 53, "info": {}, "observation": {"remainingOverageTime": 12, "index": 1}, "status": "ACTIVE"}, {"action": "WEST", "reward": 54, "info": {}, "observation": {"remainingOverageTime": 12, "index": 2}, "status": "ACTIVE"}, {"action": "WEST", "reward": 57, "info": {}, "observation": {"remainingOverageTime": 12, "index": 3}, "status": "ACTIVE"}], [{"action": "SOUTH", "reward": 58, "info": {}, "observation": {"remainingOverageTime": 12, "step": 50, "geese": [[57, 46, 45, 56, 67, 68, 2, 3], [31, 32, 22, 33, 43], [19, 8, 9, 20, 21], [17, 28, 29, 30, 41, 40, 51, 50, 49]], "food": [60, 15], "index": 0}, "status": "ACTIVE"}, {"action": "WEST", "reward": 55, "info": {}, "observation": {"remainingOverageTime": 12, "index": 1}, "status": "ACTIVE"}, {"action": "SOUTH", "reward": 55, "info": {}, "observation": {"remainingOverageTime": 12, "index": 2}, "status": "ACTIVE"}, {"action": "NORTH", "reward": 58, "info": {}, "observation": {"remainingOverageTime": 12, "index": 3}, "status": "ACTIVE"}], [{"action": "EAST", "reward": 59, "info": {}, "observation": {"remainingOverageTime": 12, "step": 51, "geese": [[58, 57, 46, 45, 56, 67, 68, 2], [42, 31, 32, 22, 33], [18, 19, 8, 9, 20], [16, 17, 28, 29, 30, 41, 40, 51, 50]], "food": [60, 15], "index": 0}, "status": "ACTIVE"}, {"action": "SOUTH", "reward": 56, "info": {}, "observation": {"remainingOverageTime": 12, "index": 1}, "status": "ACTIVE"}, {"action": "WEST", "reward": 56, "info": {}, "observation": {"remainingOverageTime": 12, "index": 2}, "status": "ACTIVE"}, {"action": "WEST", "reward": 60, "info": {}, "observation": {"remainingOverageTime": 12, "index": 3}, "status": "ACTIVE"}], [{"action": "EAST", "reward": 60, "info": {}, "observation": {"remainingOverageTime": 12, "step": 52, "geese": [[59, 58, 57, 46, 45, 56, 67, 68], [53, 42, 31, 32, 22], [7, 18, 19, 8, 9], [15, 16, 17, 28, 29, 30, 41, 40, 51, 50]], "food": [60, 44], "index": 0}, "status": "ACTIVE"}, {"action": "SOUTH", "reward": 57, "info": {}, "observation": {"remainingOverageTime": 12, "index": 1}, "status": "ACTIVE"}, {"action": "NORTH", "reward": 57, "info": {}, "observation": {"remainingOverageTime": 12, "index": 2}, "status": "ACTIVE"}, {"action": "WEST", "reward": 61, "info": {}, "observation": {"remainingOverageTime": 12, "index": 3}, "status": "ACTIVE"}], [{"action": "EAST", "reward": 61, "info": {}, "observation": {"remainingOverageTime": 12, "step": 53, "geese": [[60, 59, 58, 57, 46, 45, 56, 67, 68], [54, 53, 42, 31, 32], [6, 7, 18, 19, 8], [4, 15, 16, 17, 28, 29, 30, 41, 40, 51]], "food": [44, 47], "index": 0}, "status": "ACTIVE"}, {"action": "EAST", "reward": 58, "info": {}, "observation": {"remainingOverageTime": 12, "index": 1}, "status": "ACTIVE"}, {"action": "WEST", "reward": 58, "info": {}, "observation": {"remainingOverageTime": 12, "index": 2}, "status": "ACTIVE"}, {"action": "NORTH", "reward": 63, "info": {}, "observation": {"remainingOverageTime": 12, "index": 3}, "status": "ACTIVE"}], [{"action": "NORTH", "reward": 63, "info": {}, "observation": {"remainingOverageTime": 12, "step": 54, "geese": [[49, 60, 59, 58, 57, 46, 45, 56, 67], [44, 54, 53, 42, 31, 32], [72, 6, 7, 18, 19], [3, 4, 15, 16, 17, 28, 29, 30, 41, 40]], "food": [47, 35], "index": 0}, "status": "ACTIVE"}, {"action": "EAST", "reward": 59, "info": {}, "observation": {"remainingOverageTime": 12, "index": 1}, "status": "ACTIVE"}, {"action": "NORTH", "reward": 59, "info": {}, "observation": {"remainingOverageTime": 12, "index": 2}, "status": "ACTIVE"}, {"action": "WEST", "reward": 64, "info": {}, "observation": {"remainingOverageTime": 12, "index": 3}, "status": "ACTIVE"}], [{"action": "WEST", "reward": 64, "info": {}, "observation": {"remainingOverageTime": 12, "step": 55, "geese": [[48, 49, 60, 59, 58, 57, 46, 45, 56], [33, 44, 54, 53, 42, 31], [61, 72, 6, 7, 18], [14, 3, 4, 15, 16, 17, 28, 29, 30, 41]], "food": [47, 35], "index": 0}, "status": "ACTIVE"}, {"action": "NORTH", "reward": 61, "info": {}, "observation": {"remainingOverageTime": 12, "index": 1}, "status": "ACTIVE"}, {"action": "NORTH", "reward": 60, "info": {}, "observation": {"remainingOverageTime": 12, "index": 2}, "status": "ACTIVE"}, {"action": "SOUTH", "reward": 65, "info": {}, "observation": {"remainingOverageTime": 12, "index": 3}, "status": "ACTIVE"}], [{"action": "WEST", "reward": 65, "info": {}, "observation": {"remainingOverageTime": 12, "step": 56, "geese": [[47, 48, 49, 60, 59, 58, 57, 46, 45, 56], [34, 33, 44, 54, 53, 42], [50, 61, 72, 6, 7], [13, 14, 3, 4, 15, 16, 17, 28, 29, 30]], "food": [35, 21], "index": 0}, "status": "ACTIVE"}, {"action": "EAST", "reward": 62, "info": {}, "observation": {"remainingOverageTime": 12, "index": 1}, "status": "ACTIVE"}, {"action": "NORTH", "reward": 61, "info": {}, "observation": {"remainingOverageTime": 12, "index": 2}, "status": "ACTIVE"}, {"action": "WEST", "reward": 66, "info": {}, "observation": {"remainingOverageTime": 12, "index": 3}, "status": "ACTIVE"}], [{"action": "NORTH", "reward": 67, "info": {}, "observation": {"remainingOverageTime": 12, "step": 57, "geese": [[36, 47, 48, 49, 60, 59, 58, 57, 46, 45], [35, 34, 33, 44, 54, 53, 42], [39, 50, 61, 72, 6], [24, 13, 14, 3, 4, 15, 16, 17, 28, 29]], "food": [21, 32], "index": 0}, "status": "ACTIVE"}, {"action": "EAST", "reward": 63, "info": {}, "observation": {"remainingOverageTime": 12, "index": 1}, "status": "ACTIVE"}, {"action": "NORTH", "reward": 62, "info": {}, "observation": {"remainingOverageTime": 12, "index": 2}, "status": "ACTIVE"}, {"action": "SOUTH", "reward": 67, "info": {}, "observation": {"remainingOverageTime": 12, "index": 3}, "status": "ACTIVE"}], [{"action": "EAST", "reward": 68, "info": {}, "observation": {"remainingOverageTime": 12, "step": 58, "geese": [[], [], [40, 39, 50, 61, 72], [23, 24, 13, 14, 3, 4, 15, 16, 17, 28]], "food": [21, 32], "index": 0}, "status": "DONE"}, {"action": "EAST", "reward": 65, "info": {}, "observation": {"remainingOverageTime": 12, "index": 1}, "status": "DONE"}, {"action": "EAST", "reward": 63, "info": {}, "observation": {"remainingOverageTime": 12, "index": 2}, "status": "ACTIVE"}, {"action": "WEST", "reward": 68, "info": {}, "observation": {"remainingOverageTime": 12, "index": 3}, "status": "ACTIVE"}], [{"action": "NORTH", "reward": 68, "info": {}, "observation": {"remainingOverageTime": 12, "step": 59, "geese": [[], [], [41, 40, 39, 50, 61], [22, 23, 24, 13, 14, 3, 4, 15, 16, 17]], "food": [21, 32], "index": 0}, "status": "DONE"}, {"action": "NORTH", "reward": 65, "info": {}, "observation": {"remainingOverageTime": 12, "index": 1}, "status": "DONE"}, {"action": "EAST", "reward": 64, "info": {}, "observation": {"remainingOverageTime": 12, "index": 2}, "status": "ACTIVE"}, {"action": "WEST", "reward": 69, "info": {}, "observation": {"remainingOverageTime": 12, "index": 3}, "status": "ACTIVE"}], [{"action": "NORTH", "reward": 68, "info": {}, "observation": {"remainingOverageTime": 12, "step": 60, "geese": [[], [], [30, 41, 40, 39, 50], [32, 22, 23, 24, 13, 14, 3, 4, 15, 16, 17]], "food": [21, 64], "index": 0}, "status": "DONE"}, {"action": "NORTH", "reward": 65, "info": {}, "observation": {"remainingOverageTime": 12, "index": 1}, "status": "DONE"}, {"action": "NORTH", "reward": 65, "info": {}, "observation": {"remainingOverageTime": 12, "index": 2}, "status": "ACTIVE"}, {"action": "WEST", "reward": 70, "info": {}, "observation": {"remainingOverageTime": 12, "index": 3}, "status": "ACTIVE"}], [{"action": "NORTH", "reward": 68, "info": {}, "observation": {"remainingOverageTime": 12, "step": 61, "geese": [[], [], [19, 30, 41, 40, 39], [21, 32, 22, 23, 24, 13, 14, 3, 4, 15, 16, 17]], "food": [64, 62], "index": 0}, "status": "DONE"}, {"action": "NORTH", "reward": 65, "info": {}, "observation": {"remainingOverageTime": 12, "index": 1}, "status": "DONE"}, {"action": "NORTH", "reward": 66, "info": {}, "observation": {"remainingOverageTime": 12, "index": 2}, "status": "ACTIVE"}, {"action": "NORTH", "reward": 72, "info": {}, "observation": {"remainingOverageTime": 12, "index": 3}, "status": "ACTIVE"}], [{"action": "NORTH", "reward": 68, "info": {}, "observation": {"remainingOverageTime": 12, "step": 62, "geese": [[], [], [8, 19, 30, 41, 40], [11, 21, 32, 22, 23, 24, 13, 14, 3, 4, 15, 16]], "food": [64, 62], "index": 0}, "status": "DONE"}, {"action": "NORTH", "reward": 65, "info": {}, "observation": {"remainingOverageTime": 12, "index": 1}, "status": "DONE"}, {"action": "NORTH", "reward": 67, "info": {}, "observation": {"remainingOverageTime": 12, "index": 2}, "status": "ACTIVE"}, {"action": "EAST", "reward": 74, "info": {}, "observation": {"remainingOverageTime": 12, "index": 3}, "status": "ACTIVE"}], [{"action": "NORTH", "reward": 68, "info": {}, "observation": {"remainingOverageTime": 12, "step": 63, "geese": [[], [], [9, 8, 19, 30, 41], [0, 11, 21, 32, 22, 23, 24, 13, 14, 3, 4, 15]], "food": [64, 62], "index": 0}, "status": "DONE"}, {"action": "NORTH", "reward": 65, "info": {}, "observation": {"remainingOverageTime": 12, "index": 1}, "status": "DONE"}, {"action": "EAST", "reward": 68, "info": {}, "observation": {"remainingOverageTime": 12, "index": 2}, "status": "ACTIVE"}, {"action": "NORTH", "reward": 75, "info": {}, "observation": {"remainingOverageTime": 12, "index": 3}, "status": "ACTIVE"}], [{"action": "NORTH", "reward": 68, "info": {}, "observation": {"remainingOverageTime": 12, "step": 64, "geese": [[], [], [75, 9, 8, 19, 30], [66, 0, 11, 21, 32, 22, 23, 24, 13, 14, 3, 4]], "food": [64, 62], "index": 0}, "status": "DONE"}, {"action": "NORTH", "reward": 65, "info": {}, "observation": {"remainingOverageTime": 12, "index": 1}, "status": "DONE"}, {"action": "NORTH", "reward": 69, "info": {}, "observation": {"remainingOverageTime": 12, "index": 2}, "status": "ACTIVE"}, {"action": "NORTH", "reward": 76, "info": {}, "observation": {"remainingOverageTime": 12, "index": 3}, "status": "ACTIVE"}], [{"action": "NORTH", "reward": 68, "info": {}, "observation": {"remainingOverageTime": 12, "step": 65, "geese": [[], [], [64, 75, 9, 8, 19, 30], [67, 66, 0, 11, 21, 32, 22, 23, 24, 13, 14, 3]], "food": [62, 52], "index": 0}, "status": "DONE"}, {"action": "NORTH", "reward": 65, "info": {}, "observation": {"remainingOverageTime": 12, "index": 1}, "status": "DONE"}, {"action": "NORTH", "reward": 70, "info": {}, "observation": {"remainingOverageTime": 12, "index": 2}, "status": "ACTIVE"}, {"action": "EAST", "reward": 77, "info": {}, "observation": {"remainingOverageTime": 12, "index": 3}, "status": "ACTIVE"}], [{"action": "NORTH", "reward": 68, "info": {}, "observation": {"remainingOverageTime": 12, "step": 66, "geese": [[], [], [53, 64, 75, 9, 8, 19], [56, 67, 66, 0, 11, 21, 32, 22, 23, 24, 13, 14]], "food": [62, 52], "index": 0}, "status": "DONE"}, {"action": "NORTH", "reward": 65, "info": {}, "observation": {"remainingOverageTime": 12, "index": 1}, "status": "DONE"}, {"action": "NORTH", "reward": 72, "info": {}, "observation": {"remainingOverageTime": 12, "index": 2}, "status": "ACTIVE"}, {"action": "NORTH", "reward": 78, "info": {}, "observation": {"remainingOverageTime": 12, "index": 3}, "status": "ACTIVE"}], [{"action": "NORTH", "reward": 68, "info": {}, "observation": {"remainingOverageTime": 12, "step": 67, "geese": [[], [], [52, 53, 64, 75, 9, 8, 19], [57, 56, 67, 66, 0, 11, 21, 32, 22, 23, 24, 13]], "food": [62, 60], "index": 0}, "status": "DONE"}, {"action": "NORTH", "reward": 65, "info": {}, "observation": {"remainingOverageTime": 12, "index": 1}, "status": "DONE"}, {"action": "WEST", "reward": 73, "info": {}, "observation": {"remainingOverageTime": 12, "index": 2}, "status": "ACTIVE"}, {"action": "EAST", "reward": 79, "info": {}, "observation": {"remainingOverageTime": 12, "index": 3}, "status": "ACTIVE"}], [{"action": "NORTH", "reward": 68, "info": {}, "observation": {"remainingOverageTime": 12, "step": 68, "geese": [[], [], [51, 52, 53, 64, 75, 9, 8], [58, 57, 56, 67, 66, 0, 11, 21, 32, 22, 23, 24]], "food": [62, 60], "index": 0}, "status": "DONE"}, {"action": "NORTH", "reward": 65, "info": {}, "observation": {"remainingOverageTime": 12, "index": 1}, "status": "DONE"}, {"action": "WEST", "reward": 75, "info": {}, "observation": {"remainingOverageTime": 12, "index": 2}, "status": "ACTIVE"}, {"action": "EAST", "reward": 80, "info": {}, "observation": {"remainingOverageTime": 12, "index": 3}, "status": "ACTIVE"}], [{"action": "NORTH", "reward": 68, "info": {}, "observation": {"remainingOverageTime": 12, "step": 69, "geese": [[], [], [62, 51, 52, 53, 64, 75, 9, 8], [59, 58, 57, 56, 67, 66, 0, 11, 21, 32, 22, 23]], "food": [60, 74], "index": 0}, "status": "DONE"}, {"action": "NORTH", "reward": 65, "info": {}, "observation": {"remainingOverageTime": 12, "index": 1}, "status": "DONE"}, {"action": "SOUTH", "reward": 76, "info": {}, "observation": {"remainingOverageTime": 12, "index": 2}, "status": "ACTIVE"}, {"action": "EAST", "reward": 81, "info": {}, "observation": {"remainingOverageTime": 12, "index": 3}, "status": "ACTIVE"}], [{"action": "NORTH", "reward": 68, "info": {}, "observation": {"remainingOverageTime": 12, "step": 70, "geese": [[], [], [61, 62, 51, 52, 53, 64, 75, 9], [60, 59, 58, 57, 56, 67, 66, 0, 11, 21, 32, 22, 23]], "food": [74, 74], "index": 0}, "status": "DONE"}, {"action": "NORTH", "reward": 65, "info": {}, "observation": {"remainingOverageTime": 12, "index": 1}, "status": "DONE"}, {"action": "WEST", "reward": 78, "info": {}, "observation": {"remainingOverageTime": 12, "index": 2}, "status": "ACTIVE"}, {"action": "EAST", "reward": 82, "info": {}, "observation": {"remainingOverageTime": 12, "index": 3}, "status": "ACTIVE"}], [{"action": "NORTH", "reward": 68, "info": {}, "observation": {"remainingOverageTime": 12, "step": 71, "geese": [[], [], [72, 61, 62, 51, 52, 53, 64, 75], [49, 60, 59, 58, 57, 56, 67, 66, 0, 11, 21, 32, 22]], "food": [74, 74], "index": 0}, "status": "DONE"}, {"action": "NORTH", "reward": 65, "info": {}, "observation": {"remainingOverageTime": 12, "index": 1}, "status": "DONE"}, {"action": "SOUTH", "reward": 79, "info": {}, "observation": {"remainingOverageTime": 12, "index": 2}, "status": "ACTIVE"}, {"action": "NORTH", "reward": 84, "info": {}, "observation": {"remainingOverageTime": 12, "index": 3}, "status": "ACTIVE"}], [{"action": "NORTH", "reward": 68, "info": {}, "observation": {"remainingOverageTime": 12, "step": 72, "geese": [[], [], [73, 72, 61, 62, 51, 52, 53, 64], [48, 49, 60, 59, 58, 57, 56, 67, 66, 0, 11, 21, 32]], "food": [74, 74], "index": 0}, "status": "DONE"}, {"action": "NORTH", "reward": 65, "info": {}, "observation": {"remainingOverageTime": 12, "index": 1}, "status": "DONE"}, {"action": "EAST", "reward": 80, "info": {}, "observation": {"remainingOverageTime": 12, "index": 2}, "status": "ACTIVE"}, {"action": "WEST", "reward": 85, "info": {}, "observation": {"remainingOverageTime": 12, "index": 3}, "status": "ACTIVE"}], [{"action": "NORTH", "reward": 68, "info": {}, "observation": {"remainingOverageTime": 12, "step": 73, "geese": [[], [], [74, 73, 72, 61, 62, 51, 52, 53, 64], [37, 48, 49, 60, 59, 58, 57, 56, 67, 66, 0, 11, 21]], "food": [74, 25], "index": 0}, "status": "DONE"}, {"action": "NORTH", "reward": 65, "info": {}, "observation": {"remainingOverageTime": 12, "index": 1}, "status": "DONE"}, {"action": "EAST", "reward": 81, "info": {}, "observation": {"remainingOverageTime": 12, "index": 2}, "status": "ACTIVE"}, {"action": "NORTH", "reward": 86, "info": {}, "observation": {"remainingOverageTime": 12, "index": 3}, "status": "ACTIVE"}], [{"action": "NORTH", "reward": 68, "info": {}, "observation": {"remainingOverageTime": 12, "step": 74, "geese": [[], [], [8, 74, 73, 72, 61, 62, 51, 52, 53], [26, 37, 48, 49, 60, 59, 58, 57, 56, 67, 66, 0, 11]], "food": [74, 25], "index": 0}, "status": "DONE"}, {"action": "NORTH", "reward": 65, "info": {}, "observation": {"remainingOverageTime": 12, "index": 1}, "status": "DONE"}, {"action": "SOUTH", "reward": 83, "info": {}, "observation": {"remainingOverageTime": 12, "index": 2}, "status": "ACTIVE"}, {"action": "NORTH", "reward": 87, "info": {}, "observation": {"remainingOverageTime": 12, "index": 3}, "status": "ACTIVE"}], [{"action": "NORTH", "reward": 68, "info": {}, "observation": {"remainingOverageTime": 12, "step": 75, "geese": [[], [], [19, 8, 74, 73, 72, 61, 62, 51, 52], [15, 26, 37, 48, 49, 60, 59, 58, 57, 56, 67, 66, 0]], "food": [74, 25], "index": 0}, "status": "DONE"}, {"action": "NORTH", "reward": 65, "info": {}, "observation": {"remainingOverageTime": 12, "index": 1}, "status": "DONE"}, {"action": "SOUTH", "reward": 84, "info": {}, "observation": {"remainingOverageTime": 12, "index": 2}, "status": "ACTIVE"}, {"action": "NORTH", "reward": 88, "info": {}, "observation": {"remainingOverageTime": 12, "index": 3}, "status": "ACTIVE"}], [{"action": "NORTH", "reward": 68, "info": {}, "observation": {"remainingOverageTime": 12, "step": 76, "geese": [[], [], [30, 19, 8, 74, 73, 72, 61, 62, 51], [14, 15, 26, 37, 48, 49, 60, 59, 58, 57, 56, 67, 66]], "food": [74, 25], "index": 0}, "status": "DONE"}, {"action": "NORTH", "reward": 65, "info": {}, "observation": {"remainingOverageTime": 12, "index": 1}, "status": "DONE"}, {"action": "SOUTH", "reward": 85, "info": {}, "observation": {"remainingOverageTime": 12, "index": 2}, "status": "ACTIVE"}, {"action": "WEST", "reward": 89, "info": {}, "observation": {"remainingOverageTime": 12, "index": 3}, "status": "ACTIVE"}], [{"action": "NORTH", "reward": 68, "info": {}, "observation": {"remainingOverageTime": 12, "step": 77, "geese": [[], [], [31, 30, 19, 8, 74, 73, 72, 61, 62], [3, 14, 15, 26, 37, 48, 49, 60, 59, 58, 57, 56, 67]], "food": [74, 25], "index": 0}, "status": "DONE"}, {"action": "NORTH", "reward": 65, "info": {}, "observation": {"remainingOverageTime": 12, "index": 1}, "status": "DONE"}, {"action": "EAST", "reward": 86, "info": {}, "observation": {"remainingOverageTime": 12, "index": 2}, "status": "ACTIVE"}, {"action": "NORTH", "reward": 90, "info": {}, "observation": {"remainingOverageTime": 12, "index": 3}, "status": "ACTIVE"}], [{"action": "NORTH", "reward": 68, "info": {}, "observation": {"remainingOverageTime": 12, "step": 78, "geese": [[], [], [32, 31, 30, 19, 8, 74, 73, 72, 61], [69, 3, 14, 15, 26, 37, 48, 49, 60, 59, 58, 57, 56]], "food": [74, 25], "index": 0}, "status": "DONE"}, {"action": "NORTH", "reward": 65, "info": {}, "observation": {"remainingOverageTime": 12, "index": 1}, "status": "DONE"}, {"action": "EAST", "reward": 87, "info": {}, "observation": {"remainingOverageTime": 12, "index": 2}, "status": "ACTIVE"}, {"action": "NORTH", "reward": 91, "info": {}, "observation": {"remainingOverageTime": 12, "index": 3}, "status": "ACTIVE"}], [{"action": "NORTH", "reward": 68, "info": {}, "observation": {"remainingOverageTime": 12, "step": 79, "geese": [[], [], [22, 32, 31, 30, 19, 8, 74, 73, 72], [68, 69, 3, 14, 15, 26, 37, 48, 49, 60, 59, 58, 57]], "food": [74, 25], "index": 0}, "status": "DONE"}, {"action": "NORTH", "reward": 65, "info": {}, "observation": {"remainingOverageTime": 12, "index": 1}, "status": "DONE"}, {"action": "EAST", "reward": 88, "info": {}, "observation": {"remainingOverageTime": 12, "index": 2}, "status": "ACTIVE"}, {"action": "WEST", "reward": 92, "info": {}, "observation": {"remainingOverageTime": 12, "index": 3}, "status": "ACTIVE"}], [{"action": "NORTH", "reward": 68, "info": {}, "observation": {"remainingOverageTime": 12, "step": 80, "geese": [[], [], [23, 22, 32, 31, 30, 19, 8, 74], [57, 68, 69, 3, 14, 15, 26, 37, 48, 49, 60, 59]], "food": [74, 25], "index": 0}, "status": "DONE"}, {"action": "NORTH", "reward": 65, "info": {}, "observation": {"remainingOverageTime": 12, "index": 1}, "status": "DONE"}, {"action": "EAST", "reward": 89, "info": {}, "observation": {"remainingOverageTime": 12, "index": 2}, "status": "ACTIVE"}, {"action": "NORTH", "reward": 93, "info": {}, "observation": {"remainingOverageTime": 12, "index": 3}, "status": "ACTIVE"}], [{"action": "NORTH", "reward": 68, "info": {}, "observation": {"remainingOverageTime": 12, "step": 81, "geese": [[], [], [24, 23, 22, 32, 31, 30, 19, 8], [46, 57, 68, 69, 3, 14, 15, 26, 37, 48, 49, 60]], "food": [74, 25], "index": 0}, "status": "DONE"}, {"action": "NORTH", "reward": 65, "info": {}, "observation": {"remainingOverageTime": 12, "index": 1}, "status": "DONE"}, {"action": "EAST", "reward": 89, "info": {}, "observation": {"remainingOverageTime": 12, "index": 2}, "status": "ACTIVE"}, {"action": "NORTH", "reward": 93, "info": {}, "observation": {"remainingOverageTime": 12, "index": 3}, "status": "ACTIVE"}], [{"action": "NORTH", "reward": 68, "info": {}, "observation": {"remainingOverageTime": 12, "step": 82, "geese": [[], [], [25, 24, 23, 22, 32, 31, 30, 19, 8], [47, 46, 57, 68, 69, 3, 14, 15, 26, 37, 48, 49]], "food": [74, 56], "index": 0}, "status": "DONE"}, {"action": "NORTH", "reward": 65, "info": {}, "observation": {"remainingOverageTime": 12, "index": 1}, "status": "DONE"}, {"action": "EAST", "reward": 90, "info": {}, "observation": {"remainingOverageTime": 12, "index": 2}, "status": "ACTIVE"}, {"action": "EAST", "reward": 94, "info": {}, "observation": {"remainingOverageTime": 12, "index": 3}, "status": "ACTIVE"}], [{"action": "NORTH", "reward": 68, "info": {}, "observation": {"remainingOverageTime": 12, "step": 83, "geese": [[], [], [36, 25, 24, 23, 22, 32, 31, 30, 19], [58, 47, 46, 57, 68, 69, 3, 14, 15, 26, 37, 48]], "food": [74, 56], "index": 0}, "status": "DONE"}, {"action": "NORTH", "reward": 65, "info": {}, "observation": {"remainingOverageTime": 12, "index": 1}, "status": "DONE"}, {"action": "SOUTH", "reward": 92, "info": {}, "observation": {"remainingOverageTime": 12, "index": 2}, "status": "ACTIVE"}, {"action": "SOUTH", "reward": 95, "info": {}, "observation": {"remainingOverageTime": 12, "index": 3}, "status": "ACTIVE"}], [{"action": "NORTH", "reward": 68, "info": {}, "observation": {"remainingOverageTime": 12, "step": 84, "geese": [[], [], [35, 36, 25, 24, 23, 22, 32, 31, 30], [59, 58, 47, 46, 57, 68, 69, 3, 14, 15, 26, 37]], "food": [74, 56], "index": 0}, "status": "DONE"}, {"action": "NORTH", "reward": 65, "info": {}, "observation": {"remainingOverageTime": 12, "index": 1}, "status": "DONE"}, {"action": "WEST", "reward": 93, "info": {}, "observation": {"remainingOverageTime": 12, "index": 2}, "status": "ACTIVE"}, {"action": "EAST", "reward": 96, "info": {}, "observation": {"remainingOverageTime": 12, "index": 3}, "status": "ACTIVE"}], [{"action": "NORTH", "reward": 68, "info": {}, "observation": {"remainingOverageTime": 12, "step": 85, "geese": [[], [], [34, 35, 36, 25, 24, 23, 22, 32, 31], [70, 59, 58, 47, 46, 57, 68, 69, 3, 14, 15, 26]], "food": [74, 56], "index": 0}, "status": "DONE"}, {"action": "NORTH", "reward": 65, "info": {}, "observation": {"remainingOverageTime": 12, "index": 1}, "status": "DONE"}, {"action": "WEST", "reward": 94, "info": {}, "observation": {"remainingOverageTime": 12, "index": 2}, "status": "ACTIVE"}, {"action": "SOUTH", "reward": 97, "info": {}, "observation": {"remainingOverageTime": 12, "index": 3}, "status": "ACTIVE"}], [{"action": "NORTH", "reward": 68, "info": {}, "observation": {"remainingOverageTime": 12, "step": 86, "geese": [[], [], [45, 34, 35, 36, 25, 24, 23, 22, 32], [71, 70, 59, 58, 47, 46, 57, 68, 69, 3, 14, 15]], "food": [74, 56], "index": 0}, "status": "DONE"}, {"action": "NORTH", "reward": 65, "info": {}, "observation": {"remainingOverageTime": 12, "index": 1}, "status": "DONE"}, {"action": "SOUTH", "reward": 95, "info": {}, "observation": {"remainingOverageTime": 12, "index": 2}, "status": "ACTIVE"}, {"action": "EAST", "reward": 98, "info": {}, "observation": {"remainingOverageTime": 12, "index": 3}, "status": "ACTIVE"}], [{"action": "NORTH", "reward": 68, "info": {}, "observation": {"remainingOverageTime": 12, "step": 87, "geese": [[], [], [56, 45, 34, 35, 36, 25, 24, 23, 22, 32], [72, 71, 70, 59, 58, 47, 46, 57, 68, 69, 3, 14]], "food": [74, 63], "index": 0}, "status": "DONE"}, {"action": "NORTH", "reward": 65, "info": {}, "observation": {"remainingOverageTime": 12, "index": 1}, "status": "DONE"}, {"action": "SOUTH", "reward": 96, "info": {}, "observation": {"remainingOverageTime": 12, "index": 2}, "status": "ACTIVE"}, {"action": "EAST", "reward": 99, "info": {}, "observation": {"remainingOverageTime": 12, "index": 3}, "status": "ACTIVE"}], [{"action": "NORTH", "reward": 68, "info": {}, "observation": {"remainingOverageTime": 12, "step": 88, "geese": [[], [], [55, 56, 45, 34, 35, 36, 25, 24, 23, 22], [73, 72, 71, 70, 59, 58, 47, 46, 57, 68, 69, 3]], "food": [74, 63], "index": 0}, "status": "DONE"}, {"action": "NORTH", "reward": 65, "info": {}, "observation": {"remainingOverageTime": 12, "index": 1}, "status": "DONE"}, {"action": "WEST", "reward": 98, "info": {}, "observation": {"remainingOverageTime": 12, "index": 2}, "status": "ACTIVE"}, {"action": "EAST", "reward": 100, "info": {}, "observation": {"remainingOverageTime": 12, "index": 3}, "status": "ACTIVE"}], [{"action": "NORTH", "reward": 68, "info": {}, "observation": {"remainingOverageTime": 12, "step": 89, "geese": [[], [], [65, 55, 56, 45, 34, 35, 36, 25, 24, 23], [74, 73, 72, 71, 70, 59, 58, 47, 46, 57, 68, 69, 3]], "food": [63, 7], "index": 0}, "status": "DONE"}, {"action": "NORTH", "reward": 65, "info": {}, "observation": {"remainingOverageTime": 12, "index": 1}, "status": "DONE"}, {"action": "WEST", "reward": 99, "info": {}, "observation": {"remainingOverageTime": 12, "index": 2}, "status": "ACTIVE"}, {"action": "EAST", "reward": 101, "info": {}, "observation": {"remainingOverageTime": 12, "index": 3}, "status": "ACTIVE"}], [{"action": "NORTH", "reward": 68, "info": {}, "observation": {"remainingOverageTime": 12, "step": 90, "geese": [[], [], [64, 65, 55, 56, 45, 34, 35, 36, 25, 24], [8, 74, 73, 72, 71, 70, 59, 58, 47, 46, 57, 68, 69]], "food": [63, 7], "index": 0}, "status": "DONE"}, {"action": "NORTH", "reward": 65, "info": {}, "observation": {"remainingOverageTime": 12, "index": 1}, "status": "DONE"}, {"action": "WEST", "reward": 100, "info": {}, "observation": {"remainingOverageTime": 12, "index": 2}, "status": "ACTIVE"}, {"action": "SOUTH", "reward": 103, "info": {}, "observation": {"remainingOverageTime": 12, "index": 3}, "status": "ACTIVE"}], [{"action": "NORTH", "reward": 68, "info": {}, "observation": {"remainingOverageTime": 12, "step": 91, "geese": [[], [], [63, 64, 65, 55, 56, 45, 34, 35, 36, 25, 24], [9, 8, 74, 73, 72, 71, 70, 59, 58, 47, 46, 57, 68]], "food": [7, 1], "index": 0}, "status": "DONE"}, {"action": "NORTH", "reward": 65, "info": {}, "observation": {"remainingOverageTime": 12, "index": 1}, "status": "DONE"}, {"action": "WEST", "reward": 101, "info": {}, "observation": {"remainingOverageTime": 12, "index": 2}, "status": "ACTIVE"}, {"action": "EAST", "reward": 104, "info": {}, "observation": {"remainingOverageTime": 12, "index": 3}, "status": "ACTIVE"}], [{"action": "NORTH", "reward": 68, "info": {}, "observation": {"remainingOverageTime": 12, "step": 92, "geese": [[], [], [62, 63, 64, 65, 55, 56, 45, 34, 35, 36, 25], [75, 9, 8, 74, 73, 72, 71, 70, 59, 58, 47, 46, 57]], "food": [7, 1], "index": 0}, "status": "DONE"}, {"action": "NORTH", "reward": 65, "info": {}, "observation": {"remainingOverageTime": 12, "index": 1}, "status": "DONE"}, {"action": "WEST", "reward": 103, "info": {}, "observation": {"remainingOverageTime": 12, "index": 2}, "status": "ACTIVE"}, {"action": "NORTH", "reward": 105, "info": {}, "observation": {"remainingOverageTime": 12, "index": 3}, "status": "ACTIVE"}], [{"action": "NORTH", "reward": 68, "info": {}, "observation": {"remainingOverageTime": 12, "step": 93, "geese": [[], [], [51, 62, 63, 64, 65, 55, 56, 45, 34, 35, 36], [76, 75, 9, 8, 74, 73, 72, 71, 70, 59, 58, 47, 46]], "food": [7, 1], "index": 0}, "status": "DONE"}, {"action": "NORTH", "reward": 65, "info": {}, "observation": {"remainingOverageTime": 12, "index": 1}, "status": "DONE"}, {"action": "NORTH", "reward": 104, "info": {}, "observation": {"remainingOverageTime": 12, "index": 2}, "status": "ACTIVE"}, {"action": "EAST", "reward": 106, "info": {}, "observation": {"remainingOverageTime": 12, "index": 3}, "status": "ACTIVE"}], [{"action": "NORTH", "reward": 68, "info": {}, "observation": {"remainingOverageTime": 12, "step": 94, "geese": [[], [], [40, 51, 62, 63, 64, 65, 55, 56, 45, 34, 35], [66, 76, 75, 9, 8, 74, 73, 72, 71, 70, 59, 58, 47]], "food": [7, 1], "index": 0}, "status": "DONE"}, {"action": "NORTH", "reward": 65, "info": {}, "observation": {"remainingOverageTime": 12, "index": 1}, "status": "DONE"}, {"action": "NORTH", "reward": 105, "info": {}, "observation": {"remainingOverageTime": 12, "index": 2}, "status": "ACTIVE"}, {"action": "EAST", "reward": 107, "info": {}, "observation": {"remainingOverageTime": 12, "index": 3}, "status": "ACTIVE"}], [{"action": "NORTH", "reward": 68, "info": {}, "observation": {"remainingOverageTime": 12, "step": 95, "geese": [[], [], [29, 40, 51, 62, 63, 64, 65, 55, 56, 45, 34], [67, 66, 76, 75, 9, 8, 74, 73, 72, 71, 70, 59, 58]], "food": [7, 1], "index": 0}, "status": "DONE"}, {"action": "NORTH", "reward": 65, "info": {}, "observation": {"remainingOverageTime": 12, "index": 1}, "status": "DONE"}, {"action": "NORTH", "reward": 106, "info": {}, "observation": {"remainingOverageTime": 12, "index": 2}, "status": "ACTIVE"}, {"action": "EAST", "reward": 108, "info": {}, "observation": {"remainingOverageTime": 12, "index": 3}, "status": "ACTIVE"}], [{"action": "NORTH", "reward": 68, "info": {}, "observation": {"remainingOverageTime": 12, "step": 96, "geese": [[], [], [18, 29, 40, 51, 62, 63, 64, 65, 55, 56, 45], [68, 67, 66, 76, 75, 9, 8, 74, 73, 72, 71, 70, 59]], "food": [7, 1], "index": 0}, "status": "DONE"}, {"action": "NORTH", "reward": 65, "info": {}, "observation": {"remainingOverageTime": 12, "index": 1}, "status": "DONE"}, {"action": "NORTH", "reward": 107, "info": {}, "observation": {"remainingOverageTime": 12, "index": 2}, "status": "ACTIVE"}, {"action": "EAST", "reward": 109, "info": {}, "observation": {"remainingOverageTime": 12, "index": 3}, "status": "ACTIVE"}], [{"action": "NORTH", "reward": 68, "info": {}, "observation": {"remainingOverageTime": 12, "step": 97, "geese": [[], [], [7, 18, 29, 40, 51, 62, 63, 64, 65, 55, 56, 45], [69, 68, 67, 66, 76, 75, 9, 8, 74, 73, 72, 71, 70]], "food": [1, 58], "index": 0}, "status": "DONE"}, {"action": "NORTH", "reward": 65, "info": {}, "observation": {"remainingOverageTime": 12, "index": 1}, "status": "DONE"}, {"action": "NORTH", "reward": 108, "info": {}, "observation": {"remainingOverageTime": 12, "index": 2}, "status": "ACTIVE"}, {"action": "EAST", "reward": 110, "info": {}, "observation": {"remainingOverageTime": 12, "index": 3}, "status": "ACTIVE"}], [{"action": "NORTH", "reward": 68, "info": {}, "observation": {"remainingOverageTime": 12, "step": 98, "geese": [[], [], [6, 7, 18, 29, 40, 51, 62, 63, 64, 65, 55, 56], [3, 69, 68, 67, 66, 76, 75, 9, 8, 74, 73, 72, 71]], "food": [1, 58], "index": 0}, "status": "DONE"}, {"action": "NORTH", "reward": 65, "info": {}, "observation": {"remainingOverageTime": 12, "index": 1}, "status": "DONE"}, {"action": "WEST", "reward": 110, "info": {}, "observation": {"remainingOverageTime": 12, "index": 2}, "status": "ACTIVE"}, {"action": "SOUTH", "reward": 111, "info": {}, "observation": {"remainingOverageTime": 12, "index": 3}, "status": "ACTIVE"}], [{"action": "NORTH", "reward": 68, "info": {}, "observation": {"remainingOverageTime": 12, "step": 99, "geese": [[], [], [5, 6, 7, 18, 29, 40, 51, 62, 63, 64, 65, 55], [4, 3, 69, 68, 67, 66, 76, 75, 9, 8, 74, 73, 72]], "food": [1, 58], "index": 0}, "status": "DONE"}, {"action": "NORTH", "reward": 65, "info": {}, "observation": {"remainingOverageTime": 12, "index": 1}, "status": "DONE"}, {"action": "WEST", "reward": 111, "info": {}, "observation": {"remainingOverageTime": 12, "index": 2}, "status": "ACTIVE"}, {"action": "EAST", "reward": 112, "info": {}, "observation": {"remainingOverageTime": 12, "index": 3}, "status": "ACTIVE"}], [{"action": "NORTH", "reward": 68, "info": {}, "observation": {"remainingOverageTime": 12, "step": 100, "geese": [[], [], [71, 5, 6, 7, 18, 29, 40, 51, 62, 63, 64, 65], [70, 4, 3, 69, 68, 67, 66, 76, 75, 9, 8, 74, 73]], "food": [1, 58], "index": 0}, "status": "DONE"}, {"action": "NORTH", "reward": 65, "info": {}, "observation": {"remainingOverageTime": 12, "index": 1}, "status": "DONE"}, {"action": "NORTH", "reward": 112, "info": {}, "observation": {"remainingOverageTime": 12, "index": 2}, "status": "ACTIVE"}, {"action": "NORTH", "reward": 113, "info": {}, "observation": {"remainingOverageTime": 12, "index": 3}, "status": "ACTIVE"}], [{"action": "NORTH", "reward": 68, "info": {}, "observation": {"remainingOverageTime": 12, "step": 101, "geese": [[], [], [60, 71, 5, 6, 7, 18, 29, 40, 51, 62, 63, 64], [59, 70, 4, 3, 69, 68, 67, 66, 76, 75, 9, 8, 74]], "food": [1, 58], "index": 0}, "status": "DONE"}, {"action": "NORTH", "reward": 65, "info": {}, "observation": {"remainingOverageTime": 12, "index": 1}, "status": "DONE"}, {"action": "NORTH", "reward": 113, "info": {}, "observation": {"remainingOverageTime": 12, "index": 2}, "status": "ACTIVE"}, {"action": "NORTH", "reward": 114, "info": {}, "observation": {"remainingOverageTime": 12, "index": 3}, "status": "ACTIVE"}], [{"action": "NORTH", "reward": 68, "info": {}, "observation": {"remainingOverageTime": 12, "step": 102, "geese": [[], [], [49, 60, 71, 5, 6, 7, 18, 29, 40, 51, 62, 63], [48, 59, 70, 4, 3, 69, 68, 67, 66, 76, 75, 9, 8]], "food": [1, 58], "index": 0}, "status": "DONE"}, {"action": "NORTH", "reward": 65, "info": {}, "observation": {"remainingOverageTime": 12, "index": 1}, "status": "DONE"}, {"action": "NORTH", "reward": 114, "info": {}, "observation": {"remainingOverageTime": 12, "index": 2}, "status": "ACTIVE"}, {"action": "NORTH", "reward": 115, "info": {}, "observation": {"remainingOverageTime": 12, "index": 3}, "status": "ACTIVE"}], [{"action": "NORTH", "reward": 68, "info": {}, "observation": {"remainingOverageTime": 12, "step": 103, "geese": [[], [], [38, 49, 60, 71, 5, 6, 7, 18, 29, 40, 51, 62], [37, 48, 59, 70, 4, 3, 69, 68, 67, 66, 76, 75, 9]], "food": [1, 58], "index": 0}, "status": "DONE"}, {"action": "NORTH", "reward": 65, "info": {}, "observation": {"remainingOverageTime": 12, "index": 1}, "status": "DONE"}, {"action": "NORTH", "reward": 115, "info": {}, "observation": {"remainingOverageTime": 12, "index": 2}, "status": "ACTIVE"}, {"action": "NORTH", "reward": 116, "info": {}, "observation": {"remainingOverageTime": 12, "index": 3}, "status": "ACTIVE"}], [{"action": "NORTH", "reward": 68, "info": {}, "observation": {"remainingOverageTime": 12, "step": 104, "geese": [[], [], [27, 38, 49, 60, 71, 5, 6, 7, 18, 29, 40, 51], [26, 37, 48, 59, 70, 4, 3, 69, 68, 67, 66, 76, 75]], "food": [1, 58], "index": 0}, "status": "DONE"}, {"action": "NORTH", "reward": 65, "info": {}, "observation": {"remainingOverageTime": 12, "index": 1}, "status": "DONE"}, {"action": "NORTH", "reward": 116, "info": {}, "observation": {"remainingOverageTime": 12, "index": 2}, "status": "ACTIVE"}, {"action": "NORTH", "reward": 117, "info": {}, "observation": {"remainingOverageTime": 12, "index": 3}, "status": "ACTIVE"}], [{"action": "NORTH", "reward": 68, "info": {}, "observation": {"remainingOverageTime": 12, "step": 105, "geese": [[], [], [16, 27, 38, 49, 60, 71, 5, 6, 7, 18, 29, 40], [25, 26, 37, 48, 59, 70, 4, 3, 69, 68, 67, 66, 76]], "food": [1, 58], "index": 0}, "status": "DONE"}, {"action": "NORTH", "reward": 65, "info": {}, "observation": {"remainingOverageTime": 12, "index": 1}, "status": "DONE"}, {"action": "NORTH", "reward": 117, "info": {}, "observation": {"remainingOverageTime": 12, "index": 2}, "status": "ACTIVE"}, {"action": "WEST", "reward": 118, "info": {}, "observation": {"remainingOverageTime": 12, "index": 3}, "status": "ACTIVE"}], [{"action": "NORTH", "reward": 68, "info": {}, "observation": {"remainingOverageTime": 12, "step": 106, "geese": [[], [], [15, 16, 27, 38, 49, 60, 71, 5, 6, 7, 18, 29], [14, 25, 26, 37, 48, 59, 70, 4, 3, 69, 68, 67, 66]], "food": [1, 58], "index": 0}, "status": "DONE"}, {"action": "NORTH", "reward": 65, "info": {}, "observation": {"remainingOverageTime": 12, "index": 1}, "status": "DONE"}, {"action": "WEST", "reward": 118, "info": {}, "observation": {"remainingOverageTime": 12, "index": 2}, "status": "ACTIVE"}, {"action": "NORTH", "reward": 119, "info": {}, "observation": {"remainingOverageTime": 12, "index": 3}, "status": "ACTIVE"}], [{"action": "NORTH", "reward": 68, "info": {}, "observation": {"remainingOverageTime": 12, "step": 107, "geese": [[], [], [], [13, 14, 25, 26, 37, 48, 59, 70, 4, 3, 69, 68, 67]], "food": [1, 58], "index": 0}, "status": "DONE"}, {"action": "NORTH", "reward": 65, "info": {}, "observation": {"remainingOverageTime": 12, "index": 1}, "status": "DONE"}, {"action": "EAST", "reward": 119, "info": {}, "observation": {"remainingOverageTime": 12, "index": 2}, "status": "DONE"}, {"action": "WEST", "reward": 120, "info": {}, "observation": {"remainingOverageTime": 12, "index": 3}, "status": "DONE"}]], "rewards": [68, 65, 119, 120], "statuses": ["DONE", "DONE", "DONE", "DONE"], "schema_version": 1, "info": {}}