{"id": "a40499ca-da82-11ee-b31f-0242ac130202", "name": "hungry_geese", "title": "Hungry Geese", "description": "Similar to the classic snake game with multiple players", "version": "1.0.0", "configuration": {"episodeSteps": 200, "actTimeout": 6, "runTimeout": 1200, "columns": 11, "rows": 7, "hunger_rate": 40, "min_food": 2}, "specification": {"action": {"description": "Direction to move the head of your players goose.", "type": "string", "enum": ["NORTH", "EAST", "SOUTH", "WEST"], "default": "NORTH"}, "agents": [2, 3, 4, 5, 6, 7, 8], "configuration": {"episodeSteps": {"description": "Maximum number of steps in the episode.", "type": "integer", "minimum": 1, "default": 200}, "actTimeout": {"description": "Maximum runtime (seconds) to obtain an action from an agent.", "type": "number", "minimum": 0, "default": 6}, "runTimeout": {"description": "Maximum runtime (seconds) of an episode (not necessarily DONE).", "type": "number", "minimum": 0, "default": 1200}, "columns": {"description": "Horizontal number of cells on the board.", "type": "integer", "default": 11, "minimum": 3}, "rows": {"description": "Vertical number of cells on the board.", "type": "integer", "default": 7, "minimum": 3}, "hunger_rate": {"description": "The number of steps before the goose shrinks a cell.", "type": "integer", "minimum": 1, "default": 40}, "min_food": {"description": "The minimum amount of food present for all steps.", "type": "integer", "default": 2, "minimum": 1}}, "info": {}, "observation": {"remainingOverageTime": {"description": "Total remaining banked time (seconds) that can be used in excess of per-step actTimeouts -- agent is disqualified with TIMEOUT status when this drops below 0.", "shared": false, "type": "number", "minimum": 0, "default": 12}, "step": {"description": "Current step within the episode.", "type": "integer", "shared": true, "minimum": 0, "default": 0}, "geese": {"description": "List of geese in order by the agent index.", "type": "array", "default": [], "shared": true}, "food": {"description": "Positions on the board where food is present.", "type": "array", "default": [], "shared": true}, "index": {"description": "Index of the current agent's goose in the list of geese.", "type": "integer", "minimum": 0, "defaults": [0, 1, 2, 3, 4, 5, 6, 7]}}, "reward": {"description": "The number of steps the goose has moved plus its length.", "type": ["number", "null"], "default": 0, "minimum": 0}}, "steps": [[{"action": "NORTH", "reward": 0, "info": {}, "observation": {"remainingOverageTime": 12, "step": 0, "geese": [[49], [44], [7], [63]], "food": [19, 2], "index": 0}, "status": "ACTIVE"}, {"action": "NORTH", "reward": 0, "info": {}, "observation": {"remainingOverageTime": 12, "index": 1}, "status": "ACTIVE"}, {"action": "NORTH", "reward": 0, "info": {}, "observation": {"remainingOverageTime": 12, "index": 2}, "status": "ACTIVE"}, {"action": "NORTH", "reward": 0, "info": {}, "observation": {"remainingOverageTime": 12, "index": 3}, "status": "ACTIVE"}], [{"action": "EAST", "reward": 2, "info": {}, "observation": {"remainingOverageTime": 12, "step": 1, "geese": [[50], [45], [8], [74]], "food": [19, 2], "index": 0}, "status": "ACTIVE"}, {"action": "EAST", "reward": 2, "info": {}, "observation": {"remainingOverageTime": 12, "index": 1}, "status": "ACTIVE"}, {"action": "EAST", "reward": 2, "info": {}, "observation": {"remainingOverageTime": 12, "index": 2}, "status": "ACTIVE"}, {"action": "SOUTH", "reward": 2, "info": {}, "observation": {"remainingOverageTime": 12, "index": 3}, "status": "ACTIVE"}], [{"action": "EAST", "reward": 3, "info": {}, "observation": {"remainingOverageTime": 12, "step": 2, "geese": [[51], [46], [19, 8], [75]], "food": [2, 59], "index": 0}, "status": "ACTIVE"}, {"action": "EAST", "reward": 3, "info": {}, "observation": {"remainingOverageTime": 12, "index": 1}, "status": "ACTIVE"}, {"action": "SOUTH", "reward": 3, "info": {}, "observation": {"remainingOverageTime": 12, "index": 2}, "status": "ACTIVE"}, {"action": "EAST", "reward": 3, "info": {}, "observation": {"remainingOverageTime": 12, "index": 3}, "status": "ACTIVE"}], [{"action": "SOUTH", "reward": 4, "info": {}, "observation": {"remainingOverageTime": 12, "step": 3, "geese": [[62], [57], [20, 19], [9]], "food": [2, 59], "index": 0}, "status": "ACTIVE"}, {"action": "SOUTH", "reward": 4, "info": {}, "observation": {"remainingOverageTime": 12, "index": 1}, "status": "ACTIVE"}, {"action": "EAST", "reward": 5, "info": {}, "observation": {"remainingOverageTime": 12, "index": 2}, "status": "ACTIVE"}, {"action": "SOUTH", "reward": 4, "info": {}, "observation": {"remainingOverageTime": 12, "index": 3}, "status": "ACTIVE"}], [{"action": "WEST", "reward": 5, "info": {}, "observation": {"remainingOverageTime": 12, "step": 4, "geese": [[61], [68], [21, 20], [10]], "food": [2, 59], "index": 0}, "status": "ACTIVE"}, {"action": "SOUTH", "reward": 5, "info": {}, "observation": {"remainingOverageTime": 12, "index": 1}, "status": "ACTIVE"}, {"action": "EAST", "reward": 6, "info": {}, "observation": {"remainingOverageTime": 12, "index": 2}, "status": "ACTIVE"}, {"action": "EAST", "reward": 5, "info": {}, "observation": {"remainingOverageTime": 12, "index": 3}, "status": "ACTIVE"}], [{"action": "WEST", "reward": 6, "info": {}, "observation": {"remainingOverageTime": 12, "step": 5, "geese": [[60], [2, 68], [11, 21], [0]], "food": [59, 32], "index": 0}, "status": "ACTIVE"}, {"action": "SOUTH", "reward": 6, "info": {}, "observation": {"remainingOverageTime": 12, "index": 1}, "status": "ACTIVE"}, {"action": "EAST", "reward": 7, "info": {}, "observation": {"remainingOverageTime": 12, "index": 2}, "status": "ACTIVE"}, {"action": "EAST", "reward": 6, "info": {}, "observation": {"remainingOverageTime": 12, "index": 3}, "status": "ACTIVE"}], [{"action": "WEST", "reward": 7, "info": {}, "observation": {"remainingOverageTime": 12, "step": 6, "geese": [[59, 60], [3, 2], [22, 11], [66]], "food": [32, 46], "index": 0}, "status": "ACTIVE"}, {"action": "EAST", "reward": 8, "info": {}, "observation": {"remainingOverageTime": 12, "index": 1}, "status": "ACTIVE"}, {"action": "SOUTH", "reward": 8, "info": {}, "observation": {"remainingOverageTime": 12, "index": 2}, "status": "ACTIVE"}, {"action": "NORTH", "reward": 7, "info": {}, "observation": {"remainingOverageTime": 12, "index": 3}, "status": "ACTIVE"}], [{"action": "NORTH", "reward": 9, "info": {}, "observation": {"remainingOverageTime": 12, "step": 7, "geese": [[48, 59], [69, 3], [32, 22, 11], [67]], "food": [46, 9], "index": 0}, "status": "ACTIVE"}, {"action": "NORTH", "reward": 9, "info": {}, "observation": {"remainingOverageTime": 12, "index": 1}, "status": "ACTIVE"}, {"action": "WEST", "reward": 9, "info": {}, "observation": {"remainingOverageTime": 12, "index": 2}, "status": "ACTIVE"}, {"action": "EAST", "reward": 8, "info": {}, "observation": {"remainingOverageTime": 12, "index": 3}, "status": "ACTIVE"}], [{"action": "WEST", "reward": 10, "info": {}, "observation": {"remainingOverageTime": 12, "step": 8, "geese": [[47, 48], [70, 69], [21, 32, 22], [56]], "food": [46, 9], "index": 0}, "status": "ACTIVE"}, {"action": "EAST", "reward": 10, "info": {}, "observation": {"remainingOverageTime": 12, "index": 1}, "status": "ACTIVE"}, {"action": "NORTH", "reward": 11, "info": {}, "observation": {"remainingOverageTime": 12, "index": 2}, "status": "ACTIVE"}, {"action": "NORTH", "reward": 9, "info": {}, "observation": {"remainingOverageTime": 12, "index": 3}, "status": "ACTIVE"}], [{"action": "WEST", "reward": 11, "info": {}, "observation": {"remainingOverageTime": 12, "step": 9, "geese": [[46, 47, 48], [59, 70], [20, 21, 32], [45]], "food": [9, 64], "index": 0}, "status": "ACTIVE"}, {"action": "NORTH", "reward": 11, "info": {}, "observation": {"remainingOverageTime": 12, "index": 1}, "status": "ACTIVE"}, {"action": "WEST", "reward": 12, "info": {}, "observation": {"remainingOverageTime": 12, "index": 2}, "status": "ACTIVE"}, {"action": "NORTH", "reward": 10, "info": {}, "observation": {"remainingOverageTime": 12, "index": 3}, "status": "ACTIVE"}], [{"action": "WEST", "reward": 13, "info": {}, "observation": {"remainingOverageTime": 12, "step": 10, "geese": [[45, 46, 47], [60, 59], [9, 20, 21, 32], [44]], "food": [64, 58], "index": 0}, "status": "ACTIVE"}, {"action": "EAST", "reward": 12, "info": {}, "observation": {"remainingOverageTime": 12, "index": 1}, "status": "ACTIVE"}, {"action": "NORTH", "reward": 13, "info": {}, "observation": {"remainingOverageTime": 12, "index": 2}, "status": "ACTIVE"}, {"action": "WEST", "reward": 11, "info": {}, "observation": {"remainingOverageTime": 12, "index": 3}, "status": "ACTIVE"}], [{"action": "SOUTH", "reward": 14, "info": {}, "observation": {"remainingOverageTime": 12, "step": 11, "geese": [[56, 45, 46], [61, 60], [75, 9, 20, 21], [54]], "food": [64, 58], "index": 0}, "status": "ACTIVE"}, {"action": "EAST", "reward": 13, "info": {}, "observation": {"remainingOverageTime": 12, "index": 1}, "status": "ACTIVE"}, {"action": "NORTH", "reward": 15, "info": {}, "observation": {"remainingOverageTime": 12, "index": 2}, "status": "ACTIVE"}, {"action": "WEST", "reward": 12, "info": {}, "observation": {"remainingOverageTime": 12, "index": 3}, "status": "ACTIVE"}], [{"action": "EAST", "reward": 15, "info": {}, "observation": {"remainingOverageTime": 12, "step": 12, "geese": [[57, 56, 45], [62, 61], [64, 75, 9, 20, 21], [65]], "food": [58, 37], "index": 0}, "status": "ACTIVE"}, {"action": "EAST", "reward": 14, "info": {}, "observation": {"remainingOverageTime": 12, "index": 1}, "status": "ACTIVE"}, {"action": "NORTH", "reward": 16, "info": {}, "observation": {"remainingOverageTime": 12, "index": 2}, "status": "ACTIVE"}, {"action": "SOUTH", "reward": 13, "info": {}, "observation": {"remainingOverageTime": 12, "index": 3}, "status": "ACTIVE"}], [{"action": "EAST", "reward": 16, "info": {}, "observation": {"remainingOverageTime": 12, "step": 13, "geese": [[58, 57, 56, 45], [51, 62], [65, 64, 75, 9, 20], [76]], "food": [37, 34], "index": 0}, "status": "ACTIVE"}, {"action": "NORTH", "reward": 15, "info": {}, "observation": {"remainingOverageTime": 12, "index": 1}, "status": "ACTIVE"}, {"action": "EAST", "reward": 18, "info": {}, "observation": {"remainingOverageTime": 12, "index": 2}, "status": "ACTIVE"}, {"action": "SOUTH", "reward": 14, "info": {}, "observation": {"remainingOverageTime": 12, "index": 3}, "status": "ACTIVE"}], [{"action": "EAST", "reward": 18, "info": {}, "observation": {"remainingOverageTime": 12, "step": 14, "geese": [[59, 58, 57, 56], [40, 51], [54, 65, 64, 75, 9], [66]], "food": [37, 34], "index": 0}, "status": "ACTIVE"}, {"action": "NORTH", "reward": 16, "info": {}, "observation": {"remainingOverageTime": 12, "index": 1}, "status": "ACTIVE"}, {"action": "NORTH", "reward": 19, "info": {}, "observation": {"remainingOverageTime": 12, "index": 2}, "status": "ACTIVE"}, {"action": "EAST", "reward": 15, "info": {}, "observation": {"remainingOverageTime": 12, "index": 3}, "status": "ACTIVE"}], [{"action": "NORTH", "reward": 19, "info": {}, "observation": {"remainingOverageTime": 12, "step": 15, "geese": [[48, 59, 58, 57], [39, 40], [43, 54, 65, 64, 75], [67]], "food": [37, 34], "index": 0}, "status": "ACTIVE"}, {"action": "WEST", "reward": 17, "info": {}, "observation": {"remainingOverageTime": 12, "index": 1}, "status": "ACTIVE"}, {"action": "NORTH", "reward": 20, "info": {}, "observation": {"remainingOverageTime": 12, "index": 2}, "status": "ACTIVE"}, {"action": "EAST", "reward": 16, "info": {}, "observation": {"remainingOverageTime": 12, "index": 3}, "status": "ACTIVE"}], [{"action": "NORTH", "reward": 20, "info": {}, "observation": {"remainingOverageTime": 12, "step": 16, "geese": [[37, 48, 59, 58, 57], [38, 39], [33, 43, 54, 65, 64], [56]], "food": [34, 70], "index": 0}, "status": "ACTIVE"}, {"action": "WEST", "reward": 18, "info": {}, "observation": {"remainingOverageTime": 12, "index": 1}, "status": "ACTIVE"}, {"action": "EAST", "reward": 21, "info": {}, "observation": {"remainingOverageTime": 12, "index": 2}, "status": "ACTIVE"}, {"action": "NORTH", "reward": 17, "info": {}, "observation": {"remainingOverageTime": 12, "index": 3}, "status": "ACTIVE"}], [{"action": "WEST", "reward": 22, "info": {}, "observation": {"remainingOverageTime": 12, "step": 17, "geese": [[36, 37, 48, 59, 58], [49, 38], [34, 33, 43, 54, 65, 64], [45]], "food": [70, 20], "index": 0}, "status": "ACTIVE"}, {"action": "SOUTH", "reward": 19, "info": {}, "observation": {"remainingOverageTime": 12, "index": 1}, "status": "ACTIVE"}, {"action": "EAST", "reward": 22, "info": {}, "observation": {"remainingOverageTime": 12, "index": 2}, "status": "ACTIVE"}, {"action": "NORTH", "reward": 18, "info": {}, "observation": {"remainingOverageTime": 12, "index": 3}, "status": "ACTIVE"}], [{"action": "SOUTH", "reward": 23, "info": {}, "observation": {"remainingOverageTime": 12, "step": 18, "geese": [[47, 36, 37, 48, 59], [60, 49], [23, 34, 33, 43, 54, 65], [46]], "food": [70, 20], "index": 0}, "status": "ACTIVE"}, {"action": "SOUTH", "reward": 20, "info": {}, "observation": {"remainingOverageTime": 12, "index": 1}, "status": "ACTIVE"}, {"action": "NORTH", "reward": 24, "info": {}, "observation": {"remainingOverageTime": 12, "index": 2}, "status": "ACTIVE"}, {"action": "EAST", "reward": 19, "info": {}, "observation": {"remainingOverageTime": 12, "index": 3}, "status": "ACTIVE"}], [{"action": "SOUTH", "reward": 24, "info": {}, "observation": {"remainingOverageTime": 12, "step": 19, "geese": [[58, 47, 36, 37, 48], [59, 60], [22, 23, 34, 33, 43, 54], [57]], "food": [70, 20], "index": 0}, "status": "ACTIVE"}, {"action": "WEST", "reward": 21, "info": {}, "observation": {"remainingOverageTime": 12, "index": 1}, "status": "ACTIVE"}, {"action": "WEST", "reward": 25, "info": {}, "observation": {"remainingOverageTime": 12, "index": 2}, "status": "ACTIVE"}, {"action": "SOUTH", "reward": 20, "info": {}, "observation": {"remainingOverageTime": 12, "index": 3}, "status": "ACTIVE"}], [{"action": "SOUTH", "reward": 25, "info": {}, "observation": {"remainingOverageTime": 12, "step": 20, "geese": [[69, 58, 47, 36, 37], [70, 59, 60], [11, 22, 23, 34, 33, 43], [68]], "food": [20, 7], "index": 0}, "status": "ACTIVE"}, {"action": "SOUTH", "reward": 22, "info": {}, "observation": {"remainingOverageTime": 12, "index": 1}, "status": "ACTIVE"}, {"action": "NORTH", "reward": 26, "info": {}, "observation": {"remainingOverageTime": 12, "index": 2}, "status": "ACTIVE"}, {"action": "SOUTH", "reward": 21, "info": {}, "observation": {"remainingOverageTime": 12, "index": 3}, "status": "ACTIVE"}], [{"action": "SOUTH", "reward": 26, "info": {}, "observation": {"remainingOverageTime": 12, "step": 21, "geese": [[3, 69, 58, 47, 36], [71, 70, 59], [21, 11, 22, 23, 34, 33], [67]], "food": [20, 7], "index": 0}, "status": "ACTIVE"}, {"action": "EAST", "reward": 24, "info": {}, "observation": {"remainingOverageTime": 12, "index": 1}, "status": "ACTIVE"}, {"action": "WEST", "reward": 27, "info": {}, "observation": {"remainingOverageTime": 12, "index": 2}, "status": "ACTIVE"}, {"action": "WEST", "reward": 22, "info": {}, "observation": {"remainingOverageTime": 12, "index": 3}, "status": "ACTIVE"}], [{"action": "EAST", "reward": 27, "info": {}, "observation": {"remainingOverageTime": 12, "step": 22, "geese": [[4, 3, 69, 58, 47], [5, 71, 70], [20, 21, 11, 22, 23, 34, 33], [1]], "food": [7, 10], "index": 0}, "status": "ACTIVE"}, {"action": "SOUTH", "reward": 25, "info": {}, "observation": {"remainingOverageTime": 12, "index": 1}, "status": "ACTIVE"}, {"action": "WEST", "reward": 28, "info": {}, "observation": {"remainingOverageTime": 12, "index": 2}, "status": "ACTIVE"}, {"action": "SOUTH", "reward": 23, "info": {}, "observation": {"remainingOverageTime": 12, "index": 3}, "status": "ACTIVE"}], [{"action": "SOUTH", "reward": 28, "info": {}, "observation": {"remainingOverageTime": 12, "step": 23, "geese": [[15, 4, 3, 69, 58], [6, 5, 71], [9, 20, 21, 11, 22, 23, 34], [0]], "food": [7, 10], "index": 0}, "status": "ACTIVE"}, {"action": "EAST", "reward": 26, "info": {}, "observation": {"remainingOverageTime": 12, "index": 1}, "status": "ACTIVE"}, {"action": "NORTH", "reward": 30, "info": {}, "observation": {"remainingOverageTime": 12, "index": 2}, "status": "ACTIVE"}, {"action": "WEST", "reward": 24, "info": {}, "observation": {"remainingOverageTime": 12, "index": 3}, "status": "ACTIVE"}], [{"action": "EAST", "reward": 29, "info": {}, "observation": {"remainingOverageTime": 12, "step": 24, "geese": [[16, 15, 4, 3, 69], [7, 6, 5, 71], [75, 9, 20, 21, 11, 22, 23], [66]], "food": [10, 64], "index": 0}, "status": "ACTIVE"}, {"action": "EAST", "reward": 27, "info": {}, "observation": {"remainingOverageTime": 12, "index": 1}, "status": "ACTIVE"}, {"action": "NORTH", "reward": 31, "info": {}, "observation": {"remainingOverageTime": 12, "index": 2}, "status": "ACTIVE"}, {"action": "NORTH", "reward": 25, "info": {}, "observation": {"remainingOverageTime": 12, "index": 3}, "status": "ACTIVE"}], [{"action": "EAST", "reward": 30, "info": {}, "observation": {"remainingOverageTime": 12, "step": 25, "geese": [[17, 16, 15, 4, 3], [8, 7, 6, 5], [64, 75, 9, 20, 21, 11, 22, 23], [55]], "food": [10, 46], "index": 0}, "status": "ACTIVE"}, {"action": "EAST", "reward": 29, "info": {}, "observation": {"remainingOverageTime": 12, "index": 1}, "status": "ACTIVE"}, {"action": "NORTH", "reward": 32, "info": {}, "observation": {"remainingOverageTime": 12, "index": 2}, "status": "ACTIVE"}, {"action": "NORTH", "reward": 26, "info": {}, "observation": {"remainingOverageTime": 12, "index": 3}, "status": "ACTIVE"}], [{"action": "SOUTH", "reward": 31, "info": {}, "observation": {"remainingOverageTime": 12, "step": 26, "geese": [[28, 17, 16, 15, 4], [74, 8, 7, 6], [53, 64, 75, 9, 20, 21, 11, 22], [56]], "food": [10, 46], "index": 0}, "status": "ACTIVE"}, {"action": "NORTH", "reward": 30, "info": {}, "observation": {"remainingOverageTime": 12, "index": 1}, "status": "ACTIVE"}, {"action": "NORTH", "reward": 34, "info": {}, "observation": {"remainingOverageTime": 12, "index": 2}, "status": "ACTIVE"}, {"action": "EAST", "reward": 27, "info": {}, "observation": {"remainingOverageTime": 12, "index": 3}, "status": "ACTIVE"}], [{"action": "WEST", "reward": 32, "info": {}, "observation": {"remainingOverageTime": 12, "step": 27, "geese": [[27, 28, 17, 16, 15], [73, 74, 8, 7], [54, 53, 64, 75, 9, 20, 21, 11], [57]], "food": [10, 46], "index": 0}, "status": "ACTIVE"}, {"action": "WEST", "reward": 31, "info": {}, "observation": {"remainingOverageTime": 12, "index": 1}, "status": "ACTIVE"}, {"action": "EAST", "reward": 35, "info": {}, "observation": {"remainingOverageTime": 12, "index": 2}, "status": "ACTIVE"}, {"action": "EAST", "reward": 28, "info": {}, "observation": {"remainingOverageTime": 12, "index": 3}, "status": "ACTIVE"}], [{"action": "WEST", "reward": 33, "info": {}, "observation": {"remainingOverageTime": 12, "step": 28, "geese": [[26, 27, 28, 17, 16], [62, 73, 74, 8], [65, 54, 53, 64, 75, 9, 20, 21], [46, 57]], "food": [10, 56], "index": 0}, "status": "ACTIVE"}, {"action": "NORTH", "reward": 32, "info": {}, "observation": {"remainingOverageTime": 12, "index": 1}, "status": "ACTIVE"}, {"action": "SOUTH", "reward": 36, "info": {}, "observation": {"remainingOverageTime": 12, "index": 2}, "status": "ACTIVE"}, {"action": "NORTH", "reward": 29, "info": {}, "observation": {"remainingOverageTime": 12, "index": 3}, "status": "ACTIVE"}], [{"action": "SOUTH", "reward": 34, "info": {}, "observation": {"remainingOverageTime": 12, "step": 29, "geese": [[37, 26, 27, 28, 17], [61, 62, 73, 74], [76, 65, 54, 53, 64, 75, 9, 20], [45, 46]], "food": [10, 56], "index": 0}, "status": "ACTIVE"}, {"action": "WEST", "reward": 33, "info": {}, "observation": {"remainingOverageTime": 12, "index": 1}, "status": "ACTIVE"}, {"action": "SOUTH", "reward": 37, "info": {}, "observation": {"remainingOverageTime": 12, "index": 2}, "status": "ACTIVE"}, {"action": "WEST", "reward": 31, "info": {}, "observation": {"remainingOverageTime": 12, "index": 3}, "status": "ACTIVE"}], [{"action": "SOUTH", "reward": 35, "info": {}, "observation": {"remainingOverageTime": 12, "step": 30, "geese": [[48, 37, 26, 27, 28], [60, 61, 62, 73], [10, 76, 65, 54, 53, 64, 75, 9, 20], [56, 45, 46]], "food": [43, 50], "index": 0}, "status": "ACTIVE"}, {"action": "WEST", "reward": 34, "info": {}, "observation": {"remainingOverageTime": 12, "index": 1}, "status": "ACTIVE"}, {"action": "SOUTH", "reward": 38, "info": {}, "observation": {"remainingOverageTime": 12, "index": 2}, "status": "ACTIVE"}, {"action": "SOUTH", "reward": 32, "info": {}, "observation": {"remainingOverageTime": 12, "index": 3}, "status": "ACTIVE"}], [{"action": "WEST", "reward": 36, "info": {}, "observation": {"remainingOverageTime": 12, "step": 31, "geese": [[47, 48, 37, 26, 27], [71, 60, 61, 62], [21, 10, 76, 65, 54, 53, 64, 75, 9], [55, 56, 45]], "food": [43, 50], "index": 0}, "status": "ACTIVE"}, {"action": "SOUTH", "reward": 35, "info": {}, "observation": {"remainingOverageTime": 12, "index": 1}, "status": "ACTIVE"}, {"action": "SOUTH", "reward": 40, "info": {}, "observation": {"remainingOverageTime": 12, "index": 2}, "status": "ACTIVE"}, {"action": "WEST", "reward": 34, "info": {}, "observation": {"remainingOverageTime": 12, "index": 3}, "status": "ACTIVE"}], [{"action": "WEST", "reward": 37, "info": {}, "observation": {"remainingOverageTime": 12, "step": 32, "geese": [[46, 47, 48, 37, 26], [72, 71, 60, 61], [32, 21, 10, 76, 65, 54, 53, 64, 75], [44, 55, 56]], "food": [43, 50], "index": 0}, "status": "ACTIVE"}, {"action": "EAST", "reward": 36, "info": {}, "observation": {"remainingOverageTime": 12, "index": 1}, "status": "ACTIVE"}, {"action": "SOUTH", "reward": 41, "info": {}, "observation": {"remainingOverageTime": 12, "index": 2}, "status": "ACTIVE"}, {"action": "NORTH", "reward": 35, "info": {}, "observation": {"remainingOverageTime": 12, "index": 3}, "status": "ACTIVE"}], [{"action": "NORTH", "reward": 38, "info": {}, "observation": {"remainingOverageTime": 12, "step": 33, "geese": [[35, 46, 47, 48, 37], [61, 72, 71, 60], [43, 32, 21, 10, 76, 65, 54, 53, 64, 75], [33, 44, 55]], "food": [50, 19], "index": 0}, "status": "ACTIVE"}, {"action": "NORTH", "reward": 37, "info": {}, "observation": {"remainingOverageTime": 12, "index": 1}, "status": "ACTIVE"}, {"action": "SOUTH", "reward": 42, "info": {}, "observation": {"remainingOverageTime": 12, "index": 2}, "status": "ACTIVE"}, {"action": "NORTH", "reward": 36, "info": {}, "observation": {"remainingOverageTime": 12, "index": 3}, "status": "ACTIVE"}], [{"action": "EAST", "reward": 39, "info": {}, "observation": {"remainingOverageTime": 12, "step": 34, "geese": [[36, 35, 46, 47, 48], [50, 61, 72, 71, 60], [42, 43, 32, 21, 10, 76, 65, 54, 53, 64], [22, 33, 44]], "food": [19, 0], "index": 0}, "status": "ACTIVE"}, {"action": "NORTH", "reward": 38, "info": {}, "observation": {"remainingOverageTime": 12, "index": 1}, "status": "ACTIVE"}, {"action": "WEST", "reward": 44, "info": {}, "observation": {"remainingOverageTime": 12, "index": 2}, "status": "ACTIVE"}, {"action": "NORTH", "reward": 37, "info": {}, "observation": {"remainingOverageTime": 12, "index": 3}, "status": "ACTIVE"}], [{"action": "NORTH", "reward": 40, "info": {}, "observation": {"remainingOverageTime": 12, "step": 35, "geese": [[25, 36, 35, 46, 47], [51, 50, 61, 72, 71], [41, 42, 43, 32, 21, 10, 76, 65, 54, 53], [11, 22, 33]], "food": [19, 0], "index": 0}, "status": "ACTIVE"}, {"action": "EAST", "reward": 40, "info": {}, "observation": {"remainingOverageTime": 12, "index": 1}, "status": "ACTIVE"}, {"action": "WEST", "reward": 45, "info": {}, "observation": {"remainingOverageTime": 12, "index": 2}, "status": "ACTIVE"}, {"action": "NORTH", "reward": 38, "info": {}, "observation": {"remainingOverageTime": 12, "index": 3}, "status": "ACTIVE"}], [{"action": "NORTH", "reward": 41, "info": {}, "observation": {"remainingOverageTime": 12, "step": 36, "geese": [[14, 25, 36, 35, 46], [62, 51, 50, 61, 72], [30, 41, 42, 43, 32, 21, 10, 76, 65, 54], [0, 11, 22, 33]], "food": [19, 64], "index": 0}, "status": "ACTIVE"}, {"action": "SOUTH", "reward": 41, "info": {}, "observation": {"remainingOverageTime": 12, "index": 1}, "status": "ACTIVE"}, {"action": "NORTH", "reward": 46, "info": {}, "observation": {"remainingOverageTime": 12, "index": 2}, "status": "ACTIVE"}, {"action": "NORTH", "reward": 39, "info": {}, "observation": {"remainingOverageTime": 12, "index": 3}, "status": "ACTIVE"}], [{"action": "EAST", "reward": 42, "info": {}, "observation": {"remainingOverageTime": 12, "step": 37, "geese": [[15, 14, 25, 36, 35], [63, 62, 51, 50, 61], [19, 30, 41, 42, 43, 32, 21, 10, 76, 65, 54], [1, 0, 11, 22]], "food": [64, 34], "index": 0}, "status": "ACTIVE"}, {"action": "EAST", "reward": 42, "info": {}, "observation": {"remainingOverageTime": 12, "index": 1}, "status": "ACTIVE"}, {"action": "NORTH", "reward": 47, "info": {}, "observation": {"remainingOverageTime": 12, "index": 2}, "status": "ACTIVE"}, {"action": "EAST", "reward": 41, "info": {}, "observation": {"remainingOverageTime": 12, "index": 3}, "status": "ACTIVE"}], [{"action": "SOUTH", "reward": 43, "info": {}, "observation": {"remainingOverageTime": 12, "step": 38, "geese": [[26, 15, 14, 25, 36], [64, 63, 62, 51, 50, 61], [8, 19, 30, 41, 42, 43, 32, 21, 10, 76, 65], [12, 1, 0, 11]], "food": [34, 4], "index": 0}, "status": "ACTIVE"}, {"action": "EAST", "reward": 43, "info": {}, "observation": {"remainingOverageTime": 12, "index": 1}, "status": "ACTIVE"}, {"action": "NORTH", "reward": 49, "info": {}, "observation": {"remainingOverageTime": 12, "index": 2}, "status": "ACTIVE"}, {"action": "SOUTH", "reward": 42, "info": {}, "observation": {"remainingOverageTime": 12, "index": 3}, "status": "ACTIVE"}], [{"action": "EAST", "reward": 44, "info": {}, "observation": {"remainingOverageTime": 12, "step": 39, "geese": [[27, 26, 15, 14, 25], [65, 64, 63, 62, 51, 50], [7, 8, 19, 30, 41, 42, 43, 32, 21, 10, 76], [23, 12, 1, 0]], "food": [34, 4], "index": 0}, "status": "ACTIVE"}, {"action": "EAST", "reward": 45, "info": {}, "observation": {"remainingOverageTime": 12, "index": 1}, "status": "ACTIVE"}, {"action": "WEST", "reward": 50, "info": {}, "observation": {"remainingOverageTime": 12, "index": 2}, "status": "ACTIVE"}, {"action": "SOUTH", "reward": 43, "info": {}, "observation": {"remainingOverageTime": 12, "index": 3}, "status": "ACTIVE"}], [{"action": "NORTH", "reward": 45, "info": {}, "observation": {"remainingOverageTime": 12, "step": 40, "geese": [[16, 27, 26, 15], [54, 65, 64, 63, 62], [6, 7, 8, 19, 30, 41, 42, 43, 32, 21], [34, 23, 12, 1]], "food": [4, 2], "index": 0}, "status": "ACTIVE"}, {"action": "NORTH", "reward": 46, "info": {}, "observation": {"remainingOverageTime": 12, "index": 1}, "status": "ACTIVE"}, {"action": "WEST", "reward": 51, "info": {}, "observation": {"remainingOverageTime": 12, "index": 2}, "status": "ACTIVE"}, {"action": "SOUTH", "reward": 44, "info": {}, "observation": {"remainingOverageTime": 12, "index": 3}, "status": "ACTIVE"}], [{"action": "WEST", "reward": 45, "info": {}, "observation": {"remainingOverageTime": 12, "step": 41, "geese": [[15, 16, 27, 26], [44, 54, 65, 64, 63], [72, 6, 7, 8, 19, 30, 41, 42, 43, 32], [35, 34, 23, 12]], "food": [4, 2], "index": 0}, "status": "ACTIVE"}, {"action": "EAST", "reward": 46, "info": {}, "observation": {"remainingOverageTime": 12, "index": 1}, "status": "ACTIVE"}, {"action": "NORTH", "reward": 51, "info": {}, "observation": {"remainingOverageTime": 12, "index": 2}, "status": "ACTIVE"}, {"action": "EAST", "reward": 45, "info": {}, "observation": {"remainingOverageTime": 12, "index": 3}, "status": "ACTIVE"}], [{"action": "NORTH", "reward": 46, "info": {}, "observation": {"remainingOverageTime": 12, "step": 42, "geese": [[4, 15, 16, 27, 26], [45, 44, 54, 65, 64], [71, 72, 6, 7, 8, 19, 30, 41, 42, 43], [24, 35, 34, 23]], "food": [2, 63], "index": 0}, "status": "ACTIVE"}, {"action": "EAST", "reward": 47, "info": {}, "observation": {"remainingOverageTime": 12, "index": 1}, "status": "ACTIVE"}, {"action": "WEST", "reward": 52, "info": {}, "observation": {"remainingOverageTime": 12, "index": 2}, "status": "ACTIVE"}, {"action": "NORTH", "reward": 46, "info": {}, "observation": {"remainingOverageTime": 12, "index": 3}, "status": "ACTIVE"}], [{"action": "WEST", "reward": 48, "info": {}, "observation": {"remainingOverageTime": 12, "step": 43, "geese": [[3, 4, 15, 16, 27], [46, 45, 44, 54, 65], [60, 71, 72, 6, 7, 8, 19, 30, 41, 42], [13, 24, 35, 34]], "food": [2, 63], "index": 0}, "status": "ACTIVE"}, {"action": "EAST", "reward": 48, "info": {}, "observation": {"remainingOverageTime": 12, "index": 1}, "status": "ACTIVE"}, {"action": "NORTH", "reward": 53, "info": {}, "observation": {"remainingOverageTime": 12, "index": 2}, "status": "ACTIVE"}, {"action": "NORTH", "reward": 47, "info": {}, "observation": {"remainingOverageTime": 12, "index": 3}, "status": "ACTIVE"}], [{"action": "NORTH", "reward": 49, "info": {}, "observation": {"remainingOverageTime": 12, "step": 44, "geese": [[69, 3, 4, 15, 16], [57, 46, 45, 44, 54], [61, 60, 71, 72, 6, 7, 8, 19, 30, 41], [12, 13, 24, 35]], "food": [2, 63], "index": 0}, "status": "ACTIVE"}, {"action": "SOUTH", "reward": 49, "info": {}, "observation": {"remainingOverageTime": 12, "index": 1}, "status": "ACTIVE"}, {"action": "EAST", "reward": 54, "info": {}, "observation": {"remainingOverageTime": 12, "index": 2}, "status": "ACTIVE"}, {"action": "WEST", "reward": 48, "info": {}, "observation": {"remainingOverageTime": 12, "index": 3}, "status": "ACTIVE"}], [{"action": "EAST", "reward": 50, "info": {}, "observation": {"remainingOverageTime": 12, "step": 45, "geese": [[70, 69, 3, 4, 15], [56, 57, 46, 45, 44], [62, 61, 60, 71, 72, 6, 7, 8, 19, 30], [1, 12, 13, 24]], "food": [2, 63], "index": 0}, "status": "ACTIVE"}, {"action": "WEST", "reward": 50, "info": {}, "observation": {"remainingOverageTime": 12, "index": 1}, "status": "ACTIVE"}, {"action": "EAST", "reward": 55, "info": {}, "observation": {"remainingOverageTime": 12, "index": 2}, "status": "ACTIVE"}, {"action": "NORTH", "reward": 49, "info": {}, "observation": {"remainingOverageTime": 12, "index": 3}, "status": "ACTIVE"}], [{"action": "NORTH", "reward": 51, "info": {}, "observation": {"remainingOverageTime": 12, "step": 46, "geese": [[59, 70, 69, 3, 4], [55, 56, 57, 46, 45], [63, 62, 61, 60, 71, 72, 6, 7, 8, 19, 30], [2, 1, 12, 13, 24]], "food": [38, 76], "index": 0}, "status": "ACTIVE"}, {"action": "WEST", "reward": 51, "info": {}, "observation": {"remainingOverageTime": 12, "index": 1}, "status": "ACTIVE"}, {"action": "EAST", "reward": 56, "info": {}, "observation": {"remainingOverageTime": 12, "index": 2}, "status": "ACTIVE"}, {"action": "EAST", "reward": 50, "info": {}, "observation": {"remainingOverageTime": 12, "index": 3}, "status": "ACTIVE"}], [{"action": "NORTH", "reward": 52, "info": {}, "observation": {"remainingOverageTime": 12, "step": 47, "geese": [[48, 59, 70, 69, 3], [65, 55, 56, 57, 46], [64, 63, 62, 61, 60, 71, 72, 6, 7, 8, 19], [68, 2, 1, 12, 13]], "food": [38, 76], "index": 0}, "status": "ACTIVE"}, {"action": "WEST", "reward": 52, "info": {}, "observation": {"remainingOverageTime": 12, "index": 1}, "status": "ACTIVE"}, {"action": "EAST", "reward": 58, "info": {}, "observation": {"remainingOverageTime": 12, "index": 2}, "status": "ACTIVE"}, {"action": "NORTH", "reward": 52, "info": {}, "observation": {"remainingOverageTime": 12, "index": 3}, "status": "ACTIVE"}], [{"action": "EAST", "reward": 53, "info": {}, "observation": {"remainingOverageTime": 12, "step": 48, "geese": [[49, 48, 59, 70, 69], [76, 65, 55, 56, 57, 46], [75, 64, 63, 62, 61, 60, 71, 72, 6, 7, 8], [67, 68, 2, 1, 12]], "food": [38, 17], "index": 0}, "status": "ACTIVE"}, {"action": "SOUTH", "reward": 53, "info": {}, "observation": {"remainingOverageTime": 12, "index": 1}, "status": "ACTIVE"}, {"action": "SOUTH", "reward": 59, "info": {}, "observation": {"remainingOverageTime": 12, "index": 2}, "status": "ACTIVE"}, {"action": "WEST", "reward": 53, "info": {}, "observation": {"remainingOverageTime": 12, "index": 3}, "status": "ACTIVE"}], [{"action": "NORTH", "reward": 54, "info": {}, "observation": {"remainingOverageTime": 12, "step": 49, "geese": [[38, 49, 48, 59, 70, 69], [10, 76, 65, 55, 56, 57], [9, 75, 64, 63, 62, 61, 60, 71, 72, 6, 7], [66, 67, 68, 2, 1]], "food": [17, 53], "index": 0}, "status": "ACTIVE"}, {"action": "SOUTH", "reward": 55, "info": {}, "observation": {"remainingOverageTime": 12, "index": 1}, "status": "ACTIVE"}, {"action": "SOUTH", "reward": 60, "info": {}, "observation": {"remainingOverageTime": 12, "index": 2}, "status": "ACTIVE"}, {"action": "WEST", "reward": 54, "info": {}, "observation": {"remainingOverageTime": 12, "index": 3}, "status": "ACTIVE"}], [{"action": "NORTH", "reward": 56, "info": {}, "observation": {"remainingOverageTime": 12, "step": 50, "geese": [[27, 38, 49, 48, 59, 70], [21, 10, 76, 65, 55, 56], [8, 9, 75, 64, 63, 62, 61, 60, 71, 72, 6], [0, 66, 67, 68, 2]], "food": [17, 53], "index": 0}, "status": "ACTIVE"}, {"action": "SOUTH", "reward": 56, "info": {}, "observation": {"remainingOverageTime": 12, "index": 1}, "status": "ACTIVE"}, {"action": "WEST", "reward": 61, "info": {}, "observation": {"remainingOverageTime": 12, "index": 2}, "status": "ACTIVE"}, {"action": "SOUTH", "reward": 55, "info": {}, "observation": {"remainingOverageTime": 12, "index": 3}, "status": "ACTIVE"}], [{"action": "NORTH", "reward": 57, "info": {}, "observation": {"remainingOverageTime": 12, "step": 51, "geese": [[16, 27, 38, 49, 48, 59], [20, 21, 10, 76, 65, 55], [19, 8, 9, 75, 64, 63, 62, 61, 60, 71, 72], [1, 0, 66, 67, 68]], "food": [17, 53], "index": 0}, "status": "ACTIVE"}, {"action": "WEST", "reward": 57, "info": {}, "observation": {"remainingOverageTime": 12, "index": 1}, "status": "ACTIVE"}, {"action": "SOUTH", "reward": 62, "info": {}, "observation": {"remainingOverageTime": 12, "index": 2}, "status": "ACTIVE"}, {"action": "EAST", "reward": 56, "info": {}, "observation": {"remainingOverageTime": 12, "index": 3}, "status": "ACTIVE"}], [{"action": "EAST", "reward": 58, "info": {}, "observation": {"remainingOverageTime": 12, "step": 52, "geese": [[17, 16, 27, 38, 49, 48, 59], [31, 20, 21, 10, 76, 65], [18, 19, 8, 9, 75, 64, 63, 62, 61, 60, 71], [2, 1, 0, 66, 67]], "food": [53, 14], "index": 0}, "status": "ACTIVE"}, {"action": "SOUTH", "reward": 58, "info": {}, "observation": {"remainingOverageTime": 12, "index": 1}, "status": "ACTIVE"}, {"action": "WEST", "reward": 63, "info": {}, "observation": {"remainingOverageTime": 12, "index": 2}, "status": "ACTIVE"}, {"action": "EAST", "reward": 57, "info": {}, "observation": {"remainingOverageTime": 12, "index": 3}, "status": "ACTIVE"}], [{"action": "NORTH", "reward": 60, "info": {}, "observation": {"remainingOverageTime": 12, "step": 53, "geese": [[6, 17, 16, 27, 38, 49, 48], [42, 31, 20, 21, 10, 76], [29, 18, 19, 8, 9, 75, 64, 63, 62, 61, 60], [13, 2, 1, 0, 66]], "food": [53, 14], "index": 0}, "status": "ACTIVE"}, {"action": "SOUTH", "reward": 59, "info": {}, "observation": {"remainingOverageTime": 12, "index": 1}, "status": "ACTIVE"}, {"action": "SOUTH", "reward": 64, "info": {}, "observation": {"remainingOverageTime": 12, "index": 2}, "status": "ACTIVE"}, {"action": "SOUTH", "reward": 58, "info": {}, "observation": {"remainingOverageTime": 12, "index": 3}, "status": "ACTIVE"}], [{"action": "WEST", "reward": 61, "info": {}, "observation": {"remainingOverageTime": 12, "step": 54, "geese": [[5, 6, 17, 16, 27, 38, 49], [53, 42, 31, 20, 21, 10, 76], [30, 29, 18, 19, 8, 9, 75, 64, 63, 62, 61], [14, 13, 2, 1, 0, 66]], "food": [33, 35], "index": 0}, "status": "ACTIVE"}, {"action": "SOUTH", "reward": 60, "info": {}, "observation": {"remainingOverageTime": 12, "index": 1}, "status": "ACTIVE"}, {"action": "EAST", "reward": 65, "info": {}, "observation": {"remainingOverageTime": 12, "index": 2}, "status": "ACTIVE"}, {"action": "EAST", "reward": 59, "info": {}, "observation": {"remainingOverageTime": 12, "index": 3}, "status": "ACTIVE"}], [{"action": "WEST", "reward": 62, "info": {}, "observation": {"remainingOverageTime": 12, "step": 55, "geese": [[4, 5, 6, 17, 16, 27, 38], [54, 53, 42, 31, 20, 21, 10], [41, 30, 29, 18, 19, 8, 9, 75, 64, 63, 62], [25, 14, 13, 2, 1, 0]], "food": [33, 35], "index": 0}, "status": "ACTIVE"}, {"action": "EAST", "reward": 62, "info": {}, "observation": {"remainingOverageTime": 12, "index": 1}, "status": "ACTIVE"}, {"action": "SOUTH", "reward": 66, "info": {}, "observation": {"remainingOverageTime": 12, "index": 2}, "status": "ACTIVE"}, {"action": "SOUTH", "reward": 61, "info": {}, "observation": {"remainingOverageTime": 12, "index": 3}, "status": "ACTIVE"}], [{"action": "SOUTH", "reward": 63, "info": {}, "observation": {"remainingOverageTime": 12, "step": 56, "geese": [[15, 4, 5, 6, 17, 16, 27], [43, 54, 53, 42, 31, 20, 21], [40, 41, 30, 29, 18, 19, 8, 9, 75, 64, 63], [36, 25, 14, 13, 2, 1]], "food": [33, 35], "index": 0}, "status": "ACTIVE"}, {"action": "NORTH", "reward": 63, "info": {}, "observation": {"remainingOverageTime": 12, "index": 1}, "status": "ACTIVE"}, {"action": "WEST", "reward": 67, "info": {}, "observation": {"remainingOverageTime": 12, "index": 2}, "status": "ACTIVE"}, {"action": "SOUTH", "reward": 62, "info": {}, "observation": {"remainingOverageTime": 12, "index": 3}, "status": "ACTIVE"}], [{"action": "SOUTH", "reward": 64, "info": {}, "observation": {"remainingOverageTime": 12, "step": 57, "geese": [[26, 15, 4, 5, 6, 17, 16], [33, 43, 54, 53, 42, 31, 20, 21], [51, 40, 41, 30, 29, 18, 19, 8, 9, 75, 64], [35, 36, 25, 14, 13, 2, 1]], "food": [67, 62], "index": 0}, "status": "ACTIVE"}, {"action": "EAST", "reward": 64, "info": {}, "observation": {"remainingOverageTime": 12, "index": 1}, "status": "ACTIVE"}, {"action": "SOUTH", "reward": 68, "info": {}, "observation": {"remainingOverageTime": 12, "index": 2}, "status": "ACTIVE"}, {"action": "WEST", "reward": 63, "info": {}, "observation": {"remainingOverageTime": 12, "index": 3}, "status": "ACTIVE"}], [{"action": "EAST", "reward": 65, "info": {}, "observation": {"remainingOverageTime": 12, "step": 58, "geese": [[27, 26, 15, 4, 5, 6, 17], [22, 33, 43, 54, 53, 42, 31, 20], [62, 51, 40, 41, 30, 29, 18, 19, 8, 9, 75, 64], [46, 35, 36, 25, 14, 13, 2]], "food": [67, 68], "index": 0}, "status": "ACTIVE"}, {"action": "NORTH", "reward": 66, "info": {}, "observation": {"remainingOverageTime": 12, "index": 1}, "status": "ACTIVE"}, {"action": "SOUTH", "reward": 69, "info": {}, "observation": {"remainingOverageTime": 12, "index": 2}, "status": "ACTIVE"}, {"action": "SOUTH", "reward": 65, "info": {}, "observation": {"remainingOverageTime": 12, "index": 3}, "status": "ACTIVE"}], [{"action": "SOUTH", "reward": 66, "info": {}, "observation": {"remainingOverageTime": 12, "step": 59, "geese": [[38, 27, 26, 15, 4, 5, 6], [11, 22, 33, 43, 54, 53, 42, 31], [61, 62, 51, 40, 41, 30, 29, 18, 19, 8, 9, 75], [57, 46, 35, 36, 25, 14, 13]], "food": [67, 68], "index": 0}, "status": "ACTIVE"}, {"action": "NORTH", "reward": 67, "info": {}, "observation": {"remainingOverageTime": 12, "index": 1}, "status": "ACTIVE"}, {"action": "WEST", "reward": 71, "info": {}, "observation": {"remainingOverageTime": 12, "index": 2}, "status": "ACTIVE"}, {"action": "SOUTH", "reward": 66, "info": {}, "observation": {"remainingOverageTime": 12, "index": 3}, "status": "ACTIVE"}], [{"action": "SOUTH", "reward": 67, "info": {}, "observation": {"remainingOverageTime": 12, "step": 60, "geese": [[49, 38, 27, 26, 15, 4, 5], [0, 11, 22, 33, 43, 54, 53, 42], [60, 61, 62, 51, 40, 41, 30, 29, 18, 19, 8, 9], [68, 57, 46, 35, 36, 25, 14, 13]], "food": [67, 28], "index": 0}, "status": "ACTIVE"}, {"action": "NORTH", "reward": 68, "info": {}, "observation": {"remainingOverageTime": 12, "index": 1}, "status": "ACTIVE"}, {"action": "WEST", "reward": 72, "info": {}, "observation": {"remainingOverageTime": 12, "index": 2}, "status": "ACTIVE"}, {"action": "SOUTH", "reward": 67, "info": {}, "observation": {"remainingOverageTime": 12, "index": 3}, "status": "ACTIVE"}], [{"action": "EAST", "reward": 68, "info": {}, "observation": {"remainingOverageTime": 12, "step": 61, "geese": [[50, 49, 38, 27, 26, 15, 4], [1, 0, 11, 22, 33, 43, 54, 53], [71, 60, 61, 62, 51, 40, 41, 30, 29, 18, 19, 8], [67, 68, 57, 46, 35, 36, 25, 14, 13]], "food": [28, 39], "index": 0}, "status": "ACTIVE"}, {"action": "EAST", "reward": 69, "info": {}, "observation": {"remainingOverageTime": 12, "index": 1}, "status": "ACTIVE"}, {"action": "SOUTH", "reward": 73, "info": {}, "observation": {"remainingOverageTime": 12, "index": 2}, "status": "ACTIVE"}, {"action": "WEST", "reward": 69, "info": {}, "observation": {"remainingOverageTime": 12, "index": 3}, "status": "ACTIVE"}], [{"action": "NORTH", "reward": 69, "info": {}, "observation": {"remainingOverageTime": 12, "step": 62, "geese": [[39, 50, 49, 38, 27, 26, 15, 4], [12, 1, 0, 11, 22, 33, 43, 54], [5, 71, 60, 61, 62, 51, 40, 41, 30, 29, 18, 19], [66, 67, 68, 57, 46, 35, 36, 25, 14]], "food": [28, 8], "index": 0}, "status": "ACTIVE"}, {"action": "SOUTH", "reward": 70, "info": {}, "observation": {"remainingOverageTime": 12, "index": 1}, "status": "ACTIVE"}, {"action": "SOUTH", "reward": 74, "info": {}, "observation": {"remainingOverageTime": 12, "index": 2}, "status": "ACTIVE"}, {"action": "WEST", "reward": 71, "info": {}, "observation": {"remainingOverageTime": 12, "index": 3}, "status": "ACTIVE"}], [{"action": "NORTH", "reward": 71, "info": {}, "observation": {"remainingOverageTime": 12, "step": 63, "geese": [[28, 39, 50, 49, 38, 27, 26, 15, 4], [23, 12, 1, 0, 11, 22, 33, 43], [6, 5, 71, 60, 61, 62, 51, 40, 41, 30, 29, 18], [76, 66, 67, 68, 57, 46, 35, 36, 25]], "food": [8, 54], "index": 0}, "status": "ACTIVE"}, {"action": "SOUTH", "reward": 71, "info": {}, "observation": {"remainingOverageTime": 12, "index": 1}, "status": "ACTIVE"}, {"action": "EAST", "reward": 75, "info": {}, "observation": {"remainingOverageTime": 12, "index": 2}, "status": "ACTIVE"}, {"action": "WEST", "reward": 72, "info": {}, "observation": {"remainingOverageTime": 12, "index": 3}, "status": "ACTIVE"}], [{"action": "NORTH", "reward": 73, "info": {}, "observation": {"remainingOverageTime": 12, "step": 64, "geese": [[17, 28, 39, 50, 49, 38, 27, 26, 15], [34, 23, 12, 1, 0, 11, 22, 33], [7, 6, 5, 71, 60, 61, 62, 51, 40, 41, 30, 29], [65, 76, 66, 67, 68, 57, 46, 35, 36]], "food": [8, 54], "index": 0}, "status": "ACTIVE"}, {"action": "SOUTH", "reward": 72, "info": {}, "observation": {"remainingOverageTime": 12, "index": 1}, "status": "ACTIVE"}, {"action": "EAST", "reward": 76, "info": {}, "observation": {"remainingOverageTime": 12, "index": 2}, "status": "ACTIVE"}, {"action": "NORTH", "reward": 73, "info": {}, "observation": {"remainingOverageTime": 12, "index": 3}, "status": "ACTIVE"}], [{"action": "WEST", "reward": 74, "info": {}, "observation": {"remainingOverageTime": 12, "step": 65, "geese": [[16, 17, 28, 39, 50, 49, 38, 27, 26], [33, 34, 23, 12, 1, 0, 11, 22], [8, 7, 6, 5, 71, 60, 61, 62, 51, 40, 41, 30, 29], [54, 65, 76, 66, 67, 68, 57, 46, 35, 36]], "food": [42, 58], "index": 0}, "status": "ACTIVE"}, {"action": "WEST", "reward": 73, "info": {}, "observation": {"remainingOverageTime": 12, "index": 1}, "status": "ACTIVE"}, {"action": "EAST", "reward": 77, "info": {}, "observation": {"remainingOverageTime": 12, "index": 2}, "status": "ACTIVE"}, {"action": "NORTH", "reward": 74, "info": {}, "observation": {"remainingOverageTime": 12, "index": 3}, "status": "ACTIVE"}], [{"action": "WEST", "reward": 75, "info": {}, "observation": {"remainingOverageTime": 12, "step": 66, "geese": [[15, 16, 17, 28, 39, 50, 49, 38, 27], [22, 33, 34, 23, 12, 1, 0, 11], [19, 8, 7, 6, 5, 71, 60, 61, 62, 51, 40, 41, 30], [53, 54, 65, 76, 66, 67, 68, 57, 46, 35]], "food": [42, 58], "index": 0}, "status": "ACTIVE"}, {"action": "NORTH", "reward": 74, "info": {}, "observation": {"remainingOverageTime": 12, "index": 1}, "status": "ACTIVE"}, {"action": "SOUTH", "reward": 79, "info": {}, "observation": {"remainingOverageTime": 12, "index": 2}, "status": "ACTIVE"}, {"action": "WEST", "reward": 76, "info": {}, "observation": {"remainingOverageTime": 12, "index": 3}, "status": "ACTIVE"}], [{"action": "WEST", "reward": 76, "info": {}, "observation": {"remainingOverageTime": 12, "step": 67, "geese": [[14, 15, 16, 17, 28, 39, 50, 49, 38], [32, 22, 33, 34, 23, 12, 1, 0], [30, 19, 8, 7, 6, 5, 71, 60, 61, 62, 51, 40, 41], [42, 53, 54, 65, 76, 66, 67, 68, 57, 46, 35]], "food": [58, 55], "index": 0}, "status": "ACTIVE"}, {"action": "WEST", "reward": 75, "info": {}, "observation": {"remainingOverageTime": 12, "index": 1}, "status": "ACTIVE"}, {"action": "SOUTH", "reward": 80, "info": {}, "observation": {"remainingOverageTime": 12, "index": 2}, "status": "ACTIVE"}, {"action": "NORTH", "reward": 77, "info": {}, "observation": {"remainingOverageTime": 12, "index": 3}, "status": "ACTIVE"}], [{"action": "NORTH", "reward": 77, "info": {}, "observation": {"remainingOverageTime": 12, "step": 68, "geese": [[3, 14, 15, 16, 17, 28, 39, 50, 49], [21, 32, 22, 33, 34, 23, 12, 1], [29, 30, 19, 8, 7, 6, 5, 71, 60, 61, 62, 51, 40], [43, 42, 53, 54, 65, 76, 66, 67, 68, 57, 46]], "food": [58, 55], "index": 0}, "status": "ACTIVE"}, {"action": "NORTH", "reward": 76, "info": {}, "observation": {"remainingOverageTime": 12, "index": 1}, "status": "ACTIVE"}, {"action": "WEST", "reward": 81, "info": {}, "observation": {"remainingOverageTime": 12, "index": 2}, "status": "ACTIVE"}, {"action": "EAST", "reward": 79, "info": {}, "observation": {"remainingOverageTime": 12, "index": 3}, "status": "ACTIVE"}], [{"action": "NORTH", "reward": 78, "info": {}, "observation": {"remainingOverageTime": 12, "step": 69, "geese": [[69, 3, 14, 15, 16, 17, 28, 39, 50], [], [40, 29, 30, 19, 8, 7, 6, 5, 71, 60, 61, 62, 51], []], "food": [58, 55], "index": 0}, "status": "ACTIVE"}, {"action": "EAST", "reward": 77, "info": {}, "observation": {"remainingOverageTime": 12, "index": 1}, "status": "DONE"}, {"action": "SOUTH", "reward": 82, "info": {}, "observation": {"remainingOverageTime": 12, "index": 2}, "status": "ACTIVE"}, {"action": "NORTH", "reward": 80, "info": {}, "observation": {"remainingOverageTime": 12, "index": 3}, "status": "DONE"}], [{"action": "NORTH", "reward": 79, "info": {}, "observation": {"remainingOverageTime": 12, "step": 70, "geese": [[58, 69, 3, 14, 15, 16, 17, 28, 39, 50], [], [51, 40, 29, 30, 19, 8, 7, 6, 5, 71, 60, 61, 62], []], "food": [55, 36], "index": 0}, "status": "ACTIVE"}, {"action": "NORTH", "reward": 77, "info": {}, "observation": {"remainingOverageTime": 12, "index": 1}, "status": "DONE"}, {"action": "SOUTH", "reward": 83, "info": {}, "observation": {"remainingOverageTime": 12, "index": 2}, "status": "ACTIVE"}, {"action": "NORTH", "reward": 80, "info": {}, "observation": {"remainingOverageTime": 12, "index": 3}, "status": "DONE"}], [{"action": "NORTH", "reward": 81, "info": {}, "observation": {"remainingOverageTime": 12, "step": 71, "geese": [[47, 58, 69, 3, 14, 15, 16, 17, 28, 39], [], [62, 51, 40, 29, 30, 19, 8, 7, 6, 5, 71, 60, 61], []], "food": [55, 36], "index": 0}, "status": "ACTIVE"}, {"action": "NORTH", "reward": 77, "info": {}, "observation": {"remainingOverageTime": 12, "index": 1}, "status": "DONE"}, {"action": "SOUTH", "reward": 84, "info": {}, "observation": {"remainingOverageTime": 12, "index": 2}, "status": "ACTIVE"}, {"action": "NORTH", "reward": 80, "info": {}, "observation": {"remainingOverageTime": 12, "index": 3}, "status": "DONE"}], [{"action": "NORTH", "reward": 82, "info": {}, "observation": {"remainingOverageTime": 12, "step": 72, "geese": [[36, 47, 58, 69, 3, 14, 15, 16, 17, 28, 39], [], [61, 62, 51, 40, 29, 30, 19, 8, 7, 6, 5, 71, 60], []], "food": [55, 18], "index": 0}, "status": "ACTIVE"}, {"action": "NORTH", "reward": 77, "info": {}, "observation": {"remainingOverageTime": 12, "index": 1}, "status": "DONE"}, {"action": "WEST", "reward": 85, "info": {}, "observation": {"remainingOverageTime": 12, "index": 2}, "status": "ACTIVE"}, {"action": "NORTH", "reward": 80, "info": {}, "observation": {"remainingOverageTime": 12, "index": 3}, "status": "DONE"}], [{"action": "WEST", "reward": 84, "info": {}, "observation": {"remainingOverageTime": 12, "step": 73, "geese": [[35, 36, 47, 58, 69, 3, 14, 15, 16, 17, 28], [], [60, 61, 62, 51, 40, 29, 30, 19, 8, 7, 6, 5, 71], []], "food": [55, 18], "index": 0}, "status": "ACTIVE"}, {"action": "NORTH", "reward": 77, "info": {}, "observation": {"remainingOverageTime": 12, "index": 1}, "status": "DONE"}, {"action": "WEST", "reward": 86, "info": {}, "observation": {"remainingOverageTime": 12, "index": 2}, "status": "ACTIVE"}, {"action": "NORTH", "reward": 80, "info": {}, "observation": {"remainingOverageTime": 12, "index": 3}, "status": "DONE"}], [{"action": "SOUTH", "reward": 85, "info": {}, "observation": {"remainingOverageTime": 12, "step": 74, "geese": [[46, 35, 36, 47, 58, 69, 3, 14, 15, 16, 17], [], [71, 60, 61, 62, 51, 40, 29, 30, 19, 8, 7, 6, 5], []], "food": [55, 18], "index": 0}, "status": "ACTIVE"}, {"action": "NORTH", "reward": 77, "info": {}, "observation": {"remainingOverageTime": 12, "index": 1}, "status": "DONE"}, {"action": "SOUTH", "reward": 87, "info": {}, "observation": {"remainingOverageTime": 12, "index": 2}, "status": "ACTIVE"}, {"action": "NORTH", "reward": 80, "info": {}, "observation": {"remainingOverageTime": 12, "index": 3}, "status": "DONE"}], [{"action": "WEST", "reward": 86, "info": {}, "observation": {"remainingOverageTime": 12, "step": 75, "geese": [[45, 46, 35, 36, 47, 58, 69, 3, 14, 15, 16], [], [5, 71, 60, 61, 62, 51, 40, 29, 30, 19, 8, 7, 6], []], "food": [55, 18], "index": 0}, "status": "ACTIVE"}, {"action": "NORTH", "reward": 77, "info": {}, "observation": {"remainingOverageTime": 12, "index": 1}, "status": "DONE"}, {"action": "SOUTH", "reward": 88, "info": {}, "observation": {"remainingOverageTime": 12, "index": 2}, "status": "ACTIVE"}, {"action": "NORTH", "reward": 80, "info": {}, "observation": {"remainingOverageTime": 12, "index": 3}, "status": "DONE"}], [{"action": "SOUTH", "reward": 87, "info": {}, "observation": {"remainingOverageTime": 12, "step": 76, "geese": [[56, 45, 46, 35, 36, 47, 58, 69, 3, 14, 15], [], [6, 5, 71, 60, 61, 62, 51, 40, 29, 30, 19, 8, 7], []], "food": [55, 18], "index": 0}, "status": "ACTIVE"}, {"action": "NORTH", "reward": 77, "info": {}, "observation": {"remainingOverageTime": 12, "index": 1}, "status": "DONE"}, {"action": "EAST", "reward": 89, "info": {}, "observation": {"remainingOverageTime": 12, "index": 2}, "status": "ACTIVE"}, {"action": "NORTH", "reward": 80, "info": {}, "observation": {"remainingOverageTime": 12, "index": 3}, "status": "DONE"}], [{"action": "WEST", "reward": 88, "info": {}, "observation": {"remainingOverageTime": 12, "step": 77, "geese": [[55, 56, 45, 46, 35, 36, 47, 58, 69, 3, 14, 15], [], [7, 6, 5, 71, 60, 61, 62, 51, 40, 29, 30, 19, 8], []], "food": [18, 70], "index": 0}, "status": "ACTIVE"}, {"action": "NORTH", "reward": 77, "info": {}, "observation": {"remainingOverageTime": 12, "index": 1}, "status": "DONE"}, {"action": "EAST", "reward": 90, "info": {}, "observation": {"remainingOverageTime": 12, "index": 2}, "status": "ACTIVE"}, {"action": "NORTH", "reward": 80, "info": {}, "observation": {"remainingOverageTime": 12, "index": 3}, "status": "DONE"}], [{"action": "NORTH", "reward": 90, "info": {}, "observation": {"remainingOverageTime": 12, "step": 78, "geese": [[44, 55, 56, 45, 46, 35, 36, 47, 58, 69, 3, 14], [], [73, 7, 6, 5, 71, 60, 61, 62, 51, 40, 29, 30, 19], []], "food": [18, 70], "index": 0}, "status": "ACTIVE"}, {"action": "NORTH", "reward": 77, "info": {}, "observation": {"remainingOverageTime": 12, "index": 1}, "status": "DONE"}, {"action": "NORTH", "reward": 91, "info": {}, "observation": {"remainingOverageTime": 12, "index": 2}, "status": "ACTIVE"}, {"action": "NORTH", "reward": 80, "info": {}, "observation": {"remainingOverageTime": 12, "index": 3}, "status": "DONE"}], [{"action": "NORTH", "reward": 91, "info": {}, "observation": {"remainingOverageTime": 12, "step": 79, "geese": [[33, 44, 55, 56, 45, 46, 35, 36, 47, 58, 69, 3], [], [74, 73, 7, 6, 5, 71, 60, 61, 62, 51, 40, 29, 30], []], "food": [18, 70], "index": 0}, "status": "ACTIVE"}, {"action": "NORTH", "reward": 77, "info": {}, "observation": {"remainingOverageTime": 12, "index": 1}, "status": "DONE"}, {"action": "EAST", "reward": 92, "info": {}, "observation": {"remainingOverageTime": 12, "index": 2}, "status": "ACTIVE"}, {"action": "NORTH", "reward": 80, "info": {}, "observation": {"remainingOverageTime": 12, "index": 3}, "status": "DONE"}], [{"action": "NORTH", "reward": 92, "info": {}, "observation": {"remainingOverageTime": 12, "step": 80, "geese": [[22, 33, 44, 55, 56, 45, 46, 35, 36, 47, 58], [], [8, 74, 73, 7, 6, 5, 71, 60, 61, 62, 51, 40], []], "food": [18, 70], "index": 0}, "status": "ACTIVE"}, {"action": "NORTH", "reward": 77, "info": {}, "observation": {"remainingOverageTime": 12, "index": 1}, "status": "DONE"}, {"action": "SOUTH", "reward": 93, "info": {}, "observation": {"remainingOverageTime": 12, "index": 2}, "status": "ACTIVE"}, {"action": "NORTH", "reward": 80, "info": {}, "observation": {"remainingOverageTime": 12, "index": 3}, "status": "DONE"}], [{"action": "NORTH", "reward": 92, "info": {}, "observation": {"remainingOverageTime": 12, "step": 81, "geese": [[11, 22, 33, 44, 55, 56, 45, 46, 35, 36, 47], [], [19, 8, 74, 73, 7, 6, 5, 71, 60, 61, 62, 51], []], "food": [18, 70], "index": 0}, "status": "ACTIVE"}, {"action": "NORTH", "reward": 77, "info": {}, "observation": {"remainingOverageTime": 12, "index": 1}, "status": "DONE"}, {"action": "SOUTH", "reward": 93, "info": {}, "observation": {"remainingOverageTime": 12, "index": 2}, "status": "ACTIVE"}, {"action": "NORTH", "reward": 80, "info": {}, "observation": {"remainingOverageTime": 12, "index": 3}, "status": "DONE"}], [{"action": "WEST", "reward": 93, "info": {}, "observation": {"remainingOverageTime": 12, "step": 82, "geese": [[21, 11, 22, 33, 44, 55, 56, 45, 46, 35, 36], [], [18, 19, 8, 74, 73, 7, 6, 5, 71, 60, 61, 62, 51], []], "food": [70, 53], "index": 0}, "status": "ACTIVE"}, {"action": "NORTH", "reward": 77, "info": {}, "observation": {"remainingOverageTime": 12, "index": 1}, "status": "DONE"}, {"action": "WEST", "reward": 94, "info": {}, "observation": {"remainingOverageTime": 12, "index": 2}, "status": "ACTIVE"}, {"action": "NORTH", "reward": 80, "info": {}, "observation": {"remainingOverageTime": 12, "index": 3}, "status": "DONE"}], [{"action": "WEST", "reward": 94, "info": {}, "observation": {"remainingOverageTime": 12, "step": 83, "geese": [[20, 21, 11, 22, 33, 44, 55, 56, 45, 46, 35], [], [29, 18, 19, 8, 74, 73, 7, 6, 5, 71, 60, 61, 62], []], "food": [70, 53], "index": 0}, "status": "ACTIVE"}, {"action": "NORTH", "reward": 77, "info": {}, "observation": {"remainingOverageTime": 12, "index": 1}, "status": "DONE"}, {"action": "SOUTH", "reward": 96, "info": {}, "observation": {"remainingOverageTime": 12, "index": 2}, "status": "ACTIVE"}, {"action": "NORTH", "reward": 80, "info": {}, "observation": {"remainingOverageTime": 12, "index": 3}, "status": "DONE"}], [{"action": "SOUTH", "reward": 95, "info": {}, "observation": {"remainingOverageTime": 12, "step": 84, "geese": [[31, 20, 21, 11, 22, 33, 44, 55, 56, 45, 46], [], [40, 29, 18, 19, 8, 74, 73, 7, 6, 5, 71, 60, 61], []], "food": [70, 53], "index": 0}, "status": "ACTIVE"}, {"action": "NORTH", "reward": 77, "info": {}, "observation": {"remainingOverageTime": 12, "index": 1}, "status": "DONE"}, {"action": "SOUTH", "reward": 97, "info": {}, "observation": {"remainingOverageTime": 12, "index": 2}, "status": "ACTIVE"}, {"action": "NORTH", "reward": 80, "info": {}, "observation": {"remainingOverageTime": 12, "index": 3}, "status": "DONE"}], [{"action": "SOUTH", "reward": 96, "info": {}, "observation": {"remainingOverageTime": 12, "step": 85, "geese": [[42, 31, 20, 21, 11, 22, 33, 44, 55, 56, 45], [], [51, 40, 29, 18, 19, 8, 74, 73, 7, 6, 5, 71, 60], []], "food": [70, 53], "index": 0}, "status": "ACTIVE"}, {"action": "NORTH", "reward": 77, "info": {}, "observation": {"remainingOverageTime": 12, "index": 1}, "status": "DONE"}, {"action": "SOUTH", "reward": 98, "info": {}, "observation": {"remainingOverageTime": 12, "index": 2}, "status": "ACTIVE"}, {"action": "NORTH", "reward": 80, "info": {}, "observation": {"remainingOverageTime": 12, "index": 3}, "status": "DONE"}], [{"action": "SOUTH", "reward": 97, "info": {}, "observation": {"remainingOverageTime": 12, "step": 86, "geese": [[53, 42, 31, 20, 21, 11, 22, 33, 44, 55, 56, 45], [], [62, 51, 40, 29, 18, 19, 8, 74, 73, 7, 6, 5, 71], []], "food": [70, 41], "index": 0}, "status": "ACTIVE"}, {"action": "NORTH", "reward": 77, "info": {}, "observation": {"remainingOverageTime": 12, "index": 1}, "status": "DONE"}, {"action": "SOUTH", "reward": 99, "info": {}, "observation": {"remainingOverageTime": 12, "index": 2}, "status": "ACTIVE"}, {"action": "NORTH", "reward": 80, "info": {}, "observation": {"remainingOverageTime": 12, "index": 3}, "status": "DONE"}], [{"action": "WEST", "reward": 99, "info": {}, "observation": {"remainingOverageTime": 12, "step": 87, "geese": [[52, 53, 42, 31, 20, 21, 11, 22, 33, 44, 55, 56], [], [61, 62, 51, 40, 29, 18, 19, 8, 74, 73, 7, 6, 5], []], "food": [70, 41], "index": 0}, "status": "ACTIVE"}, {"action": "NORTH", "reward": 77, "info": {}, "observation": {"remainingOverageTime": 12, "index": 1}, "status": "DONE"}, {"action": "WEST", "reward": 100, "info": {}, "observation": {"remainingOverageTime": 12, "index": 2}, "status": "ACTIVE"}, {"action": "NORTH", "reward": 80, "info": {}, "observation": {"remainingOverageTime": 12, "index": 3}, "status": "DONE"}], [{"action": "NORTH", "reward": 100, "info": {}, "observation": {"remainingOverageTime": 12, "step": 88, "geese": [[41, 52, 53, 42, 31, 20, 21, 11, 22, 33, 44, 55, 56], [], [60, 61, 62, 51, 40, 29, 18, 19, 8, 74, 73, 7, 6], []], "food": [70, 65], "index": 0}, "status": "ACTIVE"}, {"action": "NORTH", "reward": 77, "info": {}, "observation": {"remainingOverageTime": 12, "index": 1}, "status": "DONE"}, {"action": "WEST", "reward": 101, "info": {}, "observation": {"remainingOverageTime": 12, "index": 2}, "status": "ACTIVE"}, {"action": "NORTH", "reward": 80, "info": {}, "observation": {"remainingOverageTime": 12, "index": 3}, "status": "DONE"}], [{"action": "NORTH", "reward": 102, "info": {}, "observation": {"remainingOverageTime": 12, "step": 89, "geese": [[30, 41, 52, 53, 42, 31, 20, 21, 11, 22, 33, 44, 55], [], [71, 60, 61, 62, 51, 40, 29, 18, 19, 8, 74, 73, 7], []], "food": [70, 65], "index": 0}, "status": "ACTIVE"}, {"action": "NORTH", "reward": 77, "info": {}, "observation": {"remainingOverageTime": 12, "index": 1}, "status": "DONE"}, {"action": "SOUTH", "reward": 102, "info": {}, "observation": {"remainingOverageTime": 12, "index": 2}, "status": "ACTIVE"}, {"action": "NORTH", "reward": 80, "info": {}, "observation": {"remainingOverageTime": 12, "index": 3}, "status": "DONE"}], [{"action": "NORTH", "reward": 103, "info": {}, "observation": {"remainingOverageTime": 12, "step": 90, "geese": [[], [], [], []], "food": [70, 65], "index": 0}, "status": "DONE"}, {"action": "NORTH", "reward": 77, "info": {}, "observation": {"remainingOverageTime": 12, "index": 1}, "status": "DONE"}, {"action": "EAST", "reward": 103, "info": {}, "observation": {"remainingOverageTime": 12, "index": 2}, "status": "DONE"}, {"action": "NORTH", "reward": 80, "info": {}, "observation": {"remainingOverageTime": 12, "index": 3}, "status": "DONE"}]], "rewards": [103, 77, 103, 80], "statuses": ["DONE", "DONE", "DONE", "DONE"], "schema_version": 1, "info": {}}