{"id": "9d7e3228-da82-11ee-b31f-0242ac130202", "name": "hungry_geese", "title": "Hungry Geese", "description": "Similar to the classic snake game with multiple players", "version": "1.0.0", "configuration": {"episodeSteps": 200, "actTimeout": 6, "runTimeout": 1200, "columns": 11, "rows": 7, "hunger_rate": 40, "min_food": 2}, "specification": {"action": {"description": "Direction to move the head of your players goose.", "type": "string", "enum": ["NORTH", "EAST", "SOUTH", "WEST"], "default": "NORTH"}, "agents": [2, 3, 4, 5, 6, 7, 8], "configuration": {"episodeSteps": {"description": "Maximum number of steps in the episode.", "type": "integer", "minimum": 1, "default": 200}, "actTimeout": {"description": "Maximum runtime (seconds) to obtain an action from an agent.", "type": "number", "minimum": 0, "default": 6}, "runTimeout": {"description": "Maximum runtime (seconds) of an episode (not necessarily DONE).", "type": "number", "minimum": 0, "default": 1200}, "columns": {"description": "Horizontal number of cells on the board.", "type": "integer", "default": 11, "minimum": 3}, "rows": {"description": "Vertical number of cells on the board.", "type": "integer", "default": 7, "minimum": 3}, "hunger_rate": {"description": "The number of steps before the goose shrinks a cell.", "type": "integer", "minimum": 1, "default": 40}, "min_food": {"description": "The minimum amount of food present for all steps.", "type": "integer", "default": 2, "minimum": 1}}, "info": {}, "observation": {"remainingOverageTime": {"description": "Total remaining banked time (seconds) that can be used in excess of per-step actTimeouts -- agent is disqualified with TIMEOUT status when this drops below 0.", "shared": false, "type": "number", "minimum": 0, "default": 12}, "step": {"description": "Current step within the episode.", "type": "integer", "shared": true, "minimum": 0, "default": 0}, "geese": {"description": "List of geese in order by the agent index.", "type": "array", "default": [], "shared": true}, "food": {"description": "Positions on the board where food is present.", "type": "array", "default": [], "shared": true}, "index": {"description": "Index of the current agent's goose in the list of geese.", "type": "integer", "minimum": 0, "defaults": [0, 1, 2, 3, 4, 5, 6, 7]}}, "reward": {"description": "The number of steps the goose has moved plus its length.", "type": ["number", "null"], "default": 0, "minimum": 0}}, "steps": [[{"action": "NORTH", "reward": 0, "info": {}, "observation": {"remainingOverageTime": 12, "step": 0, "geese": [[8], [51], [35], [62]], "food": [5, 30], "index": 0}, "status": "ACTIVE"}, {"action": "NORTH", "reward": 0, "info": {}, "observation": {"remainingOverageTime": 12, "index": 1}, "status": "ACTIVE"}, {"action": "NORTH", "reward": 0, "info": {}, "observation": {"remainingOverageTime": 12, "index": 2}, "status": "ACTIVE"}, {"action": "NORTH", "reward": 0, "info": {}, "observation": {"remainingOverageTime": 12, "index": 3}, "status": "ACTIVE"}], [{"action": "SOUTH", "reward": 2, "info": {}, "observation": {"remainingOverageTime": 12, "step": 1, "geese": [[19], [40], [34], [61]], "food": [5, 30], "index": 0}, "status": "ACTIVE"}, {"action": "NORTH", "reward": 2, "info": {}, "observation": {"remainingOverageTime": 12, "index": 1}, "status": "ACTIVE"}, {"action": "WEST", "reward": 2, "info": {}, "observation": {"remainingOverageTime": 12, "index": 2}, "status": "ACTIVE"}, {"action": "WEST", "reward": 2, "info": {}, "observation": {"remainingOverageTime": 12, "index": 3}, "status": "ACTIVE"}], [{"action": "SOUTH", "reward": 3, "info": {}, "observation": {"remainingOverageTime": 12, "step": 2, "geese": [[30, 19], [41], [33], [60]], "food": [5, 21], "index": 0}, "status": "ACTIVE"}, {"action": "EAST", "reward": 3, "info": {}, "observation": {"remainingOverageTime": 12, "index": 1}, "status": "ACTIVE"}, {"action": "WEST", "reward": 3, "info": {}, "observation": {"remainingOverageTime": 12, "index": 2}, "status": "ACTIVE"}, {"action": "WEST", "reward": 3, "info": {}, "observation": {"remainingOverageTime": 12, "index": 3}, "status": "ACTIVE"}], [{"action": "EAST", "reward": 5, "info": {}, "observation": {"remainingOverageTime": 12, "step": 3, "geese": [[31, 30], [42], [22], [71]], "food": [5, 21], "index": 0}, "status": "ACTIVE"}, {"action": "EAST", "reward": 4, "info": {}, "observation": {"remainingOverageTime": 12, "index": 1}, "status": "ACTIVE"}, {"action": "NORTH", "reward": 4, "info": {}, "observation": {"remainingOverageTime": 12, "index": 2}, "status": "ACTIVE"}, {"action": "SOUTH", "reward": 4, "info": {}, "observation": {"remainingOverageTime": 12, "index": 3}, "status": "ACTIVE"}], [{"action": "NORTH", "reward": 6, "info": {}, "observation": {"remainingOverageTime": 12, "step": 4, "geese": [[20, 31], [43], [11], [5, 71]], "food": [21, 15], "index": 0}, "status": "ACTIVE"}, {"action": "EAST", "reward": 5, "info": {}, "observation": {"remainingOverageTime": 12, "index": 1}, "status": "ACTIVE"}, {"action": "NORTH", "reward": 5, "info": {}, "observation": {"remainingOverageTime": 12, "index": 2}, "status": "ACTIVE"}, {"action": "SOUTH", "reward": 5, "info": {}, "observation": {"remainingOverageTime": 12, "index": 3}, "status": "ACTIVE"}], [{"action": "NORTH", "reward": 7, "info": {}, "observation": {"remainingOverageTime": 12, "step": 5, "geese": [[9, 20], [32], [0], [16, 5]], "food": [21, 15], "index": 0}, "status": "ACTIVE"}, {"action": "NORTH", "reward": 6, "info": {}, "observation": {"remainingOverageTime": 12, "index": 1}, "status": "ACTIVE"}, {"action": "NORTH", "reward": 6, "info": {}, "observation": {"remainingOverageTime": 12, "index": 2}, "status": "ACTIVE"}, {"action": "SOUTH", "reward": 7, "info": {}, "observation": {"remainingOverageTime": 12, "index": 3}, "status": "ACTIVE"}], [{"action": "WEST", "reward": 8, "info": {}, "observation": {"remainingOverageTime": 12, "step": 6, "geese": [[8, 9], [21, 32], [66], [15, 16, 5]], "food": [74, 37], "index": 0}, "status": "ACTIVE"}, {"action": "NORTH", "reward": 7, "info": {}, "observation": {"remainingOverageTime": 12, "index": 1}, "status": "ACTIVE"}, {"action": "NORTH", "reward": 7, "info": {}, "observation": {"remainingOverageTime": 12, "index": 2}, "status": "ACTIVE"}, {"action": "WEST", "reward": 8, "info": {}, "observation": {"remainingOverageTime": 12, "index": 3}, "status": "ACTIVE"}], [{"action": "NORTH", "reward": 9, "info": {}, "observation": {"remainingOverageTime": 12, "step": 7, "geese": [[74, 8, 9], [10, 21], [76], [26, 15, 16]], "food": [37, 47], "index": 0}, "status": "ACTIVE"}, {"action": "NORTH", "reward": 9, "info": {}, "observation": {"remainingOverageTime": 12, "index": 1}, "status": "ACTIVE"}, {"action": "WEST", "reward": 8, "info": {}, "observation": {"remainingOverageTime": 12, "index": 2}, "status": "ACTIVE"}, {"action": "SOUTH", "reward": 10, "info": {}, "observation": {"remainingOverageTime": 12, "index": 3}, "status": "ACTIVE"}], [{"action": "WEST", "reward": 11, "info": {}, "observation": {"remainingOverageTime": 12, "step": 8, "geese": [[73, 74, 8], [76, 10], [65], [37, 26, 15, 16]], "food": [47, 31], "index": 0}, "status": "ACTIVE"}, {"action": "NORTH", "reward": 10, "info": {}, "observation": {"remainingOverageTime": 12, "index": 1}, "status": "ACTIVE"}, {"action": "NORTH", "reward": 9, "info": {}, "observation": {"remainingOverageTime": 12, "index": 2}, "status": "ACTIVE"}, {"action": "SOUTH", "reward": 11, "info": {}, "observation": {"remainingOverageTime": 12, "index": 3}, "status": "ACTIVE"}], [{"action": "SOUTH", "reward": 12, "info": {}, "observation": {"remainingOverageTime": 12, "step": 9, "geese": [[7, 73, 74], [75, 76], [54], [48, 37, 26, 15]], "food": [47, 31], "index": 0}, "status": "ACTIVE"}, {"action": "WEST", "reward": 11, "info": {}, "observation": {"remainingOverageTime": 12, "index": 1}, "status": "ACTIVE"}, {"action": "NORTH", "reward": 10, "info": {}, "observation": {"remainingOverageTime": 12, "index": 2}, "status": "ACTIVE"}, {"action": "SOUTH", "reward": 13, "info": {}, "observation": {"remainingOverageTime": 12, "index": 3}, "status": "ACTIVE"}], [{"action": "EAST", "reward": 13, "info": {}, "observation": {"remainingOverageTime": 12, "step": 10, "geese": [[8, 7, 73], [9, 75], [43], [47, 48, 37, 26, 15]], "food": [31, 50], "index": 0}, "status": "ACTIVE"}, {"action": "SOUTH", "reward": 12, "info": {}, "observation": {"remainingOverageTime": 12, "index": 1}, "status": "ACTIVE"}, {"action": "NORTH", "reward": 11, "info": {}, "observation": {"remainingOverageTime": 12, "index": 2}, "status": "ACTIVE"}, {"action": "WEST", "reward": 14, "info": {}, "observation": {"remainingOverageTime": 12, "index": 3}, "status": "ACTIVE"}], [{"action": "SOUTH", "reward": 14, "info": {}, "observation": {"remainingOverageTime": 12, "step": 11, "geese": [[19, 8, 7], [20, 9], [42], [58, 47, 48, 37, 26]], "food": [31, 50], "index": 0}, "status": "ACTIVE"}, {"action": "SOUTH", "reward": 13, "info": {}, "observation": {"remainingOverageTime": 12, "index": 1}, "status": "ACTIVE"}, {"action": "WEST", "reward": 12, "info": {}, "observation": {"remainingOverageTime": 12, "index": 2}, "status": "ACTIVE"}, {"action": "SOUTH", "reward": 16, "info": {}, "observation": {"remainingOverageTime": 12, "index": 3}, "status": "ACTIVE"}], [{"action": "SOUTH", "reward": 15, "info": {}, "observation": {"remainingOverageTime": 12, "step": 12, "geese": [[30, 19, 8], [21, 20], [53], [59, 58, 47, 48, 37]], "food": [31, 50], "index": 0}, "status": "ACTIVE"}, {"action": "EAST", "reward": 14, "info": {}, "observation": {"remainingOverageTime": 12, "index": 1}, "status": "ACTIVE"}, {"action": "SOUTH", "reward": 13, "info": {}, "observation": {"remainingOverageTime": 12, "index": 2}, "status": "ACTIVE"}, {"action": "EAST", "reward": 17, "info": {}, "observation": {"remainingOverageTime": 12, "index": 3}, "status": "ACTIVE"}], [{"action": "EAST", "reward": 16, "info": {}, "observation": {"remainingOverageTime": 12, "step": 13, "geese": [[31, 30, 19, 8], [32, 21], [52], [60, 59, 58, 47, 48]], "food": [50, 57], "index": 0}, "status": "ACTIVE"}, {"action": "SOUTH", "reward": 15, "info": {}, "observation": {"remainingOverageTime": 12, "index": 1}, "status": "ACTIVE"}, {"action": "WEST", "reward": 14, "info": {}, "observation": {"remainingOverageTime": 12, "index": 2}, "status": "ACTIVE"}, {"action": "EAST", "reward": 18, "info": {}, "observation": {"remainingOverageTime": 12, "index": 3}, "status": "ACTIVE"}], [{"action": "SOUTH", "reward": 18, "info": {}, "observation": {"remainingOverageTime": 12, "step": 14, "geese": [[42, 31, 30, 19], [22, 32], [51], [61, 60, 59, 58, 47]], "food": [50, 57], "index": 0}, "status": "ACTIVE"}, {"action": "EAST", "reward": 16, "info": {}, "observation": {"remainingOverageTime": 12, "index": 1}, "status": "ACTIVE"}, {"action": "WEST", "reward": 15, "info": {}, "observation": {"remainingOverageTime": 12, "index": 2}, "status": "ACTIVE"}, {"action": "EAST", "reward": 19, "info": {}, "observation": {"remainingOverageTime": 12, "index": 3}, "status": "ACTIVE"}], [{"action": "WEST", "reward": 19, "info": {}, "observation": {"remainingOverageTime": 12, "step": 15, "geese": [[41, 42, 31, 30], [33, 22], [40], [72, 61, 60, 59, 58]], "food": [50, 57], "index": 0}, "status": "ACTIVE"}, {"action": "SOUTH", "reward": 17, "info": {}, "observation": {"remainingOverageTime": 12, "index": 1}, "status": "ACTIVE"}, {"action": "NORTH", "reward": 16, "info": {}, "observation": {"remainingOverageTime": 12, "index": 2}, "status": "ACTIVE"}, {"action": "SOUTH", "reward": 20, "info": {}, "observation": {"remainingOverageTime": 12, "index": 3}, "status": "ACTIVE"}], [{"action": "WEST", "reward": 20, "info": {}, "observation": {"remainingOverageTime": 12, "step": 16, "geese": [[40, 41, 42, 31], [34, 33], [39], [73, 72, 61, 60, 59]], "food": [50, 57], "index": 0}, "status": "ACTIVE"}, {"action": "EAST", "reward": 18, "info": {}, "observation": {"remainingOverageTime": 12, "index": 1}, "status": "ACTIVE"}, {"action": "WEST", "reward": 17, "info": {}, "observation": {"remainingOverageTime": 12, "index": 2}, "status": "ACTIVE"}, {"action": "EAST", "reward": 21, "info": {}, "observation": {"remainingOverageTime": 12, "index": 3}, "status": "ACTIVE"}], [{"action": "SOUTH", "reward": 21, "info": {}, "observation": {"remainingOverageTime": 12, "step": 17, "geese": [[51, 40, 41, 42], [35, 34], [50, 39], [62, 73, 72, 61, 60]], "food": [57, 46], "index": 0}, "status": "ACTIVE"}, {"action": "EAST", "reward": 19, "info": {}, "observation": {"remainingOverageTime": 12, "index": 1}, "status": "ACTIVE"}, {"action": "SOUTH", "reward": 18, "info": {}, "observation": {"remainingOverageTime": 12, "index": 2}, "status": "ACTIVE"}, {"action": "NORTH", "reward": 22, "info": {}, "observation": {"remainingOverageTime": 12, "index": 3}, "status": "ACTIVE"}], [{"action": "EAST", "reward": 22, "info": {}, "observation": {"remainingOverageTime": 12, "step": 18, "geese": [[52, 51, 40, 41], [46, 35, 34], [49, 50], [63, 62, 73, 72, 61]], "food": [57, 13], "index": 0}, "status": "ACTIVE"}, {"action": "SOUTH", "reward": 20, "info": {}, "observation": {"remainingOverageTime": 12, "index": 1}, "status": "ACTIVE"}, {"action": "WEST", "reward": 20, "info": {}, "observation": {"remainingOverageTime": 12, "index": 2}, "status": "ACTIVE"}, {"action": "EAST", "reward": 23, "info": {}, "observation": {"remainingOverageTime": 12, "index": 3}, "status": "ACTIVE"}], [{"action": "EAST", "reward": 23, "info": {}, "observation": {"remainingOverageTime": 12, "step": 19, "geese": [[53, 52, 51, 40], [57, 46, 35, 34], [48, 49], [64, 63, 62, 73, 72]], "food": [13, 8], "index": 0}, "status": "ACTIVE"}, {"action": "SOUTH", "reward": 22, "info": {}, "observation": {"remainingOverageTime": 12, "index": 1}, "status": "ACTIVE"}, {"action": "WEST", "reward": 21, "info": {}, "observation": {"remainingOverageTime": 12, "index": 2}, "status": "ACTIVE"}, {"action": "EAST", "reward": 24, "info": {}, "observation": {"remainingOverageTime": 12, "index": 3}, "status": "ACTIVE"}], [{"action": "NORTH", "reward": 24, "info": {}, "observation": {"remainingOverageTime": 12, "step": 20, "geese": [[42, 53, 52, 51], [68, 57, 46, 35], [37, 48], [75, 64, 63, 62, 73]], "food": [13, 8], "index": 0}, "status": "ACTIVE"}, {"action": "SOUTH", "reward": 24, "info": {}, "observation": {"remainingOverageTime": 12, "index": 1}, "status": "ACTIVE"}, {"action": "NORTH", "reward": 22, "info": {}, "observation": {"remainingOverageTime": 12, "index": 2}, "status": "ACTIVE"}, {"action": "SOUTH", "reward": 25, "info": {}, "observation": {"remainingOverageTime": 12, "index": 3}, "status": "ACTIVE"}], [{"action": "WEST", "reward": 25, "info": {}, "observation": {"remainingOverageTime": 12, "step": 21, "geese": [[41, 42, 53, 52], [2, 68, 57, 46], [26, 37], [9, 75, 64, 63, 62]], "food": [13, 8], "index": 0}, "status": "ACTIVE"}, {"action": "SOUTH", "reward": 25, "info": {}, "observation": {"remainingOverageTime": 12, "index": 1}, "status": "ACTIVE"}, {"action": "NORTH", "reward": 23, "info": {}, "observation": {"remainingOverageTime": 12, "index": 2}, "status": "ACTIVE"}, {"action": "SOUTH", "reward": 26, "info": {}, "observation": {"remainingOverageTime": 12, "index": 3}, "status": "ACTIVE"}], [{"action": "NORTH", "reward": 26, "info": {}, "observation": {"remainingOverageTime": 12, "step": 22, "geese": [[30, 41, 42, 53], [13, 2, 68, 57, 46], [25, 26], [8, 9, 75, 64, 63, 62]], "food": [49, 44], "index": 0}, "status": "ACTIVE"}, {"action": "SOUTH", "reward": 26, "info": {}, "observation": {"remainingOverageTime": 12, "index": 1}, "status": "ACTIVE"}, {"action": "WEST", "reward": 24, "info": {}, "observation": {"remainingOverageTime": 12, "index": 2}, "status": "ACTIVE"}, {"action": "WEST", "reward": 27, "info": {}, "observation": {"remainingOverageTime": 12, "index": 3}, "status": "ACTIVE"}], [{"action": "WEST", "reward": 27, "info": {}, "observation": {"remainingOverageTime": 12, "step": 23, "geese": [[29, 30, 41, 42], [12, 13, 2, 68, 57], [36, 25], [74, 8, 9, 75, 64, 63]], "food": [49, 44], "index": 0}, "status": "ACTIVE"}, {"action": "WEST", "reward": 28, "info": {}, "observation": {"remainingOverageTime": 12, "index": 1}, "status": "ACTIVE"}, {"action": "SOUTH", "reward": 25, "info": {}, "observation": {"remainingOverageTime": 12, "index": 2}, "status": "ACTIVE"}, {"action": "NORTH", "reward": 29, "info": {}, "observation": {"remainingOverageTime": 12, "index": 3}, "status": "ACTIVE"}], [{"action": "SOUTH", "reward": 28, "info": {}, "observation": {"remainingOverageTime": 12, "step": 24, "geese": [[40, 29, 30, 41], [11, 12, 13, 2, 68], [37, 36], [73, 74, 8, 9, 75, 64]], "food": [49, 44], "index": 0}, "status": "ACTIVE"}, {"action": "WEST", "reward": 29, "info": {}, "observation": {"remainingOverageTime": 12, "index": 1}, "status": "ACTIVE"}, {"action": "EAST", "reward": 26, "info": {}, "observation": {"remainingOverageTime": 12, "index": 2}, "status": "ACTIVE"}, {"action": "WEST", "reward": 30, "info": {}, "observation": {"remainingOverageTime": 12, "index": 3}, "status": "ACTIVE"}], [{"action": "SOUTH", "reward": 29, "info": {}, "observation": {"remainingOverageTime": 12, "step": 25, "geese": [[51, 40, 29, 30], [22, 11, 12, 13, 2], [48, 37], [62, 73, 74, 8, 9, 75]], "food": [49, 44], "index": 0}, "status": "ACTIVE"}, {"action": "SOUTH", "reward": 30, "info": {}, "observation": {"remainingOverageTime": 12, "index": 1}, "status": "ACTIVE"}, {"action": "SOUTH", "reward": 27, "info": {}, "observation": {"remainingOverageTime": 12, "index": 2}, "status": "ACTIVE"}, {"action": "NORTH", "reward": 31, "info": {}, "observation": {"remainingOverageTime": 12, "index": 3}, "status": "ACTIVE"}], [{"action": "WEST", "reward": 30, "info": {}, "observation": {"remainingOverageTime": 12, "step": 26, "geese": [[50, 51, 40, 29], [33, 22, 11, 12, 13], [49, 48, 37], [61, 62, 73, 74, 8, 9]], "food": [44, 18], "index": 0}, "status": "ACTIVE"}, {"action": "SOUTH", "reward": 31, "info": {}, "observation": {"remainingOverageTime": 12, "index": 1}, "status": "ACTIVE"}, {"action": "EAST", "reward": 28, "info": {}, "observation": {"remainingOverageTime": 12, "index": 2}, "status": "ACTIVE"}, {"action": "WEST", "reward": 32, "info": {}, "observation": {"remainingOverageTime": 12, "index": 3}, "status": "ACTIVE"}], [{"action": "NORTH", "reward": 31, "info": {}, "observation": {"remainingOverageTime": 12, "step": 27, "geese": [[39, 50, 51, 40], [44, 33, 22, 11, 12, 13], [38, 49, 48], [72, 61, 62, 73, 74, 8]], "food": [18, 32], "index": 0}, "status": "ACTIVE"}, {"action": "SOUTH", "reward": 32, "info": {}, "observation": {"remainingOverageTime": 12, "index": 1}, "status": "ACTIVE"}, {"action": "NORTH", "reward": 30, "info": {}, "observation": {"remainingOverageTime": 12, "index": 2}, "status": "ACTIVE"}, {"action": "SOUTH", "reward": 33, "info": {}, "observation": {"remainingOverageTime": 12, "index": 3}, "status": "ACTIVE"}], [{"action": "EAST", "reward": 32, "info": {}, "observation": {"remainingOverageTime": 12, "step": 28, "geese": [[40, 39, 50, 51], [54, 44, 33, 22, 11, 12], [27, 38, 49], [6, 72, 61, 62, 73, 74]], "food": [18, 32], "index": 0}, "status": "ACTIVE"}, {"action": "WEST", "reward": 34, "info": {}, "observation": {"remainingOverageTime": 12, "index": 1}, "status": "ACTIVE"}, {"action": "NORTH", "reward": 31, "info": {}, "observation": {"remainingOverageTime": 12, "index": 2}, "status": "ACTIVE"}, {"action": "SOUTH", "reward": 34, "info": {}, "observation": {"remainingOverageTime": 12, "index": 3}, "status": "ACTIVE"}], [{"action": "NORTH", "reward": 33, "info": {}, "observation": {"remainingOverageTime": 12, "step": 29, "geese": [[29, 40, 39, 50], [43, 54, 44, 33, 22, 11], [16, 27, 38], [17, 6, 72, 61, 62, 73]], "food": [18, 32], "index": 0}, "status": "ACTIVE"}, {"action": "NORTH", "reward": 35, "info": {}, "observation": {"remainingOverageTime": 12, "index": 1}, "status": "ACTIVE"}, {"action": "NORTH", "reward": 32, "info": {}, "observation": {"remainingOverageTime": 12, "index": 2}, "status": "ACTIVE"}, {"action": "SOUTH", "reward": 35, "info": {}, "observation": {"remainingOverageTime": 12, "index": 3}, "status": "ACTIVE"}], [{"action": "EAST", "reward": 34, "info": {}, "observation": {"remainingOverageTime": 12, "step": 30, "geese": [[30, 29, 40, 39], [32, 43, 54, 44, 33, 22, 11], [5, 16, 27], [18, 17, 6, 72, 61, 62, 73]], "food": [64, 28], "index": 0}, "status": "ACTIVE"}, {"action": "NORTH", "reward": 36, "info": {}, "observation": {"remainingOverageTime": 12, "index": 1}, "status": "ACTIVE"}, {"action": "NORTH", "reward": 33, "info": {}, "observation": {"remainingOverageTime": 12, "index": 2}, "status": "ACTIVE"}, {"action": "EAST", "reward": 36, "info": {}, "observation": {"remainingOverageTime": 12, "index": 3}, "status": "ACTIVE"}], [{"action": "SOUTH", "reward": 35, "info": {}, "observation": {"remainingOverageTime": 12, "step": 31, "geese": [[41, 30, 29, 40], [21, 32, 43, 54, 44, 33, 22], [4, 5, 16], [7, 18, 17, 6, 72, 61, 62]], "food": [64, 28], "index": 0}, "status": "ACTIVE"}, {"action": "NORTH", "reward": 38, "info": {}, "observation": {"remainingOverageTime": 12, "index": 1}, "status": "ACTIVE"}, {"action": "WEST", "reward": 34, "info": {}, "observation": {"remainingOverageTime": 12, "index": 2}, "status": "ACTIVE"}, {"action": "NORTH", "reward": 38, "info": {}, "observation": {"remainingOverageTime": 12, "index": 3}, "status": "ACTIVE"}], [{"action": "WEST", "reward": 36, "info": {}, "observation": {"remainingOverageTime": 12, "step": 32, "geese": [[40, 41, 30, 29], [20, 21, 32, 43, 54, 44, 33], [15, 4, 5], [8, 7, 18, 17, 6, 72, 61]], "food": [64, 28], "index": 0}, "status": "ACTIVE"}, {"action": "WEST", "reward": 39, "info": {}, "observation": {"remainingOverageTime": 12, "index": 1}, "status": "ACTIVE"}, {"action": "SOUTH", "reward": 35, "info": {}, "observation": {"remainingOverageTime": 12, "index": 2}, "status": "ACTIVE"}, {"action": "EAST", "reward": 39, "info": {}, "observation": {"remainingOverageTime": 12, "index": 3}, "status": "ACTIVE"}], [{"action": "NORTH", "reward": 37, "info": {}, "observation": {"remainingOverageTime": 12, "step": 33, "geese": [[29, 40, 41, 30], [31, 20, 21, 32, 43, 54, 44], [16, 15, 4], [74, 8, 7, 18, 17, 6, 72]], "food": [64, 28], "index": 0}, "status": "ACTIVE"}, {"action": "SOUTH", "reward": 40, "info": {}, "observation": {"remainingOverageTime": 12, "index": 1}, "status": "ACTIVE"}, {"action": "EAST", "reward": 36, "info": {}, "observation": {"remainingOverageTime": 12, "index": 2}, "status": "ACTIVE"}, {"action": "NORTH", "reward": 40, "info": {}, "observation": {"remainingOverageTime": 12, "index": 3}, "status": "ACTIVE"}], [{"action": "WEST", "reward": 38, "info": {}, "observation": {"remainingOverageTime": 12, "step": 34, "geese": [[28, 29, 40, 41, 30], [42, 31, 20, 21, 32, 43, 54], [27, 16, 15], [75, 74, 8, 7, 18, 17, 6]], "food": [64, 34], "index": 0}, "status": "ACTIVE"}, {"action": "SOUTH", "reward": 41, "info": {}, "observation": {"remainingOverageTime": 12, "index": 1}, "status": "ACTIVE"}, {"action": "SOUTH", "reward": 37, "info": {}, "observation": {"remainingOverageTime": 12, "index": 2}, "status": "ACTIVE"}, {"action": "EAST", "reward": 41, "info": {}, "observation": {"remainingOverageTime": 12, "index": 3}, "status": "ACTIVE"}], [{"action": "SOUTH", "reward": 40, "info": {}, "observation": {"remainingOverageTime": 12, "step": 35, "geese": [[39, 28, 29, 40, 41], [53, 42, 31, 20, 21, 32, 43], [26, 27, 16], [64, 75, 74, 8, 7, 18, 17, 6]], "food": [34, 49], "index": 0}, "status": "ACTIVE"}, {"action": "SOUTH", "reward": 42, "info": {}, "observation": {"remainingOverageTime": 12, "index": 1}, "status": "ACTIVE"}, {"action": "WEST", "reward": 38, "info": {}, "observation": {"remainingOverageTime": 12, "index": 2}, "status": "ACTIVE"}, {"action": "NORTH", "reward": 42, "info": {}, "observation": {"remainingOverageTime": 12, "index": 3}, "status": "ACTIVE"}], [{"action": "SOUTH", "reward": 41, "info": {}, "observation": {"remainingOverageTime": 12, "step": 36, "geese": [[50, 39, 28, 29, 40], [54, 53, 42, 31, 20, 21, 32], [37, 26, 27], [65, 64, 75, 74, 8, 7, 18, 17]], "food": [34, 49], "index": 0}, "status": "ACTIVE"}, {"action": "EAST", "reward": 43, "info": {}, "observation": {"remainingOverageTime": 12, "index": 1}, "status": "ACTIVE"}, {"action": "SOUTH", "reward": 39, "info": {}, "observation": {"remainingOverageTime": 12, "index": 2}, "status": "ACTIVE"}, {"action": "EAST", "reward": 44, "info": {}, "observation": {"remainingOverageTime": 12, "index": 3}, "status": "ACTIVE"}], [{"action": "WEST", "reward": 42, "info": {}, "observation": {"remainingOverageTime": 12, "step": 37, "geese": [[49, 50, 39, 28, 29, 40], [43, 54, 53, 42, 31, 20, 21], [48, 37, 26], [55, 65, 64, 75, 74, 8, 7, 18]], "food": [34, 32], "index": 0}, "status": "ACTIVE"}, {"action": "NORTH", "reward": 44, "info": {}, "observation": {"remainingOverageTime": 12, "index": 1}, "status": "ACTIVE"}, {"action": "SOUTH", "reward": 40, "info": {}, "observation": {"remainingOverageTime": 12, "index": 2}, "status": "ACTIVE"}, {"action": "EAST", "reward": 45, "info": {}, "observation": {"remainingOverageTime": 12, "index": 3}, "status": "ACTIVE"}], [{"action": "SOUTH", "reward": 44, "info": {}, "observation": {"remainingOverageTime": 12, "step": 38, "geese": [[60, 49, 50, 39, 28, 29], [32, 43, 54, 53, 42, 31, 20, 21], [47, 48, 37], [56, 55, 65, 64, 75, 74, 8, 7]], "food": [34, 18], "index": 0}, "status": "ACTIVE"}, {"action": "NORTH", "reward": 45, "info": {}, "observation": {"remainingOverageTime": 12, "index": 1}, "status": "ACTIVE"}, {"action": "WEST", "reward": 41, "info": {}, "observation": {"remainingOverageTime": 12, "index": 2}, "status": "ACTIVE"}, {"action": "EAST", "reward": 46, "info": {}, "observation": {"remainingOverageTime": 12, "index": 3}, "status": "ACTIVE"}], [{"action": "EAST", "reward": 45, "info": {}, "observation": {"remainingOverageTime": 12, "step": 39, "geese": [[61, 60, 49, 50, 39, 28], [22, 32, 43, 54, 53, 42, 31, 20], [46, 47, 48], [45, 56, 55, 65, 64, 75, 74, 8]], "food": [34, 18], "index": 0}, "status": "ACTIVE"}, {"action": "EAST", "reward": 47, "info": {}, "observation": {"remainingOverageTime": 12, "index": 1}, "status": "ACTIVE"}, {"action": "WEST", "reward": 42, "info": {}, "observation": {"remainingOverageTime": 12, "index": 2}, "status": "ACTIVE"}, {"action": "NORTH", "reward": 47, "info": {}, "observation": {"remainingOverageTime": 12, "index": 3}, "status": "ACTIVE"}], [{"action": "EAST", "reward": 46, "info": {}, "observation": {"remainingOverageTime": 12, "step": 40, "geese": [[62, 61, 60, 49, 50], [33, 22, 32, 43, 54, 53, 42], [35, 46], [34, 45, 56, 55, 65, 64, 75, 74]], "food": [18, 21], "index": 0}, "status": "ACTIVE"}, {"action": "SOUTH", "reward": 48, "info": {}, "observation": {"remainingOverageTime": 12, "index": 1}, "status": "ACTIVE"}, {"action": "NORTH", "reward": 43, "info": {}, "observation": {"remainingOverageTime": 12, "index": 2}, "status": "ACTIVE"}, {"action": "NORTH", "reward": 48, "info": {}, "observation": {"remainingOverageTime": 12, "index": 3}, "status": "ACTIVE"}], [{"action": "SOUTH", "reward": 46, "info": {}, "observation": {"remainingOverageTime": 12, "step": 41, "geese": [[73, 62, 61, 60, 49], [44, 33, 22, 32, 43, 54, 53], [24, 35], [23, 34, 45, 56, 55, 65, 64, 75]], "food": [18, 21], "index": 0}, "status": "ACTIVE"}, {"action": "SOUTH", "reward": 48, "info": {}, "observation": {"remainingOverageTime": 12, "index": 1}, "status": "ACTIVE"}, {"action": "NORTH", "reward": 43, "info": {}, "observation": {"remainingOverageTime": 12, "index": 2}, "status": "ACTIVE"}, {"action": "NORTH", "reward": 49, "info": {}, "observation": {"remainingOverageTime": 12, "index": 3}, "status": "ACTIVE"}], [{"action": "SOUTH", "reward": 47, "info": {}, "observation": {"remainingOverageTime": 12, "step": 42, "geese": [[7, 73, 62, 61, 60], [], [13, 24], [12, 23, 34, 45, 56, 55, 65, 64]], "food": [18, 21], "index": 0}, "status": "ACTIVE"}, {"action": "NORTH", "reward": 49, "info": {}, "observation": {"remainingOverageTime": 12, "index": 1}, "status": "DONE"}, {"action": "NORTH", "reward": 44, "info": {}, "observation": {"remainingOverageTime": 12, "index": 2}, "status": "ACTIVE"}, {"action": "NORTH", "reward": 50, "info": {}, "observation": {"remainingOverageTime": 12, "index": 3}, "status": "ACTIVE"}], [{"action": "SOUTH", "reward": 48, "info": {}, "observation": {"remainingOverageTime": 12, "step": 43, "geese": [[18, 7, 73, 62, 61, 60], [], [14, 13], [11, 12, 23, 34, 45, 56, 55, 65]], "food": [21, 51], "index": 0}, "status": "ACTIVE"}, {"action": "NORTH", "reward": 49, "info": {}, "observation": {"remainingOverageTime": 12, "index": 1}, "status": "DONE"}, {"action": "EAST", "reward": 45, "info": {}, "observation": {"remainingOverageTime": 12, "index": 2}, "status": "ACTIVE"}, {"action": "WEST", "reward": 51, "info": {}, "observation": {"remainingOverageTime": 12, "index": 3}, "status": "ACTIVE"}], [{"action": "SOUTH", "reward": 50, "info": {}, "observation": {"remainingOverageTime": 12, "step": 44, "geese": [[29, 18, 7, 73, 62, 61], [], [3, 14], [21, 11, 12, 23, 34, 45, 56, 55, 65]], "food": [51, 36], "index": 0}, "status": "ACTIVE"}, {"action": "NORTH", "reward": 49, "info": {}, "observation": {"remainingOverageTime": 12, "index": 1}, "status": "DONE"}, {"action": "NORTH", "reward": 46, "info": {}, "observation": {"remainingOverageTime": 12, "index": 2}, "status": "ACTIVE"}, {"action": "WEST", "reward": 52, "info": {}, "observation": {"remainingOverageTime": 12, "index": 3}, "status": "ACTIVE"}], [{"action": "SOUTH", "reward": 51, "info": {}, "observation": {"remainingOverageTime": 12, "step": 45, "geese": [[40, 29, 18, 7, 73, 62], [], [69, 3], [20, 21, 11, 12, 23, 34, 45, 56, 55]], "food": [51, 36], "index": 0}, "status": "ACTIVE"}, {"action": "NORTH", "reward": 49, "info": {}, "observation": {"remainingOverageTime": 12, "index": 1}, "status": "DONE"}, {"action": "NORTH", "reward": 47, "info": {}, "observation": {"remainingOverageTime": 12, "index": 2}, "status": "ACTIVE"}, {"action": "WEST", "reward": 54, "info": {}, "observation": {"remainingOverageTime": 12, "index": 3}, "status": "ACTIVE"}], [{"action": "SOUTH", "reward": 52, "info": {}, "observation": {"remainingOverageTime": 12, "step": 46, "geese": [[51, 40, 29, 18, 7, 73, 62], [], [58, 69], [19, 20, 21, 11, 12, 23, 34, 45, 56]], "food": [36, 9], "index": 0}, "status": "ACTIVE"}, {"action": "NORTH", "reward": 49, "info": {}, "observation": {"remainingOverageTime": 12, "index": 1}, "status": "DONE"}, {"action": "NORTH", "reward": 48, "info": {}, "observation": {"remainingOverageTime": 12, "index": 2}, "status": "ACTIVE"}, {"action": "WEST", "reward": 55, "info": {}, "observation": {"remainingOverageTime": 12, "index": 3}, "status": "ACTIVE"}], [{"action": "SOUTH", "reward": 54, "info": {}, "observation": {"remainingOverageTime": 12, "step": 47, "geese": [[62, 51, 40, 29, 18, 7, 73], [], [47, 58], [8, 19, 20, 21, 11, 12, 23, 34, 45]], "food": [36, 9], "index": 0}, "status": "ACTIVE"}, {"action": "NORTH", "reward": 49, "info": {}, "observation": {"remainingOverageTime": 12, "index": 1}, "status": "DONE"}, {"action": "NORTH", "reward": 49, "info": {}, "observation": {"remainingOverageTime": 12, "index": 2}, "status": "ACTIVE"}, {"action": "NORTH", "reward": 56, "info": {}, "observation": {"remainingOverageTime": 12, "index": 3}, "status": "ACTIVE"}], [{"action": "SOUTH", "reward": 55, "info": {}, "observation": {"remainingOverageTime": 12, "step": 48, "geese": [[73, 62, 51, 40, 29, 18, 7], [], [36, 47, 58], [9, 8, 19, 20, 21, 11, 12, 23, 34, 45]], "food": [64, 41], "index": 0}, "status": "ACTIVE"}, {"action": "NORTH", "reward": 49, "info": {}, "observation": {"remainingOverageTime": 12, "index": 1}, "status": "DONE"}, {"action": "NORTH", "reward": 50, "info": {}, "observation": {"remainingOverageTime": 12, "index": 2}, "status": "ACTIVE"}, {"action": "EAST", "reward": 57, "info": {}, "observation": {"remainingOverageTime": 12, "index": 3}, "status": "ACTIVE"}], [{"action": "EAST", "reward": 56, "info": {}, "observation": {"remainingOverageTime": 12, "step": 49, "geese": [[74, 73, 62, 51, 40, 29, 18], [], [35, 36, 47], [75, 9, 8, 19, 20, 21, 11, 12, 23, 34]], "food": [64, 41], "index": 0}, "status": "ACTIVE"}, {"action": "NORTH", "reward": 49, "info": {}, "observation": {"remainingOverageTime": 12, "index": 1}, "status": "DONE"}, {"action": "WEST", "reward": 52, "info": {}, "observation": {"remainingOverageTime": 12, "index": 2}, "status": "ACTIVE"}, {"action": "NORTH", "reward": 59, "info": {}, "observation": {"remainingOverageTime": 12, "index": 3}, "status": "ACTIVE"}], [{"action": "NORTH", "reward": 57, "info": {}, "observation": {"remainingOverageTime": 12, "step": 50, "geese": [[63, 74, 73, 62, 51, 40, 29], [], [46, 35, 36], [64, 75, 9, 8, 19, 20, 21, 11, 12, 23, 34]], "food": [41, 2], "index": 0}, "status": "ACTIVE"}, {"action": "NORTH", "reward": 49, "info": {}, "observation": {"remainingOverageTime": 12, "index": 1}, "status": "DONE"}, {"action": "SOUTH", "reward": 53, "info": {}, "observation": {"remainingOverageTime": 12, "index": 2}, "status": "ACTIVE"}, {"action": "NORTH", "reward": 60, "info": {}, "observation": {"remainingOverageTime": 12, "index": 3}, "status": "ACTIVE"}], [{"action": "NORTH", "reward": 58, "info": {}, "observation": {"remainingOverageTime": 12, "step": 51, "geese": [[52, 63, 74, 73, 62, 51, 40], [], [57, 46, 35], [53, 64, 75, 9, 8, 19, 20, 21, 11, 12, 23]], "food": [41, 2], "index": 0}, "status": "ACTIVE"}, {"action": "NORTH", "reward": 49, "info": {}, "observation": {"remainingOverageTime": 12, "index": 1}, "status": "DONE"}, {"action": "SOUTH", "reward": 54, "info": {}, "observation": {"remainingOverageTime": 12, "index": 2}, "status": "ACTIVE"}, {"action": "NORTH", "reward": 62, "info": {}, "observation": {"remainingOverageTime": 12, "index": 3}, "status": "ACTIVE"}], [{"action": "NORTH", "reward": 59, "info": {}, "observation": {"remainingOverageTime": 12, "step": 52, "geese": [[41, 52, 63, 74, 73, 62, 51, 40], [], [68, 57, 46], [42, 53, 64, 75, 9, 8, 19, 20, 21, 11, 12]], "food": [2, 69], "index": 0}, "status": "ACTIVE"}, {"action": "NORTH", "reward": 49, "info": {}, "observation": {"remainingOverageTime": 12, "index": 1}, "status": "DONE"}, {"action": "SOUTH", "reward": 55, "info": {}, "observation": {"remainingOverageTime": 12, "index": 2}, "status": "ACTIVE"}, {"action": "NORTH", "reward": 63, "info": {}, "observation": {"remainingOverageTime": 12, "index": 3}, "status": "ACTIVE"}], [{"action": "WEST", "reward": 61, "info": {}, "observation": {"remainingOverageTime": 12, "step": 53, "geese": [[40, 41, 52, 63, 74, 73, 62, 51], [], [69, 68, 57, 46], [43, 42, 53, 64, 75, 9, 8, 19, 20, 21, 11]], "food": [2, 17], "index": 0}, "status": "ACTIVE"}, {"action": "NORTH", "reward": 49, "info": {}, "observation": {"remainingOverageTime": 12, "index": 1}, "status": "DONE"}, {"action": "EAST", "reward": 56, "info": {}, "observation": {"remainingOverageTime": 12, "index": 2}, "status": "ACTIVE"}, {"action": "EAST", "reward": 64, "info": {}, "observation": {"remainingOverageTime": 12, "index": 3}, "status": "ACTIVE"}], [{"action": "NORTH", "reward": 62, "info": {}, "observation": {"remainingOverageTime": 12, "step": 54, "geese": [[29, 40, 41, 52, 63, 74, 73, 62], [], [3, 69, 68, 57], [33, 43, 42, 53, 64, 75, 9, 8, 19, 20, 21]], "food": [2, 17], "index": 0}, "status": "ACTIVE"}, {"action": "NORTH", "reward": 49, "info": {}, "observation": {"remainingOverageTime": 12, "index": 1}, "status": "DONE"}, {"action": "SOUTH", "reward": 58, "info": {}, "observation": {"remainingOverageTime": 12, "index": 2}, "status": "ACTIVE"}, {"action": "EAST", "reward": 65, "info": {}, "observation": {"remainingOverageTime": 12, "index": 3}, "status": "ACTIVE"}], [{"action": "WEST", "reward": 63, "info": {}, "observation": {"remainingOverageTime": 12, "step": 55, "geese": [[28, 29, 40, 41, 52, 63, 74, 73], [], [2, 3, 69, 68, 57], [22, 33, 43, 42, 53, 64, 75, 9, 8, 19, 20]], "food": [17, 39], "index": 0}, "status": "ACTIVE"}, {"action": "NORTH", "reward": 49, "info": {}, "observation": {"remainingOverageTime": 12, "index": 1}, "status": "DONE"}, {"action": "WEST", "reward": 59, "info": {}, "observation": {"remainingOverageTime": 12, "index": 2}, "status": "ACTIVE"}, {"action": "NORTH", "reward": 66, "info": {}, "observation": {"remainingOverageTime": 12, "index": 3}, "status": "ACTIVE"}], [{"action": "NORTH", "reward": 64, "info": {}, "observation": {"remainingOverageTime": 12, "step": 56, "geese": [[17, 28, 29, 40, 41, 52, 63, 74, 73], [], [13, 2, 3, 69, 68], [11, 22, 33, 43, 42, 53, 64, 75, 9, 8, 19]], "food": [39, 37], "index": 0}, "status": "ACTIVE"}, {"action": "NORTH", "reward": 49, "info": {}, "observation": {"remainingOverageTime": 12, "index": 1}, "status": "DONE"}, {"action": "SOUTH", "reward": 61, "info": {}, "observation": {"remainingOverageTime": 12, "index": 2}, "status": "ACTIVE"}, {"action": "NORTH", "reward": 67, "info": {}, "observation": {"remainingOverageTime": 12, "index": 3}, "status": "ACTIVE"}], [{"action": "WEST", "reward": 66, "info": {}, "observation": {"remainingOverageTime": 12, "step": 57, "geese": [[16, 17, 28, 29, 40, 41, 52, 63, 74], [], [14, 13, 2, 3, 69], [0, 11, 22, 33, 43, 42, 53, 64, 75, 9, 8]], "food": [39, 37], "index": 0}, "status": "ACTIVE"}, {"action": "NORTH", "reward": 49, "info": {}, "observation": {"remainingOverageTime": 12, "index": 1}, "status": "DONE"}, {"action": "EAST", "reward": 62, "info": {}, "observation": {"remainingOverageTime": 12, "index": 2}, "status": "ACTIVE"}, {"action": "NORTH", "reward": 68, "info": {}, "observation": {"remainingOverageTime": 12, "index": 3}, "status": "ACTIVE"}], [{"action": "SOUTH", "reward": 67, "info": {}, "observation": {"remainingOverageTime": 12, "step": 58, "geese": [[27, 16, 17, 28, 29, 40, 41, 52, 63], [], [25, 14, 13, 2, 3], [1, 0, 11, 22, 33, 43, 42, 53, 64, 75, 9]], "food": [39, 37], "index": 0}, "status": "ACTIVE"}, {"action": "NORTH", "reward": 49, "info": {}, "observation": {"remainingOverageTime": 12, "index": 1}, "status": "DONE"}, {"action": "SOUTH", "reward": 63, "info": {}, "observation": {"remainingOverageTime": 12, "index": 2}, "status": "ACTIVE"}, {"action": "EAST", "reward": 69, "info": {}, "observation": {"remainingOverageTime": 12, "index": 3}, "status": "ACTIVE"}], [{"action": "SOUTH", "reward": 68, "info": {}, "observation": {"remainingOverageTime": 12, "step": 59, "geese": [[38, 27, 16, 17, 28, 29, 40, 41, 52], [], [36, 25, 14, 13, 2], [12, 1, 0, 11, 22, 33, 43, 42, 53, 64, 75]], "food": [39, 37], "index": 0}, "status": "ACTIVE"}, {"action": "NORTH", "reward": 49, "info": {}, "observation": {"remainingOverageTime": 12, "index": 1}, "status": "DONE"}, {"action": "SOUTH", "reward": 64, "info": {}, "observation": {"remainingOverageTime": 12, "index": 2}, "status": "ACTIVE"}, {"action": "SOUTH", "reward": 70, "info": {}, "observation": {"remainingOverageTime": 12, "index": 3}, "status": "ACTIVE"}], [{"action": "SOUTH", "reward": 69, "info": {}, "observation": {"remainingOverageTime": 12, "step": 60, "geese": [[49, 38, 27, 16, 17, 28, 29, 40, 41], [], [35, 36, 25, 14, 13], [23, 12, 1, 0, 11, 22, 33, 43, 42, 53, 64]], "food": [39, 37], "index": 0}, "status": "ACTIVE"}, {"action": "NORTH", "reward": 49, "info": {}, "observation": {"remainingOverageTime": 12, "index": 1}, "status": "DONE"}, {"action": "WEST", "reward": 65, "info": {}, "observation": {"remainingOverageTime": 12, "index": 2}, "status": "ACTIVE"}, {"action": "SOUTH", "reward": 71, "info": {}, "observation": {"remainingOverageTime": 12, "index": 3}, "status": "ACTIVE"}], [{"action": "EAST", "reward": 70, "info": {}, "observation": {"remainingOverageTime": 12, "step": 61, "geese": [[50, 49, 38, 27, 16, 17, 28, 29, 40], [], [46, 35, 36, 25, 14], [24, 23, 12, 1, 0, 11, 22, 33, 43, 42, 53]], "food": [39, 37], "index": 0}, "status": "ACTIVE"}, {"action": "NORTH", "reward": 49, "info": {}, "observation": {"remainingOverageTime": 12, "index": 1}, "status": "DONE"}, {"action": "SOUTH", "reward": 66, "info": {}, "observation": {"remainingOverageTime": 12, "index": 2}, "status": "ACTIVE"}, {"action": "EAST", "reward": 72, "info": {}, "observation": {"remainingOverageTime": 12, "index": 3}, "status": "ACTIVE"}], [{"action": "NORTH", "reward": 71, "info": {}, "observation": {"remainingOverageTime": 12, "step": 62, "geese": [[39, 50, 49, 38, 27, 16, 17, 28, 29, 40], [], [47, 46, 35, 36, 25], [13, 24, 23, 12, 1, 0, 11, 22, 33, 43, 42]], "food": [37, 48], "index": 0}, "status": "ACTIVE"}, {"action": "NORTH", "reward": 49, "info": {}, "observation": {"remainingOverageTime": 12, "index": 1}, "status": "DONE"}, {"action": "EAST", "reward": 67, "info": {}, "observation": {"remainingOverageTime": 12, "index": 2}, "status": "ACTIVE"}, {"action": "NORTH", "reward": 73, "info": {}, "observation": {"remainingOverageTime": 12, "index": 3}, "status": "ACTIVE"}], [{"action": "EAST", "reward": 73, "info": {}, "observation": {"remainingOverageTime": 12, "step": 63, "geese": [[40, 39, 50, 49, 38, 27, 16, 17, 28, 29], [], [48, 47, 46, 35, 36, 25], [14, 13, 24, 23, 12, 1, 0, 11, 22, 33, 43]], "food": [37, 73], "index": 0}, "status": "ACTIVE"}, {"action": "NORTH", "reward": 49, "info": {}, "observation": {"remainingOverageTime": 12, "index": 1}, "status": "DONE"}, {"action": "EAST", "reward": 68, "info": {}, "observation": {"remainingOverageTime": 12, "index": 2}, "status": "ACTIVE"}, {"action": "EAST", "reward": 74, "info": {}, "observation": {"remainingOverageTime": 12, "index": 3}, "status": "ACTIVE"}], [{"action": "SOUTH", "reward": 74, "info": {}, "observation": {"remainingOverageTime": 12, "step": 64, "geese": [[51, 40, 39, 50, 49, 38, 27, 16, 17, 28], [], [37, 48, 47, 46, 35, 36, 25], [15, 14, 13, 24, 23, 12, 1, 0, 11, 22, 33]], "food": [73, 30], "index": 0}, "status": "ACTIVE"}, {"action": "NORTH", "reward": 49, "info": {}, "observation": {"remainingOverageTime": 12, "index": 1}, "status": "DONE"}, {"action": "NORTH", "reward": 70, "info": {}, "observation": {"remainingOverageTime": 12, "index": 2}, "status": "ACTIVE"}, {"action": "EAST", "reward": 75, "info": {}, "observation": {"remainingOverageTime": 12, "index": 3}, "status": "ACTIVE"}], [{"action": "SOUTH", "reward": 75, "info": {}, "observation": {"remainingOverageTime": 12, "step": 65, "geese": [[62, 51, 40, 39, 50, 49, 38, 27, 16, 17], [], [26, 37, 48, 47, 46, 35, 36], [4, 15, 14, 13, 24, 23, 12, 1, 0, 11, 22]], "food": [73, 30], "index": 0}, "status": "ACTIVE"}, {"action": "NORTH", "reward": 49, "info": {}, "observation": {"remainingOverageTime": 12, "index": 1}, "status": "DONE"}, {"action": "NORTH", "reward": 72, "info": {}, "observation": {"remainingOverageTime": 12, "index": 2}, "status": "ACTIVE"}, {"action": "NORTH", "reward": 76, "info": {}, "observation": {"remainingOverageTime": 12, "index": 3}, "status": "ACTIVE"}], [{"action": "SOUTH", "reward": 76, "info": {}, "observation": {"remainingOverageTime": 12, "step": 66, "geese": [[73, 62, 51, 40, 39, 50, 49, 38, 27, 16, 17], [], [25, 26, 37, 48, 47, 46, 35], [70, 4, 15, 14, 13, 24, 23, 12, 1, 0, 11]], "food": [30, 22], "index": 0}, "status": "ACTIVE"}, {"action": "NORTH", "reward": 49, "info": {}, "observation": {"remainingOverageTime": 12, "index": 1}, "status": "DONE"}, {"action": "WEST", "reward": 73, "info": {}, "observation": {"remainingOverageTime": 12, "index": 2}, "status": "ACTIVE"}, {"action": "NORTH", "reward": 77, "info": {}, "observation": {"remainingOverageTime": 12, "index": 3}, "status": "ACTIVE"}], [{"action": "EAST", "reward": 78, "info": {}, "observation": {"remainingOverageTime": 12, "step": 67, "geese": [[74, 73, 62, 51, 40, 39, 50, 49, 38, 27, 16], [], [36, 25, 26, 37, 48, 47, 46], [71, 70, 4, 15, 14, 13, 24, 23, 12, 1, 0]], "food": [30, 22], "index": 0}, "status": "ACTIVE"}, {"action": "NORTH", "reward": 49, "info": {}, "observation": {"remainingOverageTime": 12, "index": 1}, "status": "DONE"}, {"action": "SOUTH", "reward": 74, "info": {}, "observation": {"remainingOverageTime": 12, "index": 2}, "status": "ACTIVE"}, {"action": "EAST", "reward": 78, "info": {}, "observation": {"remainingOverageTime": 12, "index": 3}, "status": "ACTIVE"}], [{"action": "SOUTH", "reward": 79, "info": {}, "observation": {"remainingOverageTime": 12, "step": 68, "geese": [[8, 74, 73, 62, 51, 40, 39, 50, 49, 38, 27], [], [35, 36, 25, 26, 37, 48, 47], [5, 71, 70, 4, 15, 14, 13, 24, 23, 12, 1]], "food": [30, 22], "index": 0}, "status": "ACTIVE"}, {"action": "NORTH", "reward": 49, "info": {}, "observation": {"remainingOverageTime": 12, "index": 1}, "status": "DONE"}, {"action": "WEST", "reward": 75, "info": {}, "observation": {"remainingOverageTime": 12, "index": 2}, "status": "ACTIVE"}, {"action": "SOUTH", "reward": 79, "info": {}, "observation": {"remainingOverageTime": 12, "index": 3}, "status": "ACTIVE"}], [{"action": "SOUTH", "reward": 80, "info": {}, "observation": {"remainingOverageTime": 12, "step": 69, "geese": [[19, 8, 74, 73, 62, 51, 40, 39, 50, 49, 38], [], [34, 35, 36, 25, 26, 37, 48], [6, 5, 71, 70, 4, 15, 14, 13, 24, 23, 12]], "food": [30, 22], "index": 0}, "status": "ACTIVE"}, {"action": "NORTH", "reward": 49, "info": {}, "observation": {"remainingOverageTime": 12, "index": 1}, "status": "DONE"}, {"action": "WEST", "reward": 76, "info": {}, "observation": {"remainingOverageTime": 12, "index": 2}, "status": "ACTIVE"}, {"action": "EAST", "reward": 80, "info": {}, "observation": {"remainingOverageTime": 12, "index": 3}, "status": "ACTIVE"}], [{"action": "SOUTH", "reward": 81, "info": {}, "observation": {"remainingOverageTime": 12, "step": 70, "geese": [[30, 19, 8, 74, 73, 62, 51, 40, 39, 50, 49, 38], [], [33, 34, 35, 36, 25, 26, 37], [17, 6, 5, 71, 70, 4, 15, 14, 13, 24, 23]], "food": [22, 0], "index": 0}, "status": "ACTIVE"}, {"action": "NORTH", "reward": 49, "info": {}, "observation": {"remainingOverageTime": 12, "index": 1}, "status": "DONE"}, {"action": "WEST", "reward": 77, "info": {}, "observation": {"remainingOverageTime": 12, "index": 2}, "status": "ACTIVE"}, {"action": "SOUTH", "reward": 81, "info": {}, "observation": {"remainingOverageTime": 12, "index": 3}, "status": "ACTIVE"}], [{"action": "EAST", "reward": 83, "info": {}, "observation": {"remainingOverageTime": 12, "step": 71, "geese": [[31, 30, 19, 8, 74, 73, 62, 51, 40, 39, 50, 49], [], [22, 33, 34, 35, 36, 25, 26, 37], [16, 17, 6, 5, 71, 70, 4, 15, 14, 13, 24]], "food": [0, 53], "index": 0}, "status": "ACTIVE"}, {"action": "NORTH", "reward": 49, "info": {}, "observation": {"remainingOverageTime": 12, "index": 1}, "status": "DONE"}, {"action": "NORTH", "reward": 78, "info": {}, "observation": {"remainingOverageTime": 12, "index": 2}, "status": "ACTIVE"}, {"action": "WEST", "reward": 82, "info": {}, "observation": {"remainingOverageTime": 12, "index": 3}, "status": "ACTIVE"}], [{"action": "SOUTH", "reward": 84, "info": {}, "observation": {"remainingOverageTime": 12, "step": 72, "geese": [[42, 31, 30, 19, 8, 74, 73, 62, 51, 40, 39, 50], [], [11, 22, 33, 34, 35, 36, 25, 26], [27, 16, 17, 6, 5, 71, 70, 4, 15, 14, 13]], "food": [0, 53], "index": 0}, "status": "ACTIVE"}, {"action": "NORTH", "reward": 49, "info": {}, "observation": {"remainingOverageTime": 12, "index": 1}, "status": "DONE"}, {"action": "NORTH", "reward": 80, "info": {}, "observation": {"remainingOverageTime": 12, "index": 2}, "status": "ACTIVE"}, {"action": "SOUTH", "reward": 83, "info": {}, "observation": {"remainingOverageTime": 12, "index": 3}, "status": "ACTIVE"}], [{"action": "SOUTH", "reward": 85, "info": {}, "observation": {"remainingOverageTime": 12, "step": 73, "geese": [[53, 42, 31, 30, 19, 8, 74, 73, 62, 51, 40, 39, 50], [], [0, 11, 22, 33, 34, 35, 36, 25, 26], [38, 27, 16, 17, 6, 5, 71, 70, 4, 15, 14]], "food": [21, 10], "index": 0}, "status": "ACTIVE"}, {"action": "NORTH", "reward": 49, "info": {}, "observation": {"remainingOverageTime": 12, "index": 1}, "status": "DONE"}, {"action": "NORTH", "reward": 81, "info": {}, "observation": {"remainingOverageTime": 12, "index": 2}, "status": "ACTIVE"}, {"action": "SOUTH", "reward": 84, "info": {}, "observation": {"remainingOverageTime": 12, "index": 3}, "status": "ACTIVE"}], [{"action": "EAST", "reward": 87, "info": {}, "observation": {"remainingOverageTime": 12, "step": 74, "geese": [[54, 53, 42, 31, 30, 19, 8, 74, 73, 62, 51, 40, 39], [], [10, 0, 11, 22, 33, 34, 35, 36, 25, 26], [49, 38, 27, 16, 17, 6, 5, 71, 70, 4, 15]], "food": [21, 55], "index": 0}, "status": "ACTIVE"}, {"action": "NORTH", "reward": 49, "info": {}, "observation": {"remainingOverageTime": 12, "index": 1}, "status": "DONE"}, {"action": "WEST", "reward": 83, "info": {}, "observation": {"remainingOverageTime": 12, "index": 2}, "status": "ACTIVE"}, {"action": "SOUTH", "reward": 85, "info": {}, "observation": {"remainingOverageTime": 12, "index": 3}, "status": "ACTIVE"}], [{"action": "SOUTH", "reward": 88, "info": {}, "observation": {"remainingOverageTime": 12, "step": 75, "geese": [[65, 54, 53, 42, 31, 30, 19, 8, 74, 73, 62, 51, 40], [], [21, 10, 0, 11, 22, 33, 34, 35, 36, 25, 26], [48, 49, 38, 27, 16, 17, 6, 5, 71, 70, 4]], "food": [55, 2], "index": 0}, "status": "ACTIVE"}, {"action": "NORTH", "reward": 49, "info": {}, "observation": {"remainingOverageTime": 12, "index": 1}, "status": "DONE"}, {"action": "SOUTH", "reward": 85, "info": {}, "observation": {"remainingOverageTime": 12, "index": 2}, "status": "ACTIVE"}, {"action": "WEST", "reward": 86, "info": {}, "observation": {"remainingOverageTime": 12, "index": 3}, "status": "ACTIVE"}], [{"action": "SOUTH", "reward": 89, "info": {}, "observation": {"remainingOverageTime": 12, "step": 76, "geese": [[76, 65, 54, 53, 42, 31, 30, 19, 8, 74, 73, 62, 51], [], [20, 21, 10, 0, 11, 22, 33, 34, 35, 36, 25], [59, 48, 49, 38, 27, 16, 17, 6, 5, 71, 70]], "food": [55, 2], "index": 0}, "status": "ACTIVE"}, {"action": "NORTH", "reward": 49, "info": {}, "observation": {"remainingOverageTime": 12, "index": 1}, "status": "DONE"}, {"action": "WEST", "reward": 87, "info": {}, "observation": {"remainingOverageTime": 12, "index": 2}, "status": "ACTIVE"}, {"action": "SOUTH", "reward": 87, "info": {}, "observation": {"remainingOverageTime": 12, "index": 3}, "status": "ACTIVE"}], [{"action": "WEST", "reward": 90, "info": {}, "observation": {"remainingOverageTime": 12, "step": 77, "geese": [[75, 76, 65, 54, 53, 42, 31, 30, 19, 8, 74, 73, 62], [], [9, 20, 21, 10, 0, 11, 22, 33, 34, 35, 36], [70, 59, 48, 49, 38, 27, 16, 17, 6, 5, 71]], "food": [55, 2], "index": 0}, "status": "ACTIVE"}, {"action": "NORTH", "reward": 49, "info": {}, "observation": {"remainingOverageTime": 12, "index": 1}, "status": "DONE"}, {"action": "NORTH", "reward": 88, "info": {}, "observation": {"remainingOverageTime": 12, "index": 2}, "status": "ACTIVE"}, {"action": "SOUTH", "reward": 88, "info": {}, "observation": {"remainingOverageTime": 12, "index": 3}, "status": "ACTIVE"}], [{"action": "NORTH", "reward": 91, "info": {}, "observation": {"remainingOverageTime": 12, "step": 78, "geese": [[], [], [], [69, 70, 59, 48, 49, 38, 27, 16, 17, 6, 5]], "food": [55, 2], "index": 0}, "status": "DONE"}, {"action": "NORTH", "reward": 49, "info": {}, "observation": {"remainingOverageTime": 12, "index": 1}, "status": "DONE"}, {"action": "WEST", "reward": 89, "info": {}, "observation": {"remainingOverageTime": 12, "index": 2}, "status": "DONE"}, {"action": "WEST", "reward": 89, "info": {}, "observation": {"remainingOverageTime": 12, "index": 3}, "status": "DONE"}]], "rewards": [91, 49, 89, 89], "statuses": ["DONE", "DONE", "DONE", "DONE"], "schema_version": 1, "info": {}}