{"id": "479b0f34-da82-11ee-b31f-0242ac130202", "name": "hungry_geese", "title": "Hungry Geese", "description": "Similar to the classic snake game with multiple players", "version": "1.0.0", "configuration": {"episodeSteps": 200, "actTimeout": 6, "runTimeout": 1200, "columns": 11, "rows": 7, "hunger_rate": 40, "min_food": 2}, "specification": {"action": {"description": "Direction to move the head of your players goose.", "type": "string", "enum": ["NORTH", "EAST", "SOUTH", "WEST"], "default": "NORTH"}, "agents": [2, 3, 4, 5, 6, 7, 8], "configuration": {"episodeSteps": {"description": "Maximum number of steps in the episode.", "type": "integer", "minimum": 1, "default": 200}, "actTimeout": {"description": "Maximum runtime (seconds) to obtain an action from an agent.", "type": "number", "minimum": 0, "default": 6}, "runTimeout": {"description": "Maximum runtime (seconds) of an episode (not necessarily DONE).", "type": "number", "minimum": 0, "default": 1200}, "columns": {"description": "Horizontal number of cells on the board.", "type": "integer", "default": 11, "minimum": 3}, "rows": {"description": "Vertical number of cells on the board.", "type": "integer", "default": 7, "minimum": 3}, "hunger_rate": {"description": "The number of steps before the goose shrinks a cell.", "type": "integer", "minimum": 1, "default": 40}, "min_food": {"description": "The minimum amount of food present for all steps.", "type": "integer", "default": 2, "minimum": 1}}, "info": {}, "observation": {"remainingOverageTime": {"description": "Total remaining banked time (seconds) that can be used in excess of per-step actTimeouts -- agent is disqualified with TIMEOUT status when this drops below 0.", "shared": false, "type": "number", "minimum": 0, "default": 12}, "step": {"description": "Current step within the episode.", "type": "integer", "shared": true, "minimum": 0, "default": 0}, "geese": {"description": "List of geese in order by the agent index.", "type": "array", "default": [], "shared": true}, "food": {"description": "Positions on the board where food is present.", "type": "array", "default": [], "shared": true}, "index": {"description": "Index of the current agent's goose in the list of geese.", "type": "integer", "minimum": 0, "defaults": [0, 1, 2, 3, 4, 5, 6, 7]}}, "reward": {"description": "The number of steps the goose has moved plus its length.", "type": ["number", "null"], "default": 0, "minimum": 0}}, "steps": [[{"action": "NORTH", "reward": 0, "info": {}, "observation": {"remainingOverageTime": 12, "step": 0, "geese": [[31], [58], [49], [67]], "food": [75, 34], "index": 0}, "status": "ACTIVE"}, {"action": "NORTH", "reward": 0, "info": {}, "observation": {"remainingOverageTime": 12, "index": 1}, "status": "ACTIVE"}, {"action": "NORTH", "reward": 0, "info": {}, "observation": {"remainingOverageTime": 12, "index": 2}, "status": "ACTIVE"}, {"action": "NORTH", "reward": 0, "info": {}, "observation": {"remainingOverageTime": 12, "index": 3}, "status": "ACTIVE"}], [{"action": "NORTH", "reward": 2, "info": {}, "observation": {"remainingOverageTime": 12, "step": 1, "geese": [[20], [57], [48], [56]], "food": [75, 34], "index": 0}, "status": "ACTIVE"}, {"action": "WEST", "reward": 2, "info": {}, "observation": {"remainingOverageTime": 12, "index": 1}, "status": "ACTIVE"}, {"action": "WEST", "reward": 2, "info": {}, "observation": {"remainingOverageTime": 12, "index": 2}, "status": "ACTIVE"}, {"action": "NORTH", "reward": 2, "info": {}, "observation": {"remainingOverageTime": 12, "index": 3}, "status": "ACTIVE"}], [{"action": "NORTH", "reward": 3, "info": {}, "observation": {"remainingOverageTime": 12, "step": 2, "geese": [[9], [46], [37], [45]], "food": [75, 34], "index": 0}, "status": "ACTIVE"}, {"action": "NORTH", "reward": 3, "info": {}, "observation": {"remainingOverageTime": 12, "index": 1}, "status": "ACTIVE"}, {"action": "NORTH", "reward": 3, "info": {}, "observation": {"remainingOverageTime": 12, "index": 2}, "status": "ACTIVE"}, {"action": "NORTH", "reward": 3, "info": {}, "observation": {"remainingOverageTime": 12, "index": 3}, "status": "ACTIVE"}], [{"action": "NORTH", "reward": 4, "info": {}, "observation": {"remainingOverageTime": 12, "step": 3, "geese": [[75, 9], [35], [36], [34, 45]], "food": [24, 33], "index": 0}, "status": "ACTIVE"}, {"action": "NORTH", "reward": 4, "info": {}, "observation": {"remainingOverageTime": 12, "index": 1}, "status": "ACTIVE"}, {"action": "WEST", "reward": 4, "info": {}, "observation": {"remainingOverageTime": 12, "index": 2}, "status": "ACTIVE"}, {"action": "NORTH", "reward": 4, "info": {}, "observation": {"remainingOverageTime": 12, "index": 3}, "status": "ACTIVE"}], [{"action": "NORTH", "reward": 6, "info": {}, "observation": {"remainingOverageTime": 12, "step": 4, "geese": [[64, 75], [24, 35], [25], [33, 34, 45]], "food": [31, 17], "index": 0}, "status": "ACTIVE"}, {"action": "NORTH", "reward": 5, "info": {}, "observation": {"remainingOverageTime": 12, "index": 1}, "status": "ACTIVE"}, {"action": "NORTH", "reward": 5, "info": {}, "observation": {"remainingOverageTime": 12, "index": 2}, "status": "ACTIVE"}, {"action": "WEST", "reward": 6, "info": {}, "observation": {"remainingOverageTime": 12, "index": 3}, "status": "ACTIVE"}], [{"action": "NORTH", "reward": 7, "info": {}, "observation": {"remainingOverageTime": 12, "step": 5, "geese": [[53, 64], [23, 24], [14], [22, 33, 34]], "food": [31, 17], "index": 0}, "status": "ACTIVE"}, {"action": "WEST", "reward": 7, "info": {}, "observation": {"remainingOverageTime": 12, "index": 1}, "status": "ACTIVE"}, {"action": "NORTH", "reward": 6, "info": {}, "observation": {"remainingOverageTime": 12, "index": 2}, "status": "ACTIVE"}, {"action": "NORTH", "reward": 8, "info": {}, "observation": {"remainingOverageTime": 12, "index": 3}, "status": "ACTIVE"}], [{"action": "NORTH", "reward": 8, "info": {}, "observation": {"remainingOverageTime": 12, "step": 6, "geese": [[42, 53], [12, 23], [15], [32, 22, 33]], "food": [31, 17], "index": 0}, "status": "ACTIVE"}, {"action": "NORTH", "reward": 8, "info": {}, "observation": {"remainingOverageTime": 12, "index": 1}, "status": "ACTIVE"}, {"action": "EAST", "reward": 7, "info": {}, "observation": {"remainingOverageTime": 12, "index": 2}, "status": "ACTIVE"}, {"action": "WEST", "reward": 9, "info": {}, "observation": {"remainingOverageTime": 12, "index": 3}, "status": "ACTIVE"}], [{"action": "WEST", "reward": 9, "info": {}, "observation": {"remainingOverageTime": 12, "step": 7, "geese": [[41, 42], [11, 12], [16], [21, 32, 22]], "food": [31, 17], "index": 0}, "status": "ACTIVE"}, {"action": "WEST", "reward": 9, "info": {}, "observation": {"remainingOverageTime": 12, "index": 1}, "status": "ACTIVE"}, {"action": "EAST", "reward": 8, "info": {}, "observation": {"remainingOverageTime": 12, "index": 2}, "status": "ACTIVE"}, {"action": "NORTH", "reward": 10, "info": {}, "observation": {"remainingOverageTime": 12, "index": 3}, "status": "ACTIVE"}], [{"action": "NORTH", "reward": 10, "info": {}, "observation": {"remainingOverageTime": 12, "step": 8, "geese": [[30, 41], [22, 11], [17, 16], [20, 21, 32]], "food": [31, 13], "index": 0}, "status": "ACTIVE"}, {"action": "SOUTH", "reward": 10, "info": {}, "observation": {"remainingOverageTime": 12, "index": 1}, "status": "ACTIVE"}, {"action": "EAST", "reward": 9, "info": {}, "observation": {"remainingOverageTime": 12, "index": 2}, "status": "ACTIVE"}, {"action": "WEST", "reward": 11, "info": {}, "observation": {"remainingOverageTime": 12, "index": 3}, "status": "ACTIVE"}], [{"action": "WEST", "reward": 11, "info": {}, "observation": {"remainingOverageTime": 12, "step": 9, "geese": [[29, 30], [23, 22], [6, 17], [9, 20, 21]], "food": [31, 13], "index": 0}, "status": "ACTIVE"}, {"action": "EAST", "reward": 11, "info": {}, "observation": {"remainingOverageTime": 12, "index": 1}, "status": "ACTIVE"}, {"action": "NORTH", "reward": 11, "info": {}, "observation": {"remainingOverageTime": 12, "index": 2}, "status": "ACTIVE"}, {"action": "NORTH", "reward": 12, "info": {}, "observation": {"remainingOverageTime": 12, "index": 3}, "status": "ACTIVE"}], [{"action": "SOUTH", "reward": 12, "info": {}, "observation": {"remainingOverageTime": 12, "step": 10, "geese": [[40, 29], [12, 23], [5, 6], [8, 9, 20]], "food": [31, 13], "index": 0}, "status": "ACTIVE"}, {"action": "NORTH", "reward": 12, "info": {}, "observation": {"remainingOverageTime": 12, "index": 1}, "status": "ACTIVE"}, {"action": "WEST", "reward": 12, "info": {}, "observation": {"remainingOverageTime": 12, "index": 2}, "status": "ACTIVE"}, {"action": "WEST", "reward": 13, "info": {}, "observation": {"remainingOverageTime": 12, "index": 3}, "status": "ACTIVE"}], [{"action": "EAST", "reward": 13, "info": {}, "observation": {"remainingOverageTime": 12, "step": 11, "geese": [[41, 40], [13, 12, 23], [16, 5], [19, 8, 9]], "food": [31, 51], "index": 0}, "status": "ACTIVE"}, {"action": "EAST", "reward": 13, "info": {}, "observation": {"remainingOverageTime": 12, "index": 1}, "status": "ACTIVE"}, {"action": "SOUTH", "reward": 13, "info": {}, "observation": {"remainingOverageTime": 12, "index": 2}, "status": "ACTIVE"}, {"action": "SOUTH", "reward": 14, "info": {}, "observation": {"remainingOverageTime": 12, "index": 3}, "status": "ACTIVE"}], [{"action": "SOUTH", "reward": 14, "info": {}, "observation": {"remainingOverageTime": 12, "step": 12, "geese": [[52, 41], [24, 13, 12], [27, 16], [20, 19, 8]], "food": [31, 51], "index": 0}, "status": "ACTIVE"}, {"action": "SOUTH", "reward": 15, "info": {}, "observation": {"remainingOverageTime": 12, "index": 1}, "status": "ACTIVE"}, {"action": "SOUTH", "reward": 14, "info": {}, "observation": {"remainingOverageTime": 12, "index": 2}, "status": "ACTIVE"}, {"action": "EAST", "reward": 15, "info": {}, "observation": {"remainingOverageTime": 12, "index": 3}, "status": "ACTIVE"}], [{"action": "WEST", "reward": 15, "info": {}, "observation": {"remainingOverageTime": 12, "step": 13, "geese": [[51, 52, 41], [23, 24, 13], [28, 27], [31, 20, 19, 8]], "food": [2, 67], "index": 0}, "status": "ACTIVE"}, {"action": "WEST", "reward": 16, "info": {}, "observation": {"remainingOverageTime": 12, "index": 1}, "status": "ACTIVE"}, {"action": "EAST", "reward": 15, "info": {}, "observation": {"remainingOverageTime": 12, "index": 2}, "status": "ACTIVE"}, {"action": "SOUTH", "reward": 16, "info": {}, "observation": {"remainingOverageTime": 12, "index": 3}, "status": "ACTIVE"}], [{"action": "SOUTH", "reward": 17, "info": {}, "observation": {"remainingOverageTime": 12, "step": 14, "geese": [[62, 51, 52], [12, 23, 24], [17, 28], [32, 31, 20, 19]], "food": [2, 67], "index": 0}, "status": "ACTIVE"}, {"action": "NORTH", "reward": 17, "info": {}, "observation": {"remainingOverageTime": 12, "index": 1}, "status": "ACTIVE"}, {"action": "NORTH", "reward": 16, "info": {}, "observation": {"remainingOverageTime": 12, "index": 2}, "status": "ACTIVE"}, {"action": "EAST", "reward": 18, "info": {}, "observation": {"remainingOverageTime": 12, "index": 3}, "status": "ACTIVE"}], [{"action": "SOUTH", "reward": 18, "info": {}, "observation": {"remainingOverageTime": 12, "step": 15, "geese": [[73, 62, 51], [13, 12, 23], [16, 17], [21, 32, 31, 20]], "food": [2, 67], "index": 0}, "status": "ACTIVE"}, {"action": "EAST", "reward": 18, "info": {}, "observation": {"remainingOverageTime": 12, "index": 1}, "status": "ACTIVE"}, {"action": "WEST", "reward": 17, "info": {}, "observation": {"remainingOverageTime": 12, "index": 2}, "status": "ACTIVE"}, {"action": "NORTH", "reward": 19, "info": {}, "observation": {"remainingOverageTime": 12, "index": 3}, "status": "ACTIVE"}], [{"action": "EAST", "reward": 19, "info": {}, "observation": {"remainingOverageTime": 12, "step": 16, "geese": [[74, 73, 62], [2, 13, 12, 23], [5, 16], [11, 21, 32, 31]], "food": [67, 57], "index": 0}, "status": "ACTIVE"}, {"action": "NORTH", "reward": 19, "info": {}, "observation": {"remainingOverageTime": 12, "index": 1}, "status": "ACTIVE"}, {"action": "NORTH", "reward": 18, "info": {}, "observation": {"remainingOverageTime": 12, "index": 2}, "status": "ACTIVE"}, {"action": "EAST", "reward": 20, "info": {}, "observation": {"remainingOverageTime": 12, "index": 3}, "status": "ACTIVE"}], [{"action": "EAST", "reward": 20, "info": {}, "observation": {"remainingOverageTime": 12, "step": 17, "geese": [[75, 74, 73], [1, 2, 13, 12], [71, 5], [0, 11, 21, 32]], "food": [67, 57], "index": 0}, "status": "ACTIVE"}, {"action": "WEST", "reward": 21, "info": {}, "observation": {"remainingOverageTime": 12, "index": 1}, "status": "ACTIVE"}, {"action": "NORTH", "reward": 19, "info": {}, "observation": {"remainingOverageTime": 12, "index": 2}, "status": "ACTIVE"}, {"action": "NORTH", "reward": 21, "info": {}, "observation": {"remainingOverageTime": 12, "index": 3}, "status": "ACTIVE"}], [{"action": "EAST", "reward": 21, "info": {}, "observation": {"remainingOverageTime": 12, "step": 18, "geese": [[76, 75, 74], [67, 1, 2, 13, 12], [70, 71], [66, 0, 11, 21]], "food": [57, 37], "index": 0}, "status": "ACTIVE"}, {"action": "NORTH", "reward": 22, "info": {}, "observation": {"remainingOverageTime": 12, "index": 1}, "status": "ACTIVE"}, {"action": "WEST", "reward": 20, "info": {}, "observation": {"remainingOverageTime": 12, "index": 2}, "status": "ACTIVE"}, {"action": "NORTH", "reward": 22, "info": {}, "observation": {"remainingOverageTime": 12, "index": 3}, "status": "ACTIVE"}], [{"action": "NORTH", "reward": 22, "info": {}, "observation": {"remainingOverageTime": 12, "step": 19, "geese": [[65, 76, 75], [56, 67, 1, 2, 13], [69, 70], [55, 66, 0, 11]], "food": [57, 37], "index": 0}, "status": "ACTIVE"}, {"action": "NORTH", "reward": 24, "info": {}, "observation": {"remainingOverageTime": 12, "index": 1}, "status": "ACTIVE"}, {"action": "WEST", "reward": 21, "info": {}, "observation": {"remainingOverageTime": 12, "index": 2}, "status": "ACTIVE"}, {"action": "NORTH", "reward": 23, "info": {}, "observation": {"remainingOverageTime": 12, "index": 3}, "status": "ACTIVE"}], [{"action": "NORTH", "reward": 23, "info": {}, "observation": {"remainingOverageTime": 12, "step": 20, "geese": [[54, 65, 76], [57, 56, 67, 1, 2, 13], [68, 69], [44, 55, 66, 0]], "food": [37, 7], "index": 0}, "status": "ACTIVE"}, {"action": "EAST", "reward": 25, "info": {}, "observation": {"remainingOverageTime": 12, "index": 1}, "status": "ACTIVE"}, {"action": "WEST", "reward": 22, "info": {}, "observation": {"remainingOverageTime": 12, "index": 2}, "status": "ACTIVE"}, {"action": "NORTH", "reward": 24, "info": {}, "observation": {"remainingOverageTime": 12, "index": 3}, "status": "ACTIVE"}], [{"action": "NORTH", "reward": 24, "info": {}, "observation": {"remainingOverageTime": 12, "step": 21, "geese": [[43, 54, 65], [], [], [33, 44, 55, 66]], "food": [37, 7], "index": 0}, "status": "ACTIVE"}, {"action": "NORTH", "reward": 27, "info": {}, "observation": {"remainingOverageTime": 12, "index": 1}, "status": "DONE"}, {"action": "WEST", "reward": 23, "info": {}, "observation": {"remainingOverageTime": 12, "index": 2}, "status": "DONE"}, {"action": "NORTH", "reward": 25, "info": {}, "observation": {"remainingOverageTime": 12, "index": 3}, "status": "ACTIVE"}], [{"action": "WEST", "reward": 25, "info": {}, "observation": {"remainingOverageTime": 12, "step": 22, "geese": [[42, 43, 54], [], [], [34, 33, 44, 55]], "food": [37, 7], "index": 0}, "status": "ACTIVE"}, {"action": "NORTH", "reward": 27, "info": {}, "observation": {"remainingOverageTime": 12, "index": 1}, "status": "DONE"}, {"action": "NORTH", "reward": 23, "info": {}, "observation": {"remainingOverageTime": 12, "index": 2}, "status": "DONE"}, {"action": "EAST", "reward": 26, "info": {}, "observation": {"remainingOverageTime": 12, "index": 3}, "status": "ACTIVE"}], [{"action": "WEST", "reward": 26, "info": {}, "observation": {"remainingOverageTime": 12, "step": 23, "geese": [[41, 42, 43], [], [], [35, 34, 33, 44]], "food": [37, 7], "index": 0}, "status": "ACTIVE"}, {"action": "NORTH", "reward": 27, "info": {}, "observation": {"remainingOverageTime": 12, "index": 1}, "status": "DONE"}, {"action": "NORTH", "reward": 23, "info": {}, "observation": {"remainingOverageTime": 12, "index": 2}, "status": "DONE"}, {"action": "EAST", "reward": 27, "info": {}, "observation": {"remainingOverageTime": 12, "index": 3}, "status": "ACTIVE"}], [{"action": "WEST", "reward": 27, "info": {}, "observation": {"remainingOverageTime": 12, "step": 24, "geese": [[40, 41, 42], [], [], [36, 35, 34, 33]], "food": [37, 7], "index": 0}, "status": "ACTIVE"}, {"action": "NORTH", "reward": 27, "info": {}, "observation": {"remainingOverageTime": 12, "index": 1}, "status": "DONE"}, {"action": "NORTH", "reward": 23, "info": {}, "observation": {"remainingOverageTime": 12, "index": 2}, "status": "DONE"}, {"action": "EAST", "reward": 28, "info": {}, "observation": {"remainingOverageTime": 12, "index": 3}, "status": "ACTIVE"}], [{"action": "NORTH", "reward": 28, "info": {}, "observation": {"remainingOverageTime": 12, "step": 25, "geese": [[29, 40, 41], [], [], [37, 36, 35, 34, 33]], "food": [7, 17], "index": 0}, "status": "ACTIVE"}, {"action": "NORTH", "reward": 27, "info": {}, "observation": {"remainingOverageTime": 12, "index": 1}, "status": "DONE"}, {"action": "NORTH", "reward": 23, "info": {}, "observation": {"remainingOverageTime": 12, "index": 2}, "status": "DONE"}, {"action": "EAST", "reward": 29, "info": {}, "observation": {"remainingOverageTime": 12, "index": 3}, "status": "ACTIVE"}], [{"action": "WEST", "reward": 29, "info": {}, "observation": {"remainingOverageTime": 12, "step": 26, "geese": [[28, 29, 40], [], [], [26, 37, 36, 35, 34]], "food": [7, 17], "index": 0}, "status": "ACTIVE"}, {"action": "NORTH", "reward": 27, "info": {}, "observation": {"remainingOverageTime": 12, "index": 1}, "status": "DONE"}, {"action": "NORTH", "reward": 23, "info": {}, "observation": {"remainingOverageTime": 12, "index": 2}, "status": "DONE"}, {"action": "NORTH", "reward": 31, "info": {}, "observation": {"remainingOverageTime": 12, "index": 3}, "status": "ACTIVE"}], [{"action": "NORTH", "reward": 30, "info": {}, "observation": {"remainingOverageTime": 12, "step": 27, "geese": [[17, 28, 29, 40], [], [], [25, 26, 37, 36, 35]], "food": [7, 20], "index": 0}, "status": "ACTIVE"}, {"action": "NORTH", "reward": 27, "info": {}, "observation": {"remainingOverageTime": 12, "index": 1}, "status": "DONE"}, {"action": "NORTH", "reward": 23, "info": {}, "observation": {"remainingOverageTime": 12, "index": 2}, "status": "DONE"}, {"action": "WEST", "reward": 32, "info": {}, "observation": {"remainingOverageTime": 12, "index": 3}, "status": "ACTIVE"}], [{"action": "EAST", "reward": 32, "info": {}, "observation": {"remainingOverageTime": 12, "step": 28, "geese": [[18, 17, 28, 29], [], [], [14, 25, 26, 37, 36]], "food": [7, 20], "index": 0}, "status": "ACTIVE"}, {"action": "NORTH", "reward": 27, "info": {}, "observation": {"remainingOverageTime": 12, "index": 1}, "status": "DONE"}, {"action": "NORTH", "reward": 23, "info": {}, "observation": {"remainingOverageTime": 12, "index": 2}, "status": "DONE"}, {"action": "NORTH", "reward": 33, "info": {}, "observation": {"remainingOverageTime": 12, "index": 3}, "status": "ACTIVE"}], [{"action": "NORTH", "reward": 33, "info": {}, "observation": {"remainingOverageTime": 12, "step": 29, "geese": [[7, 18, 17, 28, 29], [], [], [13, 14, 25, 26, 37]], "food": [20, 47], "index": 0}, "status": "ACTIVE"}, {"action": "NORTH", "reward": 27, "info": {}, "observation": {"remainingOverageTime": 12, "index": 1}, "status": "DONE"}, {"action": "NORTH", "reward": 23, "info": {}, "observation": {"remainingOverageTime": 12, "index": 2}, "status": "DONE"}, {"action": "WEST", "reward": 34, "info": {}, "observation": {"remainingOverageTime": 12, "index": 3}, "status": "ACTIVE"}], [{"action": "EAST", "reward": 35, "info": {}, "observation": {"remainingOverageTime": 12, "step": 30, "geese": [[8, 7, 18, 17, 28], [], [], [12, 13, 14, 25, 26]], "food": [20, 47], "index": 0}, "status": "ACTIVE"}, {"action": "NORTH", "reward": 27, "info": {}, "observation": {"remainingOverageTime": 12, "index": 1}, "status": "DONE"}, {"action": "NORTH", "reward": 23, "info": {}, "observation": {"remainingOverageTime": 12, "index": 2}, "status": "DONE"}, {"action": "WEST", "reward": 35, "info": {}, "observation": {"remainingOverageTime": 12, "index": 3}, "status": "ACTIVE"}], [{"action": "EAST", "reward": 36, "info": {}, "observation": {"remainingOverageTime": 12, "step": 31, "geese": [[9, 8, 7, 18, 17], [], [], [11, 12, 13, 14, 25]], "food": [20, 47], "index": 0}, "status": "ACTIVE"}, {"action": "NORTH", "reward": 27, "info": {}, "observation": {"remainingOverageTime": 12, "index": 1}, "status": "DONE"}, {"action": "NORTH", "reward": 23, "info": {}, "observation": {"remainingOverageTime": 12, "index": 2}, "status": "DONE"}, {"action": "WEST", "reward": 36, "info": {}, "observation": {"remainingOverageTime": 12, "index": 3}, "status": "ACTIVE"}], [{"action": "SOUTH", "reward": 37, "info": {}, "observation": {"remainingOverageTime": 12, "step": 32, "geese": [[20, 9, 8, 7, 18, 17], [], [], [21, 11, 12, 13, 14]], "food": [47, 35], "index": 0}, "status": "ACTIVE"}, {"action": "NORTH", "reward": 27, "info": {}, "observation": {"remainingOverageTime": 12, "index": 1}, "status": "DONE"}, {"action": "NORTH", "reward": 23, "info": {}, "observation": {"remainingOverageTime": 12, "index": 2}, "status": "DONE"}, {"action": "WEST", "reward": 37, "info": {}, "observation": {"remainingOverageTime": 12, "index": 3}, "status": "ACTIVE"}], [{"action": "SOUTH", "reward": 39, "info": {}, "observation": {"remainingOverageTime": 12, "step": 33, "geese": [[31, 20, 9, 8, 7, 18], [], [], [32, 21, 11, 12, 13]], "food": [47, 35], "index": 0}, "status": "ACTIVE"}, {"action": "NORTH", "reward": 27, "info": {}, "observation": {"remainingOverageTime": 12, "index": 1}, "status": "DONE"}, {"action": "NORTH", "reward": 23, "info": {}, "observation": {"remainingOverageTime": 12, "index": 2}, "status": "DONE"}, {"action": "SOUTH", "reward": 38, "info": {}, "observation": {"remainingOverageTime": 12, "index": 3}, "status": "ACTIVE"}], [{"action": "SOUTH", "reward": 40, "info": {}, "observation": {"remainingOverageTime": 12, "step": 34, "geese": [[42, 31, 20, 9, 8, 7], [], [], [22, 32, 21, 11, 12]], "food": [47, 35], "index": 0}, "status": "ACTIVE"}, {"action": "NORTH", "reward": 27, "info": {}, "observation": {"remainingOverageTime": 12, "index": 1}, "status": "DONE"}, {"action": "NORTH", "reward": 23, "info": {}, "observation": {"remainingOverageTime": 12, "index": 2}, "status": "DONE"}, {"action": "EAST", "reward": 39, "info": {}, "observation": {"remainingOverageTime": 12, "index": 3}, "status": "ACTIVE"}], [{"action": "EAST", "reward": 41, "info": {}, "observation": {"remainingOverageTime": 12, "step": 35, "geese": [[43, 42, 31, 20, 9, 8], [], [], [33, 22, 32, 21, 11]], "food": [47, 35], "index": 0}, "status": "ACTIVE"}, {"action": "NORTH", "reward": 27, "info": {}, "observation": {"remainingOverageTime": 12, "index": 1}, "status": "DONE"}, {"action": "NORTH", "reward": 23, "info": {}, "observation": {"remainingOverageTime": 12, "index": 2}, "status": "DONE"}, {"action": "SOUTH", "reward": 40, "info": {}, "observation": {"remainingOverageTime": 12, "index": 3}, "status": "ACTIVE"}], [{"action": "SOUTH", "reward": 42, "info": {}, "observation": {"remainingOverageTime": 12, "step": 36, "geese": [[54, 43, 42, 31, 20, 9], [], [], [34, 33, 22, 32, 21]], "food": [47, 35], "index": 0}, "status": "ACTIVE"}, {"action": "NORTH", "reward": 27, "info": {}, "observation": {"remainingOverageTime": 12, "index": 1}, "status": "DONE"}, {"action": "NORTH", "reward": 23, "info": {}, "observation": {"remainingOverageTime": 12, "index": 2}, "status": "DONE"}, {"action": "EAST", "reward": 41, "info": {}, "observation": {"remainingOverageTime": 12, "index": 3}, "status": "ACTIVE"}], [{"action": "EAST", "reward": 43, "info": {}, "observation": {"remainingOverageTime": 12, "step": 37, "geese": [[44, 54, 43, 42, 31, 20], [], [], [35, 34, 33, 22, 32, 21]], "food": [47, 16], "index": 0}, "status": "ACTIVE"}, {"action": "NORTH", "reward": 27, "info": {}, "observation": {"remainingOverageTime": 12, "index": 1}, "status": "DONE"}, {"action": "NORTH", "reward": 23, "info": {}, "observation": {"remainingOverageTime": 12, "index": 2}, "status": "DONE"}, {"action": "EAST", "reward": 42, "info": {}, "observation": {"remainingOverageTime": 12, "index": 3}, "status": "ACTIVE"}], [{"action": "EAST", "reward": 44, "info": {}, "observation": {"remainingOverageTime": 12, "step": 38, "geese": [[45, 44, 54, 43, 42, 31], [], [], [46, 35, 34, 33, 22, 32]], "food": [47, 16], "index": 0}, "status": "ACTIVE"}, {"action": "NORTH", "reward": 27, "info": {}, "observation": {"remainingOverageTime": 12, "index": 1}, "status": "DONE"}, {"action": "NORTH", "reward": 23, "info": {}, "observation": {"remainingOverageTime": 12, "index": 2}, "status": "DONE"}, {"action": "SOUTH", "reward": 44, "info": {}, "observation": {"remainingOverageTime": 12, "index": 3}, "status": "ACTIVE"}], [{"action": "SOUTH", "reward": 45, "info": {}, "observation": {"remainingOverageTime": 12, "step": 39, "geese": [[56, 45, 44, 54, 43, 42], [], [], [47, 46, 35, 34, 33, 22, 32]], "food": [16, 2], "index": 0}, "status": "ACTIVE"}, {"action": "NORTH", "reward": 27, "info": {}, "observation": {"remainingOverageTime": 12, "index": 1}, "status": "DONE"}, {"action": "NORTH", "reward": 23, "info": {}, "observation": {"remainingOverageTime": 12, "index": 2}, "status": "DONE"}, {"action": "EAST", "reward": 45, "info": {}, "observation": {"remainingOverageTime": 12, "index": 3}, "status": "ACTIVE"}], [{"action": "SOUTH", "reward": 46, "info": {}, "observation": {"remainingOverageTime": 12, "step": 40, "geese": [[67, 56, 45, 44, 54], [], [], [58, 47, 46, 35, 34, 33]], "food": [16, 2], "index": 0}, "status": "ACTIVE"}, {"action": "NORTH", "reward": 27, "info": {}, "observation": {"remainingOverageTime": 12, "index": 1}, "status": "DONE"}, {"action": "NORTH", "reward": 23, "info": {}, "observation": {"remainingOverageTime": 12, "index": 2}, "status": "DONE"}, {"action": "SOUTH", "reward": 47, "info": {}, "observation": {"remainingOverageTime": 12, "index": 3}, "status": "ACTIVE"}], [{"action": "SOUTH", "reward": 46, "info": {}, "observation": {"remainingOverageTime": 12, "step": 41, "geese": [[1, 67, 56, 45, 44], [], [], [69, 58, 47, 46, 35, 34]], "food": [16, 2], "index": 0}, "status": "ACTIVE"}, {"action": "NORTH", "reward": 27, "info": {}, "observation": {"remainingOverageTime": 12, "index": 1}, "status": "DONE"}, {"action": "NORTH", "reward": 23, "info": {}, "observation": {"remainingOverageTime": 12, "index": 2}, "status": "DONE"}, {"action": "SOUTH", "reward": 47, "info": {}, "observation": {"remainingOverageTime": 12, "index": 3}, "status": "ACTIVE"}], [{"action": "EAST", "reward": 47, "info": {}, "observation": {"remainingOverageTime": 12, "step": 42, "geese": [[2, 1, 67, 56, 45, 44], [], [], [3, 69, 58, 47, 46, 35]], "food": [16, 8], "index": 0}, "status": "ACTIVE"}, {"action": "NORTH", "reward": 27, "info": {}, "observation": {"remainingOverageTime": 12, "index": 1}, "status": "DONE"}, {"action": "NORTH", "reward": 23, "info": {}, "observation": {"remainingOverageTime": 12, "index": 2}, "status": "DONE"}, {"action": "SOUTH", "reward": 48, "info": {}, "observation": {"remainingOverageTime": 12, "index": 3}, "status": "ACTIVE"}], [{"action": "SOUTH", "reward": 49, "info": {}, "observation": {"remainingOverageTime": 12, "step": 43, "geese": [[13, 2, 1, 67, 56, 45], [], [], [14, 3, 69, 58, 47, 46]], "food": [16, 8], "index": 0}, "status": "ACTIVE"}, {"action": "NORTH", "reward": 27, "info": {}, "observation": {"remainingOverageTime": 12, "index": 1}, "status": "DONE"}, {"action": "NORTH", "reward": 23, "info": {}, "observation": {"remainingOverageTime": 12, "index": 2}, "status": "DONE"}, {"action": "SOUTH", "reward": 49, "info": {}, "observation": {"remainingOverageTime": 12, "index": 3}, "status": "ACTIVE"}], [{"action": "SOUTH", "reward": 50, "info": {}, "observation": {"remainingOverageTime": 12, "step": 44, "geese": [[24, 13, 2, 1, 67, 56], [], [], [15, 14, 3, 69, 58, 47]], "food": [16, 8], "index": 0}, "status": "ACTIVE"}, {"action": "NORTH", "reward": 27, "info": {}, "observation": {"remainingOverageTime": 12, "index": 1}, "status": "DONE"}, {"action": "NORTH", "reward": 23, "info": {}, "observation": {"remainingOverageTime": 12, "index": 2}, "status": "DONE"}, {"action": "EAST", "reward": 50, "info": {}, "observation": {"remainingOverageTime": 12, "index": 3}, "status": "ACTIVE"}], [{"action": "EAST", "reward": 51, "info": {}, "observation": {"remainingOverageTime": 12, "step": 45, "geese": [[25, 24, 13, 2, 1, 67], [], [], [16, 15, 14, 3, 69, 58, 47]], "food": [8, 76], "index": 0}, "status": "ACTIVE"}, {"action": "NORTH", "reward": 27, "info": {}, "observation": {"remainingOverageTime": 12, "index": 1}, "status": "DONE"}, {"action": "NORTH", "reward": 23, "info": {}, "observation": {"remainingOverageTime": 12, "index": 2}, "status": "DONE"}, {"action": "EAST", "reward": 51, "info": {}, "observation": {"remainingOverageTime": 12, "index": 3}, "status": "ACTIVE"}], [{"action": "EAST", "reward": 52, "info": {}, "observation": {"remainingOverageTime": 12, "step": 46, "geese": [[26, 25, 24, 13, 2, 1], [], [], [5, 16, 15, 14, 3, 69, 58]], "food": [8, 76], "index": 0}, "status": "ACTIVE"}, {"action": "NORTH", "reward": 27, "info": {}, "observation": {"remainingOverageTime": 12, "index": 1}, "status": "DONE"}, {"action": "NORTH", "reward": 23, "info": {}, "observation": {"remainingOverageTime": 12, "index": 2}, "status": "DONE"}, {"action": "NORTH", "reward": 53, "info": {}, "observation": {"remainingOverageTime": 12, "index": 3}, "status": "ACTIVE"}], [{"action": "EAST", "reward": 53, "info": {}, "observation": {"remainingOverageTime": 12, "step": 47, "geese": [[27, 26, 25, 24, 13, 2], [], [], [6, 5, 16, 15, 14, 3, 69]], "food": [8, 76], "index": 0}, "status": "ACTIVE"}, {"action": "NORTH", "reward": 27, "info": {}, "observation": {"remainingOverageTime": 12, "index": 1}, "status": "DONE"}, {"action": "NORTH", "reward": 23, "info": {}, "observation": {"remainingOverageTime": 12, "index": 2}, "status": "DONE"}, {"action": "EAST", "reward": 54, "info": {}, "observation": {"remainingOverageTime": 12, "index": 3}, "status": "ACTIVE"}], [{"action": "EAST", "reward": 54, "info": {}, "observation": {"remainingOverageTime": 12, "step": 48, "geese": [[28, 27, 26, 25, 24, 13], [], [], [7, 6, 5, 16, 15, 14, 3]], "food": [8, 76], "index": 0}, "status": "ACTIVE"}, {"action": "NORTH", "reward": 27, "info": {}, "observation": {"remainingOverageTime": 12, "index": 1}, "status": "DONE"}, {"action": "NORTH", "reward": 23, "info": {}, "observation": {"remainingOverageTime": 12, "index": 2}, "status": "DONE"}, {"action": "EAST", "reward": 55, "info": {}, "observation": {"remainingOverageTime": 12, "index": 3}, "status": "ACTIVE"}], [{"action": "EAST", "reward": 55, "info": {}, "observation": {"remainingOverageTime": 12, "step": 49, "geese": [[29, 28, 27, 26, 25, 24], [], [], [8, 7, 6, 5, 16, 15, 14, 3]], "food": [76, 51], "index": 0}, "status": "ACTIVE"}, {"action": "NORTH", "reward": 27, "info": {}, "observation": {"remainingOverageTime": 12, "index": 1}, "status": "DONE"}, {"action": "NORTH", "reward": 23, "info": {}, "observation": {"remainingOverageTime": 12, "index": 2}, "status": "DONE"}, {"action": "EAST", "reward": 56, "info": {}, "observation": {"remainingOverageTime": 12, "index": 3}, "status": "ACTIVE"}], [{"action": "SOUTH", "reward": 56, "info": {}, "observation": {"remainingOverageTime": 12, "step": 50, "geese": [[40, 29, 28, 27, 26, 25], [], [], [9, 8, 7, 6, 5, 16, 15, 14]], "food": [76, 51], "index": 0}, "status": "ACTIVE"}, {"action": "NORTH", "reward": 27, "info": {}, "observation": {"remainingOverageTime": 12, "index": 1}, "status": "DONE"}, {"action": "NORTH", "reward": 23, "info": {}, "observation": {"remainingOverageTime": 12, "index": 2}, "status": "DONE"}, {"action": "EAST", "reward": 58, "info": {}, "observation": {"remainingOverageTime": 12, "index": 3}, "status": "ACTIVE"}], [{"action": "SOUTH", "reward": 57, "info": {}, "observation": {"remainingOverageTime": 12, "step": 51, "geese": [[51, 40, 29, 28, 27, 26, 25], [], [], [75, 9, 8, 7, 6, 5, 16, 15]], "food": [76, 54], "index": 0}, "status": "ACTIVE"}, {"action": "NORTH", "reward": 27, "info": {}, "observation": {"remainingOverageTime": 12, "index": 1}, "status": "DONE"}, {"action": "NORTH", "reward": 23, "info": {}, "observation": {"remainingOverageTime": 12, "index": 2}, "status": "DONE"}, {"action": "NORTH", "reward": 59, "info": {}, "observation": {"remainingOverageTime": 12, "index": 3}, "status": "ACTIVE"}], [{"action": "EAST", "reward": 59, "info": {}, "observation": {"remainingOverageTime": 12, "step": 52, "geese": [[52, 51, 40, 29, 28, 27, 26], [], [], [76, 75, 9, 8, 7, 6, 5, 16, 15]], "food": [54, 55], "index": 0}, "status": "ACTIVE"}, {"action": "NORTH", "reward": 27, "info": {}, "observation": {"remainingOverageTime": 12, "index": 1}, "status": "DONE"}, {"action": "NORTH", "reward": 23, "info": {}, "observation": {"remainingOverageTime": 12, "index": 2}, "status": "DONE"}, {"action": "EAST", "reward": 60, "info": {}, "observation": {"remainingOverageTime": 12, "index": 3}, "status": "ACTIVE"}], [{"action": "EAST", "reward": 60, "info": {}, "observation": {"remainingOverageTime": 12, "step": 53, "geese": [[53, 52, 51, 40, 29, 28, 27], [], [], [65, 76, 75, 9, 8, 7, 6, 5, 16]], "food": [54, 55], "index": 0}, "status": "ACTIVE"}, {"action": "NORTH", "reward": 27, "info": {}, "observation": {"remainingOverageTime": 12, "index": 1}, "status": "DONE"}, {"action": "NORTH", "reward": 23, "info": {}, "observation": {"remainingOverageTime": 12, "index": 2}, "status": "DONE"}, {"action": "NORTH", "reward": 62, "info": {}, "observation": {"remainingOverageTime": 12, "index": 3}, "status": "ACTIVE"}], [{"action": "NORTH", "reward": 61, "info": {}, "observation": {"remainingOverageTime": 12, "step": 54, "geese": [[42, 53, 52, 51, 40, 29, 28], [], [], [55, 65, 76, 75, 9, 8, 7, 6, 5, 16]], "food": [54, 11], "index": 0}, "status": "ACTIVE"}, {"action": "NORTH", "reward": 27, "info": {}, "observation": {"remainingOverageTime": 12, "index": 1}, "status": "DONE"}, {"action": "NORTH", "reward": 23, "info": {}, "observation": {"remainingOverageTime": 12, "index": 2}, "status": "DONE"}, {"action": "EAST", "reward": 63, "info": {}, "observation": {"remainingOverageTime": 12, "index": 3}, "status": "ACTIVE"}], [{"action": "EAST", "reward": 62, "info": {}, "observation": {"remainingOverageTime": 12, "step": 55, "geese": [[43, 42, 53, 52, 51, 40, 29], [], [], [44, 55, 65, 76, 75, 9, 8, 7, 6, 5]], "food": [54, 11], "index": 0}, "status": "ACTIVE"}, {"action": "NORTH", "reward": 27, "info": {}, "observation": {"remainingOverageTime": 12, "index": 1}, "status": "DONE"}, {"action": "NORTH", "reward": 23, "info": {}, "observation": {"remainingOverageTime": 12, "index": 2}, "status": "DONE"}, {"action": "NORTH", "reward": 65, "info": {}, "observation": {"remainingOverageTime": 12, "index": 3}, "status": "ACTIVE"}], [{"action": "NORTH", "reward": 63, "info": {}, "observation": {"remainingOverageTime": 12, "step": 56, "geese": [[32, 43, 42, 53, 52, 51, 40], [], [], [45, 44, 55, 65, 76, 75, 9, 8, 7, 6]], "food": [54, 11], "index": 0}, "status": "ACTIVE"}, {"action": "NORTH", "reward": 27, "info": {}, "observation": {"remainingOverageTime": 12, "index": 1}, "status": "DONE"}, {"action": "NORTH", "reward": 23, "info": {}, "observation": {"remainingOverageTime": 12, "index": 2}, "status": "DONE"}, {"action": "EAST", "reward": 66, "info": {}, "observation": {"remainingOverageTime": 12, "index": 3}, "status": "ACTIVE"}], [{"action": "NORTH", "reward": 64, "info": {}, "observation": {"remainingOverageTime": 12, "step": 57, "geese": [[21, 32, 43, 42, 53, 52, 51], [], [], [34, 45, 44, 55, 65, 76, 75, 9, 8, 7]], "food": [54, 11], "index": 0}, "status": "ACTIVE"}, {"action": "NORTH", "reward": 27, "info": {}, "observation": {"remainingOverageTime": 12, "index": 1}, "status": "DONE"}, {"action": "NORTH", "reward": 23, "info": {}, "observation": {"remainingOverageTime": 12, "index": 2}, "status": "DONE"}, {"action": "NORTH", "reward": 67, "info": {}, "observation": {"remainingOverageTime": 12, "index": 3}, "status": "ACTIVE"}], [{"action": "EAST", "reward": 65, "info": {}, "observation": {"remainingOverageTime": 12, "step": 58, "geese": [[11, 21, 32, 43, 42, 53, 52, 51], [], [], [33, 34, 45, 44, 55, 65, 76, 75, 9, 8]], "food": [54, 1], "index": 0}, "status": "ACTIVE"}, {"action": "NORTH", "reward": 27, "info": {}, "observation": {"remainingOverageTime": 12, "index": 1}, "status": "DONE"}, {"action": "NORTH", "reward": 23, "info": {}, "observation": {"remainingOverageTime": 12, "index": 2}, "status": "DONE"}, {"action": "WEST", "reward": 68, "info": {}, "observation": {"remainingOverageTime": 12, "index": 3}, "status": "ACTIVE"}], [{"action": "NORTH", "reward": 67, "info": {}, "observation": {"remainingOverageTime": 12, "step": 59, "geese": [[0, 11, 21, 32, 43, 42, 53, 52], [], [], [22, 33, 34, 45, 44, 55, 65, 76, 75, 9]], "food": [54, 1], "index": 0}, "status": "ACTIVE"}, {"action": "NORTH", "reward": 27, "info": {}, "observation": {"remainingOverageTime": 12, "index": 1}, "status": "DONE"}, {"action": "NORTH", "reward": 23, "info": {}, "observation": {"remainingOverageTime": 12, "index": 2}, "status": "DONE"}, {"action": "NORTH", "reward": 69, "info": {}, "observation": {"remainingOverageTime": 12, "index": 3}, "status": "ACTIVE"}], [{"action": "EAST", "reward": 68, "info": {}, "observation": {"remainingOverageTime": 12, "step": 60, "geese": [[1, 0, 11, 21, 32, 43, 42, 53, 52], [], [], [23, 22, 33, 34, 45, 44, 55, 65, 76, 75]], "food": [54, 18], "index": 0}, "status": "ACTIVE"}, {"action": "NORTH", "reward": 27, "info": {}, "observation": {"remainingOverageTime": 12, "index": 1}, "status": "DONE"}, {"action": "NORTH", "reward": 23, "info": {}, "observation": {"remainingOverageTime": 12, "index": 2}, "status": "DONE"}, {"action": "EAST", "reward": 70, "info": {}, "observation": {"remainingOverageTime": 12, "index": 3}, "status": "ACTIVE"}], [{"action": "EAST", "reward": 70, "info": {}, "observation": {"remainingOverageTime": 12, "step": 61, "geese": [[2, 1, 0, 11, 21, 32, 43, 42, 53], [], [], [24, 23, 22, 33, 34, 45, 44, 55, 65, 76]], "food": [54, 18], "index": 0}, "status": "ACTIVE"}, {"action": "NORTH", "reward": 27, "info": {}, "observation": {"remainingOverageTime": 12, "index": 1}, "status": "DONE"}, {"action": "NORTH", "reward": 23, "info": {}, "observation": {"remainingOverageTime": 12, "index": 2}, "status": "DONE"}, {"action": "EAST", "reward": 71, "info": {}, "observation": {"remainingOverageTime": 12, "index": 3}, "status": "ACTIVE"}], [{"action": "NORTH", "reward": 71, "info": {}, "observation": {"remainingOverageTime": 12, "step": 62, "geese": [[68, 2, 1, 0, 11, 21, 32, 43, 42], [], [], [25, 24, 23, 22, 33, 34, 45, 44, 55, 65]], "food": [54, 18], "index": 0}, "status": "ACTIVE"}, {"action": "NORTH", "reward": 27, "info": {}, "observation": {"remainingOverageTime": 12, "index": 1}, "status": "DONE"}, {"action": "NORTH", "reward": 23, "info": {}, "observation": {"remainingOverageTime": 12, "index": 2}, "status": "DONE"}, {"action": "EAST", "reward": 72, "info": {}, "observation": {"remainingOverageTime": 12, "index": 3}, "status": "ACTIVE"}], [{"action": "WEST", "reward": 72, "info": {}, "observation": {"remainingOverageTime": 12, "step": 63, "geese": [[67, 68, 2, 1, 0, 11, 21, 32, 43], [], [], [14, 25, 24, 23, 22, 33, 34, 45, 44, 55]], "food": [54, 18], "index": 0}, "status": "ACTIVE"}, {"action": "NORTH", "reward": 27, "info": {}, "observation": {"remainingOverageTime": 12, "index": 1}, "status": "DONE"}, {"action": "NORTH", "reward": 23, "info": {}, "observation": {"remainingOverageTime": 12, "index": 2}, "status": "DONE"}, {"action": "NORTH", "reward": 73, "info": {}, "observation": {"remainingOverageTime": 12, "index": 3}, "status": "ACTIVE"}], [{"action": "NORTH", "reward": 73, "info": {}, "observation": {"remainingOverageTime": 12, "step": 64, "geese": [[56, 67, 68, 2, 1, 0, 11, 21, 32], [], [], [15, 14, 25, 24, 23, 22, 33, 34, 45, 44]], "food": [54, 18], "index": 0}, "status": "ACTIVE"}, {"action": "NORTH", "reward": 27, "info": {}, "observation": {"remainingOverageTime": 12, "index": 1}, "status": "DONE"}, {"action": "NORTH", "reward": 23, "info": {}, "observation": {"remainingOverageTime": 12, "index": 2}, "status": "DONE"}, {"action": "EAST", "reward": 74, "info": {}, "observation": {"remainingOverageTime": 12, "index": 3}, "status": "ACTIVE"}], [{"action": "WEST", "reward": 74, "info": {}, "observation": {"remainingOverageTime": 12, "step": 65, "geese": [[55, 56, 67, 68, 2, 1, 0, 11, 21], [], [], [16, 15, 14, 25, 24, 23, 22, 33, 34, 45]], "food": [54, 18], "index": 0}, "status": "ACTIVE"}, {"action": "NORTH", "reward": 27, "info": {}, "observation": {"remainingOverageTime": 12, "index": 1}, "status": "DONE"}, {"action": "NORTH", "reward": 23, "info": {}, "observation": {"remainingOverageTime": 12, "index": 2}, "status": "DONE"}, {"action": "EAST", "reward": 75, "info": {}, "observation": {"remainingOverageTime": 12, "index": 3}, "status": "ACTIVE"}], [{"action": "WEST", "reward": 75, "info": {}, "observation": {"remainingOverageTime": 12, "step": 66, "geese": [[65, 55, 56, 67, 68, 2, 1, 0, 11], [], [], [17, 16, 15, 14, 25, 24, 23, 22, 33, 34]], "food": [54, 18], "index": 0}, "status": "ACTIVE"}, {"action": "NORTH", "reward": 27, "info": {}, "observation": {"remainingOverageTime": 12, "index": 1}, "status": "DONE"}, {"action": "NORTH", "reward": 23, "info": {}, "observation": {"remainingOverageTime": 12, "index": 2}, "status": "DONE"}, {"action": "EAST", "reward": 76, "info": {}, "observation": {"remainingOverageTime": 12, "index": 3}, "status": "ACTIVE"}], [{"action": "NORTH", "reward": 76, "info": {}, "observation": {"remainingOverageTime": 12, "step": 67, "geese": [[54, 65, 55, 56, 67, 68, 2, 1, 0, 11], [], [], [18, 17, 16, 15, 14, 25, 24, 23, 22, 33, 34]], "food": [57, 63], "index": 0}, "status": "ACTIVE"}, {"action": "NORTH", "reward": 27, "info": {}, "observation": {"remainingOverageTime": 12, "index": 1}, "status": "DONE"}, {"action": "NORTH", "reward": 23, "info": {}, "observation": {"remainingOverageTime": 12, "index": 2}, "status": "DONE"}, {"action": "EAST", "reward": 77, "info": {}, "observation": {"remainingOverageTime": 12, "index": 3}, "status": "ACTIVE"}], [{"action": "WEST", "reward": 78, "info": {}, "observation": {"remainingOverageTime": 12, "step": 68, "geese": [[53, 54, 65, 55, 56, 67, 68, 2, 1, 0], [], [], [19, 18, 17, 16, 15, 14, 25, 24, 23, 22, 33]], "food": [57, 63], "index": 0}, "status": "ACTIVE"}, {"action": "NORTH", "reward": 27, "info": {}, "observation": {"remainingOverageTime": 12, "index": 1}, "status": "DONE"}, {"action": "NORTH", "reward": 23, "info": {}, "observation": {"remainingOverageTime": 12, "index": 2}, "status": "DONE"}, {"action": "EAST", "reward": 79, "info": {}, "observation": {"remainingOverageTime": 12, "index": 3}, "status": "ACTIVE"}], [{"action": "SOUTH", "reward": 79, "info": {}, "observation": {"remainingOverageTime": 12, "step": 69, "geese": [[64, 53, 54, 65, 55, 56, 67, 68, 2, 1], [], [], [8, 19, 18, 17, 16, 15, 14, 25, 24, 23, 22]], "food": [57, 63], "index": 0}, "status": "ACTIVE"}, {"action": "NORTH", "reward": 27, "info": {}, "observation": {"remainingOverageTime": 12, "index": 1}, "status": "DONE"}, {"action": "NORTH", "reward": 23, "info": {}, "observation": {"remainingOverageTime": 12, "index": 2}, "status": "DONE"}, {"action": "NORTH", "reward": 80, "info": {}, "observation": {"remainingOverageTime": 12, "index": 3}, "status": "ACTIVE"}], [{"action": "WEST", "reward": 80, "info": {}, "observation": {"remainingOverageTime": 12, "step": 70, "geese": [[63, 64, 53, 54, 65, 55, 56, 67, 68, 2, 1], [], [], [74, 8, 19, 18, 17, 16, 15, 14, 25, 24, 23]], "food": [57, 66], "index": 0}, "status": "ACTIVE"}, {"action": "NORTH", "reward": 27, "info": {}, "observation": {"remainingOverageTime": 12, "index": 1}, "status": "DONE"}, {"action": "NORTH", "reward": 23, "info": {}, "observation": {"remainingOverageTime": 12, "index": 2}, "status": "DONE"}, {"action": "NORTH", "reward": 81, "info": {}, "observation": {"remainingOverageTime": 12, "index": 3}, "status": "ACTIVE"}], [{"action": "WEST", "reward": 82, "info": {}, "observation": {"remainingOverageTime": 12, "step": 71, "geese": [[62, 63, 64, 53, 54, 65, 55, 56, 67, 68, 2], [], [], [75, 74, 8, 19, 18, 17, 16, 15, 14, 25, 24]], "food": [57, 66], "index": 0}, "status": "ACTIVE"}, {"action": "NORTH", "reward": 27, "info": {}, "observation": {"remainingOverageTime": 12, "index": 1}, "status": "DONE"}, {"action": "NORTH", "reward": 23, "info": {}, "observation": {"remainingOverageTime": 12, "index": 2}, "status": "DONE"}, {"action": "EAST", "reward": 82, "info": {}, "observation": {"remainingOverageTime": 12, "index": 3}, "status": "ACTIVE"}], [{"action": "WEST", "reward": 83, "info": {}, "observation": {"remainingOverageTime": 12, "step": 72, "geese": [[61, 62, 63, 64, 53, 54, 65, 55, 56, 67, 68], [], [], [76, 75, 74, 8, 19, 18, 17, 16, 15, 14, 25]], "food": [57, 66], "index": 0}, "status": "ACTIVE"}, {"action": "NORTH", "reward": 27, "info": {}, "observation": {"remainingOverageTime": 12, "index": 1}, "status": "DONE"}, {"action": "NORTH", "reward": 23, "info": {}, "observation": {"remainingOverageTime": 12, "index": 2}, "status": "DONE"}, {"action": "EAST", "reward": 83, "info": {}, "observation": {"remainingOverageTime": 12, "index": 3}, "status": "ACTIVE"}], [{"action": "WEST", "reward": 84, "info": {}, "observation": {"remainingOverageTime": 12, "step": 73, "geese": [[60, 61, 62, 63, 64, 53, 54, 65, 55, 56, 67], [], [], [66, 76, 75, 74, 8, 19, 18, 17, 16, 15, 14, 25]], "food": [57, 4], "index": 0}, "status": "ACTIVE"}, {"action": "NORTH", "reward": 27, "info": {}, "observation": {"remainingOverageTime": 12, "index": 1}, "status": "DONE"}, {"action": "NORTH", "reward": 23, "info": {}, "observation": {"remainingOverageTime": 12, "index": 2}, "status": "DONE"}, {"action": "EAST", "reward": 84, "info": {}, "observation": {"remainingOverageTime": 12, "index": 3}, "status": "ACTIVE"}], [{"action": "WEST", "reward": 85, "info": {}, "observation": {"remainingOverageTime": 12, "step": 74, "geese": [[59, 60, 61, 62, 63, 64, 53, 54, 65, 55, 56], [], [], [67, 66, 76, 75, 74, 8, 19, 18, 17, 16, 15, 14]], "food": [57, 4], "index": 0}, "status": "ACTIVE"}, {"action": "NORTH", "reward": 27, "info": {}, "observation": {"remainingOverageTime": 12, "index": 1}, "status": "DONE"}, {"action": "NORTH", "reward": 23, "info": {}, "observation": {"remainingOverageTime": 12, "index": 2}, "status": "DONE"}, {"action": "EAST", "reward": 86, "info": {}, "observation": {"remainingOverageTime": 12, "index": 3}, "status": "ACTIVE"}], [{"action": "SOUTH", "reward": 86, "info": {}, "observation": {"remainingOverageTime": 12, "step": 75, "geese": [[70, 59, 60, 61, 62, 63, 64, 53, 54, 65, 55], [], [], [56, 67, 66, 76, 75, 74, 8, 19, 18, 17, 16, 15]], "food": [57, 4], "index": 0}, "status": "ACTIVE"}, {"action": "NORTH", "reward": 27, "info": {}, "observation": {"remainingOverageTime": 12, "index": 1}, "status": "DONE"}, {"action": "NORTH", "reward": 23, "info": {}, "observation": {"remainingOverageTime": 12, "index": 2}, "status": "DONE"}, {"action": "NORTH", "reward": 87, "info": {}, "observation": {"remainingOverageTime": 12, "index": 3}, "status": "ACTIVE"}], [{"action": "SOUTH", "reward": 87, "info": {}, "observation": {"remainingOverageTime": 12, "step": 76, "geese": [[4, 70, 59, 60, 61, 62, 63, 64, 53, 54, 65, 55], [], [], [57, 56, 67, 66, 76, 75, 74, 8, 19, 18, 17, 16, 15]], "food": [9, 24], "index": 0}, "status": "ACTIVE"}, {"action": "NORTH", "reward": 27, "info": {}, "observation": {"remainingOverageTime": 12, "index": 1}, "status": "DONE"}, {"action": "NORTH", "reward": 23, "info": {}, "observation": {"remainingOverageTime": 12, "index": 2}, "status": "DONE"}, {"action": "EAST", "reward": 88, "info": {}, "observation": {"remainingOverageTime": 12, "index": 3}, "status": "ACTIVE"}], [{"action": "WEST", "reward": 89, "info": {}, "observation": {"remainingOverageTime": 12, "step": 77, "geese": [[3, 4, 70, 59, 60, 61, 62, 63, 64, 53, 54, 65], [], [], [68, 57, 56, 67, 66, 76, 75, 74, 8, 19, 18, 17, 16]], "food": [9, 24], "index": 0}, "status": "ACTIVE"}, {"action": "NORTH", "reward": 27, "info": {}, "observation": {"remainingOverageTime": 12, "index": 1}, "status": "DONE"}, {"action": "NORTH", "reward": 23, "info": {}, "observation": {"remainingOverageTime": 12, "index": 2}, "status": "DONE"}, {"action": "SOUTH", "reward": 90, "info": {}, "observation": {"remainingOverageTime": 12, "index": 3}, "status": "ACTIVE"}], [{"action": "SOUTH", "reward": 90, "info": {}, "observation": {"remainingOverageTime": 12, "step": 78, "geese": [[14, 3, 4, 70, 59, 60, 61, 62, 63, 64, 53, 54], [], [], [2, 68, 57, 56, 67, 66, 76, 75, 74, 8, 19, 18, 17]], "food": [9, 24], "index": 0}, "status": "ACTIVE"}, {"action": "NORTH", "reward": 27, "info": {}, "observation": {"remainingOverageTime": 12, "index": 1}, "status": "DONE"}, {"action": "NORTH", "reward": 23, "info": {}, "observation": {"remainingOverageTime": 12, "index": 2}, "status": "DONE"}, {"action": "SOUTH", "reward": 91, "info": {}, "observation": {"remainingOverageTime": 12, "index": 3}, "status": "ACTIVE"}], [{"action": "SOUTH", "reward": 91, "info": {}, "observation": {"remainingOverageTime": 12, "step": 79, "geese": [[25, 14, 3, 4, 70, 59, 60, 61, 62, 63, 64, 53], [], [], [1, 2, 68, 57, 56, 67, 66, 76, 75, 74, 8, 19, 18]], "food": [9, 24], "index": 0}, "status": "ACTIVE"}, {"action": "NORTH", "reward": 27, "info": {}, "observation": {"remainingOverageTime": 12, "index": 1}, "status": "DONE"}, {"action": "NORTH", "reward": 23, "info": {}, "observation": {"remainingOverageTime": 12, "index": 2}, "status": "DONE"}, {"action": "WEST", "reward": 92, "info": {}, "observation": {"remainingOverageTime": 12, "index": 3}, "status": "ACTIVE"}], [{"action": "WEST", "reward": 92, "info": {}, "observation": {"remainingOverageTime": 12, "step": 80, "geese": [[24, 25, 14, 3, 4, 70, 59, 60, 61, 62, 63, 64], [], [], [0, 1, 2, 68, 57, 56, 67, 66, 76, 75, 74, 8]], "food": [9, 5], "index": 0}, "status": "ACTIVE"}, {"action": "NORTH", "reward": 27, "info": {}, "observation": {"remainingOverageTime": 12, "index": 1}, "status": "DONE"}, {"action": "NORTH", "reward": 23, "info": {}, "observation": {"remainingOverageTime": 12, "index": 2}, "status": "DONE"}, {"action": "WEST", "reward": 93, "info": {}, "observation": {"remainingOverageTime": 12, "index": 3}, "status": "ACTIVE"}], [{"action": "NORTH", "reward": 93, "info": {}, "observation": {"remainingOverageTime": 12, "step": 81, "geese": [[13, 24, 25, 14, 3, 4, 70, 59, 60, 61, 62, 63], [], [], [10, 0, 1, 2, 68, 57, 56, 67, 66, 76, 75, 74]], "food": [9, 5], "index": 0}, "status": "ACTIVE"}, {"action": "NORTH", "reward": 27, "info": {}, "observation": {"remainingOverageTime": 12, "index": 1}, "status": "DONE"}, {"action": "NORTH", "reward": 23, "info": {}, "observation": {"remainingOverageTime": 12, "index": 2}, "status": "DONE"}, {"action": "WEST", "reward": 93, "info": {}, "observation": {"remainingOverageTime": 12, "index": 3}, "status": "ACTIVE"}], [{"action": "WEST", "reward": 94, "info": {}, "observation": {"remainingOverageTime": 12, "step": 82, "geese": [[12, 13, 24, 25, 14, 3, 4, 70, 59, 60, 61, 62], [], [], [9, 10, 0, 1, 2, 68, 57, 56, 67, 66, 76, 75, 74]], "food": [5, 6], "index": 0}, "status": "ACTIVE"}, {"action": "NORTH", "reward": 27, "info": {}, "observation": {"remainingOverageTime": 12, "index": 1}, "status": "DONE"}, {"action": "NORTH", "reward": 23, "info": {}, "observation": {"remainingOverageTime": 12, "index": 2}, "status": "DONE"}, {"action": "WEST", "reward": 94, "info": {}, "observation": {"remainingOverageTime": 12, "index": 3}, "status": "ACTIVE"}], [{"action": "WEST", "reward": 95, "info": {}, "observation": {"remainingOverageTime": 12, "step": 83, "geese": [[11, 12, 13, 24, 25, 14, 3, 4, 70, 59, 60, 61], [], [], [8, 9, 10, 0, 1, 2, 68, 57, 56, 67, 66, 76, 75]], "food": [5, 6], "index": 0}, "status": "ACTIVE"}, {"action": "NORTH", "reward": 27, "info": {}, "observation": {"remainingOverageTime": 12, "index": 1}, "status": "DONE"}, {"action": "NORTH", "reward": 23, "info": {}, "observation": {"remainingOverageTime": 12, "index": 2}, "status": "DONE"}, {"action": "WEST", "reward": 96, "info": {}, "observation": {"remainingOverageTime": 12, "index": 3}, "status": "ACTIVE"}], [{"action": "WEST", "reward": 96, "info": {}, "observation": {"remainingOverageTime": 12, "step": 84, "geese": [[21, 11, 12, 13, 24, 25, 14, 3, 4, 70, 59, 60], [], [], [74, 8, 9, 10, 0, 1, 2, 68, 57, 56, 67, 66, 76]], "food": [5, 6], "index": 0}, "status": "ACTIVE"}, {"action": "NORTH", "reward": 27, "info": {}, "observation": {"remainingOverageTime": 12, "index": 1}, "status": "DONE"}, {"action": "NORTH", "reward": 23, "info": {}, "observation": {"remainingOverageTime": 12, "index": 2}, "status": "DONE"}, {"action": "NORTH", "reward": 97, "info": {}, "observation": {"remainingOverageTime": 12, "index": 3}, "status": "ACTIVE"}], [{"action": "WEST", "reward": 97, "info": {}, "observation": {"remainingOverageTime": 12, "step": 85, "geese": [[20, 21, 11, 12, 13, 24, 25, 14, 3, 4, 70, 59], [], [], [75, 74, 8, 9, 10, 0, 1, 2, 68, 57, 56, 67, 66]], "food": [5, 6], "index": 0}, "status": "ACTIVE"}, {"action": "NORTH", "reward": 27, "info": {}, "observation": {"remainingOverageTime": 12, "index": 1}, "status": "DONE"}, {"action": "NORTH", "reward": 23, "info": {}, "observation": {"remainingOverageTime": 12, "index": 2}, "status": "DONE"}, {"action": "EAST", "reward": 98, "info": {}, "observation": {"remainingOverageTime": 12, "index": 3}, "status": "ACTIVE"}], [{"action": "WEST", "reward": 98, "info": {}, "observation": {"remainingOverageTime": 12, "step": 86, "geese": [[19, 20, 21, 11, 12, 13, 24, 25, 14, 3, 4, 70], [], [], [76, 75, 74, 8, 9, 10, 0, 1, 2, 68, 57, 56, 67]], "food": [5, 6], "index": 0}, "status": "ACTIVE"}, {"action": "NORTH", "reward": 27, "info": {}, "observation": {"remainingOverageTime": 12, "index": 1}, "status": "DONE"}, {"action": "NORTH", "reward": 23, "info": {}, "observation": {"remainingOverageTime": 12, "index": 2}, "status": "DONE"}, {"action": "EAST", "reward": 99, "info": {}, "observation": {"remainingOverageTime": 12, "index": 3}, "status": "ACTIVE"}], [{"action": "WEST", "reward": 99, "info": {}, "observation": {"remainingOverageTime": 12, "step": 87, "geese": [[18, 19, 20, 21, 11, 12, 13, 24, 25, 14, 3, 4], [], [], [66, 76, 75, 74, 8, 9, 10, 0, 1, 2, 68, 57, 56]], "food": [5, 6], "index": 0}, "status": "ACTIVE"}, {"action": "NORTH", "reward": 27, "info": {}, "observation": {"remainingOverageTime": 12, "index": 1}, "status": "DONE"}, {"action": "NORTH", "reward": 23, "info": {}, "observation": {"remainingOverageTime": 12, "index": 2}, "status": "DONE"}, {"action": "EAST", "reward": 100, "info": {}, "observation": {"remainingOverageTime": 12, "index": 3}, "status": "ACTIVE"}], [{"action": "WEST", "reward": 100, "info": {}, "observation": {"remainingOverageTime": 12, "step": 88, "geese": [[17, 18, 19, 20, 21, 11, 12, 13, 24, 25, 14, 3], [], [], [67, 66, 76, 75, 74, 8, 9, 10, 0, 1, 2, 68, 57]], "food": [5, 6], "index": 0}, "status": "ACTIVE"}, {"action": "NORTH", "reward": 27, "info": {}, "observation": {"remainingOverageTime": 12, "index": 1}, "status": "DONE"}, {"action": "NORTH", "reward": 23, "info": {}, "observation": {"remainingOverageTime": 12, "index": 2}, "status": "DONE"}, {"action": "EAST", "reward": 101, "info": {}, "observation": {"remainingOverageTime": 12, "index": 3}, "status": "ACTIVE"}], [{"action": "NORTH", "reward": 101, "info": {}, "observation": {"remainingOverageTime": 12, "step": 89, "geese": [[6, 17, 18, 19, 20, 21, 11, 12, 13, 24, 25, 14, 3], [], [], [56, 67, 66, 76, 75, 74, 8, 9, 10, 0, 1, 2, 68]], "food": [5, 39], "index": 0}, "status": "ACTIVE"}, {"action": "NORTH", "reward": 27, "info": {}, "observation": {"remainingOverageTime": 12, "index": 1}, "status": "DONE"}, {"action": "NORTH", "reward": 23, "info": {}, "observation": {"remainingOverageTime": 12, "index": 2}, "status": "DONE"}, {"action": "NORTH", "reward": 102, "info": {}, "observation": {"remainingOverageTime": 12, "index": 3}, "status": "ACTIVE"}], [{"action": "NORTH", "reward": 103, "info": {}, "observation": {"remainingOverageTime": 12, "step": 90, "geese": [[72, 6, 17, 18, 19, 20, 21, 11, 12, 13, 24, 25, 14], [], [], [57, 56, 67, 66, 76, 75, 74, 8, 9, 10, 0, 1, 2]], "food": [5, 39], "index": 0}, "status": "ACTIVE"}, {"action": "NORTH", "reward": 27, "info": {}, "observation": {"remainingOverageTime": 12, "index": 1}, "status": "DONE"}, {"action": "NORTH", "reward": 23, "info": {}, "observation": {"remainingOverageTime": 12, "index": 2}, "status": "DONE"}, {"action": "EAST", "reward": 103, "info": {}, "observation": {"remainingOverageTime": 12, "index": 3}, "status": "ACTIVE"}], [{"action": "WEST", "reward": 104, "info": {}, "observation": {"remainingOverageTime": 12, "step": 91, "geese": [[71, 72, 6, 17, 18, 19, 20, 21, 11, 12, 13, 24, 25], [], [], [68, 57, 56, 67, 66, 76, 75, 74, 8, 9, 10, 0, 1]], "food": [5, 39], "index": 0}, "status": "ACTIVE"}, {"action": "NORTH", "reward": 27, "info": {}, "observation": {"remainingOverageTime": 12, "index": 1}, "status": "DONE"}, {"action": "NORTH", "reward": 23, "info": {}, "observation": {"remainingOverageTime": 12, "index": 2}, "status": "DONE"}, {"action": "SOUTH", "reward": 104, "info": {}, "observation": {"remainingOverageTime": 12, "index": 3}, "status": "ACTIVE"}], [{"action": "WEST", "reward": 105, "info": {}, "observation": {"remainingOverageTime": 12, "step": 92, "geese": [[70, 71, 72, 6, 17, 18, 19, 20, 21, 11, 12, 13, 24], [], [], [2, 68, 57, 56, 67, 66, 76, 75, 74, 8, 9, 10, 0]], "food": [5, 39], "index": 0}, "status": "ACTIVE"}, {"action": "NORTH", "reward": 27, "info": {}, "observation": {"remainingOverageTime": 12, "index": 1}, "status": "DONE"}, {"action": "NORTH", "reward": 23, "info": {}, "observation": {"remainingOverageTime": 12, "index": 2}, "status": "DONE"}, {"action": "SOUTH", "reward": 105, "info": {}, "observation": {"remainingOverageTime": 12, "index": 3}, "status": "ACTIVE"}], [{"action": "WEST", "reward": 106, "info": {}, "observation": {"remainingOverageTime": 12, "step": 93, "geese": [[69, 70, 71, 72, 6, 17, 18, 19, 20, 21, 11, 12, 13], [], [], [1, 2, 68, 57, 56, 67, 66, 76, 75, 74, 8, 9, 10]], "food": [5, 39], "index": 0}, "status": "ACTIVE"}, {"action": "NORTH", "reward": 27, "info": {}, "observation": {"remainingOverageTime": 12, "index": 1}, "status": "DONE"}, {"action": "NORTH", "reward": 23, "info": {}, "observation": {"remainingOverageTime": 12, "index": 2}, "status": "DONE"}, {"action": "WEST", "reward": 106, "info": {}, "observation": {"remainingOverageTime": 12, "index": 3}, "status": "ACTIVE"}], [{"action": "SOUTH", "reward": 107, "info": {}, "observation": {"remainingOverageTime": 12, "step": 94, "geese": [[3, 69, 70, 71, 72, 6, 17, 18, 19, 20, 21, 11, 12], [], [], [0, 1, 2, 68, 57, 56, 67, 66, 76, 75, 74, 8, 9]], "food": [5, 39], "index": 0}, "status": "ACTIVE"}, {"action": "NORTH", "reward": 27, "info": {}, "observation": {"remainingOverageTime": 12, "index": 1}, "status": "DONE"}, {"action": "NORTH", "reward": 23, "info": {}, "observation": {"remainingOverageTime": 12, "index": 2}, "status": "DONE"}, {"action": "WEST", "reward": 107, "info": {}, "observation": {"remainingOverageTime": 12, "index": 3}, "status": "ACTIVE"}], [{"action": "SOUTH", "reward": 108, "info": {}, "observation": {"remainingOverageTime": 12, "step": 95, "geese": [[14, 3, 69, 70, 71, 72, 6, 17, 18, 19, 20, 21, 11], [], [], [10, 0, 1, 2, 68, 57, 56, 67, 66, 76, 75, 74, 8]], "food": [5, 39], "index": 0}, "status": "ACTIVE"}, {"action": "NORTH", "reward": 27, "info": {}, "observation": {"remainingOverageTime": 12, "index": 1}, "status": "DONE"}, {"action": "NORTH", "reward": 23, "info": {}, "observation": {"remainingOverageTime": 12, "index": 2}, "status": "DONE"}, {"action": "WEST", "reward": 108, "info": {}, "observation": {"remainingOverageTime": 12, "index": 3}, "status": "ACTIVE"}], [{"action": "WEST", "reward": 109, "info": {}, "observation": {"remainingOverageTime": 12, "step": 96, "geese": [[13, 14, 3, 69, 70, 71, 72, 6, 17, 18, 19, 20, 21], [], [], [9, 10, 0, 1, 2, 68, 57, 56, 67, 66, 76, 75, 74]], "food": [5, 39], "index": 0}, "status": "ACTIVE"}, {"action": "NORTH", "reward": 27, "info": {}, "observation": {"remainingOverageTime": 12, "index": 1}, "status": "DONE"}, {"action": "NORTH", "reward": 23, "info": {}, "observation": {"remainingOverageTime": 12, "index": 2}, "status": "DONE"}, {"action": "WEST", "reward": 109, "info": {}, "observation": {"remainingOverageTime": 12, "index": 3}, "status": "ACTIVE"}], [{"action": "WEST", "reward": 110, "info": {}, "observation": {"remainingOverageTime": 12, "step": 97, "geese": [[12, 13, 14, 3, 69, 70, 71, 72, 6, 17, 18, 19, 20], [], [], [8, 9, 10, 0, 1, 2, 68, 57, 56, 67, 66, 76, 75]], "food": [5, 39], "index": 0}, "status": "ACTIVE"}, {"action": "NORTH", "reward": 27, "info": {}, "observation": {"remainingOverageTime": 12, "index": 1}, "status": "DONE"}, {"action": "NORTH", "reward": 23, "info": {}, "observation": {"remainingOverageTime": 12, "index": 2}, "status": "DONE"}, {"action": "WEST", "reward": 110, "info": {}, "observation": {"remainingOverageTime": 12, "index": 3}, "status": "ACTIVE"}], [{"action": "WEST", "reward": 111, "info": {}, "observation": {"remainingOverageTime": 12, "step": 98, "geese": [[11, 12, 13, 14, 3, 69, 70, 71, 72, 6, 17, 18, 19], [], [], [74, 8, 9, 10, 0, 1, 2, 68, 57, 56, 67, 66, 76]], "food": [5, 39], "index": 0}, "status": "ACTIVE"}, {"action": "NORTH", "reward": 27, "info": {}, "observation": {"remainingOverageTime": 12, "index": 1}, "status": "DONE"}, {"action": "NORTH", "reward": 23, "info": {}, "observation": {"remainingOverageTime": 12, "index": 2}, "status": "DONE"}, {"action": "NORTH", "reward": 111, "info": {}, "observation": {"remainingOverageTime": 12, "index": 3}, "status": "ACTIVE"}], [{"action": "WEST", "reward": 112, "info": {}, "observation": {"remainingOverageTime": 12, "step": 99, "geese": [[21, 11, 12, 13, 14, 3, 69, 70, 71, 72, 6, 17, 18], [], [], [75, 74, 8, 9, 10, 0, 1, 2, 68, 57, 56, 67, 66]], "food": [5, 39], "index": 0}, "status": "ACTIVE"}, {"action": "NORTH", "reward": 27, "info": {}, "observation": {"remainingOverageTime": 12, "index": 1}, "status": "DONE"}, {"action": "NORTH", "reward": 23, "info": {}, "observation": {"remainingOverageTime": 12, "index": 2}, "status": "DONE"}, {"action": "EAST", "reward": 112, "info": {}, "observation": {"remainingOverageTime": 12, "index": 3}, "status": "ACTIVE"}], [{"action": "WEST", "reward": 113, "info": {}, "observation": {"remainingOverageTime": 12, "step": 100, "geese": [[20, 21, 11, 12, 13, 14, 3, 69, 70, 71, 72, 6, 17], [], [], [76, 75, 74, 8, 9, 10, 0, 1, 2, 68, 57, 56, 67]], "food": [5, 39], "index": 0}, "status": "ACTIVE"}, {"action": "NORTH", "reward": 27, "info": {}, "observation": {"remainingOverageTime": 12, "index": 1}, "status": "DONE"}, {"action": "NORTH", "reward": 23, "info": {}, "observation": {"remainingOverageTime": 12, "index": 2}, "status": "DONE"}, {"action": "EAST", "reward": 113, "info": {}, "observation": {"remainingOverageTime": 12, "index": 3}, "status": "ACTIVE"}], [{"action": "WEST", "reward": 114, "info": {}, "observation": {"remainingOverageTime": 12, "step": 101, "geese": [[19, 20, 21, 11, 12, 13, 14, 3, 69, 70, 71, 72, 6], [], [], [66, 76, 75, 74, 8, 9, 10, 0, 1, 2, 68, 57, 56]], "food": [5, 39], "index": 0}, "status": "ACTIVE"}, {"action": "NORTH", "reward": 27, "info": {}, "observation": {"remainingOverageTime": 12, "index": 1}, "status": "DONE"}, {"action": "NORTH", "reward": 23, "info": {}, "observation": {"remainingOverageTime": 12, "index": 2}, "status": "DONE"}, {"action": "EAST", "reward": 114, "info": {}, "observation": {"remainingOverageTime": 12, "index": 3}, "status": "ACTIVE"}], [{"action": "WEST", "reward": 115, "info": {}, "observation": {"remainingOverageTime": 12, "step": 102, "geese": [[18, 19, 20, 21, 11, 12, 13, 14, 3, 69, 70, 71, 72], [], [], [67, 66, 76, 75, 74, 8, 9, 10, 0, 1, 2, 68, 57]], "food": [5, 39], "index": 0}, "status": "ACTIVE"}, {"action": "NORTH", "reward": 27, "info": {}, "observation": {"remainingOverageTime": 12, "index": 1}, "status": "DONE"}, {"action": "NORTH", "reward": 23, "info": {}, "observation": {"remainingOverageTime": 12, "index": 2}, "status": "DONE"}, {"action": "EAST", "reward": 115, "info": {}, "observation": {"remainingOverageTime": 12, "index": 3}, "status": "ACTIVE"}], [{"action": "WEST", "reward": 116, "info": {}, "observation": {"remainingOverageTime": 12, "step": 103, "geese": [[17, 18, 19, 20, 21, 11, 12, 13, 14, 3, 69, 70, 71], [], [], [56, 67, 66, 76, 75, 74, 8, 9, 10, 0, 1, 2, 68]], "food": [5, 39], "index": 0}, "status": "ACTIVE"}, {"action": "NORTH", "reward": 27, "info": {}, "observation": {"remainingOverageTime": 12, "index": 1}, "status": "DONE"}, {"action": "NORTH", "reward": 23, "info": {}, "observation": {"remainingOverageTime": 12, "index": 2}, "status": "DONE"}, {"action": "NORTH", "reward": 116, "info": {}, "observation": {"remainingOverageTime": 12, "index": 3}, "status": "ACTIVE"}], [{"action": "WEST", "reward": 117, "info": {}, "observation": {"remainingOverageTime": 12, "step": 104, "geese": [[16, 17, 18, 19, 20, 21, 11, 12, 13, 14, 3, 69, 70], [], [], [57, 56, 67, 66, 76, 75, 74, 8, 9, 10, 0, 1, 2]], "food": [5, 39], "index": 0}, "status": "ACTIVE"}, {"action": "NORTH", "reward": 27, "info": {}, "observation": {"remainingOverageTime": 12, "index": 1}, "status": "DONE"}, {"action": "NORTH", "reward": 23, "info": {}, "observation": {"remainingOverageTime": 12, "index": 2}, "status": "DONE"}, {"action": "EAST", "reward": 117, "info": {}, "observation": {"remainingOverageTime": 12, "index": 3}, "status": "ACTIVE"}], [{"action": "WEST", "reward": 118, "info": {}, "observation": {"remainingOverageTime": 12, "step": 105, "geese": [[15, 16, 17, 18, 19, 20, 21, 11, 12, 13, 14, 3, 69], [], [], [68, 57, 56, 67, 66, 76, 75, 74, 8, 9, 10, 0, 1]], "food": [5, 39], "index": 0}, "status": "ACTIVE"}, {"action": "NORTH", "reward": 27, "info": {}, "observation": {"remainingOverageTime": 12, "index": 1}, "status": "DONE"}, {"action": "NORTH", "reward": 23, "info": {}, "observation": {"remainingOverageTime": 12, "index": 2}, "status": "DONE"}, {"action": "SOUTH", "reward": 118, "info": {}, "observation": {"remainingOverageTime": 12, "index": 3}, "status": "ACTIVE"}], [{"action": "NORTH", "reward": 119, "info": {}, "observation": {"remainingOverageTime": 12, "step": 106, "geese": [[4, 15, 16, 17, 18, 19, 20, 21, 11, 12, 13, 14, 3], [], [], [2, 68, 57, 56, 67, 66, 76, 75, 74, 8, 9, 10, 0]], "food": [5, 39], "index": 0}, "status": "ACTIVE"}, {"action": "NORTH", "reward": 27, "info": {}, "observation": {"remainingOverageTime": 12, "index": 1}, "status": "DONE"}, {"action": "NORTH", "reward": 23, "info": {}, "observation": {"remainingOverageTime": 12, "index": 2}, "status": "DONE"}, {"action": "SOUTH", "reward": 119, "info": {}, "observation": {"remainingOverageTime": 12, "index": 3}, "status": "ACTIVE"}], [{"action": "NORTH", "reward": 120, "info": {}, "observation": {"remainingOverageTime": 12, "step": 107, "geese": [[70, 4, 15, 16, 17, 18, 19, 20, 21, 11, 12, 13, 14], [], [], [1, 2, 68, 57, 56, 67, 66, 76, 75, 74, 8, 9, 10]], "food": [5, 39], "index": 0}, "status": "ACTIVE"}, {"action": "NORTH", "reward": 27, "info": {}, "observation": {"remainingOverageTime": 12, "index": 1}, "status": "DONE"}, {"action": "NORTH", "reward": 23, "info": {}, "observation": {"remainingOverageTime": 12, "index": 2}, "status": "DONE"}, {"action": "WEST", "reward": 120, "info": {}, "observation": {"remainingOverageTime": 12, "index": 3}, "status": "ACTIVE"}], [{"action": "WEST", "reward": 121, "info": {}, "observation": {"remainingOverageTime": 12, "step": 108, "geese": [[69, 70, 4, 15, 16, 17, 18, 19, 20, 21, 11, 12, 13], [], [], [0, 1, 2, 68, 57, 56, 67, 66, 76, 75, 74, 8, 9]], "food": [5, 39], "index": 0}, "status": "ACTIVE"}, {"action": "NORTH", "reward": 27, "info": {}, "observation": {"remainingOverageTime": 12, "index": 1}, "status": "DONE"}, {"action": "NORTH", "reward": 23, "info": {}, "observation": {"remainingOverageTime": 12, "index": 2}, "status": "DONE"}, {"action": "WEST", "reward": 121, "info": {}, "observation": {"remainingOverageTime": 12, "index": 3}, "status": "ACTIVE"}], [{"action": "SOUTH", "reward": 122, "info": {}, "observation": {"remainingOverageTime": 12, "step": 109, "geese": [[3, 69, 70, 4, 15, 16, 17, 18, 19, 20, 21, 11, 12], [], [], [10, 0, 1, 2, 68, 57, 56, 67, 66, 76, 75, 74, 8]], "food": [5, 39], "index": 0}, "status": "ACTIVE"}, {"action": "NORTH", "reward": 27, "info": {}, "observation": {"remainingOverageTime": 12, "index": 1}, "status": "DONE"}, {"action": "NORTH", "reward": 23, "info": {}, "observation": {"remainingOverageTime": 12, "index": 2}, "status": "DONE"}, {"action": "WEST", "reward": 122, "info": {}, "observation": {"remainingOverageTime": 12, "index": 3}, "status": "ACTIVE"}], [{"action": "SOUTH", "reward": 123, "info": {}, "observation": {"remainingOverageTime": 12, "step": 110, "geese": [[14, 3, 69, 70, 4, 15, 16, 17, 18, 19, 20, 21, 11], [], [], [9, 10, 0, 1, 2, 68, 57, 56, 67, 66, 76, 75, 74]], "food": [5, 39], "index": 0}, "status": "ACTIVE"}, {"action": "NORTH", "reward": 27, "info": {}, "observation": {"remainingOverageTime": 12, "index": 1}, "status": "DONE"}, {"action": "NORTH", "reward": 23, "info": {}, "observation": {"remainingOverageTime": 12, "index": 2}, "status": "DONE"}, {"action": "WEST", "reward": 123, "info": {}, "observation": {"remainingOverageTime": 12, "index": 3}, "status": "ACTIVE"}], [{"action": "WEST", "reward": 124, "info": {}, "observation": {"remainingOverageTime": 12, "step": 111, "geese": [[13, 14, 3, 69, 70, 4, 15, 16, 17, 18, 19, 20, 21], [], [], [8, 9, 10, 0, 1, 2, 68, 57, 56, 67, 66, 76, 75]], "food": [5, 39], "index": 0}, "status": "ACTIVE"}, {"action": "NORTH", "reward": 27, "info": {}, "observation": {"remainingOverageTime": 12, "index": 1}, "status": "DONE"}, {"action": "NORTH", "reward": 23, "info": {}, "observation": {"remainingOverageTime": 12, "index": 2}, "status": "DONE"}, {"action": "WEST", "reward": 124, "info": {}, "observation": {"remainingOverageTime": 12, "index": 3}, "status": "ACTIVE"}], [{"action": "WEST", "reward": 125, "info": {}, "observation": {"remainingOverageTime": 12, "step": 112, "geese": [[12, 13, 14, 3, 69, 70, 4, 15, 16, 17, 18, 19, 20], [], [], [74, 8, 9, 10, 0, 1, 2, 68, 57, 56, 67, 66, 76]], "food": [5, 39], "index": 0}, "status": "ACTIVE"}, {"action": "NORTH", "reward": 27, "info": {}, "observation": {"remainingOverageTime": 12, "index": 1}, "status": "DONE"}, {"action": "NORTH", "reward": 23, "info": {}, "observation": {"remainingOverageTime": 12, "index": 2}, "status": "DONE"}, {"action": "NORTH", "reward": 125, "info": {}, "observation": {"remainingOverageTime": 12, "index": 3}, "status": "ACTIVE"}], [{"action": "WEST", "reward": 126, "info": {}, "observation": {"remainingOverageTime": 12, "step": 113, "geese": [[11, 12, 13, 14, 3, 69, 70, 4, 15, 16, 17, 18, 19], [], [], [75, 74, 8, 9, 10, 0, 1, 2, 68, 57, 56, 67, 66]], "food": [5, 39], "index": 0}, "status": "ACTIVE"}, {"action": "NORTH", "reward": 27, "info": {}, "observation": {"remainingOverageTime": 12, "index": 1}, "status": "DONE"}, {"action": "NORTH", "reward": 23, "info": {}, "observation": {"remainingOverageTime": 12, "index": 2}, "status": "DONE"}, {"action": "EAST", "reward": 126, "info": {}, "observation": {"remainingOverageTime": 12, "index": 3}, "status": "ACTIVE"}], [{"action": "WEST", "reward": 127, "info": {}, "observation": {"remainingOverageTime": 12, "step": 114, "geese": [[21, 11, 12, 13, 14, 3, 69, 70, 4, 15, 16, 17, 18], [], [], [76, 75, 74, 8, 9, 10, 0, 1, 2, 68, 57, 56, 67]], "food": [5, 39], "index": 0}, "status": "ACTIVE"}, {"action": "NORTH", "reward": 27, "info": {}, "observation": {"remainingOverageTime": 12, "index": 1}, "status": "DONE"}, {"action": "NORTH", "reward": 23, "info": {}, "observation": {"remainingOverageTime": 12, "index": 2}, "status": "DONE"}, {"action": "EAST", "reward": 127, "info": {}, "observation": {"remainingOverageTime": 12, "index": 3}, "status": "ACTIVE"}], [{"action": "WEST", "reward": 128, "info": {}, "observation": {"remainingOverageTime": 12, "step": 115, "geese": [[20, 21, 11, 12, 13, 14, 3, 69, 70, 4, 15, 16, 17], [], [], [66, 76, 75, 74, 8, 9, 10, 0, 1, 2, 68, 57, 56]], "food": [5, 39], "index": 0}, "status": "ACTIVE"}, {"action": "NORTH", "reward": 27, "info": {}, "observation": {"remainingOverageTime": 12, "index": 1}, "status": "DONE"}, {"action": "NORTH", "reward": 23, "info": {}, "observation": {"remainingOverageTime": 12, "index": 2}, "status": "DONE"}, {"action": "EAST", "reward": 128, "info": {}, "observation": {"remainingOverageTime": 12, "index": 3}, "status": "ACTIVE"}], [{"action": "WEST", "reward": 129, "info": {}, "observation": {"remainingOverageTime": 12, "step": 116, "geese": [[19, 20, 21, 11, 12, 13, 14, 3, 69, 70, 4, 15, 16], [], [], [67, 66, 76, 75, 74, 8, 9, 10, 0, 1, 2, 68, 57]], "food": [5, 39], "index": 0}, "status": "ACTIVE"}, {"action": "NORTH", "reward": 27, "info": {}, "observation": {"remainingOverageTime": 12, "index": 1}, "status": "DONE"}, {"action": "NORTH", "reward": 23, "info": {}, "observation": {"remainingOverageTime": 12, "index": 2}, "status": "DONE"}, {"action": "EAST", "reward": 129, "info": {}, "observation": {"remainingOverageTime": 12, "index": 3}, "status": "ACTIVE"}], [{"action": "WEST", "reward": 130, "info": {}, "observation": {"remainingOverageTime": 12, "step": 117, "geese": [[18, 19, 20, 21, 11, 12, 13, 14, 3, 69, 70, 4, 15], [], [], [56, 67, 66, 76, 75, 74, 8, 9, 10, 0, 1, 2, 68]], "food": [5, 39], "index": 0}, "status": "ACTIVE"}, {"action": "NORTH", "reward": 27, "info": {}, "observation": {"remainingOverageTime": 12, "index": 1}, "status": "DONE"}, {"action": "NORTH", "reward": 23, "info": {}, "observation": {"remainingOverageTime": 12, "index": 2}, "status": "DONE"}, {"action": "NORTH", "reward": 130, "info": {}, "observation": {"remainingOverageTime": 12, "index": 3}, "status": "ACTIVE"}], [{"action": "WEST", "reward": 131, "info": {}, "observation": {"remainingOverageTime": 12, "step": 118, "geese": [[17, 18, 19, 20, 21, 11, 12, 13, 14, 3, 69, 70, 4], [], [], [57, 56, 67, 66, 76, 75, 74, 8, 9, 10, 0, 1, 2]], "food": [5, 39], "index": 0}, "status": "ACTIVE"}, {"action": "NORTH", "reward": 27, "info": {}, "observation": {"remainingOverageTime": 12, "index": 1}, "status": "DONE"}, {"action": "NORTH", "reward": 23, "info": {}, "observation": {"remainingOverageTime": 12, "index": 2}, "status": "DONE"}, {"action": "EAST", "reward": 131, "info": {}, "observation": {"remainingOverageTime": 12, "index": 3}, "status": "ACTIVE"}], [{"action": "WEST", "reward": 132, "info": {}, "observation": {"remainingOverageTime": 12, "step": 119, "geese": [[16, 17, 18, 19, 20, 21, 11, 12, 13, 14, 3, 69, 70], [], [], [68, 57, 56, 67, 66, 76, 75, 74, 8, 9, 10, 0, 1]], "food": [5, 39], "index": 0}, "status": "ACTIVE"}, {"action": "NORTH", "reward": 27, "info": {}, "observation": {"remainingOverageTime": 12, "index": 1}, "status": "DONE"}, {"action": "NORTH", "reward": 23, "info": {}, "observation": {"remainingOverageTime": 12, "index": 2}, "status": "DONE"}, {"action": "SOUTH", "reward": 132, "info": {}, "observation": {"remainingOverageTime": 12, "index": 3}, "status": "ACTIVE"}], [{"action": "SOUTH", "reward": 133, "info": {}, "observation": {"remainingOverageTime": 12, "step": 120, "geese": [[27, 16, 17, 18, 19, 20, 21, 11, 12, 13, 14, 3], [], [], [2, 68, 57, 56, 67, 66, 76, 75, 74, 8, 9, 10]], "food": [5, 39], "index": 0}, "status": "ACTIVE"}, {"action": "NORTH", "reward": 27, "info": {}, "observation": {"remainingOverageTime": 12, "index": 1}, "status": "DONE"}, {"action": "NORTH", "reward": 23, "info": {}, "observation": {"remainingOverageTime": 12, "index": 2}, "status": "DONE"}, {"action": "SOUTH", "reward": 133, "info": {}, "observation": {"remainingOverageTime": 12, "index": 3}, "status": "ACTIVE"}], [{"action": "EAST", "reward": 133, "info": {}, "observation": {"remainingOverageTime": 12, "step": 121, "geese": [[28, 27, 16, 17, 18, 19, 20, 21, 11, 12, 13, 14], [], [], [3, 2, 68, 57, 56, 67, 66, 76, 75, 74, 8, 9]], "food": [5, 39], "index": 0}, "status": "ACTIVE"}, {"action": "NORTH", "reward": 27, "info": {}, "observation": {"remainingOverageTime": 12, "index": 1}, "status": "DONE"}, {"action": "NORTH", "reward": 23, "info": {}, "observation": {"remainingOverageTime": 12, "index": 2}, "status": "DONE"}, {"action": "EAST", "reward": 133, "info": {}, "observation": {"remainingOverageTime": 12, "index": 3}, "status": "ACTIVE"}], [{"action": "SOUTH", "reward": 134, "info": {}, "observation": {"remainingOverageTime": 12, "step": 122, "geese": [[39, 28, 27, 16, 17, 18, 19, 20, 21, 11, 12, 13, 14], [], [], [4, 3, 2, 68, 57, 56, 67, 66, 76, 75, 74, 8]], "food": [5, 9], "index": 0}, "status": "ACTIVE"}, {"action": "NORTH", "reward": 27, "info": {}, "observation": {"remainingOverageTime": 12, "index": 1}, "status": "DONE"}, {"action": "NORTH", "reward": 23, "info": {}, "observation": {"remainingOverageTime": 12, "index": 2}, "status": "DONE"}, {"action": "EAST", "reward": 134, "info": {}, "observation": {"remainingOverageTime": 12, "index": 3}, "status": "ACTIVE"}], [{"action": "WEST", "reward": 136, "info": {}, "observation": {"remainingOverageTime": 12, "step": 123, "geese": [[38, 39, 28, 27, 16, 17, 18, 19, 20, 21, 11, 12, 13], [], [], [5, 4, 3, 2, 68, 57, 56, 67, 66, 76, 75, 74, 8]], "food": [9, 14], "index": 0}, "status": "ACTIVE"}, {"action": "NORTH", "reward": 27, "info": {}, "observation": {"remainingOverageTime": 12, "index": 1}, "status": "DONE"}, {"action": "NORTH", "reward": 23, "info": {}, "observation": {"remainingOverageTime": 12, "index": 2}, "status": "DONE"}, {"action": "EAST", "reward": 135, "info": {}, "observation": {"remainingOverageTime": 12, "index": 3}, "status": "ACTIVE"}], [{"action": "WEST", "reward": 137, "info": {}, "observation": {"remainingOverageTime": 12, "step": 124, "geese": [[37, 38, 39, 28, 27, 16, 17, 18, 19, 20, 21, 11, 12], [], [], [6, 5, 4, 3, 2, 68, 57, 56, 67, 66, 76, 75, 74]], "food": [9, 14], "index": 0}, "status": "ACTIVE"}, {"action": "NORTH", "reward": 27, "info": {}, "observation": {"remainingOverageTime": 12, "index": 1}, "status": "DONE"}, {"action": "NORTH", "reward": 23, "info": {}, "observation": {"remainingOverageTime": 12, "index": 2}, "status": "DONE"}, {"action": "EAST", "reward": 137, "info": {}, "observation": {"remainingOverageTime": 12, "index": 3}, "status": "ACTIVE"}], [{"action": "NORTH", "reward": 138, "info": {}, "observation": {"remainingOverageTime": 12, "step": 125, "geese": [[26, 37, 38, 39, 28, 27, 16, 17, 18, 19, 20, 21, 11], [], [], [7, 6, 5, 4, 3, 2, 68, 57, 56, 67, 66, 76, 75]], "food": [9, 14], "index": 0}, "status": "ACTIVE"}, {"action": "NORTH", "reward": 27, "info": {}, "observation": {"remainingOverageTime": 12, "index": 1}, "status": "DONE"}, {"action": "NORTH", "reward": 23, "info": {}, "observation": {"remainingOverageTime": 12, "index": 2}, "status": "DONE"}, {"action": "EAST", "reward": 138, "info": {}, "observation": {"remainingOverageTime": 12, "index": 3}, "status": "ACTIVE"}], [{"action": "WEST", "reward": 139, "info": {}, "observation": {"remainingOverageTime": 12, "step": 126, "geese": [[25, 26, 37, 38, 39, 28, 27, 16, 17, 18, 19, 20, 21], [], [], [8, 7, 6, 5, 4, 3, 2, 68, 57, 56, 67, 66, 76]], "food": [9, 14], "index": 0}, "status": "ACTIVE"}, {"action": "NORTH", "reward": 27, "info": {}, "observation": {"remainingOverageTime": 12, "index": 1}, "status": "DONE"}, {"action": "NORTH", "reward": 23, "info": {}, "observation": {"remainingOverageTime": 12, "index": 2}, "status": "DONE"}, {"action": "EAST", "reward": 139, "info": {}, "observation": {"remainingOverageTime": 12, "index": 3}, "status": "ACTIVE"}], [{"action": "SOUTH", "reward": 140, "info": {}, "observation": {"remainingOverageTime": 12, "step": 127, "geese": [[36, 25, 26, 37, 38, 39, 28, 27, 16, 17, 18, 19, 20], [], [], [74, 8, 7, 6, 5, 4, 3, 2, 68, 57, 56, 67, 66]], "food": [9, 14], "index": 0}, "status": "ACTIVE"}, {"action": "NORTH", "reward": 27, "info": {}, "observation": {"remainingOverageTime": 12, "index": 1}, "status": "DONE"}, {"action": "NORTH", "reward": 23, "info": {}, "observation": {"remainingOverageTime": 12, "index": 2}, "status": "DONE"}, {"action": "NORTH", "reward": 140, "info": {}, "observation": {"remainingOverageTime": 12, "index": 3}, "status": "ACTIVE"}], [{"action": "WEST", "reward": 141, "info": {}, "observation": {"remainingOverageTime": 12, "step": 128, "geese": [[35, 36, 25, 26, 37, 38, 39, 28, 27, 16, 17, 18, 19], [], [], [75, 74, 8, 7, 6, 5, 4, 3, 2, 68, 57, 56, 67]], "food": [9, 14], "index": 0}, "status": "ACTIVE"}, {"action": "NORTH", "reward": 27, "info": {}, "observation": {"remainingOverageTime": 12, "index": 1}, "status": "DONE"}, {"action": "NORTH", "reward": 23, "info": {}, "observation": {"remainingOverageTime": 12, "index": 2}, "status": "DONE"}, {"action": "EAST", "reward": 141, "info": {}, "observation": {"remainingOverageTime": 12, "index": 3}, "status": "ACTIVE"}], [{"action": "WEST", "reward": 142, "info": {}, "observation": {"remainingOverageTime": 12, "step": 129, "geese": [[34, 35, 36, 25, 26, 37, 38, 39, 28, 27, 16, 17, 18], [], [], [76, 75, 74, 8, 7, 6, 5, 4, 3, 2, 68, 57, 56]], "food": [9, 14], "index": 0}, "status": "ACTIVE"}, {"action": "NORTH", "reward": 27, "info": {}, "observation": {"remainingOverageTime": 12, "index": 1}, "status": "DONE"}, {"action": "NORTH", "reward": 23, "info": {}, "observation": {"remainingOverageTime": 12, "index": 2}, "status": "DONE"}, {"action": "EAST", "reward": 142, "info": {}, "observation": {"remainingOverageTime": 12, "index": 3}, "status": "ACTIVE"}], [{"action": "WEST", "reward": 143, "info": {}, "observation": {"remainingOverageTime": 12, "step": 130, "geese": [[33, 34, 35, 36, 25, 26, 37, 38, 39, 28, 27, 16, 17], [], [], [65, 76, 75, 74, 8, 7, 6, 5, 4, 3, 2, 68, 57]], "food": [9, 14], "index": 0}, "status": "ACTIVE"}, {"action": "NORTH", "reward": 27, "info": {}, "observation": {"remainingOverageTime": 12, "index": 1}, "status": "DONE"}, {"action": "NORTH", "reward": 23, "info": {}, "observation": {"remainingOverageTime": 12, "index": 2}, "status": "DONE"}, {"action": "NORTH", "reward": 143, "info": {}, "observation": {"remainingOverageTime": 12, "index": 3}, "status": "ACTIVE"}], [{"action": "NORTH", "reward": 144, "info": {}, "observation": {"remainingOverageTime": 12, "step": 131, "geese": [[22, 33, 34, 35, 36, 25, 26, 37, 38, 39, 28, 27, 16], [], [], [55, 65, 76, 75, 74, 8, 7, 6, 5, 4, 3, 2, 68]], "food": [9, 14], "index": 0}, "status": "ACTIVE"}, {"action": "NORTH", "reward": 27, "info": {}, "observation": {"remainingOverageTime": 12, "index": 1}, "status": "DONE"}, {"action": "NORTH", "reward": 23, "info": {}, "observation": {"remainingOverageTime": 12, "index": 2}, "status": "DONE"}, {"action": "EAST", "reward": 144, "info": {}, "observation": {"remainingOverageTime": 12, "index": 3}, "status": "ACTIVE"}], [{"action": "NORTH", "reward": 145, "info": {}, "observation": {"remainingOverageTime": 12, "step": 132, "geese": [[11, 22, 33, 34, 35, 36, 25, 26, 37, 38, 39, 28, 27], [], [], [56, 55, 65, 76, 75, 74, 8, 7, 6, 5, 4, 3, 2]], "food": [9, 14], "index": 0}, "status": "ACTIVE"}, {"action": "NORTH", "reward": 27, "info": {}, "observation": {"remainingOverageTime": 12, "index": 1}, "status": "DONE"}, {"action": "NORTH", "reward": 23, "info": {}, "observation": {"remainingOverageTime": 12, "index": 2}, "status": "DONE"}, {"action": "EAST", "reward": 145, "info": {}, "observation": {"remainingOverageTime": 12, "index": 3}, "status": "ACTIVE"}], [{"action": "EAST", "reward": 146, "info": {}, "observation": {"remainingOverageTime": 12, "step": 133, "geese": [[12, 11, 22, 33, 34, 35, 36, 25, 26, 37, 38, 39, 28], [], [], [67, 56, 55, 65, 76, 75, 74, 8, 7, 6, 5, 4, 3]], "food": [9, 14], "index": 0}, "status": "ACTIVE"}, {"action": "NORTH", "reward": 27, "info": {}, "observation": {"remainingOverageTime": 12, "index": 1}, "status": "DONE"}, {"action": "NORTH", "reward": 23, "info": {}, "observation": {"remainingOverageTime": 12, "index": 2}, "status": "DONE"}, {"action": "SOUTH", "reward": 146, "info": {}, "observation": {"remainingOverageTime": 12, "index": 3}, "status": "ACTIVE"}], [{"action": "EAST", "reward": 147, "info": {}, "observation": {"remainingOverageTime": 12, "step": 134, "geese": [[13, 12, 11, 22, 33, 34, 35, 36, 25, 26, 37, 38, 39], [], [], [68, 67, 56, 55, 65, 76, 75, 74, 8, 7, 6, 5, 4]], "food": [9, 14], "index": 0}, "status": "ACTIVE"}, {"action": "NORTH", "reward": 27, "info": {}, "observation": {"remainingOverageTime": 12, "index": 1}, "status": "DONE"}, {"action": "NORTH", "reward": 23, "info": {}, "observation": {"remainingOverageTime": 12, "index": 2}, "status": "DONE"}, {"action": "EAST", "reward": 147, "info": {}, "observation": {"remainingOverageTime": 12, "index": 3}, "status": "ACTIVE"}], [{"action": "SOUTH", "reward": 148, "info": {}, "observation": {"remainingOverageTime": 12, "step": 135, "geese": [[24, 13, 12, 11, 22, 33, 34, 35, 36, 25, 26, 37, 38], [], [], [69, 68, 67, 56, 55, 65, 76, 75, 74, 8, 7, 6, 5]], "food": [9, 14], "index": 0}, "status": "ACTIVE"}, {"action": "NORTH", "reward": 27, "info": {}, "observation": {"remainingOverageTime": 12, "index": 1}, "status": "DONE"}, {"action": "NORTH", "reward": 23, "info": {}, "observation": {"remainingOverageTime": 12, "index": 2}, "status": "DONE"}, {"action": "EAST", "reward": 148, "info": {}, "observation": {"remainingOverageTime": 12, "index": 3}, "status": "ACTIVE"}], [{"action": "WEST", "reward": 149, "info": {}, "observation": {"remainingOverageTime": 12, "step": 136, "geese": [[23, 24, 13, 12, 11, 22, 33, 34, 35, 36, 25, 26, 37], [], [], [70, 69, 68, 67, 56, 55, 65, 76, 75, 74, 8, 7, 6]], "food": [9, 14], "index": 0}, "status": "ACTIVE"}, {"action": "NORTH", "reward": 27, "info": {}, "observation": {"remainingOverageTime": 12, "index": 1}, "status": "DONE"}, {"action": "NORTH", "reward": 23, "info": {}, "observation": {"remainingOverageTime": 12, "index": 2}, "status": "DONE"}, {"action": "EAST", "reward": 149, "info": {}, "observation": {"remainingOverageTime": 12, "index": 3}, "status": "ACTIVE"}], [{"action": "EAST", "reward": 150, "info": {}, "observation": {"remainingOverageTime": 12, "step": 137, "geese": [[], [], [], [71, 70, 69, 68, 67, 56, 55, 65, 76, 75, 74, 8, 7]], "food": [9, 14], "index": 0}, "status": "DONE"}, {"action": "NORTH", "reward": 27, "info": {}, "observation": {"remainingOverageTime": 12, "index": 1}, "status": "DONE"}, {"action": "NORTH", "reward": 23, "info": {}, "observation": {"remainingOverageTime": 12, "index": 2}, "status": "DONE"}, {"action": "EAST", "reward": 150, "info": {}, "observation": {"remainingOverageTime": 12, "index": 3}, "status": "DONE"}]], "rewards": [150, 27, 23, 150], "statuses": ["DONE", "DONE", "DONE", "DONE"], "schema_version": 1, "info": {}}