{"id": "14476d1e-da76-11ee-b2d8-0242ac130202", "name": "hungry_geese", "title": "Hungry Geese", "description": "Similar to the classic snake game with multiple players", "version": "1.0.0", "configuration": {"episodeSteps": 200, "actTimeout": 6, "runTimeout": 1200, "columns": 11, "rows": 7, "hunger_rate": 40, "min_food": 2}, "specification": {"action": {"description": "Direction to move the head of your players goose.", "type": "string", "enum": ["NORTH", "EAST", "SOUTH", "WEST"], "default": "NORTH"}, "agents": [2, 3, 4, 5, 6, 7, 8], "configuration": {"episodeSteps": {"description": "Maximum number of steps in the episode.", "type": "integer", "minimum": 1, "default": 200}, "actTimeout": {"description": "Maximum runtime (seconds) to obtain an action from an agent.", "type": "number", "minimum": 0, "default": 6}, "runTimeout": {"description": "Maximum runtime (seconds) of an episode (not necessarily DONE).", "type": "number", "minimum": 0, "default": 1200}, "columns": {"description": "Horizontal number of cells on the board.", "type": "integer", "default": 11, "minimum": 3}, "rows": {"description": "Vertical number of cells on the board.", "type": "integer", "default": 7, "minimum": 3}, "hunger_rate": {"description": "The number of steps before the goose shrinks a cell.", "type": "integer", "minimum": 1, "default": 40}, "min_food": {"description": "The minimum amount of food present for all steps.", "type": "integer", "default": 2, "minimum": 1}}, "info": {}, "observation": {"remainingOverageTime": {"description": "Total remaining banked time (seconds) that can be used in excess of per-step actTimeouts -- agent is disqualified with TIMEOUT status when this drops below 0.", "shared": false, "type": "number", "minimum": 0, "default": 12}, "step": {"description": "Current step within the episode.", "type": "integer", "shared": true, "minimum": 0, "default": 0}, "geese": {"description": "List of geese in order by the agent index.", "type": "array", "default": [], "shared": true}, "food": {"description": "Positions on the board where food is present.", "type": "array", "default": [], "shared": true}, "index": {"description": "Index of the current agent's goose in the list of geese.", "type": "integer", "minimum": 0, "defaults": [0, 1, 2, 3, 4, 5, 6, 7]}}, "reward": {"description": "The number of steps the goose has moved plus its length.", "type": ["number", "null"], "default": 0, "minimum": 0}}, "steps": [[{"action": "NORTH", "reward": 0, "info": {}, "observation": {"remainingOverageTime": 12, "step": 0, "geese": [[75], [68], [5], [20]], "food": [56, 8], "index": 0}, "status": "ACTIVE"}, {"action": "NORTH", "reward": 0, "info": {}, "observation": {"remainingOverageTime": 12, "index": 1}, "status": "ACTIVE"}, {"action": "NORTH", "reward": 0, "info": {}, "observation": {"remainingOverageTime": 12, "index": 2}, "status": "ACTIVE"}, {"action": "NORTH", "reward": 0, "info": {}, "observation": {"remainingOverageTime": 12, "index": 3}, "status": "ACTIVE"}], [{"action": "NORTH", "reward": 2, "info": {}, "observation": {"remainingOverageTime": 12, "step": 1, "geese": [[64], [67], [6], [19]], "food": [56, 8], "index": 0}, "status": "ACTIVE"}, {"action": "WEST", "reward": 2, "info": {}, "observation": {"remainingOverageTime": 12, "index": 1}, "status": "ACTIVE"}, {"action": "EAST", "reward": 2, "info": {}, "observation": {"remainingOverageTime": 12, "index": 2}, "status": "ACTIVE"}, {"action": "WEST", "reward": 2, "info": {}, "observation": {"remainingOverageTime": 12, "index": 3}, "status": "ACTIVE"}], [{"action": "EAST", "reward": 3, "info": {}, "observation": {"remainingOverageTime": 12, "step": 2, "geese": [[65], [56, 67], [7], [8, 19]], "food": [23, 73], "index": 0}, "status": "ACTIVE"}, {"action": "NORTH", "reward": 3, "info": {}, "observation": {"remainingOverageTime": 12, "index": 1}, "status": "ACTIVE"}, {"action": "EAST", "reward": 3, "info": {}, "observation": {"remainingOverageTime": 12, "index": 2}, "status": "ACTIVE"}, {"action": "NORTH", "reward": 3, "info": {}, "observation": {"remainingOverageTime": 12, "index": 3}, "status": "ACTIVE"}], [{"action": "SOUTH", "reward": 4, "info": {}, "observation": {"remainingOverageTime": 12, "step": 3, "geese": [[76], [45, 56], [73, 7], [74, 8]], "food": [23, 61], "index": 0}, "status": "ACTIVE"}, {"action": "NORTH", "reward": 5, "info": {}, "observation": {"remainingOverageTime": 12, "index": 1}, "status": "ACTIVE"}, {"action": "NORTH", "reward": 4, "info": {}, "observation": {"remainingOverageTime": 12, "index": 2}, "status": "ACTIVE"}, {"action": "NORTH", "reward": 5, "info": {}, "observation": {"remainingOverageTime": 12, "index": 3}, "status": "ACTIVE"}], [{"action": "EAST", "reward": 5, "info": {}, "observation": {"remainingOverageTime": 12, "step": 4, "geese": [[66], [34, 45], [62, 73], [63, 74]], "food": [23, 61], "index": 0}, "status": "ACTIVE"}, {"action": "NORTH", "reward": 6, "info": {}, "observation": {"remainingOverageTime": 12, "index": 1}, "status": "ACTIVE"}, {"action": "NORTH", "reward": 6, "info": {}, "observation": {"remainingOverageTime": 12, "index": 2}, "status": "ACTIVE"}, {"action": "NORTH", "reward": 6, "info": {}, "observation": {"remainingOverageTime": 12, "index": 3}, "status": "ACTIVE"}], [{"action": "EAST", "reward": 6, "info": {}, "observation": {"remainingOverageTime": 12, "step": 5, "geese": [[67], [23, 34, 45], [61, 62, 73], [52, 63]], "food": [17, 0], "index": 0}, "status": "ACTIVE"}, {"action": "NORTH", "reward": 7, "info": {}, "observation": {"remainingOverageTime": 12, "index": 1}, "status": "ACTIVE"}, {"action": "WEST", "reward": 7, "info": {}, "observation": {"remainingOverageTime": 12, "index": 2}, "status": "ACTIVE"}, {"action": "NORTH", "reward": 7, "info": {}, "observation": {"remainingOverageTime": 12, "index": 3}, "status": "ACTIVE"}], [{"action": "SOUTH", "reward": 7, "info": {}, "observation": {"remainingOverageTime": 12, "step": 6, "geese": [[1], [22, 23, 34], [72, 61, 62], [41, 52]], "food": [17, 0], "index": 0}, "status": "ACTIVE"}, {"action": "WEST", "reward": 9, "info": {}, "observation": {"remainingOverageTime": 12, "index": 1}, "status": "ACTIVE"}, {"action": "SOUTH", "reward": 9, "info": {}, "observation": {"remainingOverageTime": 12, "index": 2}, "status": "ACTIVE"}, {"action": "NORTH", "reward": 8, "info": {}, "observation": {"remainingOverageTime": 12, "index": 3}, "status": "ACTIVE"}], [{"action": "WEST", "reward": 8, "info": {}, "observation": {"remainingOverageTime": 12, "step": 7, "geese": [[0, 1], [11, 22, 23], [6, 72, 61], [40, 41]], "food": [17, 76], "index": 0}, "status": "ACTIVE"}, {"action": "NORTH", "reward": 10, "info": {}, "observation": {"remainingOverageTime": 12, "index": 1}, "status": "ACTIVE"}, {"action": "SOUTH", "reward": 10, "info": {}, "observation": {"remainingOverageTime": 12, "index": 2}, "status": "ACTIVE"}, {"action": "WEST", "reward": 9, "info": {}, "observation": {"remainingOverageTime": 12, "index": 3}, "status": "ACTIVE"}], [{"action": "WEST", "reward": 10, "info": {}, "observation": {"remainingOverageTime": 12, "step": 8, "geese": [[10, 0], [21, 11, 22], [17, 6, 72, 61], [29, 40]], "food": [76, 27], "index": 0}, "status": "ACTIVE"}, {"action": "WEST", "reward": 11, "info": {}, "observation": {"remainingOverageTime": 12, "index": 1}, "status": "ACTIVE"}, {"action": "SOUTH", "reward": 11, "info": {}, "observation": {"remainingOverageTime": 12, "index": 2}, "status": "ACTIVE"}, {"action": "NORTH", "reward": 10, "info": {}, "observation": {"remainingOverageTime": 12, "index": 3}, "status": "ACTIVE"}], [{"action": "NORTH", "reward": 11, "info": {}, "observation": {"remainingOverageTime": 12, "step": 9, "geese": [[76, 10, 0], [20, 21, 11], [16, 17, 6, 72], [30, 29]], "food": [27, 2], "index": 0}, "status": "ACTIVE"}, {"action": "WEST", "reward": 12, "info": {}, "observation": {"remainingOverageTime": 12, "index": 1}, "status": "ACTIVE"}, {"action": "WEST", "reward": 13, "info": {}, "observation": {"remainingOverageTime": 12, "index": 2}, "status": "ACTIVE"}, {"action": "EAST", "reward": 11, "info": {}, "observation": {"remainingOverageTime": 12, "index": 3}, "status": "ACTIVE"}], [{"action": "EAST", "reward": 13, "info": {}, "observation": {"remainingOverageTime": 12, "step": 10, "geese": [[66, 76, 10], [9, 20, 21], [27, 16, 17, 6, 72], [41, 30]], "food": [2, 67], "index": 0}, "status": "ACTIVE"}, {"action": "NORTH", "reward": 13, "info": {}, "observation": {"remainingOverageTime": 12, "index": 1}, "status": "ACTIVE"}, {"action": "SOUTH", "reward": 14, "info": {}, "observation": {"remainingOverageTime": 12, "index": 2}, "status": "ACTIVE"}, {"action": "SOUTH", "reward": 12, "info": {}, "observation": {"remainingOverageTime": 12, "index": 3}, "status": "ACTIVE"}], [{"action": "EAST", "reward": 14, "info": {}, "observation": {"remainingOverageTime": 12, "step": 11, "geese": [[67, 66, 76, 10], [75, 9, 20], [26, 27, 16, 17, 6], [42, 41]], "food": [2, 30], "index": 0}, "status": "ACTIVE"}, {"action": "NORTH", "reward": 14, "info": {}, "observation": {"remainingOverageTime": 12, "index": 1}, "status": "ACTIVE"}, {"action": "WEST", "reward": 16, "info": {}, "observation": {"remainingOverageTime": 12, "index": 2}, "status": "ACTIVE"}, {"action": "EAST", "reward": 13, "info": {}, "observation": {"remainingOverageTime": 12, "index": 3}, "status": "ACTIVE"}], [{"action": "SOUTH", "reward": 16, "info": {}, "observation": {"remainingOverageTime": 12, "step": 12, "geese": [[1, 67, 66, 76], [74, 75, 9], [15, 26, 27, 16, 17], [31, 42]], "food": [2, 30], "index": 0}, "status": "ACTIVE"}, {"action": "WEST", "reward": 15, "info": {}, "observation": {"remainingOverageTime": 12, "index": 1}, "status": "ACTIVE"}, {"action": "NORTH", "reward": 17, "info": {}, "observation": {"remainingOverageTime": 12, "index": 2}, "status": "ACTIVE"}, {"action": "NORTH", "reward": 14, "info": {}, "observation": {"remainingOverageTime": 12, "index": 3}, "status": "ACTIVE"}], [{"action": "EAST", "reward": 17, "info": {}, "observation": {"remainingOverageTime": 12, "step": 13, "geese": [[2, 1, 67, 66, 76], [8, 74, 75], [14, 15, 26, 27, 16], [30, 31, 42]], "food": [47, 5], "index": 0}, "status": "ACTIVE"}, {"action": "SOUTH", "reward": 16, "info": {}, "observation": {"remainingOverageTime": 12, "index": 1}, "status": "ACTIVE"}, {"action": "WEST", "reward": 18, "info": {}, "observation": {"remainingOverageTime": 12, "index": 2}, "status": "ACTIVE"}, {"action": "WEST", "reward": 15, "info": {}, "observation": {"remainingOverageTime": 12, "index": 3}, "status": "ACTIVE"}], [{"action": "NORTH", "reward": 19, "info": {}, "observation": {"remainingOverageTime": 12, "step": 14, "geese": [[68, 2, 1, 67, 66], [7, 8, 74], [25, 14, 15, 26, 27], [29, 30, 31]], "food": [47, 5], "index": 0}, "status": "ACTIVE"}, {"action": "WEST", "reward": 17, "info": {}, "observation": {"remainingOverageTime": 12, "index": 1}, "status": "ACTIVE"}, {"action": "SOUTH", "reward": 19, "info": {}, "observation": {"remainingOverageTime": 12, "index": 2}, "status": "ACTIVE"}, {"action": "WEST", "reward": 17, "info": {}, "observation": {"remainingOverageTime": 12, "index": 3}, "status": "ACTIVE"}], [{"action": "EAST", "reward": 20, "info": {}, "observation": {"remainingOverageTime": 12, "step": 15, "geese": [[69, 68, 2, 1, 67], [6, 7, 8], [36, 25, 14, 15, 26], [28, 29, 30]], "food": [47, 5], "index": 0}, "status": "ACTIVE"}, {"action": "WEST", "reward": 18, "info": {}, "observation": {"remainingOverageTime": 12, "index": 1}, "status": "ACTIVE"}, {"action": "SOUTH", "reward": 20, "info": {}, "observation": {"remainingOverageTime": 12, "index": 2}, "status": "ACTIVE"}, {"action": "WEST", "reward": 18, "info": {}, "observation": {"remainingOverageTime": 12, "index": 3}, "status": "ACTIVE"}], [{"action": "NORTH", "reward": 21, "info": {}, "observation": {"remainingOverageTime": 12, "step": 16, "geese": [[58, 69, 68, 2, 1], [5, 6, 7, 8], [47, 36, 25, 14, 15, 26], [27, 28, 29]], "food": [42, 39], "index": 0}, "status": "ACTIVE"}, {"action": "WEST", "reward": 19, "info": {}, "observation": {"remainingOverageTime": 12, "index": 1}, "status": "ACTIVE"}, {"action": "SOUTH", "reward": 21, "info": {}, "observation": {"remainingOverageTime": 12, "index": 2}, "status": "ACTIVE"}, {"action": "WEST", "reward": 19, "info": {}, "observation": {"remainingOverageTime": 12, "index": 3}, "status": "ACTIVE"}], [{"action": "EAST", "reward": 22, "info": {}, "observation": {"remainingOverageTime": 12, "step": 17, "geese": [[59, 58, 69, 68, 2], [71, 5, 6, 7], [48, 47, 36, 25, 14, 15], [38, 27, 28]], "food": [42, 39], "index": 0}, "status": "ACTIVE"}, {"action": "NORTH", "reward": 21, "info": {}, "observation": {"remainingOverageTime": 12, "index": 1}, "status": "ACTIVE"}, {"action": "EAST", "reward": 23, "info": {}, "observation": {"remainingOverageTime": 12, "index": 2}, "status": "ACTIVE"}, {"action": "SOUTH", "reward": 20, "info": {}, "observation": {"remainingOverageTime": 12, "index": 3}, "status": "ACTIVE"}], [{"action": "SOUTH", "reward": 23, "info": {}, "observation": {"remainingOverageTime": 12, "step": 18, "geese": [[70, 59, 58, 69, 68], [72, 71, 5, 6], [37, 48, 47, 36, 25, 14], [39, 38, 27, 28]], "food": [42, 10], "index": 0}, "status": "ACTIVE"}, {"action": "EAST", "reward": 22, "info": {}, "observation": {"remainingOverageTime": 12, "index": 1}, "status": "ACTIVE"}, {"action": "NORTH", "reward": 24, "info": {}, "observation": {"remainingOverageTime": 12, "index": 2}, "status": "ACTIVE"}, {"action": "EAST", "reward": 21, "info": {}, "observation": {"remainingOverageTime": 12, "index": 3}, "status": "ACTIVE"}], [{"action": "SOUTH", "reward": 24, "info": {}, "observation": {"remainingOverageTime": 12, "step": 19, "geese": [[4, 70, 59, 58, 69], [6, 72, 71, 5], [26, 37, 48, 47, 36, 25], [40, 39, 38, 27]], "food": [42, 10], "index": 0}, "status": "ACTIVE"}, {"action": "SOUTH", "reward": 23, "info": {}, "observation": {"remainingOverageTime": 12, "index": 1}, "status": "ACTIVE"}, {"action": "NORTH", "reward": 25, "info": {}, "observation": {"remainingOverageTime": 12, "index": 2}, "status": "ACTIVE"}, {"action": "EAST", "reward": 23, "info": {}, "observation": {"remainingOverageTime": 12, "index": 3}, "status": "ACTIVE"}], [{"action": "WEST", "reward": 25, "info": {}, "observation": {"remainingOverageTime": 12, "step": 20, "geese": [[3, 4, 70, 59, 58], [7, 6, 72, 71], [27, 26, 37, 48, 47, 36], [41, 40, 39, 38]], "food": [42, 10], "index": 0}, "status": "ACTIVE"}, {"action": "EAST", "reward": 24, "info": {}, "observation": {"remainingOverageTime": 12, "index": 1}, "status": "ACTIVE"}, {"action": "EAST", "reward": 26, "info": {}, "observation": {"remainingOverageTime": 12, "index": 2}, "status": "ACTIVE"}, {"action": "EAST", "reward": 24, "info": {}, "observation": {"remainingOverageTime": 12, "index": 3}, "status": "ACTIVE"}], [{"action": "WEST", "reward": 26, "info": {}, "observation": {"remainingOverageTime": 12, "step": 21, "geese": [[2, 3, 4, 70, 59], [8, 7, 6, 72], [28, 27, 26, 37, 48, 47], [42, 41, 40, 39, 38]], "food": [10, 12], "index": 0}, "status": "ACTIVE"}, {"action": "EAST", "reward": 25, "info": {}, "observation": {"remainingOverageTime": 12, "index": 1}, "status": "ACTIVE"}, {"action": "EAST", "reward": 27, "info": {}, "observation": {"remainingOverageTime": 12, "index": 2}, "status": "ACTIVE"}, {"action": "EAST", "reward": 25, "info": {}, "observation": {"remainingOverageTime": 12, "index": 3}, "status": "ACTIVE"}], [{"action": "SOUTH", "reward": 27, "info": {}, "observation": {"remainingOverageTime": 12, "step": 22, "geese": [[13, 2, 3, 4, 70], [9, 8, 7, 6], [29, 28, 27, 26, 37, 48], [43, 42, 41, 40, 39]], "food": [10, 12], "index": 0}, "status": "ACTIVE"}, {"action": "EAST", "reward": 26, "info": {}, "observation": {"remainingOverageTime": 12, "index": 1}, "status": "ACTIVE"}, {"action": "EAST", "reward": 28, "info": {}, "observation": {"remainingOverageTime": 12, "index": 2}, "status": "ACTIVE"}, {"action": "EAST", "reward": 27, "info": {}, "observation": {"remainingOverageTime": 12, "index": 3}, "status": "ACTIVE"}], [{"action": "WEST", "reward": 28, "info": {}, "observation": {"remainingOverageTime": 12, "step": 23, "geese": [[12, 13, 2, 3, 4, 70], [10, 9, 8, 7, 6], [30, 29, 28, 27, 26, 37], [32, 43, 42, 41, 40]], "food": [69, 62], "index": 0}, "status": "ACTIVE"}, {"action": "EAST", "reward": 27, "info": {}, "observation": {"remainingOverageTime": 12, "index": 1}, "status": "ACTIVE"}, {"action": "EAST", "reward": 29, "info": {}, "observation": {"remainingOverageTime": 12, "index": 2}, "status": "ACTIVE"}, {"action": "NORTH", "reward": 28, "info": {}, "observation": {"remainingOverageTime": 12, "index": 3}, "status": "ACTIVE"}], [{"action": "NORTH", "reward": 30, "info": {}, "observation": {"remainingOverageTime": 12, "step": 24, "geese": [[1, 12, 13, 2, 3, 4], [76, 10, 9, 8, 7], [19, 30, 29, 28, 27, 26], [22, 32, 43, 42, 41]], "food": [69, 62], "index": 0}, "status": "ACTIVE"}, {"action": "NORTH", "reward": 29, "info": {}, "observation": {"remainingOverageTime": 12, "index": 1}, "status": "ACTIVE"}, {"action": "NORTH", "reward": 30, "info": {}, "observation": {"remainingOverageTime": 12, "index": 2}, "status": "ACTIVE"}, {"action": "EAST", "reward": 29, "info": {}, "observation": {"remainingOverageTime": 12, "index": 3}, "status": "ACTIVE"}], [{"action": "NORTH", "reward": 31, "info": {}, "observation": {"remainingOverageTime": 12, "step": 25, "geese": [[67, 1, 12, 13, 2, 3], [75, 76, 10, 9, 8], [18, 19, 30, 29, 28, 27], [11, 22, 32, 43, 42]], "food": [69, 62], "index": 0}, "status": "ACTIVE"}, {"action": "WEST", "reward": 30, "info": {}, "observation": {"remainingOverageTime": 12, "index": 1}, "status": "ACTIVE"}, {"action": "WEST", "reward": 31, "info": {}, "observation": {"remainingOverageTime": 12, "index": 2}, "status": "ACTIVE"}, {"action": "NORTH", "reward": 30, "info": {}, "observation": {"remainingOverageTime": 12, "index": 3}, "status": "ACTIVE"}], [{"action": "EAST", "reward": 32, "info": {}, "observation": {"remainingOverageTime": 12, "step": 26, "geese": [[68, 67, 1, 12, 13, 2], [64, 75, 76, 10, 9], [7, 18, 19, 30, 29, 28], [0, 11, 22, 32, 43]], "food": [69, 62], "index": 0}, "status": "ACTIVE"}, {"action": "NORTH", "reward": 31, "info": {}, "observation": {"remainingOverageTime": 12, "index": 1}, "status": "ACTIVE"}, {"action": "NORTH", "reward": 32, "info": {}, "observation": {"remainingOverageTime": 12, "index": 2}, "status": "ACTIVE"}, {"action": "NORTH", "reward": 31, "info": {}, "observation": {"remainingOverageTime": 12, "index": 3}, "status": "ACTIVE"}], [{"action": "EAST", "reward": 33, "info": {}, "observation": {"remainingOverageTime": 12, "step": 27, "geese": [[69, 68, 67, 1, 12, 13, 2], [63, 64, 75, 76, 10], [73, 7, 18, 19, 30, 29], [66, 0, 11, 22, 32]], "food": [62, 74], "index": 0}, "status": "ACTIVE"}, {"action": "WEST", "reward": 32, "info": {}, "observation": {"remainingOverageTime": 12, "index": 1}, "status": "ACTIVE"}, {"action": "NORTH", "reward": 33, "info": {}, "observation": {"remainingOverageTime": 12, "index": 2}, "status": "ACTIVE"}, {"action": "NORTH", "reward": 32, "info": {}, "observation": {"remainingOverageTime": 12, "index": 3}, "status": "ACTIVE"}], [{"action": "EAST", "reward": 35, "info": {}, "observation": {"remainingOverageTime": 12, "step": 28, "geese": [[70, 69, 68, 67, 1, 12, 13], [52, 63, 64, 75, 76], [72, 73, 7, 18, 19, 30], [55, 66, 0, 11, 22]], "food": [62, 74], "index": 0}, "status": "ACTIVE"}, {"action": "NORTH", "reward": 33, "info": {}, "observation": {"remainingOverageTime": 12, "index": 1}, "status": "ACTIVE"}, {"action": "WEST", "reward": 34, "info": {}, "observation": {"remainingOverageTime": 12, "index": 2}, "status": "ACTIVE"}, {"action": "NORTH", "reward": 33, "info": {}, "observation": {"remainingOverageTime": 12, "index": 3}, "status": "ACTIVE"}], [{"action": "NORTH", "reward": 36, "info": {}, "observation": {"remainingOverageTime": 12, "step": 29, "geese": [[59, 70, 69, 68, 67, 1, 12], [51, 52, 63, 64, 75], [61, 72, 73, 7, 18, 19], [65, 55, 66, 0, 11]], "food": [62, 74], "index": 0}, "status": "ACTIVE"}, {"action": "WEST", "reward": 34, "info": {}, "observation": {"remainingOverageTime": 12, "index": 1}, "status": "ACTIVE"}, {"action": "NORTH", "reward": 35, "info": {}, "observation": {"remainingOverageTime": 12, "index": 2}, "status": "ACTIVE"}, {"action": "WEST", "reward": 34, "info": {}, "observation": {"remainingOverageTime": 12, "index": 3}, "status": "ACTIVE"}], [{"action": "NORTH", "reward": 37, "info": {}, "observation": {"remainingOverageTime": 12, "step": 30, "geese": [[48, 59, 70, 69, 68, 67, 1], [40, 51, 52, 63, 64], [62, 61, 72, 73, 7, 18, 19], [76, 65, 55, 66, 0]], "food": [74, 74], "index": 0}, "status": "ACTIVE"}, {"action": "NORTH", "reward": 35, "info": {}, "observation": {"remainingOverageTime": 12, "index": 1}, "status": "ACTIVE"}, {"action": "EAST", "reward": 36, "info": {}, "observation": {"remainingOverageTime": 12, "index": 2}, "status": "ACTIVE"}, {"action": "SOUTH", "reward": 35, "info": {}, "observation": {"remainingOverageTime": 12, "index": 3}, "status": "ACTIVE"}], [{"action": "EAST", "reward": 38, "info": {}, "observation": {"remainingOverageTime": 12, "step": 31, "geese": [[49, 48, 59, 70, 69, 68, 67], [41, 40, 51, 52, 63], [], [75, 76, 65, 55, 66]], "food": [74, 74], "index": 0}, "status": "ACTIVE"}, {"action": "EAST", "reward": 36, "info": {}, "observation": {"remainingOverageTime": 12, "index": 1}, "status": "ACTIVE"}, {"action": "SOUTH", "reward": 38, "info": {}, "observation": {"remainingOverageTime": 12, "index": 2}, "status": "DONE"}, {"action": "WEST", "reward": 36, "info": {}, "observation": {"remainingOverageTime": 12, "index": 3}, "status": "ACTIVE"}], [{"action": "EAST", "reward": 39, "info": {}, "observation": {"remainingOverageTime": 12, "step": 32, "geese": [[50, 49, 48, 59, 70, 69, 68], [30, 41, 40, 51, 52], [], [74, 75, 76, 65, 55, 66]], "food": [74, 11], "index": 0}, "status": "ACTIVE"}, {"action": "NORTH", "reward": 37, "info": {}, "observation": {"remainingOverageTime": 12, "index": 1}, "status": "ACTIVE"}, {"action": "NORTH", "reward": 38, "info": {}, "observation": {"remainingOverageTime": 12, "index": 2}, "status": "DONE"}, {"action": "WEST", "reward": 37, "info": {}, "observation": {"remainingOverageTime": 12, "index": 3}, "status": "ACTIVE"}], [{"action": "NORTH", "reward": 40, "info": {}, "observation": {"remainingOverageTime": 12, "step": 33, "geese": [[39, 50, 49, 48, 59, 70, 69], [19, 30, 41, 40, 51], [], [8, 74, 75, 76, 65, 55]], "food": [74, 11], "index": 0}, "status": "ACTIVE"}, {"action": "NORTH", "reward": 38, "info": {}, "observation": {"remainingOverageTime": 12, "index": 1}, "status": "ACTIVE"}, {"action": "NORTH", "reward": 38, "info": {}, "observation": {"remainingOverageTime": 12, "index": 2}, "status": "DONE"}, {"action": "SOUTH", "reward": 39, "info": {}, "observation": {"remainingOverageTime": 12, "index": 3}, "status": "ACTIVE"}], [{"action": "NORTH", "reward": 41, "info": {}, "observation": {"remainingOverageTime": 12, "step": 34, "geese": [[28, 39, 50, 49, 48, 59, 70], [20, 19, 30, 41, 40], [], [9, 8, 74, 75, 76, 65]], "food": [74, 11], "index": 0}, "status": "ACTIVE"}, {"action": "EAST", "reward": 39, "info": {}, "observation": {"remainingOverageTime": 12, "index": 1}, "status": "ACTIVE"}, {"action": "NORTH", "reward": 38, "info": {}, "observation": {"remainingOverageTime": 12, "index": 2}, "status": "DONE"}, {"action": "EAST", "reward": 40, "info": {}, "observation": {"remainingOverageTime": 12, "index": 3}, "status": "ACTIVE"}], [{"action": "WEST", "reward": 42, "info": {}, "observation": {"remainingOverageTime": 12, "step": 35, "geese": [[27, 28, 39, 50, 49, 48, 59], [21, 20, 19, 30, 41], [], [10, 9, 8, 74, 75, 76]], "food": [74, 11], "index": 0}, "status": "ACTIVE"}, {"action": "EAST", "reward": 40, "info": {}, "observation": {"remainingOverageTime": 12, "index": 1}, "status": "ACTIVE"}, {"action": "NORTH", "reward": 38, "info": {}, "observation": {"remainingOverageTime": 12, "index": 2}, "status": "DONE"}, {"action": "EAST", "reward": 41, "info": {}, "observation": {"remainingOverageTime": 12, "index": 3}, "status": "ACTIVE"}], [{"action": "NORTH", "reward": 43, "info": {}, "observation": {"remainingOverageTime": 12, "step": 36, "geese": [[16, 27, 28, 39, 50, 49, 48], [11, 21, 20, 19, 30, 41], [], [0, 10, 9, 8, 74, 75]], "food": [74, 66], "index": 0}, "status": "ACTIVE"}, {"action": "EAST", "reward": 41, "info": {}, "observation": {"remainingOverageTime": 12, "index": 1}, "status": "ACTIVE"}, {"action": "NORTH", "reward": 38, "info": {}, "observation": {"remainingOverageTime": 12, "index": 2}, "status": "DONE"}, {"action": "EAST", "reward": 42, "info": {}, "observation": {"remainingOverageTime": 12, "index": 3}, "status": "ACTIVE"}], [{"action": "NORTH", "reward": 44, "info": {}, "observation": {"remainingOverageTime": 12, "step": 37, "geese": [[5, 16, 27, 28, 39, 50, 49], [12, 11, 21, 20, 19, 30], [], [66, 0, 10, 9, 8, 74, 75]], "food": [74, 59], "index": 0}, "status": "ACTIVE"}, {"action": "EAST", "reward": 43, "info": {}, "observation": {"remainingOverageTime": 12, "index": 1}, "status": "ACTIVE"}, {"action": "NORTH", "reward": 38, "info": {}, "observation": {"remainingOverageTime": 12, "index": 2}, "status": "DONE"}, {"action": "NORTH", "reward": 43, "info": {}, "observation": {"remainingOverageTime": 12, "index": 3}, "status": "ACTIVE"}], [{"action": "NORTH", "reward": 45, "info": {}, "observation": {"remainingOverageTime": 12, "step": 38, "geese": [[71, 5, 16, 27, 28, 39, 50], [13, 12, 11, 21, 20, 19], [], [67, 66, 0, 10, 9, 8, 74]], "food": [74, 59], "index": 0}, "status": "ACTIVE"}, {"action": "EAST", "reward": 44, "info": {}, "observation": {"remainingOverageTime": 12, "index": 1}, "status": "ACTIVE"}, {"action": "NORTH", "reward": 38, "info": {}, "observation": {"remainingOverageTime": 12, "index": 2}, "status": "DONE"}, {"action": "EAST", "reward": 45, "info": {}, "observation": {"remainingOverageTime": 12, "index": 3}, "status": "ACTIVE"}], [{"action": "WEST", "reward": 46, "info": {}, "observation": {"remainingOverageTime": 12, "step": 39, "geese": [[70, 71, 5, 16, 27, 28, 39], [14, 13, 12, 11, 21, 20], [], [56, 67, 66, 0, 10, 9, 8]], "food": [74, 59], "index": 0}, "status": "ACTIVE"}, {"action": "EAST", "reward": 45, "info": {}, "observation": {"remainingOverageTime": 12, "index": 1}, "status": "ACTIVE"}, {"action": "NORTH", "reward": 38, "info": {}, "observation": {"remainingOverageTime": 12, "index": 2}, "status": "DONE"}, {"action": "NORTH", "reward": 46, "info": {}, "observation": {"remainingOverageTime": 12, "index": 3}, "status": "ACTIVE"}], [{"action": "NORTH", "reward": 47, "info": {}, "observation": {"remainingOverageTime": 12, "step": 40, "geese": [[59, 70, 71, 5, 16, 27, 28], [3, 14, 13, 12, 11], [], [57, 56, 67, 66, 0, 10]], "food": [74, 17], "index": 0}, "status": "ACTIVE"}, {"action": "NORTH", "reward": 46, "info": {}, "observation": {"remainingOverageTime": 12, "index": 1}, "status": "ACTIVE"}, {"action": "NORTH", "reward": 38, "info": {}, "observation": {"remainingOverageTime": 12, "index": 2}, "status": "DONE"}, {"action": "EAST", "reward": 47, "info": {}, "observation": {"remainingOverageTime": 12, "index": 3}, "status": "ACTIVE"}], [{"action": "EAST", "reward": 48, "info": {}, "observation": {"remainingOverageTime": 12, "step": 41, "geese": [[60, 59, 70, 71, 5, 16, 27], [4, 3, 14, 13, 12], [], [46, 57, 56, 67, 66, 0]], "food": [74, 17], "index": 0}, "status": "ACTIVE"}, {"action": "EAST", "reward": 46, "info": {}, "observation": {"remainingOverageTime": 12, "index": 1}, "status": "ACTIVE"}, {"action": "NORTH", "reward": 38, "info": {}, "observation": {"remainingOverageTime": 12, "index": 2}, "status": "DONE"}, {"action": "NORTH", "reward": 47, "info": {}, "observation": {"remainingOverageTime": 12, "index": 3}, "status": "ACTIVE"}], [{"action": "EAST", "reward": 49, "info": {}, "observation": {"remainingOverageTime": 12, "step": 42, "geese": [[61, 60, 59, 70, 71, 5, 16], [15, 4, 3, 14, 13], [], [35, 46, 57, 56, 67, 66]], "food": [74, 17], "index": 0}, "status": "ACTIVE"}, {"action": "SOUTH", "reward": 47, "info": {}, "observation": {"remainingOverageTime": 12, "index": 1}, "status": "ACTIVE"}, {"action": "NORTH", "reward": 38, "info": {}, "observation": {"remainingOverageTime": 12, "index": 2}, "status": "DONE"}, {"action": "NORTH", "reward": 48, "info": {}, "observation": {"remainingOverageTime": 12, "index": 3}, "status": "ACTIVE"}], [{"action": "EAST", "reward": 50, "info": {}, "observation": {"remainingOverageTime": 12, "step": 43, "geese": [[62, 61, 60, 59, 70, 71, 5], [16, 15, 4, 3, 14], [], [36, 35, 46, 57, 56, 67]], "food": [74, 17], "index": 0}, "status": "ACTIVE"}, {"action": "EAST", "reward": 48, "info": {}, "observation": {"remainingOverageTime": 12, "index": 1}, "status": "ACTIVE"}, {"action": "NORTH", "reward": 38, "info": {}, "observation": {"remainingOverageTime": 12, "index": 2}, "status": "DONE"}, {"action": "EAST", "reward": 49, "info": {}, "observation": {"remainingOverageTime": 12, "index": 3}, "status": "ACTIVE"}], [{"action": "SOUTH", "reward": 51, "info": {}, "observation": {"remainingOverageTime": 12, "step": 44, "geese": [[73, 62, 61, 60, 59, 70, 71], [17, 16, 15, 4, 3, 14], [], [37, 36, 35, 46, 57, 56]], "food": [74, 66], "index": 0}, "status": "ACTIVE"}, {"action": "EAST", "reward": 49, "info": {}, "observation": {"remainingOverageTime": 12, "index": 1}, "status": "ACTIVE"}, {"action": "NORTH", "reward": 38, "info": {}, "observation": {"remainingOverageTime": 12, "index": 2}, "status": "DONE"}, {"action": "EAST", "reward": 50, "info": {}, "observation": {"remainingOverageTime": 12, "index": 3}, "status": "ACTIVE"}], [{"action": "EAST", "reward": 52, "info": {}, "observation": {"remainingOverageTime": 12, "step": 45, "geese": [[74, 73, 62, 61, 60, 59, 70, 71], [6, 17, 16, 15, 4, 3], [], [48, 37, 36, 35, 46, 57]], "food": [66, 50], "index": 0}, "status": "ACTIVE"}, {"action": "NORTH", "reward": 51, "info": {}, "observation": {"remainingOverageTime": 12, "index": 1}, "status": "ACTIVE"}, {"action": "NORTH", "reward": 38, "info": {}, "observation": {"remainingOverageTime": 12, "index": 2}, "status": "DONE"}, {"action": "SOUTH", "reward": 51, "info": {}, "observation": {"remainingOverageTime": 12, "index": 3}, "status": "ACTIVE"}], [{"action": "EAST", "reward": 54, "info": {}, "observation": {"remainingOverageTime": 12, "step": 46, "geese": [[75, 74, 73, 62, 61, 60, 59, 70], [7, 6, 17, 16, 15, 4], [], [49, 48, 37, 36, 35, 46]], "food": [66, 50], "index": 0}, "status": "ACTIVE"}, {"action": "EAST", "reward": 52, "info": {}, "observation": {"remainingOverageTime": 12, "index": 1}, "status": "ACTIVE"}, {"action": "NORTH", "reward": 38, "info": {}, "observation": {"remainingOverageTime": 12, "index": 2}, "status": "DONE"}, {"action": "EAST", "reward": 52, "info": {}, "observation": {"remainingOverageTime": 12, "index": 3}, "status": "ACTIVE"}], [{"action": "EAST", "reward": 55, "info": {}, "observation": {"remainingOverageTime": 12, "step": 47, "geese": [[76, 75, 74, 73, 62, 61, 60, 59], [8, 7, 6, 17, 16, 15], [], [50, 49, 48, 37, 36, 35, 46]], "food": [66, 65], "index": 0}, "status": "ACTIVE"}, {"action": "EAST", "reward": 53, "info": {}, "observation": {"remainingOverageTime": 12, "index": 1}, "status": "ACTIVE"}, {"action": "NORTH", "reward": 38, "info": {}, "observation": {"remainingOverageTime": 12, "index": 2}, "status": "DONE"}, {"action": "EAST", "reward": 53, "info": {}, "observation": {"remainingOverageTime": 12, "index": 3}, "status": "ACTIVE"}], [{"action": "NORTH", "reward": 56, "info": {}, "observation": {"remainingOverageTime": 12, "step": 48, "geese": [[65, 76, 75, 74, 73, 62, 61, 60, 59], [9, 8, 7, 6, 17, 16], [], [51, 50, 49, 48, 37, 36, 35]], "food": [66, 3], "index": 0}, "status": "ACTIVE"}, {"action": "EAST", "reward": 54, "info": {}, "observation": {"remainingOverageTime": 12, "index": 1}, "status": "ACTIVE"}, {"action": "NORTH", "reward": 38, "info": {}, "observation": {"remainingOverageTime": 12, "index": 2}, "status": "DONE"}, {"action": "EAST", "reward": 55, "info": {}, "observation": {"remainingOverageTime": 12, "index": 3}, "status": "ACTIVE"}], [{"action": "EAST", "reward": 58, "info": {}, "observation": {"remainingOverageTime": 12, "step": 49, "geese": [[55, 65, 76, 75, 74, 73, 62, 61, 60], [10, 9, 8, 7, 6, 17], [], [52, 51, 50, 49, 48, 37, 36]], "food": [66, 3], "index": 0}, "status": "ACTIVE"}, {"action": "EAST", "reward": 55, "info": {}, "observation": {"remainingOverageTime": 12, "index": 1}, "status": "ACTIVE"}, {"action": "NORTH", "reward": 38, "info": {}, "observation": {"remainingOverageTime": 12, "index": 2}, "status": "DONE"}, {"action": "EAST", "reward": 56, "info": {}, "observation": {"remainingOverageTime": 12, "index": 3}, "status": "ACTIVE"}], [{"action": "SOUTH", "reward": 59, "info": {}, "observation": {"remainingOverageTime": 12, "step": 50, "geese": [[66, 55, 65, 76, 75, 74, 73, 62, 61, 60], [0, 10, 9, 8, 7, 6], [], [53, 52, 51, 50, 49, 48, 37]], "food": [3, 45], "index": 0}, "status": "ACTIVE"}, {"action": "EAST", "reward": 56, "info": {}, "observation": {"remainingOverageTime": 12, "index": 1}, "status": "ACTIVE"}, {"action": "NORTH", "reward": 38, "info": {}, "observation": {"remainingOverageTime": 12, "index": 2}, "status": "DONE"}, {"action": "EAST", "reward": 57, "info": {}, "observation": {"remainingOverageTime": 12, "index": 3}, "status": "ACTIVE"}], [{"action": "EAST", "reward": 61, "info": {}, "observation": {"remainingOverageTime": 12, "step": 51, "geese": [[67, 66, 55, 65, 76, 75, 74, 73, 62, 61], [1, 0, 10, 9, 8, 7], [], [54, 53, 52, 51, 50, 49, 48]], "food": [3, 45], "index": 0}, "status": "ACTIVE"}, {"action": "EAST", "reward": 57, "info": {}, "observation": {"remainingOverageTime": 12, "index": 1}, "status": "ACTIVE"}, {"action": "NORTH", "reward": 38, "info": {}, "observation": {"remainingOverageTime": 12, "index": 2}, "status": "DONE"}, {"action": "EAST", "reward": 58, "info": {}, "observation": {"remainingOverageTime": 12, "index": 3}, "status": "ACTIVE"}], [{"action": "NORTH", "reward": 62, "info": {}, "observation": {"remainingOverageTime": 12, "step": 52, "geese": [[56, 67, 66, 55, 65, 76, 75, 74, 73, 62], [2, 1, 0, 10, 9, 8], [], [44, 54, 53, 52, 51, 50, 49]], "food": [3, 45], "index": 0}, "status": "ACTIVE"}, {"action": "EAST", "reward": 58, "info": {}, "observation": {"remainingOverageTime": 12, "index": 1}, "status": "ACTIVE"}, {"action": "NORTH", "reward": 38, "info": {}, "observation": {"remainingOverageTime": 12, "index": 2}, "status": "DONE"}, {"action": "EAST", "reward": 59, "info": {}, "observation": {"remainingOverageTime": 12, "index": 3}, "status": "ACTIVE"}], [{"action": "EAST", "reward": 63, "info": {}, "observation": {"remainingOverageTime": 12, "step": 53, "geese": [[57, 56, 67, 66, 55, 65, 76, 75, 74, 73], [3, 2, 1, 0, 10, 9, 8], [], [33, 44, 54, 53, 52, 51, 50]], "food": [45, 60], "index": 0}, "status": "ACTIVE"}, {"action": "EAST", "reward": 59, "info": {}, "observation": {"remainingOverageTime": 12, "index": 1}, "status": "ACTIVE"}, {"action": "NORTH", "reward": 38, "info": {}, "observation": {"remainingOverageTime": 12, "index": 2}, "status": "DONE"}, {"action": "NORTH", "reward": 60, "info": {}, "observation": {"remainingOverageTime": 12, "index": 3}, "status": "ACTIVE"}], [{"action": "NORTH", "reward": 64, "info": {}, "observation": {"remainingOverageTime": 12, "step": 54, "geese": [[46, 57, 56, 67, 66, 55, 65, 76, 75, 74], [69, 3, 2, 1, 0, 10, 9], [], [34, 33, 44, 54, 53, 52, 51]], "food": [45, 60], "index": 0}, "status": "ACTIVE"}, {"action": "NORTH", "reward": 61, "info": {}, "observation": {"remainingOverageTime": 12, "index": 1}, "status": "ACTIVE"}, {"action": "NORTH", "reward": 38, "info": {}, "observation": {"remainingOverageTime": 12, "index": 2}, "status": "DONE"}, {"action": "EAST", "reward": 61, "info": {}, "observation": {"remainingOverageTime": 12, "index": 3}, "status": "ACTIVE"}], [{"action": "EAST", "reward": 65, "info": {}, "observation": {"remainingOverageTime": 12, "step": 55, "geese": [[47, 46, 57, 56, 67, 66, 55, 65, 76, 75], [70, 69, 3, 2, 1, 0, 10], [], [23, 34, 33, 44, 54, 53, 52]], "food": [45, 60], "index": 0}, "status": "ACTIVE"}, {"action": "EAST", "reward": 62, "info": {}, "observation": {"remainingOverageTime": 12, "index": 1}, "status": "ACTIVE"}, {"action": "NORTH", "reward": 38, "info": {}, "observation": {"remainingOverageTime": 12, "index": 2}, "status": "DONE"}, {"action": "NORTH", "reward": 62, "info": {}, "observation": {"remainingOverageTime": 12, "index": 3}, "status": "ACTIVE"}], [{"action": "EAST", "reward": 66, "info": {}, "observation": {"remainingOverageTime": 12, "step": 56, "geese": [[48, 47, 46, 57, 56, 67, 66, 55, 65, 76], [59, 70, 69, 3, 2, 1, 0], [], [24, 23, 34, 33, 44, 54, 53]], "food": [45, 60], "index": 0}, "status": "ACTIVE"}, {"action": "NORTH", "reward": 63, "info": {}, "observation": {"remainingOverageTime": 12, "index": 1}, "status": "ACTIVE"}, {"action": "NORTH", "reward": 38, "info": {}, "observation": {"remainingOverageTime": 12, "index": 2}, "status": "DONE"}, {"action": "EAST", "reward": 63, "info": {}, "observation": {"remainingOverageTime": 12, "index": 3}, "status": "ACTIVE"}], [{"action": "EAST", "reward": 67, "info": {}, "observation": {"remainingOverageTime": 12, "step": 57, "geese": [[49, 48, 47, 46, 57, 56, 67, 66, 55, 65], [60, 59, 70, 69, 3, 2, 1, 0], [], [35, 24, 23, 34, 33, 44, 54]], "food": [45, 36], "index": 0}, "status": "ACTIVE"}, {"action": "EAST", "reward": 64, "info": {}, "observation": {"remainingOverageTime": 12, "index": 1}, "status": "ACTIVE"}, {"action": "NORTH", "reward": 38, "info": {}, "observation": {"remainingOverageTime": 12, "index": 2}, "status": "DONE"}, {"action": "SOUTH", "reward": 64, "info": {}, "observation": {"remainingOverageTime": 12, "index": 3}, "status": "ACTIVE"}], [{"action": "NORTH", "reward": 68, "info": {}, "observation": {"remainingOverageTime": 12, "step": 58, "geese": [[38, 49, 48, 47, 46, 57, 56, 67, 66, 55], [61, 60, 59, 70, 69, 3, 2, 1], [], [36, 35, 24, 23, 34, 33, 44, 54]], "food": [45, 17], "index": 0}, "status": "ACTIVE"}, {"action": "EAST", "reward": 66, "info": {}, "observation": {"remainingOverageTime": 12, "index": 1}, "status": "ACTIVE"}, {"action": "NORTH", "reward": 38, "info": {}, "observation": {"remainingOverageTime": 12, "index": 2}, "status": "DONE"}, {"action": "EAST", "reward": 65, "info": {}, "observation": {"remainingOverageTime": 12, "index": 3}, "status": "ACTIVE"}], [{"action": "NORTH", "reward": 69, "info": {}, "observation": {"remainingOverageTime": 12, "step": 59, "geese": [[27, 38, 49, 48, 47, 46, 57, 56, 67, 66], [72, 61, 60, 59, 70, 69, 3, 2], [], [25, 36, 35, 24, 23, 34, 33, 44]], "food": [45, 17], "index": 0}, "status": "ACTIVE"}, {"action": "SOUTH", "reward": 67, "info": {}, "observation": {"remainingOverageTime": 12, "index": 1}, "status": "ACTIVE"}, {"action": "NORTH", "reward": 38, "info": {}, "observation": {"remainingOverageTime": 12, "index": 2}, "status": "DONE"}, {"action": "NORTH", "reward": 67, "info": {}, "observation": {"remainingOverageTime": 12, "index": 3}, "status": "ACTIVE"}], [{"action": "NORTH", "reward": 70, "info": {}, "observation": {"remainingOverageTime": 12, "step": 60, "geese": [[16, 27, 38, 49, 48, 47, 46, 57, 56, 67], [6, 72, 61, 60, 59, 70, 69, 3], [], [14, 25, 36, 35, 24, 23, 34, 33]], "food": [45, 17], "index": 0}, "status": "ACTIVE"}, {"action": "SOUTH", "reward": 68, "info": {}, "observation": {"remainingOverageTime": 12, "index": 1}, "status": "ACTIVE"}, {"action": "NORTH", "reward": 38, "info": {}, "observation": {"remainingOverageTime": 12, "index": 2}, "status": "DONE"}, {"action": "NORTH", "reward": 68, "info": {}, "observation": {"remainingOverageTime": 12, "index": 3}, "status": "ACTIVE"}], [{"action": "NORTH", "reward": 71, "info": {}, "observation": {"remainingOverageTime": 12, "step": 61, "geese": [[5, 16, 27, 38, 49, 48, 47, 46, 57, 56], [7, 6, 72, 61, 60, 59, 70, 69], [], [13, 14, 25, 36, 35, 24, 23, 34]], "food": [45, 17], "index": 0}, "status": "ACTIVE"}, {"action": "EAST", "reward": 69, "info": {}, "observation": {"remainingOverageTime": 12, "index": 1}, "status": "ACTIVE"}, {"action": "NORTH", "reward": 38, "info": {}, "observation": {"remainingOverageTime": 12, "index": 2}, "status": "DONE"}, {"action": "WEST", "reward": 69, "info": {}, "observation": {"remainingOverageTime": 12, "index": 3}, "status": "ACTIVE"}], [{"action": "WEST", "reward": 72, "info": {}, "observation": {"remainingOverageTime": 12, "step": 62, "geese": [[4, 5, 16, 27, 38, 49, 48, 47, 46, 57], [18, 7, 6, 72, 61, 60, 59, 70], [], [12, 13, 14, 25, 36, 35, 24, 23]], "food": [45, 17], "index": 0}, "status": "ACTIVE"}, {"action": "SOUTH", "reward": 70, "info": {}, "observation": {"remainingOverageTime": 12, "index": 1}, "status": "ACTIVE"}, {"action": "NORTH", "reward": 38, "info": {}, "observation": {"remainingOverageTime": 12, "index": 2}, "status": "DONE"}, {"action": "WEST", "reward": 70, "info": {}, "observation": {"remainingOverageTime": 12, "index": 3}, "status": "ACTIVE"}], [{"action": "WEST", "reward": 73, "info": {}, "observation": {"remainingOverageTime": 12, "step": 63, "geese": [[3, 4, 5, 16, 27, 38, 49, 48, 47, 46], [17, 18, 7, 6, 72, 61, 60, 59, 70], [], [23, 12, 13, 14, 25, 36, 35, 24]], "food": [45, 28], "index": 0}, "status": "ACTIVE"}, {"action": "WEST", "reward": 71, "info": {}, "observation": {"remainingOverageTime": 12, "index": 1}, "status": "ACTIVE"}, {"action": "NORTH", "reward": 38, "info": {}, "observation": {"remainingOverageTime": 12, "index": 2}, "status": "DONE"}, {"action": "SOUTH", "reward": 71, "info": {}, "observation": {"remainingOverageTime": 12, "index": 3}, "status": "ACTIVE"}], [{"action": "NORTH", "reward": 74, "info": {}, "observation": {"remainingOverageTime": 12, "step": 64, "geese": [[69, 3, 4, 5, 16, 27, 38, 49, 48, 47], [28, 17, 18, 7, 6, 72, 61, 60, 59, 70], [], [34, 23, 12, 13, 14, 25, 36, 35]], "food": [45, 74], "index": 0}, "status": "ACTIVE"}, {"action": "SOUTH", "reward": 73, "info": {}, "observation": {"remainingOverageTime": 12, "index": 1}, "status": "ACTIVE"}, {"action": "NORTH", "reward": 38, "info": {}, "observation": {"remainingOverageTime": 12, "index": 2}, "status": "DONE"}, {"action": "SOUTH", "reward": 72, "info": {}, "observation": {"remainingOverageTime": 12, "index": 3}, "status": "ACTIVE"}], [{"action": "WEST", "reward": 75, "info": {}, "observation": {"remainingOverageTime": 12, "step": 65, "geese": [[68, 69, 3, 4, 5, 16, 27, 38, 49, 48], [29, 28, 17, 18, 7, 6, 72, 61, 60, 59], [], [45, 34, 23, 12, 13, 14, 25, 36, 35]], "food": [74, 8], "index": 0}, "status": "ACTIVE"}, {"action": "EAST", "reward": 75, "info": {}, "observation": {"remainingOverageTime": 12, "index": 1}, "status": "ACTIVE"}, {"action": "NORTH", "reward": 38, "info": {}, "observation": {"remainingOverageTime": 12, "index": 2}, "status": "DONE"}, {"action": "SOUTH", "reward": 73, "info": {}, "observation": {"remainingOverageTime": 12, "index": 3}, "status": "ACTIVE"}], [{"action": "WEST", "reward": 76, "info": {}, "observation": {"remainingOverageTime": 12, "step": 66, "geese": [[67, 68, 69, 3, 4, 5, 16, 27, 38, 49], [30, 29, 28, 17, 18, 7, 6, 72, 61, 60], [], [56, 45, 34, 23, 12, 13, 14, 25, 36]], "food": [74, 8], "index": 0}, "status": "ACTIVE"}, {"action": "EAST", "reward": 76, "info": {}, "observation": {"remainingOverageTime": 12, "index": 1}, "status": "ACTIVE"}, {"action": "NORTH", "reward": 38, "info": {}, "observation": {"remainingOverageTime": 12, "index": 2}, "status": "DONE"}, {"action": "SOUTH", "reward": 75, "info": {}, "observation": {"remainingOverageTime": 12, "index": 3}, "status": "ACTIVE"}], [{"action": "WEST", "reward": 77, "info": {}, "observation": {"remainingOverageTime": 12, "step": 67, "geese": [[66, 67, 68, 69, 3, 4, 5, 16, 27, 38], [19, 30, 29, 28, 17, 18, 7, 6, 72, 61], [], [55, 56, 45, 34, 23, 12, 13, 14, 25]], "food": [74, 8], "index": 0}, "status": "ACTIVE"}, {"action": "NORTH", "reward": 77, "info": {}, "observation": {"remainingOverageTime": 12, "index": 1}, "status": "ACTIVE"}, {"action": "NORTH", "reward": 38, "info": {}, "observation": {"remainingOverageTime": 12, "index": 2}, "status": "DONE"}, {"action": "WEST", "reward": 76, "info": {}, "observation": {"remainingOverageTime": 12, "index": 3}, "status": "ACTIVE"}], [{"action": "WEST", "reward": 78, "info": {}, "observation": {"remainingOverageTime": 12, "step": 68, "geese": [[76, 66, 67, 68, 69, 3, 4, 5, 16, 27], [8, 19, 30, 29, 28, 17, 18, 7, 6, 72, 61], [], [65, 55, 56, 45, 34, 23, 12, 13, 14]], "food": [74, 36], "index": 0}, "status": "ACTIVE"}, {"action": "NORTH", "reward": 78, "info": {}, "observation": {"remainingOverageTime": 12, "index": 1}, "status": "ACTIVE"}, {"action": "NORTH", "reward": 38, "info": {}, "observation": {"remainingOverageTime": 12, "index": 2}, "status": "DONE"}, {"action": "WEST", "reward": 77, "info": {}, "observation": {"remainingOverageTime": 12, "index": 3}, "status": "ACTIVE"}], [{"action": "WEST", "reward": 79, "info": {}, "observation": {"remainingOverageTime": 12, "step": 69, "geese": [[75, 76, 66, 67, 68, 69, 3, 4, 5, 16], [74, 8, 19, 30, 29, 28, 17, 18, 7, 6, 72, 61], [], [64, 65, 55, 56, 45, 34, 23, 12, 13]], "food": [36, 49], "index": 0}, "status": "ACTIVE"}, {"action": "NORTH", "reward": 80, "info": {}, "observation": {"remainingOverageTime": 12, "index": 1}, "status": "ACTIVE"}, {"action": "NORTH", "reward": 38, "info": {}, "observation": {"remainingOverageTime": 12, "index": 2}, "status": "DONE"}, {"action": "WEST", "reward": 78, "info": {}, "observation": {"remainingOverageTime": 12, "index": 3}, "status": "ACTIVE"}], [{"action": "SOUTH", "reward": 80, "info": {}, "observation": {"remainingOverageTime": 12, "step": 70, "geese": [[9, 75, 76, 66, 67, 68, 69, 3, 4, 5], [73, 74, 8, 19, 30, 29, 28, 17, 18, 7, 6, 72], [], [53, 64, 65, 55, 56, 45, 34, 23, 12]], "food": [36, 49], "index": 0}, "status": "ACTIVE"}, {"action": "WEST", "reward": 82, "info": {}, "observation": {"remainingOverageTime": 12, "index": 1}, "status": "ACTIVE"}, {"action": "NORTH", "reward": 38, "info": {}, "observation": {"remainingOverageTime": 12, "index": 2}, "status": "DONE"}, {"action": "NORTH", "reward": 79, "info": {}, "observation": {"remainingOverageTime": 12, "index": 3}, "status": "ACTIVE"}], [{"action": "EAST", "reward": 81, "info": {}, "observation": {"remainingOverageTime": 12, "step": 71, "geese": [[10, 9, 75, 76, 66, 67, 68, 69, 3, 4], [62, 73, 74, 8, 19, 30, 29, 28, 17, 18, 7, 6], [], [52, 53, 64, 65, 55, 56, 45, 34, 23]], "food": [36, 49], "index": 0}, "status": "ACTIVE"}, {"action": "NORTH", "reward": 83, "info": {}, "observation": {"remainingOverageTime": 12, "index": 1}, "status": "ACTIVE"}, {"action": "NORTH", "reward": 38, "info": {}, "observation": {"remainingOverageTime": 12, "index": 2}, "status": "DONE"}, {"action": "WEST", "reward": 80, "info": {}, "observation": {"remainingOverageTime": 12, "index": 3}, "status": "ACTIVE"}], [{"action": "SOUTH", "reward": 82, "info": {}, "observation": {"remainingOverageTime": 12, "step": 72, "geese": [[21, 10, 9, 75, 76, 66, 67, 68, 69, 3], [61, 62, 73, 74, 8, 19, 30, 29, 28, 17, 18, 7], [], [41, 52, 53, 64, 65, 55, 56, 45, 34]], "food": [36, 49], "index": 0}, "status": "ACTIVE"}, {"action": "WEST", "reward": 84, "info": {}, "observation": {"remainingOverageTime": 12, "index": 1}, "status": "ACTIVE"}, {"action": "NORTH", "reward": 38, "info": {}, "observation": {"remainingOverageTime": 12, "index": 2}, "status": "DONE"}, {"action": "NORTH", "reward": 81, "info": {}, "observation": {"remainingOverageTime": 12, "index": 3}, "status": "ACTIVE"}], [{"action": "EAST", "reward": 83, "info": {}, "observation": {"remainingOverageTime": 12, "step": 73, "geese": [[11, 21, 10, 9, 75, 76, 66, 67, 68, 69], [60, 61, 62, 73, 74, 8, 19, 30, 29, 28, 17, 18], [], [40, 41, 52, 53, 64, 65, 55, 56, 45]], "food": [36, 49], "index": 0}, "status": "ACTIVE"}, {"action": "WEST", "reward": 85, "info": {}, "observation": {"remainingOverageTime": 12, "index": 1}, "status": "ACTIVE"}, {"action": "NORTH", "reward": 38, "info": {}, "observation": {"remainingOverageTime": 12, "index": 2}, "status": "DONE"}, {"action": "WEST", "reward": 82, "info": {}, "observation": {"remainingOverageTime": 12, "index": 3}, "status": "ACTIVE"}], [{"action": "SOUTH", "reward": 84, "info": {}, "observation": {"remainingOverageTime": 12, "step": 74, "geese": [[22, 11, 21, 10, 9, 75, 76, 66, 67, 68], [49, 60, 61, 62, 73, 74, 8, 19, 30, 29, 28, 17, 18], [], [51, 40, 41, 52, 53, 64, 65, 55, 56]], "food": [36, 2], "index": 0}, "status": "ACTIVE"}, {"action": "NORTH", "reward": 86, "info": {}, "observation": {"remainingOverageTime": 12, "index": 1}, "status": "ACTIVE"}, {"action": "NORTH", "reward": 38, "info": {}, "observation": {"remainingOverageTime": 12, "index": 2}, "status": "DONE"}, {"action": "SOUTH", "reward": 83, "info": {}, "observation": {"remainingOverageTime": 12, "index": 3}, "status": "ACTIVE"}], [{"action": "SOUTH", "reward": 85, "info": {}, "observation": {"remainingOverageTime": 12, "step": 75, "geese": [[33, 22, 11, 21, 10, 9, 75, 76, 66, 67], [38, 49, 60, 61, 62, 73, 74, 8, 19, 30, 29, 28, 17], [], [50, 51, 40, 41, 52, 53, 64, 65, 55]], "food": [36, 2], "index": 0}, "status": "ACTIVE"}, {"action": "NORTH", "reward": 88, "info": {}, "observation": {"remainingOverageTime": 12, "index": 1}, "status": "ACTIVE"}, {"action": "NORTH", "reward": 38, "info": {}, "observation": {"remainingOverageTime": 12, "index": 2}, "status": "DONE"}, {"action": "WEST", "reward": 84, "info": {}, "observation": {"remainingOverageTime": 12, "index": 3}, "status": "ACTIVE"}], [{"action": "EAST", "reward": 86, "info": {}, "observation": {"remainingOverageTime": 12, "step": 76, "geese": [[34, 33, 22, 11, 21, 10, 9, 75, 76, 66], [27, 38, 49, 60, 61, 62, 73, 74, 8, 19, 30, 29, 28], [], [39, 50, 51, 40, 41, 52, 53, 64, 65]], "food": [36, 2], "index": 0}, "status": "ACTIVE"}, {"action": "NORTH", "reward": 89, "info": {}, "observation": {"remainingOverageTime": 12, "index": 1}, "status": "ACTIVE"}, {"action": "NORTH", "reward": 38, "info": {}, "observation": {"remainingOverageTime": 12, "index": 2}, "status": "DONE"}, {"action": "NORTH", "reward": 85, "info": {}, "observation": {"remainingOverageTime": 12, "index": 3}, "status": "ACTIVE"}], [{"action": "EAST", "reward": 87, "info": {}, "observation": {"remainingOverageTime": 12, "step": 77, "geese": [[35, 34, 33, 22, 11, 21, 10, 9, 75, 76], [16, 27, 38, 49, 60, 61, 62, 73, 74, 8, 19, 30, 29], [], [28, 39, 50, 51, 40, 41, 52, 53, 64]], "food": [36, 2], "index": 0}, "status": "ACTIVE"}, {"action": "NORTH", "reward": 90, "info": {}, "observation": {"remainingOverageTime": 12, "index": 1}, "status": "ACTIVE"}, {"action": "NORTH", "reward": 38, "info": {}, "observation": {"remainingOverageTime": 12, "index": 2}, "status": "DONE"}, {"action": "NORTH", "reward": 86, "info": {}, "observation": {"remainingOverageTime": 12, "index": 3}, "status": "ACTIVE"}], [{"action": "EAST", "reward": 88, "info": {}, "observation": {"remainingOverageTime": 12, "step": 78, "geese": [[36, 35, 34, 33, 22, 11, 21, 10, 9, 75, 76], [5, 16, 27, 38, 49, 60, 61, 62, 73, 74, 8, 19, 30], [], [29, 28, 39, 50, 51, 40, 41, 52, 53]], "food": [2, 25], "index": 0}, "status": "ACTIVE"}, {"action": "NORTH", "reward": 91, "info": {}, "observation": {"remainingOverageTime": 12, "index": 1}, "status": "ACTIVE"}, {"action": "NORTH", "reward": 38, "info": {}, "observation": {"remainingOverageTime": 12, "index": 2}, "status": "DONE"}, {"action": "EAST", "reward": 87, "info": {}, "observation": {"remainingOverageTime": 12, "index": 3}, "status": "ACTIVE"}], [{"action": "NORTH", "reward": 90, "info": {}, "observation": {"remainingOverageTime": 12, "step": 79, "geese": [[25, 36, 35, 34, 33, 22, 11, 21, 10, 9, 75, 76], [71, 5, 16, 27, 38, 49, 60, 61, 62, 73, 74, 8, 19], [], [18, 29, 28, 39, 50, 51, 40, 41, 52]], "food": [2, 12], "index": 0}, "status": "ACTIVE"}, {"action": "NORTH", "reward": 92, "info": {}, "observation": {"remainingOverageTime": 12, "index": 1}, "status": "ACTIVE"}, {"action": "NORTH", "reward": 38, "info": {}, "observation": {"remainingOverageTime": 12, "index": 2}, "status": "DONE"}, {"action": "NORTH", "reward": 88, "info": {}, "observation": {"remainingOverageTime": 12, "index": 3}, "status": "ACTIVE"}], [{"action": "NORTH", "reward": 92, "info": {}, "observation": {"remainingOverageTime": 12, "step": 80, "geese": [[14, 25, 36, 35, 34, 33, 22, 11, 21, 10, 9], [70, 71, 5, 16, 27, 38, 49, 60, 61, 62, 73, 74], [], [19, 18, 29, 28, 39, 50, 51, 40]], "food": [2, 12], "index": 0}, "status": "ACTIVE"}, {"action": "WEST", "reward": 93, "info": {}, "observation": {"remainingOverageTime": 12, "index": 1}, "status": "ACTIVE"}, {"action": "NORTH", "reward": 38, "info": {}, "observation": {"remainingOverageTime": 12, "index": 2}, "status": "DONE"}, {"action": "EAST", "reward": 89, "info": {}, "observation": {"remainingOverageTime": 12, "index": 3}, "status": "ACTIVE"}], [{"action": "WEST", "reward": 92, "info": {}, "observation": {"remainingOverageTime": 12, "step": 81, "geese": [[13, 14, 25, 36, 35, 34, 33, 22, 11, 21, 10], [69, 70, 71, 5, 16, 27, 38, 49, 60, 61, 62, 73], [], [8, 19, 18, 29, 28, 39, 50, 51]], "food": [2, 12], "index": 0}, "status": "ACTIVE"}, {"action": "WEST", "reward": 93, "info": {}, "observation": {"remainingOverageTime": 12, "index": 1}, "status": "ACTIVE"}, {"action": "NORTH", "reward": 38, "info": {}, "observation": {"remainingOverageTime": 12, "index": 2}, "status": "DONE"}, {"action": "NORTH", "reward": 89, "info": {}, "observation": {"remainingOverageTime": 12, "index": 3}, "status": "ACTIVE"}], [{"action": "WEST", "reward": 93, "info": {}, "observation": {"remainingOverageTime": 12, "step": 82, "geese": [[12, 13, 14, 25, 36, 35, 34, 33, 22, 11, 21, 10], [3, 69, 70, 71, 5, 16, 27, 38, 49, 60, 61, 62], [], [9, 8, 19, 18, 29, 28, 39, 50]], "food": [2, 46], "index": 0}, "status": "ACTIVE"}, {"action": "SOUTH", "reward": 94, "info": {}, "observation": {"remainingOverageTime": 12, "index": 1}, "status": "ACTIVE"}, {"action": "NORTH", "reward": 38, "info": {}, "observation": {"remainingOverageTime": 12, "index": 2}, "status": "DONE"}, {"action": "EAST", "reward": 90, "info": {}, "observation": {"remainingOverageTime": 12, "index": 3}, "status": "ACTIVE"}], [{"action": "NORTH", "reward": 95, "info": {}, "observation": {"remainingOverageTime": 12, "step": 83, "geese": [[1, 12, 13, 14, 25, 36, 35, 34, 33, 22, 11, 21], [2, 3, 69, 70, 71, 5, 16, 27, 38, 49, 60, 61, 62], [], [10, 9, 8, 19, 18, 29, 28, 39]], "food": [46, 53], "index": 0}, "status": "ACTIVE"}, {"action": "WEST", "reward": 95, "info": {}, "observation": {"remainingOverageTime": 12, "index": 1}, "status": "ACTIVE"}, {"action": "NORTH", "reward": 38, "info": {}, "observation": {"remainingOverageTime": 12, "index": 2}, "status": "DONE"}, {"action": "EAST", "reward": 91, "info": {}, "observation": {"remainingOverageTime": 12, "index": 3}, "status": "ACTIVE"}], [{"action": "NORTH", "reward": 96, "info": {}, "observation": {"remainingOverageTime": 12, "step": 84, "geese": [[67, 1, 12, 13, 14, 25, 36, 35, 34, 33, 22, 11], [68, 2, 3, 69, 70, 71, 5, 16, 27, 38, 49, 60, 61], [], [76, 10, 9, 8, 19, 18, 29, 28]], "food": [46, 53], "index": 0}, "status": "ACTIVE"}, {"action": "NORTH", "reward": 97, "info": {}, "observation": {"remainingOverageTime": 12, "index": 1}, "status": "ACTIVE"}, {"action": "NORTH", "reward": 38, "info": {}, "observation": {"remainingOverageTime": 12, "index": 2}, "status": "DONE"}, {"action": "NORTH", "reward": 92, "info": {}, "observation": {"remainingOverageTime": 12, "index": 3}, "status": "ACTIVE"}], [{"action": "NORTH", "reward": 97, "info": {}, "observation": {"remainingOverageTime": 12, "step": 85, "geese": [[56, 67, 1, 12, 13, 14, 25, 36, 35, 34, 33, 22], [57, 68, 2, 3, 69, 70, 71, 5, 16, 27, 38, 49, 60], [], [75, 76, 10, 9, 8, 19, 18, 29]], "food": [46, 53], "index": 0}, "status": "ACTIVE"}, {"action": "NORTH", "reward": 98, "info": {}, "observation": {"remainingOverageTime": 12, "index": 1}, "status": "ACTIVE"}, {"action": "NORTH", "reward": 38, "info": {}, "observation": {"remainingOverageTime": 12, "index": 2}, "status": "DONE"}, {"action": "WEST", "reward": 93, "info": {}, "observation": {"remainingOverageTime": 12, "index": 3}, "status": "ACTIVE"}], [{"action": "NORTH", "reward": 98, "info": {}, "observation": {"remainingOverageTime": 12, "step": 86, "geese": [[45, 56, 67, 1, 12, 13, 14, 25, 36, 35, 34, 33], [58, 57, 68, 2, 3, 69, 70, 71, 5, 16, 27, 38, 49], [], [64, 75, 76, 10, 9, 8, 19, 18]], "food": [46, 53], "index": 0}, "status": "ACTIVE"}, {"action": "EAST", "reward": 99, "info": {}, "observation": {"remainingOverageTime": 12, "index": 1}, "status": "ACTIVE"}, {"action": "NORTH", "reward": 38, "info": {}, "observation": {"remainingOverageTime": 12, "index": 2}, "status": "DONE"}, {"action": "NORTH", "reward": 94, "info": {}, "observation": {"remainingOverageTime": 12, "index": 3}, "status": "ACTIVE"}], [{"action": "EAST", "reward": 99, "info": {}, "observation": {"remainingOverageTime": 12, "step": 87, "geese": [[46, 45, 56, 67, 1, 12, 13, 14, 25, 36, 35, 34, 33], [59, 58, 57, 68, 2, 3, 69, 70, 71, 5, 16, 27, 38], [], [53, 64, 75, 76, 10, 9, 8, 19, 18]], "food": [23, 28], "index": 0}, "status": "ACTIVE"}, {"action": "EAST", "reward": 100, "info": {}, "observation": {"remainingOverageTime": 12, "index": 1}, "status": "ACTIVE"}, {"action": "NORTH", "reward": 38, "info": {}, "observation": {"remainingOverageTime": 12, "index": 2}, "status": "DONE"}, {"action": "NORTH", "reward": 95, "info": {}, "observation": {"remainingOverageTime": 12, "index": 3}, "status": "ACTIVE"}], [{"action": "EAST", "reward": 101, "info": {}, "observation": {"remainingOverageTime": 12, "step": 88, "geese": [[47, 46, 45, 56, 67, 1, 12, 13, 14, 25, 36, 35, 34], [48, 59, 58, 57, 68, 2, 3, 69, 70, 71, 5, 16, 27], [], [54, 53, 64, 75, 76, 10, 9, 8, 19]], "food": [23, 28], "index": 0}, "status": "ACTIVE"}, {"action": "NORTH", "reward": 101, "info": {}, "observation": {"remainingOverageTime": 12, "index": 1}, "status": "ACTIVE"}, {"action": "NORTH", "reward": 38, "info": {}, "observation": {"remainingOverageTime": 12, "index": 2}, "status": "DONE"}, {"action": "EAST", "reward": 97, "info": {}, "observation": {"remainingOverageTime": 12, "index": 3}, "status": "ACTIVE"}], [{"action": "EAST", "reward": 102, "info": {}, "observation": {"remainingOverageTime": 12, "step": 89, "geese": [[], [], [], [43, 54, 53, 64, 75, 76, 10, 9, 8]], "food": [23, 28], "index": 0}, "status": "DONE"}, {"action": "EAST", "reward": 102, "info": {}, "observation": {"remainingOverageTime": 12, "index": 1}, "status": "DONE"}, {"action": "NORTH", "reward": 38, "info": {}, "observation": {"remainingOverageTime": 12, "index": 2}, "status": "DONE"}, {"action": "NORTH", "reward": 98, "info": {}, "observation": {"remainingOverageTime": 12, "index": 3}, "status": "DONE"}]], "rewards": [102, 102, 38, 98], "statuses": ["DONE", "DONE", "DONE", "DONE"], "schema_version": 1, "info": {}}