{"id": "da12700a-da82-11ee-b31f-0242ac130202", "name": "hungry_geese", "title": "Hungry Geese", "description": "Similar to the classic snake game with multiple players", "version": "1.0.0", "configuration": {"episodeSteps": 200, "actTimeout": 6, "runTimeout": 1200, "columns": 11, "rows": 7, "hunger_rate": 40, "min_food": 2}, "specification": {"action": {"description": "Direction to move the head of your players goose.", "type": "string", "enum": ["NORTH", "EAST", "SOUTH", "WEST"], "default": "NORTH"}, "agents": [2, 3, 4, 5, 6, 7, 8], "configuration": {"episodeSteps": {"description": "Maximum number of steps in the episode.", "type": "integer", "minimum": 1, "default": 200}, "actTimeout": {"description": "Maximum runtime (seconds) to obtain an action from an agent.", "type": "number", "minimum": 0, "default": 6}, "runTimeout": {"description": "Maximum runtime (seconds) of an episode (not necessarily DONE).", "type": "number", "minimum": 0, "default": 1200}, "columns": {"description": "Horizontal number of cells on the board.", "type": "integer", "default": 11, "minimum": 3}, "rows": {"description": "Vertical number of cells on the board.", "type": "integer", "default": 7, "minimum": 3}, "hunger_rate": {"description": "The number of steps before the goose shrinks a cell.", "type": "integer", "minimum": 1, "default": 40}, "min_food": {"description": "The minimum amount of food present for all steps.", "type": "integer", "default": 2, "minimum": 1}}, "info": {}, "observation": {"remainingOverageTime": {"description": "Total remaining banked time (seconds) that can be used in excess of per-step actTimeouts -- agent is disqualified with TIMEOUT status when this drops below 0.", "shared": false, "type": "number", "minimum": 0, "default": 12}, "step": {"description": "Current step within the episode.", "type": "integer", "shared": true, "minimum": 0, "default": 0}, "geese": {"description": "List of geese in order by the agent index.", "type": "array", "default": [], "shared": true}, "food": {"description": "Positions on the board where food is present.", "type": "array", "default": [], "shared": true}, "index": {"description": "Index of the current agent's goose in the list of geese.", "type": "integer", "minimum": 0, "defaults": [0, 1, 2, 3, 4, 5, 6, 7]}}, "reward": {"description": "The number of steps the goose has moved plus its length.", "type": ["number", "null"], "default": 0, "minimum": 0}}, "steps": [[{"action": "NORTH", "reward": 0, "info": {}, "observation": {"remainingOverageTime": 12, "step": 0, "geese": [[24], [66], [14], [58]], "food": [54, 70], "index": 0}, "status": "ACTIVE"}, {"action": "NORTH", "reward": 0, "info": {}, "observation": {"remainingOverageTime": 12, "index": 1}, "status": "ACTIVE"}, {"action": "NORTH", "reward": 0, "info": {}, "observation": {"remainingOverageTime": 12, "index": 2}, "status": "ACTIVE"}, {"action": "NORTH", "reward": 0, "info": {}, "observation": {"remainingOverageTime": 12, "index": 3}, "status": "ACTIVE"}], [{"action": "SOUTH", "reward": 2, "info": {}, "observation": {"remainingOverageTime": 12, "step": 1, "geese": [[35], [55], [3], [69]], "food": [54, 70], "index": 0}, "status": "ACTIVE"}, {"action": "NORTH", "reward": 2, "info": {}, "observation": {"remainingOverageTime": 12, "index": 1}, "status": "ACTIVE"}, {"action": "NORTH", "reward": 2, "info": {}, "observation": {"remainingOverageTime": 12, "index": 2}, "status": "ACTIVE"}, {"action": "SOUTH", "reward": 2, "info": {}, "observation": {"remainingOverageTime": 12, "index": 3}, "status": "ACTIVE"}], [{"action": "SOUTH", "reward": 3, "info": {}, "observation": {"remainingOverageTime": 12, "step": 2, "geese": [[46], [65], [4], [70, 69]], "food": [54, 40], "index": 0}, "status": "ACTIVE"}, {"action": "WEST", "reward": 3, "info": {}, "observation": {"remainingOverageTime": 12, "index": 1}, "status": "ACTIVE"}, {"action": "EAST", "reward": 3, "info": {}, "observation": {"remainingOverageTime": 12, "index": 2}, "status": "ACTIVE"}, {"action": "EAST", "reward": 3, "info": {}, "observation": {"remainingOverageTime": 12, "index": 3}, "status": "ACTIVE"}], [{"action": "WEST", "reward": 4, "info": {}, "observation": {"remainingOverageTime": 12, "step": 3, "geese": [[45], [54, 65], [5], [59, 70]], "food": [40, 41], "index": 0}, "status": "ACTIVE"}, {"action": "NORTH", "reward": 4, "info": {}, "observation": {"remainingOverageTime": 12, "index": 1}, "status": "ACTIVE"}, {"action": "EAST", "reward": 4, "info": {}, "observation": {"remainingOverageTime": 12, "index": 2}, "status": "ACTIVE"}, {"action": "NORTH", "reward": 5, "info": {}, "observation": {"remainingOverageTime": 12, "index": 3}, "status": "ACTIVE"}], [{"action": "NORTH", "reward": 5, "info": {}, "observation": {"remainingOverageTime": 12, "step": 4, "geese": [[34], [43, 54], [6], [48, 59]], "food": [40, 41], "index": 0}, "status": "ACTIVE"}, {"action": "NORTH", "reward": 6, "info": {}, "observation": {"remainingOverageTime": 12, "index": 1}, "status": "ACTIVE"}, {"action": "EAST", "reward": 5, "info": {}, "observation": {"remainingOverageTime": 12, "index": 2}, "status": "ACTIVE"}, {"action": "NORTH", "reward": 6, "info": {}, "observation": {"remainingOverageTime": 12, "index": 3}, "status": "ACTIVE"}], [{"action": "EAST", "reward": 6, "info": {}, "observation": {"remainingOverageTime": 12, "step": 5, "geese": [[35], [42, 43], [17], [49, 48]], "food": [40, 41], "index": 0}, "status": "ACTIVE"}, {"action": "WEST", "reward": 7, "info": {}, "observation": {"remainingOverageTime": 12, "index": 1}, "status": "ACTIVE"}, {"action": "SOUTH", "reward": 6, "info": {}, "observation": {"remainingOverageTime": 12, "index": 2}, "status": "ACTIVE"}, {"action": "EAST", "reward": 7, "info": {}, "observation": {"remainingOverageTime": 12, "index": 3}, "status": "ACTIVE"}], [{"action": "EAST", "reward": 7, "info": {}, "observation": {"remainingOverageTime": 12, "step": 6, "geese": [[36], [41, 42, 43], [28], [50, 49]], "food": [40, 22], "index": 0}, "status": "ACTIVE"}, {"action": "WEST", "reward": 8, "info": {}, "observation": {"remainingOverageTime": 12, "index": 1}, "status": "ACTIVE"}, {"action": "SOUTH", "reward": 7, "info": {}, "observation": {"remainingOverageTime": 12, "index": 2}, "status": "ACTIVE"}, {"action": "EAST", "reward": 8, "info": {}, "observation": {"remainingOverageTime": 12, "index": 3}, "status": "ACTIVE"}], [{"action": "EAST", "reward": 8, "info": {}, "observation": {"remainingOverageTime": 12, "step": 7, "geese": [[37], [40, 41, 42, 43], [29], [51, 50]], "food": [22, 62], "index": 0}, "status": "ACTIVE"}, {"action": "WEST", "reward": 10, "info": {}, "observation": {"remainingOverageTime": 12, "index": 1}, "status": "ACTIVE"}, {"action": "EAST", "reward": 8, "info": {}, "observation": {"remainingOverageTime": 12, "index": 2}, "status": "ACTIVE"}, {"action": "EAST", "reward": 9, "info": {}, "observation": {"remainingOverageTime": 12, "index": 3}, "status": "ACTIVE"}], [{"action": "SOUTH", "reward": 9, "info": {}, "observation": {"remainingOverageTime": 12, "step": 8, "geese": [[48], [29, 40, 41, 42], [30], [62, 51, 50]], "food": [22, 44], "index": 0}, "status": "ACTIVE"}, {"action": "NORTH", "reward": 12, "info": {}, "observation": {"remainingOverageTime": 12, "index": 1}, "status": "ACTIVE"}, {"action": "EAST", "reward": 9, "info": {}, "observation": {"remainingOverageTime": 12, "index": 2}, "status": "ACTIVE"}, {"action": "SOUTH", "reward": 10, "info": {}, "observation": {"remainingOverageTime": 12, "index": 3}, "status": "ACTIVE"}], [{"action": "WEST", "reward": 10, "info": {}, "observation": {"remainingOverageTime": 12, "step": 9, "geese": [[47], [30, 29, 40, 41], [31], [63, 62, 51]], "food": [22, 44], "index": 0}, "status": "ACTIVE"}, {"action": "EAST", "reward": 13, "info": {}, "observation": {"remainingOverageTime": 12, "index": 1}, "status": "ACTIVE"}, {"action": "EAST", "reward": 10, "info": {}, "observation": {"remainingOverageTime": 12, "index": 2}, "status": "ACTIVE"}, {"action": "EAST", "reward": 12, "info": {}, "observation": {"remainingOverageTime": 12, "index": 3}, "status": "ACTIVE"}], [{"action": "WEST", "reward": 11, "info": {}, "observation": {"remainingOverageTime": 12, "step": 10, "geese": [[46], [31, 30, 29, 40], [32], [64, 63, 62]], "food": [22, 44], "index": 0}, "status": "ACTIVE"}, {"action": "EAST", "reward": 14, "info": {}, "observation": {"remainingOverageTime": 12, "index": 1}, "status": "ACTIVE"}, {"action": "EAST", "reward": 11, "info": {}, "observation": {"remainingOverageTime": 12, "index": 2}, "status": "ACTIVE"}, {"action": "EAST", "reward": 13, "info": {}, "observation": {"remainingOverageTime": 12, "index": 3}, "status": "ACTIVE"}], [{"action": "WEST", "reward": 12, "info": {}, "observation": {"remainingOverageTime": 12, "step": 11, "geese": [[45], [42, 31, 30, 29], [22, 32], [65, 64, 63]], "food": [44, 41], "index": 0}, "status": "ACTIVE"}, {"action": "SOUTH", "reward": 15, "info": {}, "observation": {"remainingOverageTime": 12, "index": 1}, "status": "ACTIVE"}, {"action": "EAST", "reward": 12, "info": {}, "observation": {"remainingOverageTime": 12, "index": 2}, "status": "ACTIVE"}, {"action": "EAST", "reward": 14, "info": {}, "observation": {"remainingOverageTime": 12, "index": 3}, "status": "ACTIVE"}], [{"action": "WEST", "reward": 13, "info": {}, "observation": {"remainingOverageTime": 12, "step": 12, "geese": [[44, 45], [41, 42, 31, 30, 29], [33, 22], [54, 65, 64]], "food": [7, 37], "index": 0}, "status": "ACTIVE"}, {"action": "WEST", "reward": 16, "info": {}, "observation": {"remainingOverageTime": 12, "index": 1}, "status": "ACTIVE"}, {"action": "SOUTH", "reward": 14, "info": {}, "observation": {"remainingOverageTime": 12, "index": 2}, "status": "ACTIVE"}, {"action": "NORTH", "reward": 15, "info": {}, "observation": {"remainingOverageTime": 12, "index": 3}, "status": "ACTIVE"}], [{"action": "SOUTH", "reward": 15, "info": {}, "observation": {"remainingOverageTime": 12, "step": 13, "geese": [[55, 44], [40, 41, 42, 31, 30], [34, 33], [53, 54, 65]], "food": [7, 37], "index": 0}, "status": "ACTIVE"}, {"action": "WEST", "reward": 18, "info": {}, "observation": {"remainingOverageTime": 12, "index": 1}, "status": "ACTIVE"}, {"action": "EAST", "reward": 15, "info": {}, "observation": {"remainingOverageTime": 12, "index": 2}, "status": "ACTIVE"}, {"action": "WEST", "reward": 16, "info": {}, "observation": {"remainingOverageTime": 12, "index": 3}, "status": "ACTIVE"}], [{"action": "EAST", "reward": 16, "info": {}, "observation": {"remainingOverageTime": 12, "step": 14, "geese": [[56, 55], [29, 40, 41, 42, 31], [35, 34], [64, 53, 54]], "food": [7, 37], "index": 0}, "status": "ACTIVE"}, {"action": "NORTH", "reward": 19, "info": {}, "observation": {"remainingOverageTime": 12, "index": 1}, "status": "ACTIVE"}, {"action": "EAST", "reward": 16, "info": {}, "observation": {"remainingOverageTime": 12, "index": 2}, "status": "ACTIVE"}, {"action": "SOUTH", "reward": 17, "info": {}, "observation": {"remainingOverageTime": 12, "index": 3}, "status": "ACTIVE"}], [{"action": "EAST", "reward": 17, "info": {}, "observation": {"remainingOverageTime": 12, "step": 15, "geese": [[57, 56], [18, 29, 40, 41, 42], [36, 35], [75, 64, 53]], "food": [7, 37], "index": 0}, "status": "ACTIVE"}, {"action": "NORTH", "reward": 20, "info": {}, "observation": {"remainingOverageTime": 12, "index": 1}, "status": "ACTIVE"}, {"action": "EAST", "reward": 17, "info": {}, "observation": {"remainingOverageTime": 12, "index": 2}, "status": "ACTIVE"}, {"action": "SOUTH", "reward": 18, "info": {}, "observation": {"remainingOverageTime": 12, "index": 3}, "status": "ACTIVE"}], [{"action": "NORTH", "reward": 18, "info": {}, "observation": {"remainingOverageTime": 12, "step": 16, "geese": [[46, 57], [7, 18, 29, 40, 41, 42], [37, 36, 35], [9, 75, 64]], "food": [28, 2], "index": 0}, "status": "ACTIVE"}, {"action": "NORTH", "reward": 21, "info": {}, "observation": {"remainingOverageTime": 12, "index": 1}, "status": "ACTIVE"}, {"action": "EAST", "reward": 18, "info": {}, "observation": {"remainingOverageTime": 12, "index": 2}, "status": "ACTIVE"}, {"action": "SOUTH", "reward": 19, "info": {}, "observation": {"remainingOverageTime": 12, "index": 3}, "status": "ACTIVE"}], [{"action": "NORTH", "reward": 19, "info": {}, "observation": {"remainingOverageTime": 12, "step": 17, "geese": [[35, 46], [6, 7, 18, 29, 40, 41], [26, 37, 36], [10, 9, 75]], "food": [28, 2], "index": 0}, "status": "ACTIVE"}, {"action": "WEST", "reward": 23, "info": {}, "observation": {"remainingOverageTime": 12, "index": 1}, "status": "ACTIVE"}, {"action": "NORTH", "reward": 20, "info": {}, "observation": {"remainingOverageTime": 12, "index": 2}, "status": "ACTIVE"}, {"action": "EAST", "reward": 20, "info": {}, "observation": {"remainingOverageTime": 12, "index": 3}, "status": "ACTIVE"}], [{"action": "NORTH", "reward": 20, "info": {}, "observation": {"remainingOverageTime": 12, "step": 18, "geese": [[24, 35], [17, 6, 7, 18, 29, 40], [27, 26, 37], [0, 10, 9]], "food": [28, 2], "index": 0}, "status": "ACTIVE"}, {"action": "SOUTH", "reward": 24, "info": {}, "observation": {"remainingOverageTime": 12, "index": 1}, "status": "ACTIVE"}, {"action": "EAST", "reward": 21, "info": {}, "observation": {"remainingOverageTime": 12, "index": 2}, "status": "ACTIVE"}, {"action": "EAST", "reward": 21, "info": {}, "observation": {"remainingOverageTime": 12, "index": 3}, "status": "ACTIVE"}], [{"action": "NORTH", "reward": 21, "info": {}, "observation": {"remainingOverageTime": 12, "step": 19, "geese": [[13, 24], [28, 17, 6, 7, 18, 29, 40], [38, 27, 26], [1, 0, 10]], "food": [2, 34], "index": 0}, "status": "ACTIVE"}, {"action": "SOUTH", "reward": 25, "info": {}, "observation": {"remainingOverageTime": 12, "index": 1}, "status": "ACTIVE"}, {"action": "SOUTH", "reward": 22, "info": {}, "observation": {"remainingOverageTime": 12, "index": 2}, "status": "ACTIVE"}, {"action": "EAST", "reward": 22, "info": {}, "observation": {"remainingOverageTime": 12, "index": 3}, "status": "ACTIVE"}], [{"action": "EAST", "reward": 22, "info": {}, "observation": {"remainingOverageTime": 12, "step": 20, "geese": [[14, 13], [39, 28, 17, 6, 7, 18, 29], [37, 38, 27], [67, 1, 0]], "food": [2, 34], "index": 0}, "status": "ACTIVE"}, {"action": "SOUTH", "reward": 27, "info": {}, "observation": {"remainingOverageTime": 12, "index": 1}, "status": "ACTIVE"}, {"action": "WEST", "reward": 23, "info": {}, "observation": {"remainingOverageTime": 12, "index": 2}, "status": "ACTIVE"}, {"action": "NORTH", "reward": 23, "info": {}, "observation": {"remainingOverageTime": 12, "index": 3}, "status": "ACTIVE"}], [{"action": "NORTH", "reward": 23, "info": {}, "observation": {"remainingOverageTime": 12, "step": 21, "geese": [[3, 14], [40, 39, 28, 17, 6, 7, 18], [36, 37, 38], [68, 67, 1]], "food": [2, 34], "index": 0}, "status": "ACTIVE"}, {"action": "EAST", "reward": 28, "info": {}, "observation": {"remainingOverageTime": 12, "index": 1}, "status": "ACTIVE"}, {"action": "WEST", "reward": 24, "info": {}, "observation": {"remainingOverageTime": 12, "index": 2}, "status": "ACTIVE"}, {"action": "EAST", "reward": 24, "info": {}, "observation": {"remainingOverageTime": 12, "index": 3}, "status": "ACTIVE"}], [{"action": "EAST", "reward": 24, "info": {}, "observation": {"remainingOverageTime": 12, "step": 22, "geese": [[4, 3], [41, 40, 39, 28, 17, 6, 7], [35, 36, 37], [57, 68, 67]], "food": [2, 34], "index": 0}, "status": "ACTIVE"}, {"action": "EAST", "reward": 29, "info": {}, "observation": {"remainingOverageTime": 12, "index": 1}, "status": "ACTIVE"}, {"action": "WEST", "reward": 25, "info": {}, "observation": {"remainingOverageTime": 12, "index": 2}, "status": "ACTIVE"}, {"action": "NORTH", "reward": 25, "info": {}, "observation": {"remainingOverageTime": 12, "index": 3}, "status": "ACTIVE"}], [{"action": "NORTH", "reward": 25, "info": {}, "observation": {"remainingOverageTime": 12, "step": 23, "geese": [[70, 4], [42, 41, 40, 39, 28, 17, 6], [34, 35, 36, 37], [56, 57, 68]], "food": [2, 44], "index": 0}, "status": "ACTIVE"}, {"action": "EAST", "reward": 30, "info": {}, "observation": {"remainingOverageTime": 12, "index": 1}, "status": "ACTIVE"}, {"action": "WEST", "reward": 26, "info": {}, "observation": {"remainingOverageTime": 12, "index": 2}, "status": "ACTIVE"}, {"action": "WEST", "reward": 26, "info": {}, "observation": {"remainingOverageTime": 12, "index": 3}, "status": "ACTIVE"}], [{"action": "WEST", "reward": 26, "info": {}, "observation": {"remainingOverageTime": 12, "step": 24, "geese": [[69, 70], [43, 42, 41, 40, 39, 28, 17], [33, 34, 35, 36], [55, 56, 57]], "food": [2, 44], "index": 0}, "status": "ACTIVE"}, {"action": "EAST", "reward": 31, "info": {}, "observation": {"remainingOverageTime": 12, "index": 1}, "status": "ACTIVE"}, {"action": "WEST", "reward": 28, "info": {}, "observation": {"remainingOverageTime": 12, "index": 2}, "status": "ACTIVE"}, {"action": "WEST", "reward": 27, "info": {}, "observation": {"remainingOverageTime": 12, "index": 3}, "status": "ACTIVE"}], [{"action": "SOUTH", "reward": 27, "info": {}, "observation": {"remainingOverageTime": 12, "step": 25, "geese": [[3, 69], [54, 43, 42, 41, 40, 39, 28], [22, 33, 34, 35], [65, 55, 56]], "food": [2, 44], "index": 0}, "status": "ACTIVE"}, {"action": "SOUTH", "reward": 32, "info": {}, "observation": {"remainingOverageTime": 12, "index": 1}, "status": "ACTIVE"}, {"action": "NORTH", "reward": 29, "info": {}, "observation": {"remainingOverageTime": 12, "index": 2}, "status": "ACTIVE"}, {"action": "WEST", "reward": 28, "info": {}, "observation": {"remainingOverageTime": 12, "index": 3}, "status": "ACTIVE"}], [{"action": "WEST", "reward": 28, "info": {}, "observation": {"remainingOverageTime": 12, "step": 26, "geese": [[2, 3, 69], [44, 54, 43, 42, 41, 40, 39, 28], [11, 22, 33, 34], [76, 65, 55]], "food": [57, 61], "index": 0}, "status": "ACTIVE"}, {"action": "EAST", "reward": 33, "info": {}, "observation": {"remainingOverageTime": 12, "index": 1}, "status": "ACTIVE"}, {"action": "NORTH", "reward": 30, "info": {}, "observation": {"remainingOverageTime": 12, "index": 2}, "status": "ACTIVE"}, {"action": "SOUTH", "reward": 29, "info": {}, "observation": {"remainingOverageTime": 12, "index": 3}, "status": "ACTIVE"}], [{"action": "NORTH", "reward": 30, "info": {}, "observation": {"remainingOverageTime": 12, "step": 27, "geese": [[68, 2, 3], [45, 44, 54, 43, 42, 41, 40, 39], [0, 11, 22, 33], [66, 76, 65]], "food": [57, 61], "index": 0}, "status": "ACTIVE"}, {"action": "EAST", "reward": 35, "info": {}, "observation": {"remainingOverageTime": 12, "index": 1}, "status": "ACTIVE"}, {"action": "NORTH", "reward": 31, "info": {}, "observation": {"remainingOverageTime": 12, "index": 2}, "status": "ACTIVE"}, {"action": "EAST", "reward": 30, "info": {}, "observation": {"remainingOverageTime": 12, "index": 3}, "status": "ACTIVE"}], [{"action": "NORTH", "reward": 31, "info": {}, "observation": {"remainingOverageTime": 12, "step": 28, "geese": [[57, 68, 2, 3], [46, 45, 44, 54, 43, 42, 41, 40], [1, 0, 11, 22], [55, 66, 76]], "food": [61, 53], "index": 0}, "status": "ACTIVE"}, {"action": "EAST", "reward": 36, "info": {}, "observation": {"remainingOverageTime": 12, "index": 1}, "status": "ACTIVE"}, {"action": "EAST", "reward": 32, "info": {}, "observation": {"remainingOverageTime": 12, "index": 2}, "status": "ACTIVE"}, {"action": "NORTH", "reward": 31, "info": {}, "observation": {"remainingOverageTime": 12, "index": 3}, "status": "ACTIVE"}], [{"action": "EAST", "reward": 33, "info": {}, "observation": {"remainingOverageTime": 12, "step": 29, "geese": [[58, 57, 68, 2], [47, 46, 45, 44, 54, 43, 42, 41], [12, 1, 0, 11], [65, 55, 66]], "food": [61, 53], "index": 0}, "status": "ACTIVE"}, {"action": "EAST", "reward": 37, "info": {}, "observation": {"remainingOverageTime": 12, "index": 1}, "status": "ACTIVE"}, {"action": "SOUTH", "reward": 33, "info": {}, "observation": {"remainingOverageTime": 12, "index": 2}, "status": "ACTIVE"}, {"action": "WEST", "reward": 32, "info": {}, "observation": {"remainingOverageTime": 12, "index": 3}, "status": "ACTIVE"}], [{"action": "EAST", "reward": 34, "info": {}, "observation": {"remainingOverageTime": 12, "step": 30, "geese": [[59, 58, 57, 68], [48, 47, 46, 45, 44, 54, 43, 42], [11, 12, 1, 0], [64, 65, 55]], "food": [61, 53], "index": 0}, "status": "ACTIVE"}, {"action": "EAST", "reward": 38, "info": {}, "observation": {"remainingOverageTime": 12, "index": 1}, "status": "ACTIVE"}, {"action": "WEST", "reward": 34, "info": {}, "observation": {"remainingOverageTime": 12, "index": 2}, "status": "ACTIVE"}, {"action": "WEST", "reward": 33, "info": {}, "observation": {"remainingOverageTime": 12, "index": 3}, "status": "ACTIVE"}], [{"action": "EAST", "reward": 35, "info": {}, "observation": {"remainingOverageTime": 12, "step": 31, "geese": [[60, 59, 58, 57], [49, 48, 47, 46, 45, 44, 54, 43], [21, 11, 12, 1], [53, 64, 65, 55]], "food": [61, 56], "index": 0}, "status": "ACTIVE"}, {"action": "EAST", "reward": 39, "info": {}, "observation": {"remainingOverageTime": 12, "index": 1}, "status": "ACTIVE"}, {"action": "WEST", "reward": 35, "info": {}, "observation": {"remainingOverageTime": 12, "index": 2}, "status": "ACTIVE"}, {"action": "NORTH", "reward": 34, "info": {}, "observation": {"remainingOverageTime": 12, "index": 3}, "status": "ACTIVE"}], [{"action": "EAST", "reward": 36, "info": {}, "observation": {"remainingOverageTime": 12, "step": 32, "geese": [[61, 60, 59, 58, 57], [50, 49, 48, 47, 46, 45, 44, 54], [10, 21, 11, 12], [52, 53, 64, 65]], "food": [56, 71], "index": 0}, "status": "ACTIVE"}, {"action": "EAST", "reward": 40, "info": {}, "observation": {"remainingOverageTime": 12, "index": 1}, "status": "ACTIVE"}, {"action": "NORTH", "reward": 36, "info": {}, "observation": {"remainingOverageTime": 12, "index": 2}, "status": "ACTIVE"}, {"action": "WEST", "reward": 36, "info": {}, "observation": {"remainingOverageTime": 12, "index": 3}, "status": "ACTIVE"}], [{"action": "SOUTH", "reward": 38, "info": {}, "observation": {"remainingOverageTime": 12, "step": 33, "geese": [[72, 61, 60, 59, 58], [39, 50, 49, 48, 47, 46, 45, 44], [76, 10, 21, 11], [63, 52, 53, 64]], "food": [56, 71], "index": 0}, "status": "ACTIVE"}, {"action": "NORTH", "reward": 41, "info": {}, "observation": {"remainingOverageTime": 12, "index": 1}, "status": "ACTIVE"}, {"action": "NORTH", "reward": 37, "info": {}, "observation": {"remainingOverageTime": 12, "index": 2}, "status": "ACTIVE"}, {"action": "SOUTH", "reward": 37, "info": {}, "observation": {"remainingOverageTime": 12, "index": 3}, "status": "ACTIVE"}], [{"action": "WEST", "reward": 39, "info": {}, "observation": {"remainingOverageTime": 12, "step": 34, "geese": [[71, 72, 61, 60, 59, 58], [28, 39, 50, 49, 48, 47, 46, 45], [65, 76, 10, 21], [64, 63, 52, 53]], "food": [56, 27], "index": 0}, "status": "ACTIVE"}, {"action": "NORTH", "reward": 42, "info": {}, "observation": {"remainingOverageTime": 12, "index": 1}, "status": "ACTIVE"}, {"action": "NORTH", "reward": 38, "info": {}, "observation": {"remainingOverageTime": 12, "index": 2}, "status": "ACTIVE"}, {"action": "EAST", "reward": 38, "info": {}, "observation": {"remainingOverageTime": 12, "index": 3}, "status": "ACTIVE"}], [{"action": "SOUTH", "reward": 41, "info": {}, "observation": {"remainingOverageTime": 12, "step": 35, "geese": [[5, 71, 72, 61, 60, 59], [27, 28, 39, 50, 49, 48, 47, 46, 45], [55, 65, 76, 10], [53, 64, 63, 52]], "food": [56, 32], "index": 0}, "status": "ACTIVE"}, {"action": "WEST", "reward": 43, "info": {}, "observation": {"remainingOverageTime": 12, "index": 1}, "status": "ACTIVE"}, {"action": "EAST", "reward": 39, "info": {}, "observation": {"remainingOverageTime": 12, "index": 2}, "status": "ACTIVE"}, {"action": "NORTH", "reward": 39, "info": {}, "observation": {"remainingOverageTime": 12, "index": 3}, "status": "ACTIVE"}], [{"action": "WEST", "reward": 42, "info": {}, "observation": {"remainingOverageTime": 12, "step": 36, "geese": [[4, 5, 71, 72, 61, 60], [26, 27, 28, 39, 50, 49, 48, 47, 46], [56, 55, 65, 76, 10], [54, 53, 64, 63]], "food": [32, 70], "index": 0}, "status": "ACTIVE"}, {"action": "WEST", "reward": 45, "info": {}, "observation": {"remainingOverageTime": 12, "index": 1}, "status": "ACTIVE"}, {"action": "EAST", "reward": 40, "info": {}, "observation": {"remainingOverageTime": 12, "index": 2}, "status": "ACTIVE"}, {"action": "EAST", "reward": 40, "info": {}, "observation": {"remainingOverageTime": 12, "index": 3}, "status": "ACTIVE"}], [{"action": "NORTH", "reward": 43, "info": {}, "observation": {"remainingOverageTime": 12, "step": 37, "geese": [[70, 4, 5, 71, 72, 61, 60], [25, 26, 27, 28, 39, 50, 49, 48, 47], [67, 56, 55, 65, 76], [43, 54, 53, 64]], "food": [32, 74], "index": 0}, "status": "ACTIVE"}, {"action": "WEST", "reward": 46, "info": {}, "observation": {"remainingOverageTime": 12, "index": 1}, "status": "ACTIVE"}, {"action": "SOUTH", "reward": 42, "info": {}, "observation": {"remainingOverageTime": 12, "index": 2}, "status": "ACTIVE"}, {"action": "NORTH", "reward": 41, "info": {}, "observation": {"remainingOverageTime": 12, "index": 3}, "status": "ACTIVE"}], [{"action": "WEST", "reward": 45, "info": {}, "observation": {"remainingOverageTime": 12, "step": 38, "geese": [[69, 70, 4, 5, 71, 72, 61], [24, 25, 26, 27, 28, 39, 50, 49, 48], [66, 67, 56, 55, 65], [32, 43, 54, 53, 64]], "food": [74, 21], "index": 0}, "status": "ACTIVE"}, {"action": "WEST", "reward": 47, "info": {}, "observation": {"remainingOverageTime": 12, "index": 1}, "status": "ACTIVE"}, {"action": "WEST", "reward": 43, "info": {}, "observation": {"remainingOverageTime": 12, "index": 2}, "status": "ACTIVE"}, {"action": "NORTH", "reward": 42, "info": {}, "observation": {"remainingOverageTime": 12, "index": 3}, "status": "ACTIVE"}], [{"action": "SOUTH", "reward": 46, "info": {}, "observation": {"remainingOverageTime": 12, "step": 39, "geese": [[3, 69, 70, 4, 5, 71, 72], [13, 24, 25, 26, 27, 28, 39, 50, 49], [76, 66, 67, 56, 55], [21, 32, 43, 54, 53, 64]], "food": [74, 0], "index": 0}, "status": "ACTIVE"}, {"action": "NORTH", "reward": 48, "info": {}, "observation": {"remainingOverageTime": 12, "index": 1}, "status": "ACTIVE"}, {"action": "WEST", "reward": 44, "info": {}, "observation": {"remainingOverageTime": 12, "index": 2}, "status": "ACTIVE"}, {"action": "NORTH", "reward": 44, "info": {}, "observation": {"remainingOverageTime": 12, "index": 3}, "status": "ACTIVE"}], [{"action": "SOUTH", "reward": 47, "info": {}, "observation": {"remainingOverageTime": 12, "step": 40, "geese": [[14, 3, 69, 70, 4, 5], [12, 13, 24, 25, 26, 27, 28, 39], [75, 76, 66, 67], [11, 21, 32, 43, 54]], "food": [74, 0], "index": 0}, "status": "ACTIVE"}, {"action": "WEST", "reward": 49, "info": {}, "observation": {"remainingOverageTime": 12, "index": 1}, "status": "ACTIVE"}, {"action": "WEST", "reward": 45, "info": {}, "observation": {"remainingOverageTime": 12, "index": 2}, "status": "ACTIVE"}, {"action": "EAST", "reward": 46, "info": {}, "observation": {"remainingOverageTime": 12, "index": 3}, "status": "ACTIVE"}], [{"action": "EAST", "reward": 47, "info": {}, "observation": {"remainingOverageTime": 12, "step": 41, "geese": [[15, 14, 3, 69, 70, 4], [1, 12, 13, 24, 25, 26, 27, 28], [74, 75, 76, 66, 67], [0, 11, 21, 32, 43, 54]], "food": [52, 60], "index": 0}, "status": "ACTIVE"}, {"action": "NORTH", "reward": 49, "info": {}, "observation": {"remainingOverageTime": 12, "index": 1}, "status": "ACTIVE"}, {"action": "WEST", "reward": 45, "info": {}, "observation": {"remainingOverageTime": 12, "index": 2}, "status": "ACTIVE"}, {"action": "NORTH", "reward": 46, "info": {}, "observation": {"remainingOverageTime": 12, "index": 3}, "status": "ACTIVE"}], [{"action": "EAST", "reward": 48, "info": {}, "observation": {"remainingOverageTime": 12, "step": 42, "geese": [[16, 15, 14, 3, 69, 70], [67, 1, 12, 13, 24, 25, 26, 27], [63, 74, 75, 76, 66], [10, 0, 11, 21, 32, 43]], "food": [52, 60], "index": 0}, "status": "ACTIVE"}, {"action": "NORTH", "reward": 50, "info": {}, "observation": {"remainingOverageTime": 12, "index": 1}, "status": "ACTIVE"}, {"action": "NORTH", "reward": 47, "info": {}, "observation": {"remainingOverageTime": 12, "index": 2}, "status": "ACTIVE"}, {"action": "WEST", "reward": 48, "info": {}, "observation": {"remainingOverageTime": 12, "index": 3}, "status": "ACTIVE"}], [{"action": "NORTH", "reward": 49, "info": {}, "observation": {"remainingOverageTime": 12, "step": 43, "geese": [[5, 16, 15, 14, 3, 69], [56, 67, 1, 12, 13, 24, 25, 26], [52, 63, 74, 75, 76, 66], [9, 10, 0, 11, 21, 32]], "food": [60, 20], "index": 0}, "status": "ACTIVE"}, {"action": "NORTH", "reward": 51, "info": {}, "observation": {"remainingOverageTime": 12, "index": 1}, "status": "ACTIVE"}, {"action": "NORTH", "reward": 48, "info": {}, "observation": {"remainingOverageTime": 12, "index": 2}, "status": "ACTIVE"}, {"action": "WEST", "reward": 49, "info": {}, "observation": {"remainingOverageTime": 12, "index": 3}, "status": "ACTIVE"}], [{"action": "NORTH", "reward": 50, "info": {}, "observation": {"remainingOverageTime": 12, "step": 44, "geese": [[71, 5, 16, 15, 14, 3], [57, 56, 67, 1, 12, 13, 24, 25], [41, 52, 63, 74, 75, 76], [20, 9, 10, 0, 11, 21, 32]], "food": [60, 53], "index": 0}, "status": "ACTIVE"}, {"action": "EAST", "reward": 52, "info": {}, "observation": {"remainingOverageTime": 12, "index": 1}, "status": "ACTIVE"}, {"action": "NORTH", "reward": 50, "info": {}, "observation": {"remainingOverageTime": 12, "index": 2}, "status": "ACTIVE"}, {"action": "SOUTH", "reward": 50, "info": {}, "observation": {"remainingOverageTime": 12, "index": 3}, "status": "ACTIVE"}], [{"action": "NORTH", "reward": 51, "info": {}, "observation": {"remainingOverageTime": 12, "step": 45, "geese": [[60, 71, 5, 16, 15, 14, 3], [58, 57, 56, 67, 1, 12, 13, 24], [42, 41, 52, 63, 74, 75], [31, 20, 9, 10, 0, 11, 21]], "food": [53, 34], "index": 0}, "status": "ACTIVE"}, {"action": "EAST", "reward": 53, "info": {}, "observation": {"remainingOverageTime": 12, "index": 1}, "status": "ACTIVE"}, {"action": "EAST", "reward": 51, "info": {}, "observation": {"remainingOverageTime": 12, "index": 2}, "status": "ACTIVE"}, {"action": "SOUTH", "reward": 52, "info": {}, "observation": {"remainingOverageTime": 12, "index": 3}, "status": "ACTIVE"}], [{"action": "EAST", "reward": 53, "info": {}, "observation": {"remainingOverageTime": 12, "step": 46, "geese": [[61, 60, 71, 5, 16, 15, 14], [47, 58, 57, 56, 67, 1, 12, 13], [53, 42, 41, 52, 63, 74, 75], [32, 31, 20, 9, 10, 0, 11]], "food": [34, 21], "index": 0}, "status": "ACTIVE"}, {"action": "NORTH", "reward": 54, "info": {}, "observation": {"remainingOverageTime": 12, "index": 1}, "status": "ACTIVE"}, {"action": "SOUTH", "reward": 52, "info": {}, "observation": {"remainingOverageTime": 12, "index": 2}, "status": "ACTIVE"}, {"action": "EAST", "reward": 53, "info": {}, "observation": {"remainingOverageTime": 12, "index": 3}, "status": "ACTIVE"}], [{"action": "NORTH", "reward": 54, "info": {}, "observation": {"remainingOverageTime": 12, "step": 47, "geese": [[50, 61, 60, 71, 5, 16, 15], [46, 47, 58, 57, 56, 67, 1, 12], [54, 53, 42, 41, 52, 63, 74], [21, 32, 31, 20, 9, 10, 0, 11]], "food": [34, 48], "index": 0}, "status": "ACTIVE"}, {"action": "WEST", "reward": 55, "info": {}, "observation": {"remainingOverageTime": 12, "index": 1}, "status": "ACTIVE"}, {"action": "EAST", "reward": 54, "info": {}, "observation": {"remainingOverageTime": 12, "index": 2}, "status": "ACTIVE"}, {"action": "NORTH", "reward": 54, "info": {}, "observation": {"remainingOverageTime": 12, "index": 3}, "status": "ACTIVE"}], [{"action": "WEST", "reward": 55, "info": {}, "observation": {"remainingOverageTime": 12, "step": 48, "geese": [[49, 50, 61, 60, 71, 5, 16], [35, 46, 47, 58, 57, 56, 67, 1], [43, 54, 53, 42, 41, 52, 63], [11, 21, 32, 31, 20, 9, 10, 0]], "food": [34, 48], "index": 0}, "status": "ACTIVE"}, {"action": "NORTH", "reward": 56, "info": {}, "observation": {"remainingOverageTime": 12, "index": 1}, "status": "ACTIVE"}, {"action": "NORTH", "reward": 55, "info": {}, "observation": {"remainingOverageTime": 12, "index": 2}, "status": "ACTIVE"}, {"action": "EAST", "reward": 56, "info": {}, "observation": {"remainingOverageTime": 12, "index": 3}, "status": "ACTIVE"}], [{"action": "WEST", "reward": 56, "info": {}, "observation": {"remainingOverageTime": 12, "step": 49, "geese": [[48, 49, 50, 61, 60, 71, 5, 16], [34, 35, 46, 47, 58, 57, 56, 67, 1], [33, 43, 54, 53, 42, 41, 52], [22, 11, 21, 32, 31, 20, 9, 10]], "food": [37, 24], "index": 0}, "status": "ACTIVE"}, {"action": "WEST", "reward": 57, "info": {}, "observation": {"remainingOverageTime": 12, "index": 1}, "status": "ACTIVE"}, {"action": "EAST", "reward": 56, "info": {}, "observation": {"remainingOverageTime": 12, "index": 2}, "status": "ACTIVE"}, {"action": "SOUTH", "reward": 57, "info": {}, "observation": {"remainingOverageTime": 12, "index": 3}, "status": "ACTIVE"}], [{"action": "NORTH", "reward": 58, "info": {}, "observation": {"remainingOverageTime": 12, "step": 50, "geese": [[37, 48, 49, 50, 61, 60, 71, 5, 16], [45, 34, 35, 46, 47, 58, 57, 56, 67], [44, 33, 43, 54, 53, 42, 41], [23, 22, 11, 21, 32, 31, 20, 9]], "food": [24, 65], "index": 0}, "status": "ACTIVE"}, {"action": "SOUTH", "reward": 59, "info": {}, "observation": {"remainingOverageTime": 12, "index": 1}, "status": "ACTIVE"}, {"action": "SOUTH", "reward": 57, "info": {}, "observation": {"remainingOverageTime": 12, "index": 2}, "status": "ACTIVE"}, {"action": "EAST", "reward": 58, "info": {}, "observation": {"remainingOverageTime": 12, "index": 3}, "status": "ACTIVE"}], [{"action": "NORTH", "reward": 60, "info": {}, "observation": {"remainingOverageTime": 12, "step": 51, "geese": [[26, 37, 48, 49, 50, 61, 60, 71, 5], [], [55, 44, 33, 43, 54, 53, 42], [24, 23, 22, 11, 21, 32, 31, 20, 9]], "food": [65, 63], "index": 0}, "status": "ACTIVE"}, {"action": "NORTH", "reward": 60, "info": {}, "observation": {"remainingOverageTime": 12, "index": 1}, "status": "DONE"}, {"action": "SOUTH", "reward": 58, "info": {}, "observation": {"remainingOverageTime": 12, "index": 2}, "status": "ACTIVE"}, {"action": "EAST", "reward": 59, "info": {}, "observation": {"remainingOverageTime": 12, "index": 3}, "status": "ACTIVE"}], [{"action": "EAST", "reward": 61, "info": {}, "observation": {"remainingOverageTime": 12, "step": 52, "geese": [[27, 26, 37, 48, 49, 50, 61, 60, 71], [], [65, 55, 44, 33, 43, 54, 53, 42], [13, 24, 23, 22, 11, 21, 32, 31, 20]], "food": [63, 69], "index": 0}, "status": "ACTIVE"}, {"action": "NORTH", "reward": 60, "info": {}, "observation": {"remainingOverageTime": 12, "index": 1}, "status": "DONE"}, {"action": "WEST", "reward": 59, "info": {}, "observation": {"remainingOverageTime": 12, "index": 2}, "status": "ACTIVE"}, {"action": "NORTH", "reward": 61, "info": {}, "observation": {"remainingOverageTime": 12, "index": 3}, "status": "ACTIVE"}], [{"action": "NORTH", "reward": 62, "info": {}, "observation": {"remainingOverageTime": 12, "step": 53, "geese": [[16, 27, 26, 37, 48, 49, 50, 61, 60], [], [64, 65, 55, 44, 33, 43, 54, 53], [14, 13, 24, 23, 22, 11, 21, 32, 31]], "food": [63, 69], "index": 0}, "status": "ACTIVE"}, {"action": "NORTH", "reward": 60, "info": {}, "observation": {"remainingOverageTime": 12, "index": 1}, "status": "DONE"}, {"action": "WEST", "reward": 61, "info": {}, "observation": {"remainingOverageTime": 12, "index": 2}, "status": "ACTIVE"}, {"action": "EAST", "reward": 62, "info": {}, "observation": {"remainingOverageTime": 12, "index": 3}, "status": "ACTIVE"}], [{"action": "NORTH", "reward": 63, "info": {}, "observation": {"remainingOverageTime": 12, "step": 54, "geese": [[5, 16, 27, 26, 37, 48, 49, 50, 61], [], [63, 64, 65, 55, 44, 33, 43, 54, 53], [3, 14, 13, 24, 23, 22, 11, 21, 32]], "food": [69, 19], "index": 0}, "status": "ACTIVE"}, {"action": "NORTH", "reward": 60, "info": {}, "observation": {"remainingOverageTime": 12, "index": 1}, "status": "DONE"}, {"action": "WEST", "reward": 62, "info": {}, "observation": {"remainingOverageTime": 12, "index": 2}, "status": "ACTIVE"}, {"action": "NORTH", "reward": 63, "info": {}, "observation": {"remainingOverageTime": 12, "index": 3}, "status": "ACTIVE"}], [{"action": "NORTH", "reward": 64, "info": {}, "observation": {"remainingOverageTime": 12, "step": 55, "geese": [[71, 5, 16, 27, 26, 37, 48, 49, 50], [], [74, 63, 64, 65, 55, 44, 33, 43, 54], [69, 3, 14, 13, 24, 23, 22, 11, 21, 32]], "food": [19, 52], "index": 0}, "status": "ACTIVE"}, {"action": "NORTH", "reward": 60, "info": {}, "observation": {"remainingOverageTime": 12, "index": 1}, "status": "DONE"}, {"action": "SOUTH", "reward": 64, "info": {}, "observation": {"remainingOverageTime": 12, "index": 2}, "status": "ACTIVE"}, {"action": "NORTH", "reward": 64, "info": {}, "observation": {"remainingOverageTime": 12, "index": 3}, "status": "ACTIVE"}], [{"action": "NORTH", "reward": 65, "info": {}, "observation": {"remainingOverageTime": 12, "step": 56, "geese": [[60, 71, 5, 16, 27, 26, 37, 48, 49], [], [8, 74, 63, 64, 65, 55, 44, 33, 43], [68, 69, 3, 14, 13, 24, 23, 22, 11, 21]], "food": [19, 52], "index": 0}, "status": "ACTIVE"}, {"action": "NORTH", "reward": 60, "info": {}, "observation": {"remainingOverageTime": 12, "index": 1}, "status": "DONE"}, {"action": "SOUTH", "reward": 65, "info": {}, "observation": {"remainingOverageTime": 12, "index": 2}, "status": "ACTIVE"}, {"action": "WEST", "reward": 66, "info": {}, "observation": {"remainingOverageTime": 12, "index": 3}, "status": "ACTIVE"}], [{"action": "EAST", "reward": 66, "info": {}, "observation": {"remainingOverageTime": 12, "step": 57, "geese": [[61, 60, 71, 5, 16, 27, 26, 37, 48], [], [19, 8, 74, 63, 64, 65, 55, 44, 33, 43], [67, 68, 69, 3, 14, 13, 24, 23, 22, 11]], "food": [52, 32], "index": 0}, "status": "ACTIVE"}, {"action": "NORTH", "reward": 60, "info": {}, "observation": {"remainingOverageTime": 12, "index": 1}, "status": "DONE"}, {"action": "SOUTH", "reward": 66, "info": {}, "observation": {"remainingOverageTime": 12, "index": 2}, "status": "ACTIVE"}, {"action": "WEST", "reward": 67, "info": {}, "observation": {"remainingOverageTime": 12, "index": 3}, "status": "ACTIVE"}], [{"action": "EAST", "reward": 67, "info": {}, "observation": {"remainingOverageTime": 12, "step": 58, "geese": [[62, 61, 60, 71, 5, 16, 27, 26, 37], [], [30, 19, 8, 74, 63, 64, 65, 55, 44, 33], [1, 67, 68, 69, 3, 14, 13, 24, 23, 22]], "food": [52, 32], "index": 0}, "status": "ACTIVE"}, {"action": "NORTH", "reward": 60, "info": {}, "observation": {"remainingOverageTime": 12, "index": 1}, "status": "DONE"}, {"action": "SOUTH", "reward": 68, "info": {}, "observation": {"remainingOverageTime": 12, "index": 2}, "status": "ACTIVE"}, {"action": "SOUTH", "reward": 68, "info": {}, "observation": {"remainingOverageTime": 12, "index": 3}, "status": "ACTIVE"}], [{"action": "NORTH", "reward": 68, "info": {}, "observation": {"remainingOverageTime": 12, "step": 59, "geese": [[51, 62, 61, 60, 71, 5, 16, 27, 26], [], [41, 30, 19, 8, 74, 63, 64, 65, 55, 44], [0, 1, 67, 68, 69, 3, 14, 13, 24, 23]], "food": [52, 32], "index": 0}, "status": "ACTIVE"}, {"action": "NORTH", "reward": 60, "info": {}, "observation": {"remainingOverageTime": 12, "index": 1}, "status": "DONE"}, {"action": "SOUTH", "reward": 69, "info": {}, "observation": {"remainingOverageTime": 12, "index": 2}, "status": "ACTIVE"}, {"action": "WEST", "reward": 69, "info": {}, "observation": {"remainingOverageTime": 12, "index": 3}, "status": "ACTIVE"}], [{"action": "WEST", "reward": 69, "info": {}, "observation": {"remainingOverageTime": 12, "step": 60, "geese": [[50, 51, 62, 61, 60, 71, 5, 16, 27], [], [42, 41, 30, 19, 8, 74, 63, 64, 65, 55], [11, 0, 1, 67, 68, 69, 3, 14, 13, 24]], "food": [52, 32], "index": 0}, "status": "ACTIVE"}, {"action": "NORTH", "reward": 60, "info": {}, "observation": {"remainingOverageTime": 12, "index": 1}, "status": "DONE"}, {"action": "EAST", "reward": 70, "info": {}, "observation": {"remainingOverageTime": 12, "index": 2}, "status": "ACTIVE"}, {"action": "SOUTH", "reward": 70, "info": {}, "observation": {"remainingOverageTime": 12, "index": 3}, "status": "ACTIVE"}], [{"action": "WEST", "reward": 70, "info": {}, "observation": {"remainingOverageTime": 12, "step": 61, "geese": [[49, 50, 51, 62, 61, 60, 71, 5, 16], [], [43, 42, 41, 30, 19, 8, 74, 63, 64, 65], [21, 11, 0, 1, 67, 68, 69, 3, 14, 13]], "food": [52, 32], "index": 0}, "status": "ACTIVE"}, {"action": "NORTH", "reward": 60, "info": {}, "observation": {"remainingOverageTime": 12, "index": 1}, "status": "DONE"}, {"action": "EAST", "reward": 71, "info": {}, "observation": {"remainingOverageTime": 12, "index": 2}, "status": "ACTIVE"}, {"action": "WEST", "reward": 71, "info": {}, "observation": {"remainingOverageTime": 12, "index": 3}, "status": "ACTIVE"}], [{"action": "WEST", "reward": 71, "info": {}, "observation": {"remainingOverageTime": 12, "step": 62, "geese": [[48, 49, 50, 51, 62, 61, 60, 71, 5], [], [54, 43, 42, 41, 30, 19, 8, 74, 63, 64], [20, 21, 11, 0, 1, 67, 68, 69, 3, 14]], "food": [52, 32], "index": 0}, "status": "ACTIVE"}, {"action": "NORTH", "reward": 60, "info": {}, "observation": {"remainingOverageTime": 12, "index": 1}, "status": "DONE"}, {"action": "SOUTH", "reward": 72, "info": {}, "observation": {"remainingOverageTime": 12, "index": 2}, "status": "ACTIVE"}, {"action": "WEST", "reward": 72, "info": {}, "observation": {"remainingOverageTime": 12, "index": 3}, "status": "ACTIVE"}], [{"action": "NORTH", "reward": 72, "info": {}, "observation": {"remainingOverageTime": 12, "step": 63, "geese": [[37, 48, 49, 50, 51, 62, 61, 60, 71], [], [53, 54, 43, 42, 41, 30, 19, 8, 74, 63], [31, 20, 21, 11, 0, 1, 67, 68, 69, 3]], "food": [52, 32], "index": 0}, "status": "ACTIVE"}, {"action": "NORTH", "reward": 60, "info": {}, "observation": {"remainingOverageTime": 12, "index": 1}, "status": "DONE"}, {"action": "WEST", "reward": 73, "info": {}, "observation": {"remainingOverageTime": 12, "index": 2}, "status": "ACTIVE"}, {"action": "SOUTH", "reward": 73, "info": {}, "observation": {"remainingOverageTime": 12, "index": 3}, "status": "ACTIVE"}], [{"action": "NORTH", "reward": 73, "info": {}, "observation": {"remainingOverageTime": 12, "step": 64, "geese": [[26, 37, 48, 49, 50, 51, 62, 61, 60], [], [52, 53, 54, 43, 42, 41, 30, 19, 8, 74, 63], [32, 31, 20, 21, 11, 0, 1, 67, 68, 69, 3]], "food": [55, 47], "index": 0}, "status": "ACTIVE"}, {"action": "NORTH", "reward": 60, "info": {}, "observation": {"remainingOverageTime": 12, "index": 1}, "status": "DONE"}, {"action": "WEST", "reward": 74, "info": {}, "observation": {"remainingOverageTime": 12, "index": 2}, "status": "ACTIVE"}, {"action": "EAST", "reward": 74, "info": {}, "observation": {"remainingOverageTime": 12, "index": 3}, "status": "ACTIVE"}], [{"action": "WEST", "reward": 74, "info": {}, "observation": {"remainingOverageTime": 12, "step": 65, "geese": [[25, 26, 37, 48, 49, 50, 51, 62, 61], [], [63, 52, 53, 54, 43, 42, 41, 30, 19, 8, 74], [22, 32, 31, 20, 21, 11, 0, 1, 67, 68, 69]], "food": [55, 47], "index": 0}, "status": "ACTIVE"}, {"action": "NORTH", "reward": 60, "info": {}, "observation": {"remainingOverageTime": 12, "index": 1}, "status": "DONE"}, {"action": "SOUTH", "reward": 76, "info": {}, "observation": {"remainingOverageTime": 12, "index": 2}, "status": "ACTIVE"}, {"action": "EAST", "reward": 76, "info": {}, "observation": {"remainingOverageTime": 12, "index": 3}, "status": "ACTIVE"}], [{"action": "SOUTH", "reward": 75, "info": {}, "observation": {"remainingOverageTime": 12, "step": 66, "geese": [[36, 25, 26, 37, 48, 49, 50, 51, 62], [], [64, 63, 52, 53, 54, 43, 42, 41, 30, 19, 8], [33, 22, 32, 31, 20, 21, 11, 0, 1, 67, 68]], "food": [55, 47], "index": 0}, "status": "ACTIVE"}, {"action": "NORTH", "reward": 60, "info": {}, "observation": {"remainingOverageTime": 12, "index": 1}, "status": "DONE"}, {"action": "EAST", "reward": 77, "info": {}, "observation": {"remainingOverageTime": 12, "index": 2}, "status": "ACTIVE"}, {"action": "SOUTH", "reward": 77, "info": {}, "observation": {"remainingOverageTime": 12, "index": 3}, "status": "ACTIVE"}], [{"action": "SOUTH", "reward": 76, "info": {}, "observation": {"remainingOverageTime": 12, "step": 67, "geese": [[47, 36, 25, 26, 37, 48, 49, 50, 51, 62], [], [65, 64, 63, 52, 53, 54, 43, 42, 41, 30, 19], [44, 33, 22, 32, 31, 20, 21, 11, 0, 1, 67]], "food": [55, 16], "index": 0}, "status": "ACTIVE"}, {"action": "NORTH", "reward": 60, "info": {}, "observation": {"remainingOverageTime": 12, "index": 1}, "status": "DONE"}, {"action": "EAST", "reward": 78, "info": {}, "observation": {"remainingOverageTime": 12, "index": 2}, "status": "ACTIVE"}, {"action": "SOUTH", "reward": 78, "info": {}, "observation": {"remainingOverageTime": 12, "index": 3}, "status": "ACTIVE"}], [{"action": "WEST", "reward": 78, "info": {}, "observation": {"remainingOverageTime": 12, "step": 68, "geese": [[46, 47, 36, 25, 26, 37, 48, 49, 50, 51], [], [76, 65, 64, 63, 52, 53, 54, 43, 42, 41, 30], [45, 44, 33, 22, 32, 31, 20, 21, 11, 0, 1]], "food": [55, 16], "index": 0}, "status": "ACTIVE"}, {"action": "NORTH", "reward": 60, "info": {}, "observation": {"remainingOverageTime": 12, "index": 1}, "status": "DONE"}, {"action": "SOUTH", "reward": 79, "info": {}, "observation": {"remainingOverageTime": 12, "index": 2}, "status": "ACTIVE"}, {"action": "EAST", "reward": 79, "info": {}, "observation": {"remainingOverageTime": 12, "index": 3}, "status": "ACTIVE"}], [{"action": "SOUTH", "reward": 79, "info": {}, "observation": {"remainingOverageTime": 12, "step": 69, "geese": [[57, 46, 47, 36, 25, 26, 37, 48, 49, 50], [], [66, 76, 65, 64, 63, 52, 53, 54, 43, 42, 41], [56, 45, 44, 33, 22, 32, 31, 20, 21, 11, 0]], "food": [55, 16], "index": 0}, "status": "ACTIVE"}, {"action": "NORTH", "reward": 60, "info": {}, "observation": {"remainingOverageTime": 12, "index": 1}, "status": "DONE"}, {"action": "EAST", "reward": 80, "info": {}, "observation": {"remainingOverageTime": 12, "index": 2}, "status": "ACTIVE"}, {"action": "SOUTH", "reward": 80, "info": {}, "observation": {"remainingOverageTime": 12, "index": 3}, "status": "ACTIVE"}], [{"action": "SOUTH", "reward": 80, "info": {}, "observation": {"remainingOverageTime": 12, "step": 70, "geese": [[68, 57, 46, 47, 36, 25, 26, 37, 48, 49], [], [67, 66, 76, 65, 64, 63, 52, 53, 54, 43, 42], [55, 56, 45, 44, 33, 22, 32, 31, 20, 21, 11, 0]], "food": [16, 28], "index": 0}, "status": "ACTIVE"}, {"action": "NORTH", "reward": 60, "info": {}, "observation": {"remainingOverageTime": 12, "index": 1}, "status": "DONE"}, {"action": "EAST", "reward": 81, "info": {}, "observation": {"remainingOverageTime": 12, "index": 2}, "status": "ACTIVE"}, {"action": "WEST", "reward": 81, "info": {}, "observation": {"remainingOverageTime": 12, "index": 3}, "status": "ACTIVE"}], [{"action": "EAST", "reward": 81, "info": {}, "observation": {"remainingOverageTime": 12, "step": 71, "geese": [[69, 68, 57, 46, 47, 36, 25, 26, 37, 48], [], [], []], "food": [16, 28], "index": 0}, "status": "DONE"}, {"action": "NORTH", "reward": 60, "info": {}, "observation": {"remainingOverageTime": 12, "index": 1}, "status": "DONE"}, {"action": "SOUTH", "reward": 82, "info": {}, "observation": {"remainingOverageTime": 12, "index": 2}, "status": "DONE"}, {"action": "SOUTH", "reward": 83, "info": {}, "observation": {"remainingOverageTime": 12, "index": 3}, "status": "DONE"}]], "rewards": [81, 60, 82, 83], "statuses": ["DONE", "DONE", "DONE", "DONE"], "schema_version": 1, "info": {}}