{"id": "97abcf90-da82-11ee-b31f-0242ac130202", "name": "hungry_geese", "title": "Hungry Geese", "description": "Similar to the classic snake game with multiple players", "version": "1.0.0", "configuration": {"episodeSteps": 200, "actTimeout": 6, "runTimeout": 1200, "columns": 11, "rows": 7, "hunger_rate": 40, "min_food": 2}, "specification": {"action": {"description": "Direction to move the head of your players goose.", "type": "string", "enum": ["NORTH", "EAST", "SOUTH", "WEST"], "default": "NORTH"}, "agents": [2, 3, 4, 5, 6, 7, 8], "configuration": {"episodeSteps": {"description": "Maximum number of steps in the episode.", "type": "integer", "minimum": 1, "default": 200}, "actTimeout": {"description": "Maximum runtime (seconds) to obtain an action from an agent.", "type": "number", "minimum": 0, "default": 6}, "runTimeout": {"description": "Maximum runtime (seconds) of an episode (not necessarily DONE).", "type": "number", "minimum": 0, "default": 1200}, "columns": {"description": "Horizontal number of cells on the board.", "type": "integer", "default": 11, "minimum": 3}, "rows": {"description": "Vertical number of cells on the board.", "type": "integer", "default": 7, "minimum": 3}, "hunger_rate": {"description": "The number of steps before the goose shrinks a cell.", "type": "integer", "minimum": 1, "default": 40}, "min_food": {"description": "The minimum amount of food present for all steps.", "type": "integer", "default": 2, "minimum": 1}}, "info": {}, "observation": {"remainingOverageTime": {"description": "Total remaining banked time (seconds) that can be used in excess of per-step actTimeouts -- agent is disqualified with TIMEOUT status when this drops below 0.", "shared": false, "type": "number", "minimum": 0, "default": 12}, "step": {"description": "Current step within the episode.", "type": "integer", "shared": true, "minimum": 0, "default": 0}, "geese": {"description": "List of geese in order by the agent index.", "type": "array", "default": [], "shared": true}, "food": {"description": "Positions on the board where food is present.", "type": "array", "default": [], "shared": true}, "index": {"description": "Index of the current agent's goose in the list of geese.", "type": "integer", "minimum": 0, "defaults": [0, 1, 2, 3, 4, 5, 6, 7]}}, "reward": {"description": "The number of steps the goose has moved plus its length.", "type": ["number", "null"], "default": 0, "minimum": 0}}, "steps": [[{"action": "NORTH", "reward": 0, "info": {}, "observation": {"remainingOverageTime": 12, "step": 0, "geese": [[13], [10], [33], [60]], "food": [12, 59], "index": 0}, "status": "ACTIVE"}, {"action": "NORTH", "reward": 0, "info": {}, "observation": {"remainingOverageTime": 12, "index": 1}, "status": "ACTIVE"}, {"action": "NORTH", "reward": 0, "info": {}, "observation": {"remainingOverageTime": 12, "index": 2}, "status": "ACTIVE"}, {"action": "NORTH", "reward": 0, "info": {}, "observation": {"remainingOverageTime": 12, "index": 3}, "status": "ACTIVE"}], [{"action": "WEST", "reward": 2, "info": {}, "observation": {"remainingOverageTime": 12, "step": 1, "geese": [[12, 13], [21], [22], [59, 60]], "food": [38, 25], "index": 0}, "status": "ACTIVE"}, {"action": "SOUTH", "reward": 2, "info": {}, "observation": {"remainingOverageTime": 12, "index": 1}, "status": "ACTIVE"}, {"action": "NORTH", "reward": 2, "info": {}, "observation": {"remainingOverageTime": 12, "index": 2}, "status": "ACTIVE"}, {"action": "WEST", "reward": 2, "info": {}, "observation": {"remainingOverageTime": 12, "index": 3}, "status": "ACTIVE"}], [{"action": "NORTH", "reward": 4, "info": {}, "observation": {"remainingOverageTime": 12, "step": 2, "geese": [[1, 12], [20], [23], [48, 59]], "food": [38, 25], "index": 0}, "status": "ACTIVE"}, {"action": "WEST", "reward": 3, "info": {}, "observation": {"remainingOverageTime": 12, "index": 1}, "status": "ACTIVE"}, {"action": "EAST", "reward": 3, "info": {}, "observation": {"remainingOverageTime": 12, "index": 2}, "status": "ACTIVE"}, {"action": "NORTH", "reward": 4, "info": {}, "observation": {"remainingOverageTime": 12, "index": 3}, "status": "ACTIVE"}], [{"action": "EAST", "reward": 5, "info": {}, "observation": {"remainingOverageTime": 12, "step": 3, "geese": [[2, 1], [19], [24], [49, 48]], "food": [38, 25], "index": 0}, "status": "ACTIVE"}, {"action": "WEST", "reward": 4, "info": {}, "observation": {"remainingOverageTime": 12, "index": 1}, "status": "ACTIVE"}, {"action": "EAST", "reward": 4, "info": {}, "observation": {"remainingOverageTime": 12, "index": 2}, "status": "ACTIVE"}, {"action": "EAST", "reward": 5, "info": {}, "observation": {"remainingOverageTime": 12, "index": 3}, "status": "ACTIVE"}], [{"action": "NORTH", "reward": 6, "info": {}, "observation": {"remainingOverageTime": 12, "step": 4, "geese": [[68, 2], [30], [25, 24], [38, 49, 48]], "food": [73, 64], "index": 0}, "status": "ACTIVE"}, {"action": "SOUTH", "reward": 5, "info": {}, "observation": {"remainingOverageTime": 12, "index": 1}, "status": "ACTIVE"}, {"action": "EAST", "reward": 5, "info": {}, "observation": {"remainingOverageTime": 12, "index": 2}, "status": "ACTIVE"}, {"action": "NORTH", "reward": 6, "info": {}, "observation": {"remainingOverageTime": 12, "index": 3}, "status": "ACTIVE"}], [{"action": "EAST", "reward": 7, "info": {}, "observation": {"remainingOverageTime": 12, "step": 5, "geese": [[69, 68], [41], [14, 25], [39, 38, 49]], "food": [73, 64], "index": 0}, "status": "ACTIVE"}, {"action": "SOUTH", "reward": 6, "info": {}, "observation": {"remainingOverageTime": 12, "index": 1}, "status": "ACTIVE"}, {"action": "NORTH", "reward": 7, "info": {}, "observation": {"remainingOverageTime": 12, "index": 2}, "status": "ACTIVE"}, {"action": "EAST", "reward": 8, "info": {}, "observation": {"remainingOverageTime": 12, "index": 3}, "status": "ACTIVE"}], [{"action": "EAST", "reward": 8, "info": {}, "observation": {"remainingOverageTime": 12, "step": 6, "geese": [[70, 69], [42], [15, 14], [28, 39, 38]], "food": [73, 64], "index": 0}, "status": "ACTIVE"}, {"action": "EAST", "reward": 7, "info": {}, "observation": {"remainingOverageTime": 12, "index": 1}, "status": "ACTIVE"}, {"action": "EAST", "reward": 8, "info": {}, "observation": {"remainingOverageTime": 12, "index": 2}, "status": "ACTIVE"}, {"action": "NORTH", "reward": 9, "info": {}, "observation": {"remainingOverageTime": 12, "index": 3}, "status": "ACTIVE"}], [{"action": "EAST", "reward": 9, "info": {}, "observation": {"remainingOverageTime": 12, "step": 7, "geese": [[71, 70], [53], [16, 15], [29, 28, 39]], "food": [73, 64], "index": 0}, "status": "ACTIVE"}, {"action": "SOUTH", "reward": 8, "info": {}, "observation": {"remainingOverageTime": 12, "index": 1}, "status": "ACTIVE"}, {"action": "EAST", "reward": 9, "info": {}, "observation": {"remainingOverageTime": 12, "index": 2}, "status": "ACTIVE"}, {"action": "EAST", "reward": 10, "info": {}, "observation": {"remainingOverageTime": 12, "index": 3}, "status": "ACTIVE"}], [{"action": "EAST", "reward": 10, "info": {}, "observation": {"remainingOverageTime": 12, "step": 8, "geese": [[72, 71], [64, 53], [17, 16], [18, 29, 28]], "food": [73, 13], "index": 0}, "status": "ACTIVE"}, {"action": "SOUTH", "reward": 9, "info": {}, "observation": {"remainingOverageTime": 12, "index": 1}, "status": "ACTIVE"}, {"action": "EAST", "reward": 10, "info": {}, "observation": {"remainingOverageTime": 12, "index": 2}, "status": "ACTIVE"}, {"action": "NORTH", "reward": 11, "info": {}, "observation": {"remainingOverageTime": 12, "index": 3}, "status": "ACTIVE"}], [{"action": "EAST", "reward": 11, "info": {}, "observation": {"remainingOverageTime": 12, "step": 9, "geese": [[73, 72, 71], [75, 64], [28, 17], [7, 18, 29]], "food": [13, 20], "index": 0}, "status": "ACTIVE"}, {"action": "SOUTH", "reward": 11, "info": {}, "observation": {"remainingOverageTime": 12, "index": 1}, "status": "ACTIVE"}, {"action": "SOUTH", "reward": 11, "info": {}, "observation": {"remainingOverageTime": 12, "index": 2}, "status": "ACTIVE"}, {"action": "NORTH", "reward": 12, "info": {}, "observation": {"remainingOverageTime": 12, "index": 3}, "status": "ACTIVE"}], [{"action": "NORTH", "reward": 13, "info": {}, "observation": {"remainingOverageTime": 12, "step": 10, "geese": [[62, 73, 72], [9, 75], [29, 28], [8, 7, 18]], "food": [13, 20], "index": 0}, "status": "ACTIVE"}, {"action": "SOUTH", "reward": 12, "info": {}, "observation": {"remainingOverageTime": 12, "index": 1}, "status": "ACTIVE"}, {"action": "EAST", "reward": 12, "info": {}, "observation": {"remainingOverageTime": 12, "index": 2}, "status": "ACTIVE"}, {"action": "EAST", "reward": 13, "info": {}, "observation": {"remainingOverageTime": 12, "index": 3}, "status": "ACTIVE"}], [{"action": "NORTH", "reward": 14, "info": {}, "observation": {"remainingOverageTime": 12, "step": 11, "geese": [[51, 62, 73], [20, 9, 75], [30, 29], [19, 8, 7]], "food": [13, 43], "index": 0}, "status": "ACTIVE"}, {"action": "SOUTH", "reward": 13, "info": {}, "observation": {"remainingOverageTime": 12, "index": 1}, "status": "ACTIVE"}, {"action": "EAST", "reward": 13, "info": {}, "observation": {"remainingOverageTime": 12, "index": 2}, "status": "ACTIVE"}, {"action": "SOUTH", "reward": 14, "info": {}, "observation": {"remainingOverageTime": 12, "index": 3}, "status": "ACTIVE"}], [{"action": "NORTH", "reward": 15, "info": {}, "observation": {"remainingOverageTime": 12, "step": 12, "geese": [[40, 51, 62], [21, 20, 9], [41, 30], [18, 19, 8]], "food": [13, 43], "index": 0}, "status": "ACTIVE"}, {"action": "EAST", "reward": 15, "info": {}, "observation": {"remainingOverageTime": 12, "index": 1}, "status": "ACTIVE"}, {"action": "SOUTH", "reward": 14, "info": {}, "observation": {"remainingOverageTime": 12, "index": 2}, "status": "ACTIVE"}, {"action": "WEST", "reward": 15, "info": {}, "observation": {"remainingOverageTime": 12, "index": 3}, "status": "ACTIVE"}], [{"action": "WEST", "reward": 16, "info": {}, "observation": {"remainingOverageTime": 12, "step": 13, "geese": [[39, 40, 51], [32, 21, 20], [42, 41], [17, 18, 19]], "food": [13, 43], "index": 0}, "status": "ACTIVE"}, {"action": "SOUTH", "reward": 16, "info": {}, "observation": {"remainingOverageTime": 12, "index": 1}, "status": "ACTIVE"}, {"action": "EAST", "reward": 15, "info": {}, "observation": {"remainingOverageTime": 12, "index": 2}, "status": "ACTIVE"}, {"action": "WEST", "reward": 16, "info": {}, "observation": {"remainingOverageTime": 12, "index": 3}, "status": "ACTIVE"}], [{"action": "SOUTH", "reward": 17, "info": {}, "observation": {"remainingOverageTime": 12, "step": 14, "geese": [[50, 39, 40], [22, 32, 21], [53, 42], [16, 17, 18]], "food": [13, 43], "index": 0}, "status": "ACTIVE"}, {"action": "EAST", "reward": 17, "info": {}, "observation": {"remainingOverageTime": 12, "index": 1}, "status": "ACTIVE"}, {"action": "SOUTH", "reward": 16, "info": {}, "observation": {"remainingOverageTime": 12, "index": 2}, "status": "ACTIVE"}, {"action": "WEST", "reward": 17, "info": {}, "observation": {"remainingOverageTime": 12, "index": 3}, "status": "ACTIVE"}], [{"action": "EAST", "reward": 18, "info": {}, "observation": {"remainingOverageTime": 12, "step": 15, "geese": [[51, 50, 39], [33, 22, 32], [54, 53], [15, 16, 17]], "food": [13, 43], "index": 0}, "status": "ACTIVE"}, {"action": "SOUTH", "reward": 18, "info": {}, "observation": {"remainingOverageTime": 12, "index": 1}, "status": "ACTIVE"}, {"action": "EAST", "reward": 17, "info": {}, "observation": {"remainingOverageTime": 12, "index": 2}, "status": "ACTIVE"}, {"action": "WEST", "reward": 18, "info": {}, "observation": {"remainingOverageTime": 12, "index": 3}, "status": "ACTIVE"}], [{"action": "NORTH", "reward": 19, "info": {}, "observation": {"remainingOverageTime": 12, "step": 16, "geese": [[40, 51, 50], [34, 33, 22], [65, 54], [14, 15, 16]], "food": [13, 43], "index": 0}, "status": "ACTIVE"}, {"action": "EAST", "reward": 19, "info": {}, "observation": {"remainingOverageTime": 12, "index": 1}, "status": "ACTIVE"}, {"action": "SOUTH", "reward": 18, "info": {}, "observation": {"remainingOverageTime": 12, "index": 2}, "status": "ACTIVE"}, {"action": "WEST", "reward": 19, "info": {}, "observation": {"remainingOverageTime": 12, "index": 3}, "status": "ACTIVE"}], [{"action": "EAST", "reward": 20, "info": {}, "observation": {"remainingOverageTime": 12, "step": 17, "geese": [[41, 40, 51], [35, 34, 33], [64, 65], [13, 14, 15, 16]], "food": [43, 7], "index": 0}, "status": "ACTIVE"}, {"action": "EAST", "reward": 20, "info": {}, "observation": {"remainingOverageTime": 12, "index": 1}, "status": "ACTIVE"}, {"action": "WEST", "reward": 19, "info": {}, "observation": {"remainingOverageTime": 12, "index": 2}, "status": "ACTIVE"}, {"action": "WEST", "reward": 20, "info": {}, "observation": {"remainingOverageTime": 12, "index": 3}, "status": "ACTIVE"}], [{"action": "EAST", "reward": 21, "info": {}, "observation": {"remainingOverageTime": 12, "step": 18, "geese": [[42, 41, 40], [46, 35, 34], [53, 64], [12, 13, 14, 15]], "food": [43, 7], "index": 0}, "status": "ACTIVE"}, {"action": "SOUTH", "reward": 21, "info": {}, "observation": {"remainingOverageTime": 12, "index": 1}, "status": "ACTIVE"}, {"action": "NORTH", "reward": 20, "info": {}, "observation": {"remainingOverageTime": 12, "index": 2}, "status": "ACTIVE"}, {"action": "WEST", "reward": 22, "info": {}, "observation": {"remainingOverageTime": 12, "index": 3}, "status": "ACTIVE"}], [{"action": "EAST", "reward": 22, "info": {}, "observation": {"remainingOverageTime": 12, "step": 19, "geese": [[43, 42, 41, 40], [45, 46, 35], [54, 53], [11, 12, 13, 14]], "food": [7, 19], "index": 0}, "status": "ACTIVE"}, {"action": "WEST", "reward": 22, "info": {}, "observation": {"remainingOverageTime": 12, "index": 1}, "status": "ACTIVE"}, {"action": "EAST", "reward": 21, "info": {}, "observation": {"remainingOverageTime": 12, "index": 2}, "status": "ACTIVE"}, {"action": "WEST", "reward": 23, "info": {}, "observation": {"remainingOverageTime": 12, "index": 3}, "status": "ACTIVE"}], [{"action": "NORTH", "reward": 24, "info": {}, "observation": {"remainingOverageTime": 12, "step": 20, "geese": [[32, 43, 42, 41], [34, 45, 46], [65, 54], [21, 11, 12, 13]], "food": [7, 19], "index": 0}, "status": "ACTIVE"}, {"action": "NORTH", "reward": 23, "info": {}, "observation": {"remainingOverageTime": 12, "index": 1}, "status": "ACTIVE"}, {"action": "SOUTH", "reward": 22, "info": {}, "observation": {"remainingOverageTime": 12, "index": 2}, "status": "ACTIVE"}, {"action": "WEST", "reward": 24, "info": {}, "observation": {"remainingOverageTime": 12, "index": 3}, "status": "ACTIVE"}], [{"action": "WEST", "reward": 25, "info": {}, "observation": {"remainingOverageTime": 12, "step": 21, "geese": [[31, 32, 43, 42], [33, 34, 45], [64, 65], [20, 21, 11, 12]], "food": [7, 19], "index": 0}, "status": "ACTIVE"}, {"action": "WEST", "reward": 24, "info": {}, "observation": {"remainingOverageTime": 12, "index": 1}, "status": "ACTIVE"}, {"action": "WEST", "reward": 23, "info": {}, "observation": {"remainingOverageTime": 12, "index": 2}, "status": "ACTIVE"}, {"action": "WEST", "reward": 25, "info": {}, "observation": {"remainingOverageTime": 12, "index": 3}, "status": "ACTIVE"}], [{"action": "WEST", "reward": 26, "info": {}, "observation": {"remainingOverageTime": 12, "step": 22, "geese": [[30, 31, 32, 43], [44, 33, 34], [75, 64], [19, 20, 21, 11, 12]], "food": [7, 71], "index": 0}, "status": "ACTIVE"}, {"action": "SOUTH", "reward": 25, "info": {}, "observation": {"remainingOverageTime": 12, "index": 1}, "status": "ACTIVE"}, {"action": "SOUTH", "reward": 24, "info": {}, "observation": {"remainingOverageTime": 12, "index": 2}, "status": "ACTIVE"}, {"action": "WEST", "reward": 26, "info": {}, "observation": {"remainingOverageTime": 12, "index": 3}, "status": "ACTIVE"}], [{"action": "WEST", "reward": 27, "info": {}, "observation": {"remainingOverageTime": 12, "step": 23, "geese": [[29, 30, 31, 32], [54, 44, 33], [9, 75], [8, 19, 20, 21, 11]], "food": [7, 71], "index": 0}, "status": "ACTIVE"}, {"action": "WEST", "reward": 26, "info": {}, "observation": {"remainingOverageTime": 12, "index": 1}, "status": "ACTIVE"}, {"action": "SOUTH", "reward": 25, "info": {}, "observation": {"remainingOverageTime": 12, "index": 2}, "status": "ACTIVE"}, {"action": "NORTH", "reward": 28, "info": {}, "observation": {"remainingOverageTime": 12, "index": 3}, "status": "ACTIVE"}], [{"action": "NORTH", "reward": 28, "info": {}, "observation": {"remainingOverageTime": 12, "step": 24, "geese": [[18, 29, 30, 31], [65, 54, 44], [10, 9], [7, 8, 19, 20, 21, 11]], "food": [71, 24], "index": 0}, "status": "ACTIVE"}, {"action": "SOUTH", "reward": 27, "info": {}, "observation": {"remainingOverageTime": 12, "index": 1}, "status": "ACTIVE"}, {"action": "EAST", "reward": 26, "info": {}, "observation": {"remainingOverageTime": 12, "index": 2}, "status": "ACTIVE"}, {"action": "WEST", "reward": 29, "info": {}, "observation": {"remainingOverageTime": 12, "index": 3}, "status": "ACTIVE"}], [{"action": "WEST", "reward": 29, "info": {}, "observation": {"remainingOverageTime": 12, "step": 25, "geese": [[17, 18, 29, 30], [64, 65, 54], [0, 10], [6, 7, 8, 19, 20, 21]], "food": [71, 24], "index": 0}, "status": "ACTIVE"}, {"action": "WEST", "reward": 28, "info": {}, "observation": {"remainingOverageTime": 12, "index": 1}, "status": "ACTIVE"}, {"action": "EAST", "reward": 27, "info": {}, "observation": {"remainingOverageTime": 12, "index": 2}, "status": "ACTIVE"}, {"action": "WEST", "reward": 31, "info": {}, "observation": {"remainingOverageTime": 12, "index": 3}, "status": "ACTIVE"}], [{"action": "WEST", "reward": 30, "info": {}, "observation": {"remainingOverageTime": 12, "step": 26, "geese": [[16, 17, 18, 29], [75, 64, 65], [1, 0], [5, 6, 7, 8, 19, 20]], "food": [71, 24], "index": 0}, "status": "ACTIVE"}, {"action": "SOUTH", "reward": 29, "info": {}, "observation": {"remainingOverageTime": 12, "index": 1}, "status": "ACTIVE"}, {"action": "EAST", "reward": 28, "info": {}, "observation": {"remainingOverageTime": 12, "index": 2}, "status": "ACTIVE"}, {"action": "WEST", "reward": 32, "info": {}, "observation": {"remainingOverageTime": 12, "index": 3}, "status": "ACTIVE"}], [{"action": "SOUTH", "reward": 31, "info": {}, "observation": {"remainingOverageTime": 12, "step": 27, "geese": [[27, 16, 17, 18], [74, 75, 64], [2, 1], [71, 5, 6, 7, 8, 19, 20]], "food": [24, 4], "index": 0}, "status": "ACTIVE"}, {"action": "WEST", "reward": 30, "info": {}, "observation": {"remainingOverageTime": 12, "index": 1}, "status": "ACTIVE"}, {"action": "EAST", "reward": 29, "info": {}, "observation": {"remainingOverageTime": 12, "index": 2}, "status": "ACTIVE"}, {"action": "NORTH", "reward": 33, "info": {}, "observation": {"remainingOverageTime": 12, "index": 3}, "status": "ACTIVE"}], [{"action": "WEST", "reward": 32, "info": {}, "observation": {"remainingOverageTime": 12, "step": 28, "geese": [[26, 27, 16, 17], [73, 74, 75], [13, 2], [70, 71, 5, 6, 7, 8, 19]], "food": [24, 4], "index": 0}, "status": "ACTIVE"}, {"action": "WEST", "reward": 31, "info": {}, "observation": {"remainingOverageTime": 12, "index": 1}, "status": "ACTIVE"}, {"action": "SOUTH", "reward": 30, "info": {}, "observation": {"remainingOverageTime": 12, "index": 2}, "status": "ACTIVE"}, {"action": "WEST", "reward": 35, "info": {}, "observation": {"remainingOverageTime": 12, "index": 3}, "status": "ACTIVE"}], [{"action": "NORTH", "reward": 33, "info": {}, "observation": {"remainingOverageTime": 12, "step": 29, "geese": [[15, 26, 27, 16], [62, 73, 74], [24, 13, 2], [4, 70, 71, 5, 6, 7, 8, 19]], "food": [66, 68], "index": 0}, "status": "ACTIVE"}, {"action": "NORTH", "reward": 32, "info": {}, "observation": {"remainingOverageTime": 12, "index": 1}, "status": "ACTIVE"}, {"action": "SOUTH", "reward": 31, "info": {}, "observation": {"remainingOverageTime": 12, "index": 2}, "status": "ACTIVE"}, {"action": "SOUTH", "reward": 36, "info": {}, "observation": {"remainingOverageTime": 12, "index": 3}, "status": "ACTIVE"}], [{"action": "WEST", "reward": 34, "info": {}, "observation": {"remainingOverageTime": 12, "step": 30, "geese": [[14, 15, 26, 27], [63, 62, 73], [35, 24, 13], [3, 4, 70, 71, 5, 6, 7, 8]], "food": [66, 68], "index": 0}, "status": "ACTIVE"}, {"action": "EAST", "reward": 33, "info": {}, "observation": {"remainingOverageTime": 12, "index": 1}, "status": "ACTIVE"}, {"action": "SOUTH", "reward": 33, "info": {}, "observation": {"remainingOverageTime": 12, "index": 2}, "status": "ACTIVE"}, {"action": "WEST", "reward": 38, "info": {}, "observation": {"remainingOverageTime": 12, "index": 3}, "status": "ACTIVE"}], [{"action": "WEST", "reward": 35, "info": {}, "observation": {"remainingOverageTime": 12, "step": 31, "geese": [[13, 14, 15, 26], [64, 63, 62], [46, 35, 24], [69, 3, 4, 70, 71, 5, 6, 7]], "food": [66, 68], "index": 0}, "status": "ACTIVE"}, {"action": "EAST", "reward": 34, "info": {}, "observation": {"remainingOverageTime": 12, "index": 1}, "status": "ACTIVE"}, {"action": "SOUTH", "reward": 34, "info": {}, "observation": {"remainingOverageTime": 12, "index": 2}, "status": "ACTIVE"}, {"action": "NORTH", "reward": 39, "info": {}, "observation": {"remainingOverageTime": 12, "index": 3}, "status": "ACTIVE"}], [{"action": "NORTH", "reward": 36, "info": {}, "observation": {"remainingOverageTime": 12, "step": 32, "geese": [[2, 13, 14, 15], [65, 64, 63], [57, 46, 35], [68, 69, 3, 4, 70, 71, 5, 6, 7]], "food": [66, 55], "index": 0}, "status": "ACTIVE"}, {"action": "EAST", "reward": 35, "info": {}, "observation": {"remainingOverageTime": 12, "index": 1}, "status": "ACTIVE"}, {"action": "SOUTH", "reward": 35, "info": {}, "observation": {"remainingOverageTime": 12, "index": 2}, "status": "ACTIVE"}, {"action": "WEST", "reward": 40, "info": {}, "observation": {"remainingOverageTime": 12, "index": 3}, "status": "ACTIVE"}], [{"action": "WEST", "reward": 37, "info": {}, "observation": {"remainingOverageTime": 12, "step": 33, "geese": [[1, 2, 13, 14], [55, 65, 64, 63], [56, 57, 46], [67, 68, 69, 3, 4, 70, 71, 5, 6]], "food": [66, 25], "index": 0}, "status": "ACTIVE"}, {"action": "EAST", "reward": 36, "info": {}, "observation": {"remainingOverageTime": 12, "index": 1}, "status": "ACTIVE"}, {"action": "WEST", "reward": 36, "info": {}, "observation": {"remainingOverageTime": 12, "index": 2}, "status": "ACTIVE"}, {"action": "WEST", "reward": 42, "info": {}, "observation": {"remainingOverageTime": 12, "index": 3}, "status": "ACTIVE"}], [{"action": "WEST", "reward": 38, "info": {}, "observation": {"remainingOverageTime": 12, "step": 34, "geese": [[0, 1, 2, 13], [44, 55, 65, 64], [45, 56, 57], [66, 67, 68, 69, 3, 4, 70, 71, 5, 6]], "food": [25, 33], "index": 0}, "status": "ACTIVE"}, {"action": "NORTH", "reward": 38, "info": {}, "observation": {"remainingOverageTime": 12, "index": 1}, "status": "ACTIVE"}, {"action": "NORTH", "reward": 37, "info": {}, "observation": {"remainingOverageTime": 12, "index": 2}, "status": "ACTIVE"}, {"action": "WEST", "reward": 43, "info": {}, "observation": {"remainingOverageTime": 12, "index": 3}, "status": "ACTIVE"}], [{"action": "SOUTH", "reward": 39, "info": {}, "observation": {"remainingOverageTime": 12, "step": 35, "geese": [[11, 0, 1, 2], [33, 44, 55, 65, 64], [34, 45, 56], [76, 66, 67, 68, 69, 3, 4, 70, 71, 5]], "food": [25, 31], "index": 0}, "status": "ACTIVE"}, {"action": "NORTH", "reward": 39, "info": {}, "observation": {"remainingOverageTime": 12, "index": 1}, "status": "ACTIVE"}, {"action": "NORTH", "reward": 38, "info": {}, "observation": {"remainingOverageTime": 12, "index": 2}, "status": "ACTIVE"}, {"action": "WEST", "reward": 45, "info": {}, "observation": {"remainingOverageTime": 12, "index": 3}, "status": "ACTIVE"}], [{"action": "WEST", "reward": 40, "info": {}, "observation": {"remainingOverageTime": 12, "step": 36, "geese": [[21, 11, 0, 1], [43, 33, 44, 55, 65], [35, 34, 45], [75, 76, 66, 67, 68, 69, 3, 4, 70, 71]], "food": [25, 31], "index": 0}, "status": "ACTIVE"}, {"action": "WEST", "reward": 41, "info": {}, "observation": {"remainingOverageTime": 12, "index": 1}, "status": "ACTIVE"}, {"action": "EAST", "reward": 39, "info": {}, "observation": {"remainingOverageTime": 12, "index": 2}, "status": "ACTIVE"}, {"action": "WEST", "reward": 46, "info": {}, "observation": {"remainingOverageTime": 12, "index": 3}, "status": "ACTIVE"}], [{"action": "WEST", "reward": 41, "info": {}, "observation": {"remainingOverageTime": 12, "step": 37, "geese": [[20, 21, 11, 0], [42, 43, 33, 44, 55], [36, 35, 34], [9, 75, 76, 66, 67, 68, 69, 3, 4, 70]], "food": [25, 31], "index": 0}, "status": "ACTIVE"}, {"action": "WEST", "reward": 42, "info": {}, "observation": {"remainingOverageTime": 12, "index": 1}, "status": "ACTIVE"}, {"action": "EAST", "reward": 40, "info": {}, "observation": {"remainingOverageTime": 12, "index": 2}, "status": "ACTIVE"}, {"action": "SOUTH", "reward": 47, "info": {}, "observation": {"remainingOverageTime": 12, "index": 3}, "status": "ACTIVE"}], [{"action": "WEST", "reward": 42, "info": {}, "observation": {"remainingOverageTime": 12, "step": 38, "geese": [[19, 20, 21, 11], [41, 42, 43, 33, 44], [25, 36, 35, 34], [8, 9, 75, 76, 66, 67, 68, 69, 3, 4]], "food": [31, 51], "index": 0}, "status": "ACTIVE"}, {"action": "WEST", "reward": 43, "info": {}, "observation": {"remainingOverageTime": 12, "index": 1}, "status": "ACTIVE"}, {"action": "NORTH", "reward": 41, "info": {}, "observation": {"remainingOverageTime": 12, "index": 2}, "status": "ACTIVE"}, {"action": "WEST", "reward": 48, "info": {}, "observation": {"remainingOverageTime": 12, "index": 3}, "status": "ACTIVE"}], [{"action": "WEST", "reward": 43, "info": {}, "observation": {"remainingOverageTime": 12, "step": 39, "geese": [[18, 19, 20, 21], [40, 41, 42, 43, 33], [24, 25, 36, 35], [74, 8, 9, 75, 76, 66, 67, 68, 69, 3]], "food": [31, 51], "index": 0}, "status": "ACTIVE"}, {"action": "WEST", "reward": 44, "info": {}, "observation": {"remainingOverageTime": 12, "index": 1}, "status": "ACTIVE"}, {"action": "WEST", "reward": 43, "info": {}, "observation": {"remainingOverageTime": 12, "index": 2}, "status": "ACTIVE"}, {"action": "NORTH", "reward": 49, "info": {}, "observation": {"remainingOverageTime": 12, "index": 3}, "status": "ACTIVE"}], [{"action": "NORTH", "reward": 44, "info": {}, "observation": {"remainingOverageTime": 12, "step": 40, "geese": [[7, 18, 19], [51, 40, 41, 42, 43], [23, 24, 25], [73, 74, 8, 9, 75, 76, 66, 67, 68]], "food": [31, 35], "index": 0}, "status": "ACTIVE"}, {"action": "SOUTH", "reward": 45, "info": {}, "observation": {"remainingOverageTime": 12, "index": 1}, "status": "ACTIVE"}, {"action": "WEST", "reward": 44, "info": {}, "observation": {"remainingOverageTime": 12, "index": 2}, "status": "ACTIVE"}, {"action": "WEST", "reward": 50, "info": {}, "observation": {"remainingOverageTime": 12, "index": 3}, "status": "ACTIVE"}], [{"action": "WEST", "reward": 44, "info": {}, "observation": {"remainingOverageTime": 12, "step": 41, "geese": [[6, 7, 18], [50, 51, 40, 41, 42], [34, 23, 24], [72, 73, 74, 8, 9, 75, 76, 66, 67]], "food": [31, 35], "index": 0}, "status": "ACTIVE"}, {"action": "WEST", "reward": 46, "info": {}, "observation": {"remainingOverageTime": 12, "index": 1}, "status": "ACTIVE"}, {"action": "SOUTH", "reward": 44, "info": {}, "observation": {"remainingOverageTime": 12, "index": 2}, "status": "ACTIVE"}, {"action": "WEST", "reward": 50, "info": {}, "observation": {"remainingOverageTime": 12, "index": 3}, "status": "ACTIVE"}], [{"action": "SOUTH", "reward": 45, "info": {}, "observation": {"remainingOverageTime": 12, "step": 42, "geese": [[17, 6, 7], [49, 50, 51, 40, 41], [35, 34, 23, 24], [71, 72, 73, 74, 8, 9, 75, 76, 66]], "food": [31, 15], "index": 0}, "status": "ACTIVE"}, {"action": "WEST", "reward": 47, "info": {}, "observation": {"remainingOverageTime": 12, "index": 1}, "status": "ACTIVE"}, {"action": "EAST", "reward": 45, "info": {}, "observation": {"remainingOverageTime": 12, "index": 2}, "status": "ACTIVE"}, {"action": "WEST", "reward": 51, "info": {}, "observation": {"remainingOverageTime": 12, "index": 3}, "status": "ACTIVE"}], [{"action": "WEST", "reward": 46, "info": {}, "observation": {"remainingOverageTime": 12, "step": 43, "geese": [[16, 17, 6], [48, 49, 50, 51, 40], [36, 35, 34, 23], [70, 71, 72, 73, 74, 8, 9, 75, 76]], "food": [31, 15], "index": 0}, "status": "ACTIVE"}, {"action": "WEST", "reward": 48, "info": {}, "observation": {"remainingOverageTime": 12, "index": 1}, "status": "ACTIVE"}, {"action": "EAST", "reward": 47, "info": {}, "observation": {"remainingOverageTime": 12, "index": 2}, "status": "ACTIVE"}, {"action": "WEST", "reward": 52, "info": {}, "observation": {"remainingOverageTime": 12, "index": 3}, "status": "ACTIVE"}], [{"action": "WEST", "reward": 47, "info": {}, "observation": {"remainingOverageTime": 12, "step": 44, "geese": [[15, 16, 17, 6], [47, 48, 49, 50, 51], [25, 36, 35, 34], [4, 70, 71, 72, 73, 74, 8, 9, 75]], "food": [31, 13], "index": 0}, "status": "ACTIVE"}, {"action": "WEST", "reward": 49, "info": {}, "observation": {"remainingOverageTime": 12, "index": 1}, "status": "ACTIVE"}, {"action": "NORTH", "reward": 48, "info": {}, "observation": {"remainingOverageTime": 12, "index": 2}, "status": "ACTIVE"}, {"action": "SOUTH", "reward": 53, "info": {}, "observation": {"remainingOverageTime": 12, "index": 3}, "status": "ACTIVE"}], [{"action": "SOUTH", "reward": 49, "info": {}, "observation": {"remainingOverageTime": 12, "step": 45, "geese": [[26, 15, 16, 17], [46, 47, 48, 49, 50], [24, 25, 36, 35], [3, 4, 70, 71, 72, 73, 74, 8, 9]], "food": [31, 13], "index": 0}, "status": "ACTIVE"}, {"action": "WEST", "reward": 50, "info": {}, "observation": {"remainingOverageTime": 12, "index": 1}, "status": "ACTIVE"}, {"action": "WEST", "reward": 49, "info": {}, "observation": {"remainingOverageTime": 12, "index": 2}, "status": "ACTIVE"}, {"action": "WEST", "reward": 54, "info": {}, "observation": {"remainingOverageTime": 12, "index": 3}, "status": "ACTIVE"}], [{"action": "EAST", "reward": 50, "info": {}, "observation": {"remainingOverageTime": 12, "step": 46, "geese": [[27, 26, 15, 16], [57, 46, 47, 48, 49], [13, 24, 25, 36, 35], [14, 3, 4, 70, 71, 72, 73, 74, 8]], "food": [31, 10], "index": 0}, "status": "ACTIVE"}, {"action": "SOUTH", "reward": 51, "info": {}, "observation": {"remainingOverageTime": 12, "index": 1}, "status": "ACTIVE"}, {"action": "NORTH", "reward": 50, "info": {}, "observation": {"remainingOverageTime": 12, "index": 2}, "status": "ACTIVE"}, {"action": "SOUTH", "reward": 55, "info": {}, "observation": {"remainingOverageTime": 12, "index": 3}, "status": "ACTIVE"}], [{"action": "EAST", "reward": 51, "info": {}, "observation": {"remainingOverageTime": 12, "step": 47, "geese": [[28, 27, 26, 15], [56, 57, 46, 47, 48], [], []], "food": [31, 10], "index": 0}, "status": "ACTIVE"}, {"action": "WEST", "reward": 52, "info": {}, "observation": {"remainingOverageTime": 12, "index": 1}, "status": "ACTIVE"}, {"action": "WEST", "reward": 52, "info": {}, "observation": {"remainingOverageTime": 12, "index": 2}, "status": "DONE"}, {"action": "WEST", "reward": 56, "info": {}, "observation": {"remainingOverageTime": 12, "index": 3}, "status": "DONE"}], [{"action": "EAST", "reward": 52, "info": {}, "observation": {"remainingOverageTime": 12, "step": 48, "geese": [[29, 28, 27, 26], [67, 56, 57, 46, 47], [], []], "food": [31, 10], "index": 0}, "status": "ACTIVE"}, {"action": "SOUTH", "reward": 53, "info": {}, "observation": {"remainingOverageTime": 12, "index": 1}, "status": "ACTIVE"}, {"action": "NORTH", "reward": 52, "info": {}, "observation": {"remainingOverageTime": 12, "index": 2}, "status": "DONE"}, {"action": "NORTH", "reward": 56, "info": {}, "observation": {"remainingOverageTime": 12, "index": 3}, "status": "DONE"}], [{"action": "EAST", "reward": 53, "info": {}, "observation": {"remainingOverageTime": 12, "step": 49, "geese": [[30, 29, 28, 27], [1, 67, 56, 57, 46], [], []], "food": [31, 10], "index": 0}, "status": "ACTIVE"}, {"action": "SOUTH", "reward": 54, "info": {}, "observation": {"remainingOverageTime": 12, "index": 1}, "status": "ACTIVE"}, {"action": "NORTH", "reward": 52, "info": {}, "observation": {"remainingOverageTime": 12, "index": 2}, "status": "DONE"}, {"action": "NORTH", "reward": 56, "info": {}, "observation": {"remainingOverageTime": 12, "index": 3}, "status": "DONE"}], [{"action": "EAST", "reward": 54, "info": {}, "observation": {"remainingOverageTime": 12, "step": 50, "geese": [[31, 30, 29, 28, 27], [0, 1, 67, 56, 57], [], []], "food": [10, 14], "index": 0}, "status": "ACTIVE"}, {"action": "WEST", "reward": 55, "info": {}, "observation": {"remainingOverageTime": 12, "index": 1}, "status": "ACTIVE"}, {"action": "NORTH", "reward": 52, "info": {}, "observation": {"remainingOverageTime": 12, "index": 2}, "status": "DONE"}, {"action": "NORTH", "reward": 56, "info": {}, "observation": {"remainingOverageTime": 12, "index": 3}, "status": "DONE"}], [{"action": "NORTH", "reward": 56, "info": {}, "observation": {"remainingOverageTime": 12, "step": 51, "geese": [[20, 31, 30, 29, 28], [10, 0, 1, 67, 56, 57], [], []], "food": [14, 51], "index": 0}, "status": "ACTIVE"}, {"action": "WEST", "reward": 56, "info": {}, "observation": {"remainingOverageTime": 12, "index": 1}, "status": "ACTIVE"}, {"action": "NORTH", "reward": 52, "info": {}, "observation": {"remainingOverageTime": 12, "index": 2}, "status": "DONE"}, {"action": "NORTH", "reward": 56, "info": {}, "observation": {"remainingOverageTime": 12, "index": 3}, "status": "DONE"}], [{"action": "WEST", "reward": 57, "info": {}, "observation": {"remainingOverageTime": 12, "step": 52, "geese": [[19, 20, 31, 30, 29], [76, 10, 0, 1, 67, 56], [], []], "food": [14, 51], "index": 0}, "status": "ACTIVE"}, {"action": "NORTH", "reward": 58, "info": {}, "observation": {"remainingOverageTime": 12, "index": 1}, "status": "ACTIVE"}, {"action": "NORTH", "reward": 52, "info": {}, "observation": {"remainingOverageTime": 12, "index": 2}, "status": "DONE"}, {"action": "NORTH", "reward": 56, "info": {}, "observation": {"remainingOverageTime": 12, "index": 3}, "status": "DONE"}], [{"action": "WEST", "reward": 58, "info": {}, "observation": {"remainingOverageTime": 12, "step": 53, "geese": [[18, 19, 20, 31, 30], [75, 76, 10, 0, 1, 67], [], []], "food": [14, 51], "index": 0}, "status": "ACTIVE"}, {"action": "WEST", "reward": 59, "info": {}, "observation": {"remainingOverageTime": 12, "index": 1}, "status": "ACTIVE"}, {"action": "NORTH", "reward": 52, "info": {}, "observation": {"remainingOverageTime": 12, "index": 2}, "status": "DONE"}, {"action": "NORTH", "reward": 56, "info": {}, "observation": {"remainingOverageTime": 12, "index": 3}, "status": "DONE"}], [{"action": "SOUTH", "reward": 59, "info": {}, "observation": {"remainingOverageTime": 12, "step": 54, "geese": [[29, 18, 19, 20, 31], [64, 75, 76, 10, 0, 1], [], []], "food": [14, 51], "index": 0}, "status": "ACTIVE"}, {"action": "NORTH", "reward": 60, "info": {}, "observation": {"remainingOverageTime": 12, "index": 1}, "status": "ACTIVE"}, {"action": "NORTH", "reward": 52, "info": {}, "observation": {"remainingOverageTime": 12, "index": 2}, "status": "DONE"}, {"action": "NORTH", "reward": 56, "info": {}, "observation": {"remainingOverageTime": 12, "index": 3}, "status": "DONE"}], [{"action": "SOUTH", "reward": 60, "info": {}, "observation": {"remainingOverageTime": 12, "step": 55, "geese": [[40, 29, 18, 19, 20], [53, 64, 75, 76, 10, 0], [], []], "food": [14, 51], "index": 0}, "status": "ACTIVE"}, {"action": "NORTH", "reward": 61, "info": {}, "observation": {"remainingOverageTime": 12, "index": 1}, "status": "ACTIVE"}, {"action": "NORTH", "reward": 52, "info": {}, "observation": {"remainingOverageTime": 12, "index": 2}, "status": "DONE"}, {"action": "NORTH", "reward": 56, "info": {}, "observation": {"remainingOverageTime": 12, "index": 3}, "status": "DONE"}], [{"action": "SOUTH", "reward": 61, "info": {}, "observation": {"remainingOverageTime": 12, "step": 56, "geese": [[51, 40, 29, 18, 19, 20], [52, 53, 64, 75, 76, 10], [], []], "food": [14, 7], "index": 0}, "status": "ACTIVE"}, {"action": "WEST", "reward": 62, "info": {}, "observation": {"remainingOverageTime": 12, "index": 1}, "status": "ACTIVE"}, {"action": "NORTH", "reward": 52, "info": {}, "observation": {"remainingOverageTime": 12, "index": 2}, "status": "DONE"}, {"action": "NORTH", "reward": 56, "info": {}, "observation": {"remainingOverageTime": 12, "index": 3}, "status": "DONE"}], [{"action": "SOUTH", "reward": 63, "info": {}, "observation": {"remainingOverageTime": 12, "step": 57, "geese": [[62, 51, 40, 29, 18, 19], [63, 52, 53, 64, 75, 76], [], []], "food": [14, 7], "index": 0}, "status": "ACTIVE"}, {"action": "SOUTH", "reward": 63, "info": {}, "observation": {"remainingOverageTime": 12, "index": 1}, "status": "ACTIVE"}, {"action": "NORTH", "reward": 52, "info": {}, "observation": {"remainingOverageTime": 12, "index": 2}, "status": "DONE"}, {"action": "NORTH", "reward": 56, "info": {}, "observation": {"remainingOverageTime": 12, "index": 3}, "status": "DONE"}], [{"action": "SOUTH", "reward": 64, "info": {}, "observation": {"remainingOverageTime": 12, "step": 58, "geese": [[73, 62, 51, 40, 29, 18], [74, 63, 52, 53, 64, 75], [], []], "food": [14, 7], "index": 0}, "status": "ACTIVE"}, {"action": "SOUTH", "reward": 64, "info": {}, "observation": {"remainingOverageTime": 12, "index": 1}, "status": "ACTIVE"}, {"action": "NORTH", "reward": 52, "info": {}, "observation": {"remainingOverageTime": 12, "index": 2}, "status": "DONE"}, {"action": "NORTH", "reward": 56, "info": {}, "observation": {"remainingOverageTime": 12, "index": 3}, "status": "DONE"}], [{"action": "SOUTH", "reward": 65, "info": {}, "observation": {"remainingOverageTime": 12, "step": 59, "geese": [[7, 73, 62, 51, 40, 29, 18], [8, 74, 63, 52, 53, 64], [], []], "food": [14, 57], "index": 0}, "status": "ACTIVE"}, {"action": "SOUTH", "reward": 65, "info": {}, "observation": {"remainingOverageTime": 12, "index": 1}, "status": "ACTIVE"}, {"action": "NORTH", "reward": 52, "info": {}, "observation": {"remainingOverageTime": 12, "index": 2}, "status": "DONE"}, {"action": "NORTH", "reward": 56, "info": {}, "observation": {"remainingOverageTime": 12, "index": 3}, "status": "DONE"}], [{"action": "WEST", "reward": 67, "info": {}, "observation": {"remainingOverageTime": 12, "step": 60, "geese": [[6, 7, 73, 62, 51, 40, 29], [19, 8, 74, 63, 52, 53], [], []], "food": [14, 57], "index": 0}, "status": "ACTIVE"}, {"action": "SOUTH", "reward": 66, "info": {}, "observation": {"remainingOverageTime": 12, "index": 1}, "status": "ACTIVE"}, {"action": "NORTH", "reward": 52, "info": {}, "observation": {"remainingOverageTime": 12, "index": 2}, "status": "DONE"}, {"action": "NORTH", "reward": 56, "info": {}, "observation": {"remainingOverageTime": 12, "index": 3}, "status": "DONE"}], [{"action": "WEST", "reward": 68, "info": {}, "observation": {"remainingOverageTime": 12, "step": 61, "geese": [[5, 6, 7, 73, 62, 51, 40], [18, 19, 8, 74, 63, 52], [], []], "food": [14, 57], "index": 0}, "status": "ACTIVE"}, {"action": "WEST", "reward": 67, "info": {}, "observation": {"remainingOverageTime": 12, "index": 1}, "status": "ACTIVE"}, {"action": "NORTH", "reward": 52, "info": {}, "observation": {"remainingOverageTime": 12, "index": 2}, "status": "DONE"}, {"action": "NORTH", "reward": 56, "info": {}, "observation": {"remainingOverageTime": 12, "index": 3}, "status": "DONE"}], [{"action": "SOUTH", "reward": 69, "info": {}, "observation": {"remainingOverageTime": 12, "step": 62, "geese": [[16, 5, 6, 7, 73, 62, 51], [17, 18, 19, 8, 74, 63], [], []], "food": [14, 57], "index": 0}, "status": "ACTIVE"}, {"action": "WEST", "reward": 68, "info": {}, "observation": {"remainingOverageTime": 12, "index": 1}, "status": "ACTIVE"}, {"action": "NORTH", "reward": 52, "info": {}, "observation": {"remainingOverageTime": 12, "index": 2}, "status": "DONE"}, {"action": "NORTH", "reward": 56, "info": {}, "observation": {"remainingOverageTime": 12, "index": 3}, "status": "DONE"}], [{"action": "WEST", "reward": 70, "info": {}, "observation": {"remainingOverageTime": 12, "step": 63, "geese": [[15, 16, 5, 6, 7, 73, 62], [28, 17, 18, 19, 8, 74], [], []], "food": [14, 57], "index": 0}, "status": "ACTIVE"}, {"action": "SOUTH", "reward": 69, "info": {}, "observation": {"remainingOverageTime": 12, "index": 1}, "status": "ACTIVE"}, {"action": "NORTH", "reward": 52, "info": {}, "observation": {"remainingOverageTime": 12, "index": 2}, "status": "DONE"}, {"action": "NORTH", "reward": 56, "info": {}, "observation": {"remainingOverageTime": 12, "index": 3}, "status": "DONE"}], [{"action": "WEST", "reward": 71, "info": {}, "observation": {"remainingOverageTime": 12, "step": 64, "geese": [[14, 15, 16, 5, 6, 7, 73, 62], [27, 28, 17, 18, 19, 8], [], []], "food": [57, 59], "index": 0}, "status": "ACTIVE"}, {"action": "WEST", "reward": 70, "info": {}, "observation": {"remainingOverageTime": 12, "index": 1}, "status": "ACTIVE"}, {"action": "NORTH", "reward": 52, "info": {}, "observation": {"remainingOverageTime": 12, "index": 2}, "status": "DONE"}, {"action": "NORTH", "reward": 56, "info": {}, "observation": {"remainingOverageTime": 12, "index": 3}, "status": "DONE"}], [{"action": "WEST", "reward": 73, "info": {}, "observation": {"remainingOverageTime": 12, "step": 65, "geese": [[13, 14, 15, 16, 5, 6, 7, 73], [26, 27, 28, 17, 18, 19], [], []], "food": [57, 59], "index": 0}, "status": "ACTIVE"}, {"action": "WEST", "reward": 71, "info": {}, "observation": {"remainingOverageTime": 12, "index": 1}, "status": "ACTIVE"}, {"action": "NORTH", "reward": 52, "info": {}, "observation": {"remainingOverageTime": 12, "index": 2}, "status": "DONE"}, {"action": "NORTH", "reward": 56, "info": {}, "observation": {"remainingOverageTime": 12, "index": 3}, "status": "DONE"}], [{"action": "NORTH", "reward": 74, "info": {}, "observation": {"remainingOverageTime": 12, "step": 66, "geese": [[2, 13, 14, 15, 16, 5, 6, 7], [37, 26, 27, 28, 17, 18], [], []], "food": [57, 59], "index": 0}, "status": "ACTIVE"}, {"action": "SOUTH", "reward": 72, "info": {}, "observation": {"remainingOverageTime": 12, "index": 1}, "status": "ACTIVE"}, {"action": "NORTH", "reward": 52, "info": {}, "observation": {"remainingOverageTime": 12, "index": 2}, "status": "DONE"}, {"action": "NORTH", "reward": 56, "info": {}, "observation": {"remainingOverageTime": 12, "index": 3}, "status": "DONE"}], [{"action": "NORTH", "reward": 75, "info": {}, "observation": {"remainingOverageTime": 12, "step": 67, "geese": [[68, 2, 13, 14, 15, 16, 5, 6], [48, 37, 26, 27, 28, 17], [], []], "food": [57, 59], "index": 0}, "status": "ACTIVE"}, {"action": "SOUTH", "reward": 73, "info": {}, "observation": {"remainingOverageTime": 12, "index": 1}, "status": "ACTIVE"}, {"action": "NORTH", "reward": 52, "info": {}, "observation": {"remainingOverageTime": 12, "index": 2}, "status": "DONE"}, {"action": "NORTH", "reward": 56, "info": {}, "observation": {"remainingOverageTime": 12, "index": 3}, "status": "DONE"}], [{"action": "NORTH", "reward": 76, "info": {}, "observation": {"remainingOverageTime": 12, "step": 68, "geese": [[57, 68, 2, 13, 14, 15, 16, 5, 6], [59, 48, 37, 26, 27, 28, 17], [], []], "food": [11, 63], "index": 0}, "status": "ACTIVE"}, {"action": "SOUTH", "reward": 74, "info": {}, "observation": {"remainingOverageTime": 12, "index": 1}, "status": "ACTIVE"}, {"action": "NORTH", "reward": 52, "info": {}, "observation": {"remainingOverageTime": 12, "index": 2}, "status": "DONE"}, {"action": "NORTH", "reward": 56, "info": {}, "observation": {"remainingOverageTime": 12, "index": 3}, "status": "DONE"}], [{"action": "WEST", "reward": 78, "info": {}, "observation": {"remainingOverageTime": 12, "step": 69, "geese": [[56, 57, 68, 2, 13, 14, 15, 16, 5], [60, 59, 48, 37, 26, 27, 28], [], []], "food": [11, 63], "index": 0}, "status": "ACTIVE"}, {"action": "EAST", "reward": 76, "info": {}, "observation": {"remainingOverageTime": 12, "index": 1}, "status": "ACTIVE"}, {"action": "NORTH", "reward": 52, "info": {}, "observation": {"remainingOverageTime": 12, "index": 2}, "status": "DONE"}, {"action": "NORTH", "reward": 56, "info": {}, "observation": {"remainingOverageTime": 12, "index": 3}, "status": "DONE"}], [{"action": "SOUTH", "reward": 79, "info": {}, "observation": {"remainingOverageTime": 12, "step": 70, "geese": [[67, 56, 57, 68, 2, 13, 14, 15, 16], [61, 60, 59, 48, 37, 26, 27], [], []], "food": [11, 63], "index": 0}, "status": "ACTIVE"}, {"action": "EAST", "reward": 77, "info": {}, "observation": {"remainingOverageTime": 12, "index": 1}, "status": "ACTIVE"}, {"action": "NORTH", "reward": 52, "info": {}, "observation": {"remainingOverageTime": 12, "index": 2}, "status": "DONE"}, {"action": "NORTH", "reward": 56, "info": {}, "observation": {"remainingOverageTime": 12, "index": 3}, "status": "DONE"}], [{"action": "SOUTH", "reward": 80, "info": {}, "observation": {"remainingOverageTime": 12, "step": 71, "geese": [[1, 67, 56, 57, 68, 2, 13, 14, 15], [62, 61, 60, 59, 48, 37, 26], [], []], "food": [11, 63], "index": 0}, "status": "ACTIVE"}, {"action": "EAST", "reward": 78, "info": {}, "observation": {"remainingOverageTime": 12, "index": 1}, "status": "ACTIVE"}, {"action": "NORTH", "reward": 52, "info": {}, "observation": {"remainingOverageTime": 12, "index": 2}, "status": "DONE"}, {"action": "NORTH", "reward": 56, "info": {}, "observation": {"remainingOverageTime": 12, "index": 3}, "status": "DONE"}], [{"action": "WEST", "reward": 81, "info": {}, "observation": {"remainingOverageTime": 12, "step": 72, "geese": [[0, 1, 67, 56, 57, 68, 2, 13, 14], [63, 62, 61, 60, 59, 48, 37, 26], [], []], "food": [11, 50], "index": 0}, "status": "ACTIVE"}, {"action": "EAST", "reward": 79, "info": {}, "observation": {"remainingOverageTime": 12, "index": 1}, "status": "ACTIVE"}, {"action": "NORTH", "reward": 52, "info": {}, "observation": {"remainingOverageTime": 12, "index": 2}, "status": "DONE"}, {"action": "NORTH", "reward": 56, "info": {}, "observation": {"remainingOverageTime": 12, "index": 3}, "status": "DONE"}], [{"action": "SOUTH", "reward": 82, "info": {}, "observation": {"remainingOverageTime": 12, "step": 73, "geese": [[11, 0, 1, 67, 56, 57, 68, 2, 13, 14], [52, 63, 62, 61, 60, 59, 48, 37], [], []], "food": [50, 65], "index": 0}, "status": "ACTIVE"}, {"action": "NORTH", "reward": 81, "info": {}, "observation": {"remainingOverageTime": 12, "index": 1}, "status": "ACTIVE"}, {"action": "NORTH", "reward": 52, "info": {}, "observation": {"remainingOverageTime": 12, "index": 2}, "status": "DONE"}, {"action": "NORTH", "reward": 56, "info": {}, "observation": {"remainingOverageTime": 12, "index": 3}, "status": "DONE"}], [{"action": "WEST", "reward": 84, "info": {}, "observation": {"remainingOverageTime": 12, "step": 74, "geese": [[21, 11, 0, 1, 67, 56, 57, 68, 2, 13], [51, 52, 63, 62, 61, 60, 59, 48], [], []], "food": [50, 65], "index": 0}, "status": "ACTIVE"}, {"action": "WEST", "reward": 82, "info": {}, "observation": {"remainingOverageTime": 12, "index": 1}, "status": "ACTIVE"}, {"action": "NORTH", "reward": 52, "info": {}, "observation": {"remainingOverageTime": 12, "index": 2}, "status": "DONE"}, {"action": "NORTH", "reward": 56, "info": {}, "observation": {"remainingOverageTime": 12, "index": 3}, "status": "DONE"}], [{"action": "NORTH", "reward": 85, "info": {}, "observation": {"remainingOverageTime": 12, "step": 75, "geese": [[10, 21, 11, 0, 1, 67, 56, 57, 68, 2], [50, 51, 52, 63, 62, 61, 60, 59, 48], [], []], "food": [65, 26], "index": 0}, "status": "ACTIVE"}, {"action": "WEST", "reward": 83, "info": {}, "observation": {"remainingOverageTime": 12, "index": 1}, "status": "ACTIVE"}, {"action": "NORTH", "reward": 52, "info": {}, "observation": {"remainingOverageTime": 12, "index": 2}, "status": "DONE"}, {"action": "NORTH", "reward": 56, "info": {}, "observation": {"remainingOverageTime": 12, "index": 3}, "status": "DONE"}], [{"action": "NORTH", "reward": 86, "info": {}, "observation": {"remainingOverageTime": 12, "step": 76, "geese": [[76, 10, 21, 11, 0, 1, 67, 56, 57, 68], [49, 50, 51, 52, 63, 62, 61, 60, 59], [], []], "food": [65, 26], "index": 0}, "status": "ACTIVE"}, {"action": "WEST", "reward": 85, "info": {}, "observation": {"remainingOverageTime": 12, "index": 1}, "status": "ACTIVE"}, {"action": "NORTH", "reward": 52, "info": {}, "observation": {"remainingOverageTime": 12, "index": 2}, "status": "DONE"}, {"action": "NORTH", "reward": 56, "info": {}, "observation": {"remainingOverageTime": 12, "index": 3}, "status": "DONE"}], [{"action": "NORTH", "reward": 87, "info": {}, "observation": {"remainingOverageTime": 12, "step": 77, "geese": [[65, 76, 10, 21, 11, 0, 1, 67, 56, 57, 68], [48, 49, 50, 51, 52, 63, 62, 61, 60], [], []], "food": [26, 17], "index": 0}, "status": "ACTIVE"}, {"action": "WEST", "reward": 86, "info": {}, "observation": {"remainingOverageTime": 12, "index": 1}, "status": "ACTIVE"}, {"action": "NORTH", "reward": 52, "info": {}, "observation": {"remainingOverageTime": 12, "index": 2}, "status": "DONE"}, {"action": "NORTH", "reward": 56, "info": {}, "observation": {"remainingOverageTime": 12, "index": 3}, "status": "DONE"}], [{"action": "WEST", "reward": 89, "info": {}, "observation": {"remainingOverageTime": 12, "step": 78, "geese": [[64, 65, 76, 10, 21, 11, 0, 1, 67, 56, 57], [37, 48, 49, 50, 51, 52, 63, 62, 61], [], []], "food": [26, 17], "index": 0}, "status": "ACTIVE"}, {"action": "NORTH", "reward": 87, "info": {}, "observation": {"remainingOverageTime": 12, "index": 1}, "status": "ACTIVE"}, {"action": "NORTH", "reward": 52, "info": {}, "observation": {"remainingOverageTime": 12, "index": 2}, "status": "DONE"}, {"action": "NORTH", "reward": 56, "info": {}, "observation": {"remainingOverageTime": 12, "index": 3}, "status": "DONE"}], [{"action": "SOUTH", "reward": 90, "info": {}, "observation": {"remainingOverageTime": 12, "step": 79, "geese": [[75, 64, 65, 76, 10, 21, 11, 0, 1, 67, 56], [26, 37, 48, 49, 50, 51, 52, 63, 62, 61], [], []], "food": [17, 7], "index": 0}, "status": "ACTIVE"}, {"action": "NORTH", "reward": 88, "info": {}, "observation": {"remainingOverageTime": 12, "index": 1}, "status": "ACTIVE"}, {"action": "NORTH", "reward": 52, "info": {}, "observation": {"remainingOverageTime": 12, "index": 2}, "status": "DONE"}, {"action": "NORTH", "reward": 56, "info": {}, "observation": {"remainingOverageTime": 12, "index": 3}, "status": "DONE"}], [{"action": "SOUTH", "reward": 91, "info": {}, "observation": {"remainingOverageTime": 12, "step": 80, "geese": [[9, 75, 64, 65, 76, 10, 21, 11, 0, 1], [27, 26, 37, 48, 49, 50, 51, 52, 63], [], []], "food": [17, 7], "index": 0}, "status": "ACTIVE"}, {"action": "EAST", "reward": 90, "info": {}, "observation": {"remainingOverageTime": 12, "index": 1}, "status": "ACTIVE"}, {"action": "NORTH", "reward": 52, "info": {}, "observation": {"remainingOverageTime": 12, "index": 2}, "status": "DONE"}, {"action": "NORTH", "reward": 56, "info": {}, "observation": {"remainingOverageTime": 12, "index": 3}, "status": "DONE"}], [{"action": "WEST", "reward": 91, "info": {}, "observation": {"remainingOverageTime": 12, "step": 81, "geese": [[8, 9, 75, 64, 65, 76, 10, 21, 11, 0], [16, 27, 26, 37, 48, 49, 50, 51, 52], [], []], "food": [17, 7], "index": 0}, "status": "ACTIVE"}, {"action": "NORTH", "reward": 90, "info": {}, "observation": {"remainingOverageTime": 12, "index": 1}, "status": "ACTIVE"}, {"action": "NORTH", "reward": 52, "info": {}, "observation": {"remainingOverageTime": 12, "index": 2}, "status": "DONE"}, {"action": "NORTH", "reward": 56, "info": {}, "observation": {"remainingOverageTime": 12, "index": 3}, "status": "DONE"}], [{"action": "WEST", "reward": 92, "info": {}, "observation": {"remainingOverageTime": 12, "step": 82, "geese": [[7, 8, 9, 75, 64, 65, 76, 10, 21, 11, 0], [17, 16, 27, 26, 37, 48, 49, 50, 51, 52], [], []], "food": [34, 62], "index": 0}, "status": "ACTIVE"}, {"action": "EAST", "reward": 91, "info": {}, "observation": {"remainingOverageTime": 12, "index": 1}, "status": "ACTIVE"}, {"action": "NORTH", "reward": 52, "info": {}, "observation": {"remainingOverageTime": 12, "index": 2}, "status": "DONE"}, {"action": "NORTH", "reward": 56, "info": {}, "observation": {"remainingOverageTime": 12, "index": 3}, "status": "DONE"}], [{"action": "NORTH", "reward": 94, "info": {}, "observation": {"remainingOverageTime": 12, "step": 83, "geese": [[73, 7, 8, 9, 75, 64, 65, 76, 10, 21, 11], [28, 17, 16, 27, 26, 37, 48, 49, 50, 51], [], []], "food": [34, 62], "index": 0}, "status": "ACTIVE"}, {"action": "SOUTH", "reward": 93, "info": {}, "observation": {"remainingOverageTime": 12, "index": 1}, "status": "ACTIVE"}, {"action": "NORTH", "reward": 52, "info": {}, "observation": {"remainingOverageTime": 12, "index": 2}, "status": "DONE"}, {"action": "NORTH", "reward": 56, "info": {}, "observation": {"remainingOverageTime": 12, "index": 3}, "status": "DONE"}], [{"action": "NORTH", "reward": 95, "info": {}, "observation": {"remainingOverageTime": 12, "step": 84, "geese": [[62, 73, 7, 8, 9, 75, 64, 65, 76, 10, 21, 11], [29, 28, 17, 16, 27, 26, 37, 48, 49, 50], [], []], "food": [34, 18], "index": 0}, "status": "ACTIVE"}, {"action": "EAST", "reward": 94, "info": {}, "observation": {"remainingOverageTime": 12, "index": 1}, "status": "ACTIVE"}, {"action": "NORTH", "reward": 52, "info": {}, "observation": {"remainingOverageTime": 12, "index": 2}, "status": "DONE"}, {"action": "NORTH", "reward": 56, "info": {}, "observation": {"remainingOverageTime": 12, "index": 3}, "status": "DONE"}], [{"action": "NORTH", "reward": 97, "info": {}, "observation": {"remainingOverageTime": 12, "step": 85, "geese": [[51, 62, 73, 7, 8, 9, 75, 64, 65, 76, 10, 21], [18, 29, 28, 17, 16, 27, 26, 37, 48, 49, 50], [], []], "food": [34, 66], "index": 0}, "status": "ACTIVE"}, {"action": "NORTH", "reward": 95, "info": {}, "observation": {"remainingOverageTime": 12, "index": 1}, "status": "ACTIVE"}, {"action": "NORTH", "reward": 52, "info": {}, "observation": {"remainingOverageTime": 12, "index": 2}, "status": "DONE"}, {"action": "NORTH", "reward": 56, "info": {}, "observation": {"remainingOverageTime": 12, "index": 3}, "status": "DONE"}], [{"action": "NORTH", "reward": 98, "info": {}, "observation": {"remainingOverageTime": 12, "step": 86, "geese": [[40, 51, 62, 73, 7, 8, 9, 75, 64, 65, 76, 10], [19, 18, 29, 28, 17, 16, 27, 26, 37, 48, 49], [], []], "food": [34, 66], "index": 0}, "status": "ACTIVE"}, {"action": "EAST", "reward": 97, "info": {}, "observation": {"remainingOverageTime": 12, "index": 1}, "status": "ACTIVE"}, {"action": "NORTH", "reward": 52, "info": {}, "observation": {"remainingOverageTime": 12, "index": 2}, "status": "DONE"}, {"action": "NORTH", "reward": 56, "info": {}, "observation": {"remainingOverageTime": 12, "index": 3}, "status": "DONE"}], [{"action": "EAST", "reward": 99, "info": {}, "observation": {"remainingOverageTime": 12, "step": 87, "geese": [[41, 40, 51, 62, 73, 7, 8, 9, 75, 64, 65, 76], [20, 19, 18, 29, 28, 17, 16, 27, 26, 37, 48], [], []], "food": [34, 66], "index": 0}, "status": "ACTIVE"}, {"action": "EAST", "reward": 98, "info": {}, "observation": {"remainingOverageTime": 12, "index": 1}, "status": "ACTIVE"}, {"action": "NORTH", "reward": 52, "info": {}, "observation": {"remainingOverageTime": 12, "index": 2}, "status": "DONE"}, {"action": "NORTH", "reward": 56, "info": {}, "observation": {"remainingOverageTime": 12, "index": 3}, "status": "DONE"}], [{"action": "EAST", "reward": 100, "info": {}, "observation": {"remainingOverageTime": 12, "step": 88, "geese": [[42, 41, 40, 51, 62, 73, 7, 8, 9, 75, 64, 65], [21, 20, 19, 18, 29, 28, 17, 16, 27, 26, 37], [], []], "food": [34, 66], "index": 0}, "status": "ACTIVE"}, {"action": "EAST", "reward": 99, "info": {}, "observation": {"remainingOverageTime": 12, "index": 1}, "status": "ACTIVE"}, {"action": "NORTH", "reward": 52, "info": {}, "observation": {"remainingOverageTime": 12, "index": 2}, "status": "DONE"}, {"action": "NORTH", "reward": 56, "info": {}, "observation": {"remainingOverageTime": 12, "index": 3}, "status": "DONE"}], [{"action": "EAST", "reward": 101, "info": {}, "observation": {"remainingOverageTime": 12, "step": 89, "geese": [[43, 42, 41, 40, 51, 62, 73, 7, 8, 9, 75, 64], [11, 21, 20, 19, 18, 29, 28, 17, 16, 27, 26], [], []], "food": [34, 66], "index": 0}, "status": "ACTIVE"}, {"action": "EAST", "reward": 100, "info": {}, "observation": {"remainingOverageTime": 12, "index": 1}, "status": "ACTIVE"}, {"action": "NORTH", "reward": 52, "info": {}, "observation": {"remainingOverageTime": 12, "index": 2}, "status": "DONE"}, {"action": "NORTH", "reward": 56, "info": {}, "observation": {"remainingOverageTime": 12, "index": 3}, "status": "DONE"}], [{"action": "EAST", "reward": 102, "info": {}, "observation": {"remainingOverageTime": 12, "step": 90, "geese": [[33, 43, 42, 41, 40, 51, 62, 73, 7, 8, 9, 75], [0, 11, 21, 20, 19, 18, 29, 28, 17, 16, 27], [], []], "food": [34, 66], "index": 0}, "status": "ACTIVE"}, {"action": "NORTH", "reward": 101, "info": {}, "observation": {"remainingOverageTime": 12, "index": 1}, "status": "ACTIVE"}, {"action": "NORTH", "reward": 52, "info": {}, "observation": {"remainingOverageTime": 12, "index": 2}, "status": "DONE"}, {"action": "NORTH", "reward": 56, "info": {}, "observation": {"remainingOverageTime": 12, "index": 3}, "status": "DONE"}], [{"action": "EAST", "reward": 103, "info": {}, "observation": {"remainingOverageTime": 12, "step": 91, "geese": [[34, 33, 43, 42, 41, 40, 51, 62, 73, 7, 8, 9, 75], [66, 0, 11, 21, 20, 19, 18, 29, 28, 17, 16, 27], [], []], "food": [60, 26], "index": 0}, "status": "ACTIVE"}, {"action": "NORTH", "reward": 102, "info": {}, "observation": {"remainingOverageTime": 12, "index": 1}, "status": "ACTIVE"}, {"action": "NORTH", "reward": 52, "info": {}, "observation": {"remainingOverageTime": 12, "index": 2}, "status": "DONE"}, {"action": "NORTH", "reward": 56, "info": {}, "observation": {"remainingOverageTime": 12, "index": 3}, "status": "DONE"}], [{"action": "SOUTH", "reward": 105, "info": {}, "observation": {"remainingOverageTime": 12, "step": 92, "geese": [[45, 34, 33, 43, 42, 41, 40, 51, 62, 73, 7, 8, 9], [67, 66, 0, 11, 21, 20, 19, 18, 29, 28, 17, 16], [], []], "food": [60, 26], "index": 0}, "status": "ACTIVE"}, {"action": "EAST", "reward": 104, "info": {}, "observation": {"remainingOverageTime": 12, "index": 1}, "status": "ACTIVE"}, {"action": "NORTH", "reward": 52, "info": {}, "observation": {"remainingOverageTime": 12, "index": 2}, "status": "DONE"}, {"action": "NORTH", "reward": 56, "info": {}, "observation": {"remainingOverageTime": 12, "index": 3}, "status": "DONE"}], [{"action": "WEST", "reward": 106, "info": {}, "observation": {"remainingOverageTime": 12, "step": 93, "geese": [[44, 45, 34, 33, 43, 42, 41, 40, 51, 62, 73, 7, 8], [1, 67, 66, 0, 11, 21, 20, 19, 18, 29, 28, 17], [], []], "food": [60, 26], "index": 0}, "status": "ACTIVE"}, {"action": "SOUTH", "reward": 105, "info": {}, "observation": {"remainingOverageTime": 12, "index": 1}, "status": "ACTIVE"}, {"action": "NORTH", "reward": 52, "info": {}, "observation": {"remainingOverageTime": 12, "index": 2}, "status": "DONE"}, {"action": "NORTH", "reward": 56, "info": {}, "observation": {"remainingOverageTime": 12, "index": 3}, "status": "DONE"}], [{"action": "WEST", "reward": 107, "info": {}, "observation": {"remainingOverageTime": 12, "step": 94, "geese": [[54, 44, 45, 34, 33, 43, 42, 41, 40, 51, 62, 73, 7], [2, 1, 67, 66, 0, 11, 21, 20, 19, 18, 29, 28], [], []], "food": [60, 26], "index": 0}, "status": "ACTIVE"}, {"action": "EAST", "reward": 106, "info": {}, "observation": {"remainingOverageTime": 12, "index": 1}, "status": "ACTIVE"}, {"action": "NORTH", "reward": 52, "info": {}, "observation": {"remainingOverageTime": 12, "index": 2}, "status": "DONE"}, {"action": "NORTH", "reward": 56, "info": {}, "observation": {"remainingOverageTime": 12, "index": 3}, "status": "DONE"}], [{"action": "SOUTH", "reward": 108, "info": {}, "observation": {"remainingOverageTime": 12, "step": 95, "geese": [[65, 54, 44, 45, 34, 33, 43, 42, 41, 40, 51, 62, 73], [13, 2, 1, 67, 66, 0, 11, 21, 20, 19, 18, 29], [], []], "food": [60, 26], "index": 0}, "status": "ACTIVE"}, {"action": "SOUTH", "reward": 107, "info": {}, "observation": {"remainingOverageTime": 12, "index": 1}, "status": "ACTIVE"}, {"action": "NORTH", "reward": 52, "info": {}, "observation": {"remainingOverageTime": 12, "index": 2}, "status": "DONE"}, {"action": "NORTH", "reward": 56, "info": {}, "observation": {"remainingOverageTime": 12, "index": 3}, "status": "DONE"}], [{"action": "WEST", "reward": 109, "info": {}, "observation": {"remainingOverageTime": 12, "step": 96, "geese": [[64, 65, 54, 44, 45, 34, 33, 43, 42, 41, 40, 51, 62], [14, 13, 2, 1, 67, 66, 0, 11, 21, 20, 19, 18], [], []], "food": [60, 26], "index": 0}, "status": "ACTIVE"}, {"action": "EAST", "reward": 108, "info": {}, "observation": {"remainingOverageTime": 12, "index": 1}, "status": "ACTIVE"}, {"action": "NORTH", "reward": 52, "info": {}, "observation": {"remainingOverageTime": 12, "index": 2}, "status": "DONE"}, {"action": "NORTH", "reward": 56, "info": {}, "observation": {"remainingOverageTime": 12, "index": 3}, "status": "DONE"}], [{"action": "WEST", "reward": 110, "info": {}, "observation": {"remainingOverageTime": 12, "step": 97, "geese": [[63, 64, 65, 54, 44, 45, 34, 33, 43, 42, 41, 40, 51], [25, 14, 13, 2, 1, 67, 66, 0, 11, 21, 20, 19], [], []], "food": [60, 26], "index": 0}, "status": "ACTIVE"}, {"action": "SOUTH", "reward": 109, "info": {}, "observation": {"remainingOverageTime": 12, "index": 1}, "status": "ACTIVE"}, {"action": "NORTH", "reward": 52, "info": {}, "observation": {"remainingOverageTime": 12, "index": 2}, "status": "DONE"}, {"action": "NORTH", "reward": 56, "info": {}, "observation": {"remainingOverageTime": 12, "index": 3}, "status": "DONE"}], [{"action": "WEST", "reward": 111, "info": {}, "observation": {"remainingOverageTime": 12, "step": 98, "geese": [[62, 63, 64, 65, 54, 44, 45, 34, 33, 43, 42, 41, 40], [26, 25, 14, 13, 2, 1, 67, 66, 0, 11, 21, 20, 19], [], []], "food": [60, 50], "index": 0}, "status": "ACTIVE"}, {"action": "EAST", "reward": 110, "info": {}, "observation": {"remainingOverageTime": 12, "index": 1}, "status": "ACTIVE"}, {"action": "NORTH", "reward": 52, "info": {}, "observation": {"remainingOverageTime": 12, "index": 2}, "status": "DONE"}, {"action": "NORTH", "reward": 56, "info": {}, "observation": {"remainingOverageTime": 12, "index": 3}, "status": "DONE"}], [{"action": "NORTH", "reward": 112, "info": {}, "observation": {"remainingOverageTime": 12, "step": 99, "geese": [[51, 62, 63, 64, 65, 54, 44, 45, 34, 33, 43, 42, 41], [27, 26, 25, 14, 13, 2, 1, 67, 66, 0, 11, 21, 20], [], []], "food": [60, 50], "index": 0}, "status": "ACTIVE"}, {"action": "EAST", "reward": 112, "info": {}, "observation": {"remainingOverageTime": 12, "index": 1}, "status": "ACTIVE"}, {"action": "NORTH", "reward": 52, "info": {}, "observation": {"remainingOverageTime": 12, "index": 2}, "status": "DONE"}, {"action": "NORTH", "reward": 56, "info": {}, "observation": {"remainingOverageTime": 12, "index": 3}, "status": "DONE"}], [{"action": "NORTH", "reward": 113, "info": {}, "observation": {"remainingOverageTime": 12, "step": 100, "geese": [[40, 51, 62, 63, 64, 65, 54, 44, 45, 34, 33, 43, 42], [16, 27, 26, 25, 14, 13, 2, 1, 67, 66, 0, 11, 21], [], []], "food": [60, 50], "index": 0}, "status": "ACTIVE"}, {"action": "NORTH", "reward": 113, "info": {}, "observation": {"remainingOverageTime": 12, "index": 1}, "status": "ACTIVE"}, {"action": "NORTH", "reward": 52, "info": {}, "observation": {"remainingOverageTime": 12, "index": 2}, "status": "DONE"}, {"action": "NORTH", "reward": 56, "info": {}, "observation": {"remainingOverageTime": 12, "index": 3}, "status": "DONE"}], [{"action": "EAST", "reward": 114, "info": {}, "observation": {"remainingOverageTime": 12, "step": 101, "geese": [[41, 40, 51, 62, 63, 64, 65, 54, 44, 45, 34, 33, 43], [17, 16, 27, 26, 25, 14, 13, 2, 1, 67, 66, 0, 11], [], []], "food": [60, 50], "index": 0}, "status": "ACTIVE"}, {"action": "EAST", "reward": 114, "info": {}, "observation": {"remainingOverageTime": 12, "index": 1}, "status": "ACTIVE"}, {"action": "NORTH", "reward": 52, "info": {}, "observation": {"remainingOverageTime": 12, "index": 2}, "status": "DONE"}, {"action": "NORTH", "reward": 56, "info": {}, "observation": {"remainingOverageTime": 12, "index": 3}, "status": "DONE"}], [{"action": "EAST", "reward": 115, "info": {}, "observation": {"remainingOverageTime": 12, "step": 102, "geese": [[42, 41, 40, 51, 62, 63, 64, 65, 54, 44, 45, 34, 33], [18, 17, 16, 27, 26, 25, 14, 13, 2, 1, 67, 66, 0], [], []], "food": [60, 50], "index": 0}, "status": "ACTIVE"}, {"action": "EAST", "reward": 115, "info": {}, "observation": {"remainingOverageTime": 12, "index": 1}, "status": "ACTIVE"}, {"action": "NORTH", "reward": 52, "info": {}, "observation": {"remainingOverageTime": 12, "index": 2}, "status": "DONE"}, {"action": "NORTH", "reward": 56, "info": {}, "observation": {"remainingOverageTime": 12, "index": 3}, "status": "DONE"}], [{"action": "EAST", "reward": 116, "info": {}, "observation": {"remainingOverageTime": 12, "step": 103, "geese": [[43, 42, 41, 40, 51, 62, 63, 64, 65, 54, 44, 45, 34], [19, 18, 17, 16, 27, 26, 25, 14, 13, 2, 1, 67, 66], [], []], "food": [60, 50], "index": 0}, "status": "ACTIVE"}, {"action": "EAST", "reward": 116, "info": {}, "observation": {"remainingOverageTime": 12, "index": 1}, "status": "ACTIVE"}, {"action": "NORTH", "reward": 52, "info": {}, "observation": {"remainingOverageTime": 12, "index": 2}, "status": "DONE"}, {"action": "NORTH", "reward": 56, "info": {}, "observation": {"remainingOverageTime": 12, "index": 3}, "status": "DONE"}], [{"action": "EAST", "reward": 117, "info": {}, "observation": {"remainingOverageTime": 12, "step": 104, "geese": [[33, 43, 42, 41, 40, 51, 62, 63, 64, 65, 54, 44, 45], [8, 19, 18, 17, 16, 27, 26, 25, 14, 13, 2, 1, 67], [], []], "food": [60, 50], "index": 0}, "status": "ACTIVE"}, {"action": "NORTH", "reward": 117, "info": {}, "observation": {"remainingOverageTime": 12, "index": 1}, "status": "ACTIVE"}, {"action": "NORTH", "reward": 52, "info": {}, "observation": {"remainingOverageTime": 12, "index": 2}, "status": "DONE"}, {"action": "NORTH", "reward": 56, "info": {}, "observation": {"remainingOverageTime": 12, "index": 3}, "status": "DONE"}], [{"action": "EAST", "reward": 118, "info": {}, "observation": {"remainingOverageTime": 12, "step": 105, "geese": [[34, 33, 43, 42, 41, 40, 51, 62, 63, 64, 65, 54, 44], [9, 8, 19, 18, 17, 16, 27, 26, 25, 14, 13, 2, 1], [], []], "food": [60, 50], "index": 0}, "status": "ACTIVE"}, {"action": "EAST", "reward": 118, "info": {}, "observation": {"remainingOverageTime": 12, "index": 1}, "status": "ACTIVE"}, {"action": "NORTH", "reward": 52, "info": {}, "observation": {"remainingOverageTime": 12, "index": 2}, "status": "DONE"}, {"action": "NORTH", "reward": 56, "info": {}, "observation": {"remainingOverageTime": 12, "index": 3}, "status": "DONE"}], [{"action": "SOUTH", "reward": 119, "info": {}, "observation": {"remainingOverageTime": 12, "step": 106, "geese": [[45, 34, 33, 43, 42, 41, 40, 51, 62, 63, 64, 65, 54], [10, 9, 8, 19, 18, 17, 16, 27, 26, 25, 14, 13, 2], [], []], "food": [60, 50], "index": 0}, "status": "ACTIVE"}, {"action": "EAST", "reward": 119, "info": {}, "observation": {"remainingOverageTime": 12, "index": 1}, "status": "ACTIVE"}, {"action": "NORTH", "reward": 52, "info": {}, "observation": {"remainingOverageTime": 12, "index": 2}, "status": "DONE"}, {"action": "NORTH", "reward": 56, "info": {}, "observation": {"remainingOverageTime": 12, "index": 3}, "status": "DONE"}], [{"action": "WEST", "reward": 120, "info": {}, "observation": {"remainingOverageTime": 12, "step": 107, "geese": [[44, 45, 34, 33, 43, 42, 41, 40, 51, 62, 63, 64, 65], [0, 10, 9, 8, 19, 18, 17, 16, 27, 26, 25, 14, 13], [], []], "food": [60, 50], "index": 0}, "status": "ACTIVE"}, {"action": "EAST", "reward": 120, "info": {}, "observation": {"remainingOverageTime": 12, "index": 1}, "status": "ACTIVE"}, {"action": "NORTH", "reward": 52, "info": {}, "observation": {"remainingOverageTime": 12, "index": 2}, "status": "DONE"}, {"action": "NORTH", "reward": 56, "info": {}, "observation": {"remainingOverageTime": 12, "index": 3}, "status": "DONE"}], [{"action": "WEST", "reward": 121, "info": {}, "observation": {"remainingOverageTime": 12, "step": 108, "geese": [[54, 44, 45, 34, 33, 43, 42, 41, 40, 51, 62, 63, 64], [1, 0, 10, 9, 8, 19, 18, 17, 16, 27, 26, 25, 14], [], []], "food": [60, 50], "index": 0}, "status": "ACTIVE"}, {"action": "EAST", "reward": 121, "info": {}, "observation": {"remainingOverageTime": 12, "index": 1}, "status": "ACTIVE"}, {"action": "NORTH", "reward": 52, "info": {}, "observation": {"remainingOverageTime": 12, "index": 2}, "status": "DONE"}, {"action": "NORTH", "reward": 56, "info": {}, "observation": {"remainingOverageTime": 12, "index": 3}, "status": "DONE"}], [{"action": "SOUTH", "reward": 122, "info": {}, "observation": {"remainingOverageTime": 12, "step": 109, "geese": [[65, 54, 44, 45, 34, 33, 43, 42, 41, 40, 51, 62, 63], [2, 1, 0, 10, 9, 8, 19, 18, 17, 16, 27, 26, 25], [], []], "food": [60, 50], "index": 0}, "status": "ACTIVE"}, {"action": "EAST", "reward": 122, "info": {}, "observation": {"remainingOverageTime": 12, "index": 1}, "status": "ACTIVE"}, {"action": "NORTH", "reward": 52, "info": {}, "observation": {"remainingOverageTime": 12, "index": 2}, "status": "DONE"}, {"action": "NORTH", "reward": 56, "info": {}, "observation": {"remainingOverageTime": 12, "index": 3}, "status": "DONE"}], [{"action": "WEST", "reward": 123, "info": {}, "observation": {"remainingOverageTime": 12, "step": 110, "geese": [[64, 65, 54, 44, 45, 34, 33, 43, 42, 41, 40, 51, 62], [13, 2, 1, 0, 10, 9, 8, 19, 18, 17, 16, 27, 26], [], []], "food": [60, 50], "index": 0}, "status": "ACTIVE"}, {"action": "SOUTH", "reward": 123, "info": {}, "observation": {"remainingOverageTime": 12, "index": 1}, "status": "ACTIVE"}, {"action": "NORTH", "reward": 52, "info": {}, "observation": {"remainingOverageTime": 12, "index": 2}, "status": "DONE"}, {"action": "NORTH", "reward": 56, "info": {}, "observation": {"remainingOverageTime": 12, "index": 3}, "status": "DONE"}], [{"action": "WEST", "reward": 124, "info": {}, "observation": {"remainingOverageTime": 12, "step": 111, "geese": [[63, 64, 65, 54, 44, 45, 34, 33, 43, 42, 41, 40, 51], [14, 13, 2, 1, 0, 10, 9, 8, 19, 18, 17, 16, 27], [], []], "food": [60, 50], "index": 0}, "status": "ACTIVE"}, {"action": "EAST", "reward": 124, "info": {}, "observation": {"remainingOverageTime": 12, "index": 1}, "status": "ACTIVE"}, {"action": "NORTH", "reward": 52, "info": {}, "observation": {"remainingOverageTime": 12, "index": 2}, "status": "DONE"}, {"action": "NORTH", "reward": 56, "info": {}, "observation": {"remainingOverageTime": 12, "index": 3}, "status": "DONE"}], [{"action": "WEST", "reward": 125, "info": {}, "observation": {"remainingOverageTime": 12, "step": 112, "geese": [[62, 63, 64, 65, 54, 44, 45, 34, 33, 43, 42, 41, 40], [25, 14, 13, 2, 1, 0, 10, 9, 8, 19, 18, 17, 16], [], []], "food": [60, 50], "index": 0}, "status": "ACTIVE"}, {"action": "SOUTH", "reward": 125, "info": {}, "observation": {"remainingOverageTime": 12, "index": 1}, "status": "ACTIVE"}, {"action": "NORTH", "reward": 52, "info": {}, "observation": {"remainingOverageTime": 12, "index": 2}, "status": "DONE"}, {"action": "NORTH", "reward": 56, "info": {}, "observation": {"remainingOverageTime": 12, "index": 3}, "status": "DONE"}], [{"action": "NORTH", "reward": 126, "info": {}, "observation": {"remainingOverageTime": 12, "step": 113, "geese": [[51, 62, 63, 64, 65, 54, 44, 45, 34, 33, 43, 42, 41], [26, 25, 14, 13, 2, 1, 0, 10, 9, 8, 19, 18, 17], [], []], "food": [60, 50], "index": 0}, "status": "ACTIVE"}, {"action": "EAST", "reward": 126, "info": {}, "observation": {"remainingOverageTime": 12, "index": 1}, "status": "ACTIVE"}, {"action": "NORTH", "reward": 52, "info": {}, "observation": {"remainingOverageTime": 12, "index": 2}, "status": "DONE"}, {"action": "NORTH", "reward": 56, "info": {}, "observation": {"remainingOverageTime": 12, "index": 3}, "status": "DONE"}], [{"action": "EAST", "reward": 127, "info": {}, "observation": {"remainingOverageTime": 12, "step": 114, "geese": [[52, 51, 62, 63, 64, 65, 54, 44, 45, 34, 33, 43, 42], [27, 26, 25, 14, 13, 2, 1, 0, 10, 9, 8, 19, 18], [], []], "food": [60, 50], "index": 0}, "status": "ACTIVE"}, {"action": "EAST", "reward": 127, "info": {}, "observation": {"remainingOverageTime": 12, "index": 1}, "status": "ACTIVE"}, {"action": "NORTH", "reward": 52, "info": {}, "observation": {"remainingOverageTime": 12, "index": 2}, "status": "DONE"}, {"action": "NORTH", "reward": 56, "info": {}, "observation": {"remainingOverageTime": 12, "index": 3}, "status": "DONE"}], [{"action": "NORTH", "reward": 128, "info": {}, "observation": {"remainingOverageTime": 12, "step": 115, "geese": [[41, 52, 51, 62, 63, 64, 65, 54, 44, 45, 34, 33, 43], [16, 27, 26, 25, 14, 13, 2, 1, 0, 10, 9, 8, 19], [], []], "food": [60, 50], "index": 0}, "status": "ACTIVE"}, {"action": "NORTH", "reward": 128, "info": {}, "observation": {"remainingOverageTime": 12, "index": 1}, "status": "ACTIVE"}, {"action": "NORTH", "reward": 52, "info": {}, "observation": {"remainingOverageTime": 12, "index": 2}, "status": "DONE"}, {"action": "NORTH", "reward": 56, "info": {}, "observation": {"remainingOverageTime": 12, "index": 3}, "status": "DONE"}], [{"action": "EAST", "reward": 129, "info": {}, "observation": {"remainingOverageTime": 12, "step": 116, "geese": [[42, 41, 52, 51, 62, 63, 64, 65, 54, 44, 45, 34, 33], [17, 16, 27, 26, 25, 14, 13, 2, 1, 0, 10, 9, 8], [], []], "food": [60, 50], "index": 0}, "status": "ACTIVE"}, {"action": "EAST", "reward": 129, "info": {}, "observation": {"remainingOverageTime": 12, "index": 1}, "status": "ACTIVE"}, {"action": "NORTH", "reward": 52, "info": {}, "observation": {"remainingOverageTime": 12, "index": 2}, "status": "DONE"}, {"action": "NORTH", "reward": 56, "info": {}, "observation": {"remainingOverageTime": 12, "index": 3}, "status": "DONE"}], [{"action": "EAST", "reward": 130, "info": {}, "observation": {"remainingOverageTime": 12, "step": 117, "geese": [[43, 42, 41, 52, 51, 62, 63, 64, 65, 54, 44, 45, 34], [6, 17, 16, 27, 26, 25, 14, 13, 2, 1, 0, 10, 9], [], []], "food": [60, 50], "index": 0}, "status": "ACTIVE"}, {"action": "NORTH", "reward": 130, "info": {}, "observation": {"remainingOverageTime": 12, "index": 1}, "status": "ACTIVE"}, {"action": "NORTH", "reward": 52, "info": {}, "observation": {"remainingOverageTime": 12, "index": 2}, "status": "DONE"}, {"action": "NORTH", "reward": 56, "info": {}, "observation": {"remainingOverageTime": 12, "index": 3}, "status": "DONE"}], [{"action": "EAST", "reward": 131, "info": {}, "observation": {"remainingOverageTime": 12, "step": 118, "geese": [[33, 43, 42, 41, 52, 51, 62, 63, 64, 65, 54, 44, 45], [7, 6, 17, 16, 27, 26, 25, 14, 13, 2, 1, 0, 10], [], []], "food": [60, 50], "index": 0}, "status": "ACTIVE"}, {"action": "EAST", "reward": 131, "info": {}, "observation": {"remainingOverageTime": 12, "index": 1}, "status": "ACTIVE"}, {"action": "NORTH", "reward": 52, "info": {}, "observation": {"remainingOverageTime": 12, "index": 2}, "status": "DONE"}, {"action": "NORTH", "reward": 56, "info": {}, "observation": {"remainingOverageTime": 12, "index": 3}, "status": "DONE"}], [{"action": "EAST", "reward": 132, "info": {}, "observation": {"remainingOverageTime": 12, "step": 119, "geese": [[34, 33, 43, 42, 41, 52, 51, 62, 63, 64, 65, 54, 44], [8, 7, 6, 17, 16, 27, 26, 25, 14, 13, 2, 1, 0], [], []], "food": [60, 50], "index": 0}, "status": "ACTIVE"}, {"action": "EAST", "reward": 132, "info": {}, "observation": {"remainingOverageTime": 12, "index": 1}, "status": "ACTIVE"}, {"action": "NORTH", "reward": 52, "info": {}, "observation": {"remainingOverageTime": 12, "index": 2}, "status": "DONE"}, {"action": "NORTH", "reward": 56, "info": {}, "observation": {"remainingOverageTime": 12, "index": 3}, "status": "DONE"}], [{"action": "SOUTH", "reward": 133, "info": {}, "observation": {"remainingOverageTime": 12, "step": 120, "geese": [[45, 34, 33, 43, 42, 41, 52, 51, 62, 63, 64, 65], [9, 8, 7, 6, 17, 16, 27, 26, 25, 14, 13, 2], [], []], "food": [60, 50], "index": 0}, "status": "ACTIVE"}, {"action": "EAST", "reward": 133, "info": {}, "observation": {"remainingOverageTime": 12, "index": 1}, "status": "ACTIVE"}, {"action": "NORTH", "reward": 52, "info": {}, "observation": {"remainingOverageTime": 12, "index": 2}, "status": "DONE"}, {"action": "NORTH", "reward": 56, "info": {}, "observation": {"remainingOverageTime": 12, "index": 3}, "status": "DONE"}], [{"action": "EAST", "reward": 133, "info": {}, "observation": {"remainingOverageTime": 12, "step": 121, "geese": [[46, 45, 34, 33, 43, 42, 41, 52, 51, 62, 63, 64], [75, 9, 8, 7, 6, 17, 16, 27, 26, 25, 14, 13], [], []], "food": [60, 50], "index": 0}, "status": "ACTIVE"}, {"action": "NORTH", "reward": 133, "info": {}, "observation": {"remainingOverageTime": 12, "index": 1}, "status": "ACTIVE"}, {"action": "NORTH", "reward": 52, "info": {}, "observation": {"remainingOverageTime": 12, "index": 2}, "status": "DONE"}, {"action": "NORTH", "reward": 56, "info": {}, "observation": {"remainingOverageTime": 12, "index": 3}, "status": "DONE"}], [{"action": "SOUTH", "reward": 134, "info": {}, "observation": {"remainingOverageTime": 12, "step": 122, "geese": [[57, 46, 45, 34, 33, 43, 42, 41, 52, 51, 62, 63], [74, 75, 9, 8, 7, 6, 17, 16, 27, 26, 25, 14], [], []], "food": [60, 50], "index": 0}, "status": "ACTIVE"}, {"action": "WEST", "reward": 134, "info": {}, "observation": {"remainingOverageTime": 12, "index": 1}, "status": "ACTIVE"}, {"action": "NORTH", "reward": 52, "info": {}, "observation": {"remainingOverageTime": 12, "index": 2}, "status": "DONE"}, {"action": "NORTH", "reward": 56, "info": {}, "observation": {"remainingOverageTime": 12, "index": 3}, "status": "DONE"}], [{"action": "EAST", "reward": 135, "info": {}, "observation": {"remainingOverageTime": 12, "step": 123, "geese": [[58, 57, 46, 45, 34, 33, 43, 42, 41, 52, 51, 62], [73, 74, 75, 9, 8, 7, 6, 17, 16, 27, 26, 25], [], []], "food": [60, 50], "index": 0}, "status": "ACTIVE"}, {"action": "WEST", "reward": 135, "info": {}, "observation": {"remainingOverageTime": 12, "index": 1}, "status": "ACTIVE"}, {"action": "NORTH", "reward": 52, "info": {}, "observation": {"remainingOverageTime": 12, "index": 2}, "status": "DONE"}, {"action": "NORTH", "reward": 56, "info": {}, "observation": {"remainingOverageTime": 12, "index": 3}, "status": "DONE"}], [{"action": "EAST", "reward": 136, "info": {}, "observation": {"remainingOverageTime": 12, "step": 124, "geese": [[59, 58, 57, 46, 45, 34, 33, 43, 42, 41, 52, 51], [62, 73, 74, 75, 9, 8, 7, 6, 17, 16, 27, 26], [], []], "food": [60, 50], "index": 0}, "status": "ACTIVE"}, {"action": "NORTH", "reward": 136, "info": {}, "observation": {"remainingOverageTime": 12, "index": 1}, "status": "ACTIVE"}, {"action": "NORTH", "reward": 52, "info": {}, "observation": {"remainingOverageTime": 12, "index": 2}, "status": "DONE"}, {"action": "NORTH", "reward": 56, "info": {}, "observation": {"remainingOverageTime": 12, "index": 3}, "status": "DONE"}], [{"action": "EAST", "reward": 137, "info": {}, "observation": {"remainingOverageTime": 12, "step": 125, "geese": [[60, 59, 58, 57, 46, 45, 34, 33, 43, 42, 41, 52, 51], [61, 62, 73, 74, 75, 9, 8, 7, 6, 17, 16, 27], [], []], "food": [50, 49], "index": 0}, "status": "ACTIVE"}, {"action": "WEST", "reward": 137, "info": {}, "observation": {"remainingOverageTime": 12, "index": 1}, "status": "ACTIVE"}, {"action": "NORTH", "reward": 52, "info": {}, "observation": {"remainingOverageTime": 12, "index": 2}, "status": "DONE"}, {"action": "NORTH", "reward": 56, "info": {}, "observation": {"remainingOverageTime": 12, "index": 3}, "status": "DONE"}], [{"action": "SOUTH", "reward": 139, "info": {}, "observation": {"remainingOverageTime": 12, "step": 126, "geese": [[71, 60, 59, 58, 57, 46, 45, 34, 33, 43, 42, 41, 52], [50, 61, 62, 73, 74, 75, 9, 8, 7, 6, 17, 16, 27], [], []], "food": [49, 63], "index": 0}, "status": "ACTIVE"}, {"action": "NORTH", "reward": 138, "info": {}, "observation": {"remainingOverageTime": 12, "index": 1}, "status": "ACTIVE"}, {"action": "NORTH", "reward": 52, "info": {}, "observation": {"remainingOverageTime": 12, "index": 2}, "status": "DONE"}, {"action": "NORTH", "reward": 56, "info": {}, "observation": {"remainingOverageTime": 12, "index": 3}, "status": "DONE"}], [{"action": "WEST", "reward": 140, "info": {}, "observation": {"remainingOverageTime": 12, "step": 127, "geese": [[70, 71, 60, 59, 58, 57, 46, 45, 34, 33, 43, 42, 41], [39, 50, 61, 62, 73, 74, 75, 9, 8, 7, 6, 17, 16], [], []], "food": [49, 63], "index": 0}, "status": "ACTIVE"}, {"action": "NORTH", "reward": 140, "info": {}, "observation": {"remainingOverageTime": 12, "index": 1}, "status": "ACTIVE"}, {"action": "NORTH", "reward": 52, "info": {}, "observation": {"remainingOverageTime": 12, "index": 2}, "status": "DONE"}, {"action": "NORTH", "reward": 56, "info": {}, "observation": {"remainingOverageTime": 12, "index": 3}, "status": "DONE"}], [{"action": "SOUTH", "reward": 141, "info": {}, "observation": {"remainingOverageTime": 12, "step": 128, "geese": [[4, 70, 71, 60, 59, 58, 57, 46, 45, 34, 33, 43, 42], [28, 39, 50, 61, 62, 73, 74, 75, 9, 8, 7, 6, 17], [], []], "food": [49, 63], "index": 0}, "status": "ACTIVE"}, {"action": "NORTH", "reward": 141, "info": {}, "observation": {"remainingOverageTime": 12, "index": 1}, "status": "ACTIVE"}, {"action": "NORTH", "reward": 52, "info": {}, "observation": {"remainingOverageTime": 12, "index": 2}, "status": "DONE"}, {"action": "NORTH", "reward": 56, "info": {}, "observation": {"remainingOverageTime": 12, "index": 3}, "status": "DONE"}], [{"action": "EAST", "reward": 142, "info": {}, "observation": {"remainingOverageTime": 12, "step": 129, "geese": [[5, 4, 70, 71, 60, 59, 58, 57, 46, 45, 34, 33, 43], [17, 28, 39, 50, 61, 62, 73, 74, 75, 9, 8, 7, 6], [], []], "food": [49, 63], "index": 0}, "status": "ACTIVE"}, {"action": "NORTH", "reward": 142, "info": {}, "observation": {"remainingOverageTime": 12, "index": 1}, "status": "ACTIVE"}, {"action": "NORTH", "reward": 52, "info": {}, "observation": {"remainingOverageTime": 12, "index": 2}, "status": "DONE"}, {"action": "NORTH", "reward": 56, "info": {}, "observation": {"remainingOverageTime": 12, "index": 3}, "status": "DONE"}], [{"action": "EAST", "reward": 143, "info": {}, "observation": {"remainingOverageTime": 12, "step": 130, "geese": [[6, 5, 4, 70, 71, 60, 59, 58, 57, 46, 45, 34, 33], [18, 17, 28, 39, 50, 61, 62, 73, 74, 75, 9, 8, 7], [], []], "food": [49, 63], "index": 0}, "status": "ACTIVE"}, {"action": "EAST", "reward": 143, "info": {}, "observation": {"remainingOverageTime": 12, "index": 1}, "status": "ACTIVE"}, {"action": "NORTH", "reward": 52, "info": {}, "observation": {"remainingOverageTime": 12, "index": 2}, "status": "DONE"}, {"action": "NORTH", "reward": 56, "info": {}, "observation": {"remainingOverageTime": 12, "index": 3}, "status": "DONE"}], [{"action": "NORTH", "reward": 144, "info": {}, "observation": {"remainingOverageTime": 12, "step": 131, "geese": [[72, 6, 5, 4, 70, 71, 60, 59, 58, 57, 46, 45, 34], [19, 18, 17, 28, 39, 50, 61, 62, 73, 74, 75, 9, 8], [], []], "food": [49, 63], "index": 0}, "status": "ACTIVE"}, {"action": "EAST", "reward": 144, "info": {}, "observation": {"remainingOverageTime": 12, "index": 1}, "status": "ACTIVE"}, {"action": "NORTH", "reward": 52, "info": {}, "observation": {"remainingOverageTime": 12, "index": 2}, "status": "DONE"}, {"action": "NORTH", "reward": 56, "info": {}, "observation": {"remainingOverageTime": 12, "index": 3}, "status": "DONE"}], [{"action": "EAST", "reward": 145, "info": {}, "observation": {"remainingOverageTime": 12, "step": 132, "geese": [[], [], [], []], "food": [49, 63], "index": 0}, "status": "DONE"}, {"action": "NORTH", "reward": 145, "info": {}, "observation": {"remainingOverageTime": 12, "index": 1}, "status": "DONE"}, {"action": "NORTH", "reward": 52, "info": {}, "observation": {"remainingOverageTime": 12, "index": 2}, "status": "DONE"}, {"action": "NORTH", "reward": 56, "info": {}, "observation": {"remainingOverageTime": 12, "index": 3}, "status": "DONE"}]], "rewards": [145, 145, 52, 56], "statuses": ["DONE", "DONE", "DONE", "DONE"], "schema_version": 1, "info": {}}