{"id": "aa7e6a1e-da83-11ee-b31f-0242ac130202", "name": "hungry_geese", "title": "Hungry Geese", "description": "Similar to the classic snake game with multiple players", "version": "1.0.0", "configuration": {"episodeSteps": 200, "actTimeout": 6, "runTimeout": 1200, "columns": 11, "rows": 7, "hunger_rate": 40, "min_food": 2}, "specification": {"action": {"description": "Direction to move the head of your players goose.", "type": "string", "enum": ["NORTH", "EAST", "SOUTH", "WEST"], "default": "NORTH"}, "agents": [2, 3, 4, 5, 6, 7, 8], "configuration": {"episodeSteps": {"description": "Maximum number of steps in the episode.", "type": "integer", "minimum": 1, "default": 200}, "actTimeout": {"description": "Maximum runtime (seconds) to obtain an action from an agent.", "type": "number", "minimum": 0, "default": 6}, "runTimeout": {"description": "Maximum runtime (seconds) of an episode (not necessarily DONE).", "type": "number", "minimum": 0, "default": 1200}, "columns": {"description": "Horizontal number of cells on the board.", "type": "integer", "default": 11, "minimum": 3}, "rows": {"description": "Vertical number of cells on the board.", "type": "integer", "default": 7, "minimum": 3}, "hunger_rate": {"description": "The number of steps before the goose shrinks a cell.", "type": "integer", "minimum": 1, "default": 40}, "min_food": {"description": "The minimum amount of food present for all steps.", "type": "integer", "default": 2, "minimum": 1}}, "info": {}, "observation": {"remainingOverageTime": {"description": "Total remaining banked time (seconds) that can be used in excess of per-step actTimeouts -- agent is disqualified with TIMEOUT status when this drops below 0.", "shared": false, "type": "number", "minimum": 0, "default": 12}, "step": {"description": "Current step within the episode.", "type": "integer", "shared": true, "minimum": 0, "default": 0}, "geese": {"description": "List of geese in order by the agent index.", "type": "array", "default": [], "shared": true}, "food": {"description": "Positions on the board where food is present.", "type": "array", "default": [], "shared": true}, "index": {"description": "Index of the current agent's goose in the list of geese.", "type": "integer", "minimum": 0, "defaults": [0, 1, 2, 3, 4, 5, 6, 7]}}, "reward": {"description": "The number of steps the goose has moved plus its length.", "type": ["number", "null"], "default": 0, "minimum": 0}}, "steps": [[{"action": "NORTH", "reward": 0, "info": {}, "observation": {"remainingOverageTime": 12, "step": 0, "geese": [[21], [51], [76], [25]], "food": [43, 57], "index": 0}, "status": "ACTIVE"}, {"action": "NORTH", "reward": 0, "info": {}, "observation": {"remainingOverageTime": 12, "index": 1}, "status": "ACTIVE"}, {"action": "NORTH", "reward": 0, "info": {}, "observation": {"remainingOverageTime": 12, "index": 2}, "status": "ACTIVE"}, {"action": "NORTH", "reward": 0, "info": {}, "observation": {"remainingOverageTime": 12, "index": 3}, "status": "ACTIVE"}], [{"action": "SOUTH", "reward": 2, "info": {}, "observation": {"remainingOverageTime": 12, "step": 1, "geese": [[32], [40], [65], [36]], "food": [43, 57], "index": 0}, "status": "ACTIVE"}, {"action": "NORTH", "reward": 2, "info": {}, "observation": {"remainingOverageTime": 12, "index": 1}, "status": "ACTIVE"}, {"action": "NORTH", "reward": 2, "info": {}, "observation": {"remainingOverageTime": 12, "index": 2}, "status": "ACTIVE"}, {"action": "SOUTH", "reward": 2, "info": {}, "observation": {"remainingOverageTime": 12, "index": 3}, "status": "ACTIVE"}], [{"action": "SOUTH", "reward": 3, "info": {}, "observation": {"remainingOverageTime": 12, "step": 2, "geese": [[43, 32], [41], [54], [35]], "food": [57, 2], "index": 0}, "status": "ACTIVE"}, {"action": "EAST", "reward": 3, "info": {}, "observation": {"remainingOverageTime": 12, "index": 1}, "status": "ACTIVE"}, {"action": "NORTH", "reward": 3, "info": {}, "observation": {"remainingOverageTime": 12, "index": 2}, "status": "ACTIVE"}, {"action": "WEST", "reward": 3, "info": {}, "observation": {"remainingOverageTime": 12, "index": 3}, "status": "ACTIVE"}], [{"action": "EAST", "reward": 5, "info": {}, "observation": {"remainingOverageTime": 12, "step": 3, "geese": [[33, 43], [52], [44], [46]], "food": [57, 2], "index": 0}, "status": "ACTIVE"}, {"action": "SOUTH", "reward": 4, "info": {}, "observation": {"remainingOverageTime": 12, "index": 1}, "status": "ACTIVE"}, {"action": "EAST", "reward": 4, "info": {}, "observation": {"remainingOverageTime": 12, "index": 2}, "status": "ACTIVE"}, {"action": "SOUTH", "reward": 4, "info": {}, "observation": {"remainingOverageTime": 12, "index": 3}, "status": "ACTIVE"}], [{"action": "EAST", "reward": 6, "info": {}, "observation": {"remainingOverageTime": 12, "step": 4, "geese": [[34, 33], [53], [55], [57, 46]], "food": [2, 8], "index": 0}, "status": "ACTIVE"}, {"action": "EAST", "reward": 5, "info": {}, "observation": {"remainingOverageTime": 12, "index": 1}, "status": "ACTIVE"}, {"action": "SOUTH", "reward": 5, "info": {}, "observation": {"remainingOverageTime": 12, "index": 2}, "status": "ACTIVE"}, {"action": "SOUTH", "reward": 5, "info": {}, "observation": {"remainingOverageTime": 12, "index": 3}, "status": "ACTIVE"}], [{"action": "EAST", "reward": 7, "info": {}, "observation": {"remainingOverageTime": 12, "step": 5, "geese": [[35, 34], [64], [65], [68, 57]], "food": [2, 8], "index": 0}, "status": "ACTIVE"}, {"action": "SOUTH", "reward": 6, "info": {}, "observation": {"remainingOverageTime": 12, "index": 1}, "status": "ACTIVE"}, {"action": "WEST", "reward": 6, "info": {}, "observation": {"remainingOverageTime": 12, "index": 2}, "status": "ACTIVE"}, {"action": "SOUTH", "reward": 7, "info": {}, "observation": {"remainingOverageTime": 12, "index": 3}, "status": "ACTIVE"}], [{"action": "NORTH", "reward": 8, "info": {}, "observation": {"remainingOverageTime": 12, "step": 6, "geese": [[24, 35], [75], [64], [2, 68, 57]], "food": [8, 21], "index": 0}, "status": "ACTIVE"}, {"action": "SOUTH", "reward": 7, "info": {}, "observation": {"remainingOverageTime": 12, "index": 1}, "status": "ACTIVE"}, {"action": "WEST", "reward": 7, "info": {}, "observation": {"remainingOverageTime": 12, "index": 2}, "status": "ACTIVE"}, {"action": "SOUTH", "reward": 8, "info": {}, "observation": {"remainingOverageTime": 12, "index": 3}, "status": "ACTIVE"}], [{"action": "WEST", "reward": 9, "info": {}, "observation": {"remainingOverageTime": 12, "step": 7, "geese": [[23, 24], [9], [75], [3, 2, 68]], "food": [8, 21], "index": 0}, "status": "ACTIVE"}, {"action": "SOUTH", "reward": 8, "info": {}, "observation": {"remainingOverageTime": 12, "index": 1}, "status": "ACTIVE"}, {"action": "SOUTH", "reward": 8, "info": {}, "observation": {"remainingOverageTime": 12, "index": 2}, "status": "ACTIVE"}, {"action": "EAST", "reward": 10, "info": {}, "observation": {"remainingOverageTime": 12, "index": 3}, "status": "ACTIVE"}], [{"action": "WEST", "reward": 10, "info": {}, "observation": {"remainingOverageTime": 12, "step": 8, "geese": [[22, 23], [8, 9], [74], [14, 3, 2]], "food": [21, 71], "index": 0}, "status": "ACTIVE"}, {"action": "WEST", "reward": 9, "info": {}, "observation": {"remainingOverageTime": 12, "index": 1}, "status": "ACTIVE"}, {"action": "WEST", "reward": 9, "info": {}, "observation": {"remainingOverageTime": 12, "index": 2}, "status": "ACTIVE"}, {"action": "SOUTH", "reward": 11, "info": {}, "observation": {"remainingOverageTime": 12, "index": 3}, "status": "ACTIVE"}], [{"action": "NORTH", "reward": 11, "info": {}, "observation": {"remainingOverageTime": 12, "step": 9, "geese": [[11, 22], [19, 8], [73], [13, 14, 3]], "food": [21, 71], "index": 0}, "status": "ACTIVE"}, {"action": "SOUTH", "reward": 11, "info": {}, "observation": {"remainingOverageTime": 12, "index": 1}, "status": "ACTIVE"}, {"action": "WEST", "reward": 10, "info": {}, "observation": {"remainingOverageTime": 12, "index": 2}, "status": "ACTIVE"}, {"action": "WEST", "reward": 12, "info": {}, "observation": {"remainingOverageTime": 12, "index": 3}, "status": "ACTIVE"}], [{"action": "WEST", "reward": 12, "info": {}, "observation": {"remainingOverageTime": 12, "step": 10, "geese": [[21, 11, 22], [20, 19], [72], [24, 13, 14]], "food": [71, 35], "index": 0}, "status": "ACTIVE"}, {"action": "EAST", "reward": 12, "info": {}, "observation": {"remainingOverageTime": 12, "index": 1}, "status": "ACTIVE"}, {"action": "WEST", "reward": 11, "info": {}, "observation": {"remainingOverageTime": 12, "index": 2}, "status": "ACTIVE"}, {"action": "SOUTH", "reward": 13, "info": {}, "observation": {"remainingOverageTime": 12, "index": 3}, "status": "ACTIVE"}], [{"action": "SOUTH", "reward": 14, "info": {}, "observation": {"remainingOverageTime": 12, "step": 11, "geese": [[32, 21, 11], [9, 20], [71, 72], [35, 24, 13, 14]], "food": [36, 61], "index": 0}, "status": "ACTIVE"}, {"action": "NORTH", "reward": 13, "info": {}, "observation": {"remainingOverageTime": 12, "index": 1}, "status": "ACTIVE"}, {"action": "WEST", "reward": 12, "info": {}, "observation": {"remainingOverageTime": 12, "index": 2}, "status": "ACTIVE"}, {"action": "SOUTH", "reward": 14, "info": {}, "observation": {"remainingOverageTime": 12, "index": 3}, "status": "ACTIVE"}], [{"action": "EAST", "reward": 15, "info": {}, "observation": {"remainingOverageTime": 12, "step": 12, "geese": [[22, 32, 21], [75, 9], [60, 71], [36, 35, 24, 13, 14]], "food": [61, 52], "index": 0}, "status": "ACTIVE"}, {"action": "NORTH", "reward": 14, "info": {}, "observation": {"remainingOverageTime": 12, "index": 1}, "status": "ACTIVE"}, {"action": "NORTH", "reward": 14, "info": {}, "observation": {"remainingOverageTime": 12, "index": 2}, "status": "ACTIVE"}, {"action": "EAST", "reward": 16, "info": {}, "observation": {"remainingOverageTime": 12, "index": 3}, "status": "ACTIVE"}], [{"action": "SOUTH", "reward": 16, "info": {}, "observation": {"remainingOverageTime": 12, "step": 13, "geese": [[33, 22, 32], [64, 75], [61, 60, 71], [37, 36, 35, 24, 13]], "food": [52, 49], "index": 0}, "status": "ACTIVE"}, {"action": "NORTH", "reward": 15, "info": {}, "observation": {"remainingOverageTime": 12, "index": 1}, "status": "ACTIVE"}, {"action": "EAST", "reward": 15, "info": {}, "observation": {"remainingOverageTime": 12, "index": 2}, "status": "ACTIVE"}, {"action": "EAST", "reward": 18, "info": {}, "observation": {"remainingOverageTime": 12, "index": 3}, "status": "ACTIVE"}], [{"action": "WEST", "reward": 17, "info": {}, "observation": {"remainingOverageTime": 12, "step": 14, "geese": [[43, 33, 22], [53, 64], [50, 61, 60], [48, 37, 36, 35, 24]], "food": [52, 49], "index": 0}, "status": "ACTIVE"}, {"action": "NORTH", "reward": 16, "info": {}, "observation": {"remainingOverageTime": 12, "index": 1}, "status": "ACTIVE"}, {"action": "NORTH", "reward": 17, "info": {}, "observation": {"remainingOverageTime": 12, "index": 2}, "status": "ACTIVE"}, {"action": "SOUTH", "reward": 19, "info": {}, "observation": {"remainingOverageTime": 12, "index": 3}, "status": "ACTIVE"}], [{"action": "NORTH", "reward": 18, "info": {}, "observation": {"remainingOverageTime": 12, "step": 15, "geese": [[32, 43, 33], [52, 53, 64], [39, 50, 61], [59, 48, 37, 36, 35]], "food": [49, 60], "index": 0}, "status": "ACTIVE"}, {"action": "WEST", "reward": 17, "info": {}, "observation": {"remainingOverageTime": 12, "index": 1}, "status": "ACTIVE"}, {"action": "NORTH", "reward": 18, "info": {}, "observation": {"remainingOverageTime": 12, "index": 2}, "status": "ACTIVE"}, {"action": "SOUTH", "reward": 20, "info": {}, "observation": {"remainingOverageTime": 12, "index": 3}, "status": "ACTIVE"}], [{"action": "WEST", "reward": 19, "info": {}, "observation": {"remainingOverageTime": 12, "step": 16, "geese": [[31, 32, 43], [51, 52, 53], [38, 39, 50], [60, 59, 48, 37, 36, 35]], "food": [49, 66], "index": 0}, "status": "ACTIVE"}, {"action": "WEST", "reward": 19, "info": {}, "observation": {"remainingOverageTime": 12, "index": 1}, "status": "ACTIVE"}, {"action": "WEST", "reward": 19, "info": {}, "observation": {"remainingOverageTime": 12, "index": 2}, "status": "ACTIVE"}, {"action": "EAST", "reward": 21, "info": {}, "observation": {"remainingOverageTime": 12, "index": 3}, "status": "ACTIVE"}], [{"action": "NORTH", "reward": 20, "info": {}, "observation": {"remainingOverageTime": 12, "step": 17, "geese": [[20, 31, 32], [62, 51, 52], [27, 38, 39], [61, 60, 59, 48, 37, 36]], "food": [49, 66], "index": 0}, "status": "ACTIVE"}, {"action": "SOUTH", "reward": 20, "info": {}, "observation": {"remainingOverageTime": 12, "index": 1}, "status": "ACTIVE"}, {"action": "NORTH", "reward": 20, "info": {}, "observation": {"remainingOverageTime": 12, "index": 2}, "status": "ACTIVE"}, {"action": "EAST", "reward": 23, "info": {}, "observation": {"remainingOverageTime": 12, "index": 3}, "status": "ACTIVE"}], [{"action": "EAST", "reward": 21, "info": {}, "observation": {"remainingOverageTime": 12, "step": 18, "geese": [[21, 20, 31], [73, 62, 51], [28, 27, 38], [50, 61, 60, 59, 48, 37]], "food": [49, 66], "index": 0}, "status": "ACTIVE"}, {"action": "SOUTH", "reward": 21, "info": {}, "observation": {"remainingOverageTime": 12, "index": 1}, "status": "ACTIVE"}, {"action": "EAST", "reward": 21, "info": {}, "observation": {"remainingOverageTime": 12, "index": 2}, "status": "ACTIVE"}, {"action": "NORTH", "reward": 24, "info": {}, "observation": {"remainingOverageTime": 12, "index": 3}, "status": "ACTIVE"}], [{"action": "EAST", "reward": 22, "info": {}, "observation": {"remainingOverageTime": 12, "step": 19, "geese": [[11, 21, 20], [74, 73, 62], [29, 28, 27], [49, 50, 61, 60, 59, 48, 37]], "food": [66, 14], "index": 0}, "status": "ACTIVE"}, {"action": "EAST", "reward": 22, "info": {}, "observation": {"remainingOverageTime": 12, "index": 1}, "status": "ACTIVE"}, {"action": "EAST", "reward": 22, "info": {}, "observation": {"remainingOverageTime": 12, "index": 2}, "status": "ACTIVE"}, {"action": "WEST", "reward": 25, "info": {}, "observation": {"remainingOverageTime": 12, "index": 3}, "status": "ACTIVE"}], [{"action": "NORTH", "reward": 23, "info": {}, "observation": {"remainingOverageTime": 12, "step": 20, "geese": [[0, 11, 21], [75, 74, 73], [18, 29, 28], [38, 49, 50, 61, 60, 59, 48]], "food": [66, 14], "index": 0}, "status": "ACTIVE"}, {"action": "EAST", "reward": 23, "info": {}, "observation": {"remainingOverageTime": 12, "index": 1}, "status": "ACTIVE"}, {"action": "NORTH", "reward": 23, "info": {}, "observation": {"remainingOverageTime": 12, "index": 2}, "status": "ACTIVE"}, {"action": "NORTH", "reward": 27, "info": {}, "observation": {"remainingOverageTime": 12, "index": 3}, "status": "ACTIVE"}], [{"action": "NORTH", "reward": 24, "info": {}, "observation": {"remainingOverageTime": 12, "step": 21, "geese": [[66, 0, 11, 21], [76, 75, 74], [17, 18, 29], [27, 38, 49, 50, 61, 60, 59]], "food": [14, 45], "index": 0}, "status": "ACTIVE"}, {"action": "EAST", "reward": 24, "info": {}, "observation": {"remainingOverageTime": 12, "index": 1}, "status": "ACTIVE"}, {"action": "WEST", "reward": 24, "info": {}, "observation": {"remainingOverageTime": 12, "index": 2}, "status": "ACTIVE"}, {"action": "NORTH", "reward": 28, "info": {}, "observation": {"remainingOverageTime": 12, "index": 3}, "status": "ACTIVE"}], [{"action": "EAST", "reward": 26, "info": {}, "observation": {"remainingOverageTime": 12, "step": 22, "geese": [[67, 66, 0, 11], [65, 76, 75], [6, 17, 18], [26, 27, 38, 49, 50, 61, 60]], "food": [14, 45], "index": 0}, "status": "ACTIVE"}, {"action": "NORTH", "reward": 25, "info": {}, "observation": {"remainingOverageTime": 12, "index": 1}, "status": "ACTIVE"}, {"action": "NORTH", "reward": 25, "info": {}, "observation": {"remainingOverageTime": 12, "index": 2}, "status": "ACTIVE"}, {"action": "WEST", "reward": 29, "info": {}, "observation": {"remainingOverageTime": 12, "index": 3}, "status": "ACTIVE"}], [{"action": "NORTH", "reward": 27, "info": {}, "observation": {"remainingOverageTime": 12, "step": 23, "geese": [[56, 67, 66, 0], [54, 65, 76], [5, 6, 17], [15, 26, 27, 38, 49, 50, 61]], "food": [14, 45], "index": 0}, "status": "ACTIVE"}, {"action": "NORTH", "reward": 26, "info": {}, "observation": {"remainingOverageTime": 12, "index": 1}, "status": "ACTIVE"}, {"action": "WEST", "reward": 26, "info": {}, "observation": {"remainingOverageTime": 12, "index": 2}, "status": "ACTIVE"}, {"action": "NORTH", "reward": 30, "info": {}, "observation": {"remainingOverageTime": 12, "index": 3}, "status": "ACTIVE"}], [{"action": "NORTH", "reward": 28, "info": {}, "observation": {"remainingOverageTime": 12, "step": 24, "geese": [[45, 56, 67, 66, 0], [44, 54, 65], [71, 5, 6], [14, 15, 26, 27, 38, 49, 50, 61]], "food": [64, 13], "index": 0}, "status": "ACTIVE"}, {"action": "EAST", "reward": 27, "info": {}, "observation": {"remainingOverageTime": 12, "index": 1}, "status": "ACTIVE"}, {"action": "NORTH", "reward": 27, "info": {}, "observation": {"remainingOverageTime": 12, "index": 2}, "status": "ACTIVE"}, {"action": "WEST", "reward": 31, "info": {}, "observation": {"remainingOverageTime": 12, "index": 3}, "status": "ACTIVE"}], [{"action": "EAST", "reward": 30, "info": {}, "observation": {"remainingOverageTime": 12, "step": 25, "geese": [[46, 45, 56, 67, 66], [55, 44, 54], [70, 71, 5], [13, 14, 15, 26, 27, 38, 49, 50, 61]], "food": [64, 33], "index": 0}, "status": "ACTIVE"}, {"action": "SOUTH", "reward": 28, "info": {}, "observation": {"remainingOverageTime": 12, "index": 1}, "status": "ACTIVE"}, {"action": "WEST", "reward": 28, "info": {}, "observation": {"remainingOverageTime": 12, "index": 2}, "status": "ACTIVE"}, {"action": "WEST", "reward": 33, "info": {}, "observation": {"remainingOverageTime": 12, "index": 3}, "status": "ACTIVE"}], [{"action": "NORTH", "reward": 31, "info": {}, "observation": {"remainingOverageTime": 12, "step": 26, "geese": [[35, 46, 45, 56, 67], [65, 55, 44], [59, 70, 71], [12, 13, 14, 15, 26, 27, 38, 49, 50]], "food": [64, 33], "index": 0}, "status": "ACTIVE"}, {"action": "WEST", "reward": 29, "info": {}, "observation": {"remainingOverageTime": 12, "index": 1}, "status": "ACTIVE"}, {"action": "NORTH", "reward": 29, "info": {}, "observation": {"remainingOverageTime": 12, "index": 2}, "status": "ACTIVE"}, {"action": "WEST", "reward": 35, "info": {}, "observation": {"remainingOverageTime": 12, "index": 3}, "status": "ACTIVE"}], [{"action": "WEST", "reward": 32, "info": {}, "observation": {"remainingOverageTime": 12, "step": 27, "geese": [[34, 35, 46, 45, 56], [64, 65, 55, 44], [60, 59, 70], [11, 12, 13, 14, 15, 26, 27, 38, 49]], "food": [33, 50], "index": 0}, "status": "ACTIVE"}, {"action": "WEST", "reward": 30, "info": {}, "observation": {"remainingOverageTime": 12, "index": 1}, "status": "ACTIVE"}, {"action": "EAST", "reward": 30, "info": {}, "observation": {"remainingOverageTime": 12, "index": 2}, "status": "ACTIVE"}, {"action": "WEST", "reward": 36, "info": {}, "observation": {"remainingOverageTime": 12, "index": 3}, "status": "ACTIVE"}], [{"action": "WEST", "reward": 33, "info": {}, "observation": {"remainingOverageTime": 12, "step": 28, "geese": [[33, 34, 35, 46, 45, 56], [53, 64, 65, 55], [61, 60, 59], [22, 11, 12, 13, 14, 15, 26, 27, 38]], "food": [50, 67], "index": 0}, "status": "ACTIVE"}, {"action": "NORTH", "reward": 32, "info": {}, "observation": {"remainingOverageTime": 12, "index": 1}, "status": "ACTIVE"}, {"action": "EAST", "reward": 31, "info": {}, "observation": {"remainingOverageTime": 12, "index": 2}, "status": "ACTIVE"}, {"action": "SOUTH", "reward": 37, "info": {}, "observation": {"remainingOverageTime": 12, "index": 3}, "status": "ACTIVE"}], [{"action": "SOUTH", "reward": 35, "info": {}, "observation": {"remainingOverageTime": 12, "step": 29, "geese": [[44, 33, 34, 35, 46, 45], [52, 53, 64, 65], [50, 61, 60, 59], [32, 22, 11, 12, 13, 14, 15, 26, 27]], "food": [67, 49], "index": 0}, "status": "ACTIVE"}, {"action": "WEST", "reward": 33, "info": {}, "observation": {"remainingOverageTime": 12, "index": 1}, "status": "ACTIVE"}, {"action": "NORTH", "reward": 32, "info": {}, "observation": {"remainingOverageTime": 12, "index": 2}, "status": "ACTIVE"}, {"action": "WEST", "reward": 38, "info": {}, "observation": {"remainingOverageTime": 12, "index": 3}, "status": "ACTIVE"}], [{"action": "EAST", "reward": 36, "info": {}, "observation": {"remainingOverageTime": 12, "step": 30, "geese": [[45, 44, 33, 34, 35, 46], [41, 52, 53, 64], [49, 50, 61, 60, 59], [21, 32, 22, 11, 12, 13, 14, 15, 26]], "food": [67, 36], "index": 0}, "status": "ACTIVE"}, {"action": "NORTH", "reward": 34, "info": {}, "observation": {"remainingOverageTime": 12, "index": 1}, "status": "ACTIVE"}, {"action": "WEST", "reward": 34, "info": {}, "observation": {"remainingOverageTime": 12, "index": 2}, "status": "ACTIVE"}, {"action": "NORTH", "reward": 39, "info": {}, "observation": {"remainingOverageTime": 12, "index": 3}, "status": "ACTIVE"}], [{"action": "SOUTH", "reward": 37, "info": {}, "observation": {"remainingOverageTime": 12, "step": 31, "geese": [[56, 45, 44, 33, 34, 35], [40, 41, 52, 53], [48, 49, 50, 61, 60], [10, 21, 32, 22, 11, 12, 13, 14, 15]], "food": [67, 36], "index": 0}, "status": "ACTIVE"}, {"action": "WEST", "reward": 35, "info": {}, "observation": {"remainingOverageTime": 12, "index": 1}, "status": "ACTIVE"}, {"action": "WEST", "reward": 36, "info": {}, "observation": {"remainingOverageTime": 12, "index": 2}, "status": "ACTIVE"}, {"action": "NORTH", "reward": 40, "info": {}, "observation": {"remainingOverageTime": 12, "index": 3}, "status": "ACTIVE"}], [{"action": "SOUTH", "reward": 38, "info": {}, "observation": {"remainingOverageTime": 12, "step": 32, "geese": [[67, 56, 45, 44, 33, 34, 35], [39, 40, 41, 52], [37, 48, 49, 50, 61], [76, 10, 21, 32, 22, 11, 12, 13, 14]], "food": [36, 36], "index": 0}, "status": "ACTIVE"}, {"action": "WEST", "reward": 36, "info": {}, "observation": {"remainingOverageTime": 12, "index": 1}, "status": "ACTIVE"}, {"action": "NORTH", "reward": 37, "info": {}, "observation": {"remainingOverageTime": 12, "index": 2}, "status": "ACTIVE"}, {"action": "NORTH", "reward": 41, "info": {}, "observation": {"remainingOverageTime": 12, "index": 3}, "status": "ACTIVE"}], [{"action": "EAST", "reward": 40, "info": {}, "observation": {"remainingOverageTime": 12, "step": 33, "geese": [[68, 67, 56, 45, 44, 33, 34], [28, 39, 40, 41], [36, 37, 48, 49, 50, 61], [65, 76, 10, 21, 32, 22, 11, 12, 13]], "food": [36, 46], "index": 0}, "status": "ACTIVE"}, {"action": "NORTH", "reward": 37, "info": {}, "observation": {"remainingOverageTime": 12, "index": 1}, "status": "ACTIVE"}, {"action": "WEST", "reward": 38, "info": {}, "observation": {"remainingOverageTime": 12, "index": 2}, "status": "ACTIVE"}, {"action": "NORTH", "reward": 42, "info": {}, "observation": {"remainingOverageTime": 12, "index": 3}, "status": "ACTIVE"}], [{"action": "NORTH", "reward": 41, "info": {}, "observation": {"remainingOverageTime": 12, "step": 34, "geese": [[57, 68, 67, 56, 45, 44, 33], [27, 28, 39, 40], [35, 36, 37, 48, 49, 50], [64, 65, 76, 10, 21, 32, 22, 11, 12]], "food": [36, 46], "index": 0}, "status": "ACTIVE"}, {"action": "WEST", "reward": 38, "info": {}, "observation": {"remainingOverageTime": 12, "index": 1}, "status": "ACTIVE"}, {"action": "WEST", "reward": 40, "info": {}, "observation": {"remainingOverageTime": 12, "index": 2}, "status": "ACTIVE"}, {"action": "WEST", "reward": 43, "info": {}, "observation": {"remainingOverageTime": 12, "index": 3}, "status": "ACTIVE"}], [{"action": "EAST", "reward": 42, "info": {}, "observation": {"remainingOverageTime": 12, "step": 35, "geese": [[58, 57, 68, 67, 56, 45, 44], [16, 27, 28, 39], [24, 35, 36, 37, 48, 49], [63, 64, 65, 76, 10, 21, 32, 22, 11]], "food": [36, 46], "index": 0}, "status": "ACTIVE"}, {"action": "NORTH", "reward": 39, "info": {}, "observation": {"remainingOverageTime": 12, "index": 1}, "status": "ACTIVE"}, {"action": "NORTH", "reward": 41, "info": {}, "observation": {"remainingOverageTime": 12, "index": 2}, "status": "ACTIVE"}, {"action": "WEST", "reward": 44, "info": {}, "observation": {"remainingOverageTime": 12, "index": 3}, "status": "ACTIVE"}], [{"action": "NORTH", "reward": 43, "info": {}, "observation": {"remainingOverageTime": 12, "step": 36, "geese": [[47, 58, 57, 68, 67, 56, 45], [5, 16, 27, 28], [23, 24, 35, 36, 37, 48], [62, 63, 64, 65, 76, 10, 21, 32, 22]], "food": [36, 46], "index": 0}, "status": "ACTIVE"}, {"action": "NORTH", "reward": 40, "info": {}, "observation": {"remainingOverageTime": 12, "index": 1}, "status": "ACTIVE"}, {"action": "WEST", "reward": 42, "info": {}, "observation": {"remainingOverageTime": 12, "index": 2}, "status": "ACTIVE"}, {"action": "WEST", "reward": 45, "info": {}, "observation": {"remainingOverageTime": 12, "index": 3}, "status": "ACTIVE"}], [{"action": "WEST", "reward": 44, "info": {}, "observation": {"remainingOverageTime": 12, "step": 37, "geese": [[46, 47, 58, 57, 68, 67, 56, 45], [6, 5, 16, 27], [12, 23, 24, 35, 36, 37], [51, 62, 63, 64, 65, 76, 10, 21, 32]], "food": [36, 48], "index": 0}, "status": "ACTIVE"}, {"action": "EAST", "reward": 41, "info": {}, "observation": {"remainingOverageTime": 12, "index": 1}, "status": "ACTIVE"}, {"action": "NORTH", "reward": 43, "info": {}, "observation": {"remainingOverageTime": 12, "index": 2}, "status": "ACTIVE"}, {"action": "NORTH", "reward": 46, "info": {}, "observation": {"remainingOverageTime": 12, "index": 3}, "status": "ACTIVE"}], [{"action": "WEST", "reward": 46, "info": {}, "observation": {"remainingOverageTime": 12, "step": 38, "geese": [[45, 46, 47, 58, 57, 68, 67, 56], [72, 6, 5, 16], [13, 12, 23, 24, 35, 36], [50, 51, 62, 63, 64, 65, 76, 10, 21]], "food": [36, 48], "index": 0}, "status": "ACTIVE"}, {"action": "NORTH", "reward": 42, "info": {}, "observation": {"remainingOverageTime": 12, "index": 1}, "status": "ACTIVE"}, {"action": "EAST", "reward": 44, "info": {}, "observation": {"remainingOverageTime": 12, "index": 2}, "status": "ACTIVE"}, {"action": "WEST", "reward": 47, "info": {}, "observation": {"remainingOverageTime": 12, "index": 3}, "status": "ACTIVE"}], [{"action": "SOUTH", "reward": 47, "info": {}, "observation": {"remainingOverageTime": 12, "step": 39, "geese": [[56, 45, 46, 47, 58, 57, 68, 67], [73, 72, 6, 5], [14, 13, 12, 23, 24, 35], [49, 50, 51, 62, 63, 64, 65, 76, 10]], "food": [36, 48], "index": 0}, "status": "ACTIVE"}, {"action": "EAST", "reward": 43, "info": {}, "observation": {"remainingOverageTime": 12, "index": 1}, "status": "ACTIVE"}, {"action": "EAST", "reward": 45, "info": {}, "observation": {"remainingOverageTime": 12, "index": 2}, "status": "ACTIVE"}, {"action": "WEST", "reward": 48, "info": {}, "observation": {"remainingOverageTime": 12, "index": 3}, "status": "ACTIVE"}], [{"action": "WEST", "reward": 48, "info": {}, "observation": {"remainingOverageTime": 12, "step": 40, "geese": [[55, 56, 45, 46, 47, 58, 57], [7, 73, 72], [25, 14, 13, 12, 23], [48, 49, 50, 51, 62, 63, 64, 65, 76]], "food": [36, 21], "index": 0}, "status": "ACTIVE"}, {"action": "SOUTH", "reward": 44, "info": {}, "observation": {"remainingOverageTime": 12, "index": 1}, "status": "ACTIVE"}, {"action": "SOUTH", "reward": 46, "info": {}, "observation": {"remainingOverageTime": 12, "index": 2}, "status": "ACTIVE"}, {"action": "WEST", "reward": 49, "info": {}, "observation": {"remainingOverageTime": 12, "index": 3}, "status": "ACTIVE"}], [{"action": "SOUTH", "reward": 48, "info": {}, "observation": {"remainingOverageTime": 12, "step": 41, "geese": [[66, 55, 56, 45, 46, 47, 58], [8, 7, 73], [36, 25, 14, 13, 12, 23], [37, 48, 49, 50, 51, 62, 63, 64, 65]], "food": [21, 18], "index": 0}, "status": "ACTIVE"}, {"action": "EAST", "reward": 44, "info": {}, "observation": {"remainingOverageTime": 12, "index": 1}, "status": "ACTIVE"}, {"action": "SOUTH", "reward": 46, "info": {}, "observation": {"remainingOverageTime": 12, "index": 2}, "status": "ACTIVE"}, {"action": "NORTH", "reward": 50, "info": {}, "observation": {"remainingOverageTime": 12, "index": 3}, "status": "ACTIVE"}], [{"action": "WEST", "reward": 49, "info": {}, "observation": {"remainingOverageTime": 12, "step": 42, "geese": [[76, 66, 55, 56, 45, 46, 47], [19, 8, 7], [35, 36, 25, 14, 13, 12], [26, 37, 48, 49, 50, 51, 62, 63, 64]], "food": [21, 18], "index": 0}, "status": "ACTIVE"}, {"action": "SOUTH", "reward": 45, "info": {}, "observation": {"remainingOverageTime": 12, "index": 1}, "status": "ACTIVE"}, {"action": "WEST", "reward": 48, "info": {}, "observation": {"remainingOverageTime": 12, "index": 2}, "status": "ACTIVE"}, {"action": "NORTH", "reward": 51, "info": {}, "observation": {"remainingOverageTime": 12, "index": 3}, "status": "ACTIVE"}], [{"action": "SOUTH", "reward": 50, "info": {}, "observation": {"remainingOverageTime": 12, "step": 43, "geese": [[10, 76, 66, 55, 56, 45, 46], [18, 19, 8, 7], [34, 35, 36, 25, 14, 13], [27, 26, 37, 48, 49, 50, 51, 62, 63]], "food": [21, 9], "index": 0}, "status": "ACTIVE"}, {"action": "WEST", "reward": 46, "info": {}, "observation": {"remainingOverageTime": 12, "index": 1}, "status": "ACTIVE"}, {"action": "WEST", "reward": 49, "info": {}, "observation": {"remainingOverageTime": 12, "index": 2}, "status": "ACTIVE"}, {"action": "EAST", "reward": 52, "info": {}, "observation": {"remainingOverageTime": 12, "index": 3}, "status": "ACTIVE"}], [{"action": "SOUTH", "reward": 51, "info": {}, "observation": {"remainingOverageTime": 12, "step": 44, "geese": [[21, 10, 76, 66, 55, 56, 45, 46], [29, 18, 19, 8], [33, 34, 35, 36, 25, 14], [28, 27, 26, 37, 48, 49, 50, 51, 62]], "food": [9, 7], "index": 0}, "status": "ACTIVE"}, {"action": "SOUTH", "reward": 48, "info": {}, "observation": {"remainingOverageTime": 12, "index": 1}, "status": "ACTIVE"}, {"action": "WEST", "reward": 50, "info": {}, "observation": {"remainingOverageTime": 12, "index": 2}, "status": "ACTIVE"}, {"action": "EAST", "reward": 53, "info": {}, "observation": {"remainingOverageTime": 12, "index": 3}, "status": "ACTIVE"}], [{"action": "WEST", "reward": 53, "info": {}, "observation": {"remainingOverageTime": 12, "step": 45, "geese": [[20, 21, 10, 76, 66, 55, 56, 45], [30, 29, 18, 19], [22, 33, 34, 35, 36, 25], [17, 28, 27, 26, 37, 48, 49, 50, 51]], "food": [9, 7], "index": 0}, "status": "ACTIVE"}, {"action": "EAST", "reward": 49, "info": {}, "observation": {"remainingOverageTime": 12, "index": 1}, "status": "ACTIVE"}, {"action": "NORTH", "reward": 51, "info": {}, "observation": {"remainingOverageTime": 12, "index": 2}, "status": "ACTIVE"}, {"action": "NORTH", "reward": 54, "info": {}, "observation": {"remainingOverageTime": 12, "index": 3}, "status": "ACTIVE"}], [{"action": "NORTH", "reward": 54, "info": {}, "observation": {"remainingOverageTime": 12, "step": 46, "geese": [[9, 20, 21, 10, 76, 66, 55, 56, 45], [41, 30, 29, 18], [32, 22, 33, 34, 35, 36], [6, 17, 28, 27, 26, 37, 48, 49, 50]], "food": [7, 23], "index": 0}, "status": "ACTIVE"}, {"action": "SOUTH", "reward": 50, "info": {}, "observation": {"remainingOverageTime": 12, "index": 1}, "status": "ACTIVE"}, {"action": "WEST", "reward": 52, "info": {}, "observation": {"remainingOverageTime": 12, "index": 2}, "status": "ACTIVE"}, {"action": "NORTH", "reward": 55, "info": {}, "observation": {"remainingOverageTime": 12, "index": 3}, "status": "ACTIVE"}], [{"action": "WEST", "reward": 56, "info": {}, "observation": {"remainingOverageTime": 12, "step": 47, "geese": [[8, 9, 20, 21, 10, 76, 66, 55, 56], [40, 41, 30, 29], [43, 32, 22, 33, 34, 35], [7, 6, 17, 28, 27, 26, 37, 48, 49, 50]], "food": [23, 18], "index": 0}, "status": "ACTIVE"}, {"action": "WEST", "reward": 51, "info": {}, "observation": {"remainingOverageTime": 12, "index": 1}, "status": "ACTIVE"}, {"action": "SOUTH", "reward": 53, "info": {}, "observation": {"remainingOverageTime": 12, "index": 2}, "status": "ACTIVE"}, {"action": "EAST", "reward": 56, "info": {}, "observation": {"remainingOverageTime": 12, "index": 3}, "status": "ACTIVE"}], [{"action": "SOUTH", "reward": 57, "info": {}, "observation": {"remainingOverageTime": 12, "step": 48, "geese": [[19, 8, 9, 20, 21, 10, 76, 66, 55], [29, 40, 41, 30], [54, 43, 32, 22, 33, 34], [18, 7, 6, 17, 28, 27, 26, 37, 48, 49, 50]], "food": [23, 64], "index": 0}, "status": "ACTIVE"}, {"action": "NORTH", "reward": 52, "info": {}, "observation": {"remainingOverageTime": 12, "index": 1}, "status": "ACTIVE"}, {"action": "SOUTH", "reward": 54, "info": {}, "observation": {"remainingOverageTime": 12, "index": 2}, "status": "ACTIVE"}, {"action": "SOUTH", "reward": 58, "info": {}, "observation": {"remainingOverageTime": 12, "index": 3}, "status": "ACTIVE"}], [{"action": "SOUTH", "reward": 58, "info": {}, "observation": {"remainingOverageTime": 12, "step": 49, "geese": [[], [], [65, 54, 43, 32, 22, 33], []], "food": [23, 64], "index": 0}, "status": "DONE"}, {"action": "EAST", "reward": 53, "info": {}, "observation": {"remainingOverageTime": 12, "index": 1}, "status": "DONE"}, {"action": "SOUTH", "reward": 55, "info": {}, "observation": {"remainingOverageTime": 12, "index": 2}, "status": "DONE"}, {"action": "SOUTH", "reward": 60, "info": {}, "observation": {"remainingOverageTime": 12, "index": 3}, "status": "DONE"}]], "rewards": [58, 53, 55, 60], "statuses": ["DONE", "DONE", "DONE", "DONE"], "schema_version": 1, "info": {}}