{"id": "d6086e38-da82-11ee-b31f-0242ac130202", "name": "hungry_geese", "title": "Hungry Geese", "description": "Similar to the classic snake game with multiple players", "version": "1.0.0", "configuration": {"episodeSteps": 200, "actTimeout": 6, "runTimeout": 1200, "columns": 11, "rows": 7, "hunger_rate": 40, "min_food": 2}, "specification": {"action": {"description": "Direction to move the head of your players goose.", "type": "string", "enum": ["NORTH", "EAST", "SOUTH", "WEST"], "default": "NORTH"}, "agents": [2, 3, 4, 5, 6, 7, 8], "configuration": {"episodeSteps": {"description": "Maximum number of steps in the episode.", "type": "integer", "minimum": 1, "default": 200}, "actTimeout": {"description": "Maximum runtime (seconds) to obtain an action from an agent.", "type": "number", "minimum": 0, "default": 6}, "runTimeout": {"description": "Maximum runtime (seconds) of an episode (not necessarily DONE).", "type": "number", "minimum": 0, "default": 1200}, "columns": {"description": "Horizontal number of cells on the board.", "type": "integer", "default": 11, "minimum": 3}, "rows": {"description": "Vertical number of cells on the board.", "type": "integer", "default": 7, "minimum": 3}, "hunger_rate": {"description": "The number of steps before the goose shrinks a cell.", "type": "integer", "minimum": 1, "default": 40}, "min_food": {"description": "The minimum amount of food present for all steps.", "type": "integer", "default": 2, "minimum": 1}}, "info": {}, "observation": {"remainingOverageTime": {"description": "Total remaining banked time (seconds) that can be used in excess of per-step actTimeouts -- agent is disqualified with TIMEOUT status when this drops below 0.", "shared": false, "type": "number", "minimum": 0, "default": 12}, "step": {"description": "Current step within the episode.", "type": "integer", "shared": true, "minimum": 0, "default": 0}, "geese": {"description": "List of geese in order by the agent index.", "type": "array", "default": [], "shared": true}, "food": {"description": "Positions on the board where food is present.", "type": "array", "default": [], "shared": true}, "index": {"description": "Index of the current agent's goose in the list of geese.", "type": "integer", "minimum": 0, "defaults": [0, 1, 2, 3, 4, 5, 6, 7]}}, "reward": {"description": "The number of steps the goose has moved plus its length.", "type": ["number", "null"], "default": 0, "minimum": 0}}, "steps": [[{"action": "NORTH", "reward": 0, "info": {}, "observation": {"remainingOverageTime": 12, "step": 0, "geese": [[41], [31], [6], [39]], "food": [73, 43], "index": 0}, "status": "ACTIVE"}, {"action": "NORTH", "reward": 0, "info": {}, "observation": {"remainingOverageTime": 12, "index": 1}, "status": "ACTIVE"}, {"action": "NORTH", "reward": 0, "info": {}, "observation": {"remainingOverageTime": 12, "index": 2}, "status": "ACTIVE"}, {"action": "NORTH", "reward": 0, "info": {}, "observation": {"remainingOverageTime": 12, "index": 3}, "status": "ACTIVE"}], [{"action": "SOUTH", "reward": 2, "info": {}, "observation": {"remainingOverageTime": 12, "step": 1, "geese": [[52], [20], [7], [28]], "food": [73, 43], "index": 0}, "status": "ACTIVE"}, {"action": "NORTH", "reward": 2, "info": {}, "observation": {"remainingOverageTime": 12, "index": 1}, "status": "ACTIVE"}, {"action": "EAST", "reward": 2, "info": {}, "observation": {"remainingOverageTime": 12, "index": 2}, "status": "ACTIVE"}, {"action": "NORTH", "reward": 2, "info": {}, "observation": {"remainingOverageTime": 12, "index": 3}, "status": "ACTIVE"}], [{"action": "WEST", "reward": 3, "info": {}, "observation": {"remainingOverageTime": 12, "step": 2, "geese": [[51], [21], [73, 7], [17]], "food": [43, 13], "index": 0}, "status": "ACTIVE"}, {"action": "EAST", "reward": 3, "info": {}, "observation": {"remainingOverageTime": 12, "index": 1}, "status": "ACTIVE"}, {"action": "NORTH", "reward": 3, "info": {}, "observation": {"remainingOverageTime": 12, "index": 2}, "status": "ACTIVE"}, {"action": "NORTH", "reward": 3, "info": {}, "observation": {"remainingOverageTime": 12, "index": 3}, "status": "ACTIVE"}], [{"action": "NORTH", "reward": 4, "info": {}, "observation": {"remainingOverageTime": 12, "step": 3, "geese": [[40], [32], [72, 73], [16]], "food": [43, 13], "index": 0}, "status": "ACTIVE"}, {"action": "SOUTH", "reward": 4, "info": {}, "observation": {"remainingOverageTime": 12, "index": 1}, "status": "ACTIVE"}, {"action": "WEST", "reward": 5, "info": {}, "observation": {"remainingOverageTime": 12, "index": 2}, "status": "ACTIVE"}, {"action": "WEST", "reward": 4, "info": {}, "observation": {"remainingOverageTime": 12, "index": 3}, "status": "ACTIVE"}], [{"action": "EAST", "reward": 5, "info": {}, "observation": {"remainingOverageTime": 12, "step": 4, "geese": [[41], [43, 32], [6, 72], [15]], "food": [13, 35], "index": 0}, "status": "ACTIVE"}, {"action": "SOUTH", "reward": 5, "info": {}, "observation": {"remainingOverageTime": 12, "index": 1}, "status": "ACTIVE"}, {"action": "SOUTH", "reward": 6, "info": {}, "observation": {"remainingOverageTime": 12, "index": 2}, "status": "ACTIVE"}, {"action": "WEST", "reward": 5, "info": {}, "observation": {"remainingOverageTime": 12, "index": 3}, "status": "ACTIVE"}], [{"action": "NORTH", "reward": 6, "info": {}, "observation": {"remainingOverageTime": 12, "step": 5, "geese": [[30], [33, 43], [5, 6], [14]], "food": [13, 35], "index": 0}, "status": "ACTIVE"}, {"action": "EAST", "reward": 7, "info": {}, "observation": {"remainingOverageTime": 12, "index": 1}, "status": "ACTIVE"}, {"action": "WEST", "reward": 7, "info": {}, "observation": {"remainingOverageTime": 12, "index": 2}, "status": "ACTIVE"}, {"action": "WEST", "reward": 6, "info": {}, "observation": {"remainingOverageTime": 12, "index": 3}, "status": "ACTIVE"}], [{"action": "NORTH", "reward": 7, "info": {}, "observation": {"remainingOverageTime": 12, "step": 6, "geese": [[19], [34, 33], [4, 5], [13, 14]], "food": [35, 7], "index": 0}, "status": "ACTIVE"}, {"action": "EAST", "reward": 8, "info": {}, "observation": {"remainingOverageTime": 12, "index": 1}, "status": "ACTIVE"}, {"action": "WEST", "reward": 8, "info": {}, "observation": {"remainingOverageTime": 12, "index": 2}, "status": "ACTIVE"}, {"action": "WEST", "reward": 7, "info": {}, "observation": {"remainingOverageTime": 12, "index": 3}, "status": "ACTIVE"}], [{"action": "NORTH", "reward": 8, "info": {}, "observation": {"remainingOverageTime": 12, "step": 7, "geese": [[8], [35, 34, 33], [70, 4], [24, 13]], "food": [7, 50], "index": 0}, "status": "ACTIVE"}, {"action": "EAST", "reward": 9, "info": {}, "observation": {"remainingOverageTime": 12, "index": 1}, "status": "ACTIVE"}, {"action": "NORTH", "reward": 9, "info": {}, "observation": {"remainingOverageTime": 12, "index": 2}, "status": "ACTIVE"}, {"action": "SOUTH", "reward": 9, "info": {}, "observation": {"remainingOverageTime": 12, "index": 3}, "status": "ACTIVE"}], [{"action": "WEST", "reward": 9, "info": {}, "observation": {"remainingOverageTime": 12, "step": 8, "geese": [[7, 8], [46, 35, 34], [59, 70], [25, 24]], "food": [50, 31], "index": 0}, "status": "ACTIVE"}, {"action": "SOUTH", "reward": 11, "info": {}, "observation": {"remainingOverageTime": 12, "index": 1}, "status": "ACTIVE"}, {"action": "NORTH", "reward": 10, "info": {}, "observation": {"remainingOverageTime": 12, "index": 2}, "status": "ACTIVE"}, {"action": "EAST", "reward": 10, "info": {}, "observation": {"remainingOverageTime": 12, "index": 3}, "status": "ACTIVE"}], [{"action": "WEST", "reward": 11, "info": {}, "observation": {"remainingOverageTime": 12, "step": 9, "geese": [[6, 7], [47, 46, 35], [48, 59], [26, 25]], "food": [50, 31], "index": 0}, "status": "ACTIVE"}, {"action": "EAST", "reward": 12, "info": {}, "observation": {"remainingOverageTime": 12, "index": 1}, "status": "ACTIVE"}, {"action": "NORTH", "reward": 11, "info": {}, "observation": {"remainingOverageTime": 12, "index": 2}, "status": "ACTIVE"}, {"action": "EAST", "reward": 11, "info": {}, "observation": {"remainingOverageTime": 12, "index": 3}, "status": "ACTIVE"}], [{"action": "NORTH", "reward": 12, "info": {}, "observation": {"remainingOverageTime": 12, "step": 10, "geese": [[72, 6], [36, 47, 46], [49, 48], [27, 26]], "food": [50, 31], "index": 0}, "status": "ACTIVE"}, {"action": "NORTH", "reward": 13, "info": {}, "observation": {"remainingOverageTime": 12, "index": 1}, "status": "ACTIVE"}, {"action": "EAST", "reward": 12, "info": {}, "observation": {"remainingOverageTime": 12, "index": 2}, "status": "ACTIVE"}, {"action": "EAST", "reward": 12, "info": {}, "observation": {"remainingOverageTime": 12, "index": 3}, "status": "ACTIVE"}], [{"action": "NORTH", "reward": 13, "info": {}, "observation": {"remainingOverageTime": 12, "step": 11, "geese": [[61, 72], [37, 36, 47], [50, 49, 48], [28, 27]], "food": [31, 46], "index": 0}, "status": "ACTIVE"}, {"action": "EAST", "reward": 14, "info": {}, "observation": {"remainingOverageTime": 12, "index": 1}, "status": "ACTIVE"}, {"action": "EAST", "reward": 13, "info": {}, "observation": {"remainingOverageTime": 12, "index": 2}, "status": "ACTIVE"}, {"action": "EAST", "reward": 13, "info": {}, "observation": {"remainingOverageTime": 12, "index": 3}, "status": "ACTIVE"}], [{"action": "WEST", "reward": 14, "info": {}, "observation": {"remainingOverageTime": 12, "step": 12, "geese": [[60, 61], [48, 37, 36], [51, 50, 49], [29, 28]], "food": [31, 46], "index": 0}, "status": "ACTIVE"}, {"action": "SOUTH", "reward": 15, "info": {}, "observation": {"remainingOverageTime": 12, "index": 1}, "status": "ACTIVE"}, {"action": "EAST", "reward": 15, "info": {}, "observation": {"remainingOverageTime": 12, "index": 2}, "status": "ACTIVE"}, {"action": "EAST", "reward": 14, "info": {}, "observation": {"remainingOverageTime": 12, "index": 3}, "status": "ACTIVE"}], [{"action": "SOUTH", "reward": 15, "info": {}, "observation": {"remainingOverageTime": 12, "step": 13, "geese": [[71, 60], [47, 48, 37], [62, 51, 50], [30, 29]], "food": [31, 46], "index": 0}, "status": "ACTIVE"}, {"action": "WEST", "reward": 16, "info": {}, "observation": {"remainingOverageTime": 12, "index": 1}, "status": "ACTIVE"}, {"action": "SOUTH", "reward": 16, "info": {}, "observation": {"remainingOverageTime": 12, "index": 2}, "status": "ACTIVE"}, {"action": "EAST", "reward": 15, "info": {}, "observation": {"remainingOverageTime": 12, "index": 3}, "status": "ACTIVE"}], [{"action": "WEST", "reward": 16, "info": {}, "observation": {"remainingOverageTime": 12, "step": 14, "geese": [[70, 71], [46, 47, 48, 37], [63, 62, 51], [31, 30, 29]], "food": [61, 65], "index": 0}, "status": "ACTIVE"}, {"action": "WEST", "reward": 17, "info": {}, "observation": {"remainingOverageTime": 12, "index": 1}, "status": "ACTIVE"}, {"action": "EAST", "reward": 17, "info": {}, "observation": {"remainingOverageTime": 12, "index": 2}, "status": "ACTIVE"}, {"action": "EAST", "reward": 16, "info": {}, "observation": {"remainingOverageTime": 12, "index": 3}, "status": "ACTIVE"}], [{"action": "NORTH", "reward": 17, "info": {}, "observation": {"remainingOverageTime": 12, "step": 15, "geese": [[59, 70], [45, 46, 47, 48], [64, 63, 62], [42, 31, 30]], "food": [61, 65], "index": 0}, "status": "ACTIVE"}, {"action": "WEST", "reward": 19, "info": {}, "observation": {"remainingOverageTime": 12, "index": 1}, "status": "ACTIVE"}, {"action": "EAST", "reward": 18, "info": {}, "observation": {"remainingOverageTime": 12, "index": 2}, "status": "ACTIVE"}, {"action": "SOUTH", "reward": 18, "info": {}, "observation": {"remainingOverageTime": 12, "index": 3}, "status": "ACTIVE"}], [{"action": "EAST", "reward": 18, "info": {}, "observation": {"remainingOverageTime": 12, "step": 16, "geese": [[60, 59], [56, 45, 46, 47], [65, 64, 63, 62], [43, 42, 31]], "food": [61, 54], "index": 0}, "status": "ACTIVE"}, {"action": "SOUTH", "reward": 20, "info": {}, "observation": {"remainingOverageTime": 12, "index": 1}, "status": "ACTIVE"}, {"action": "EAST", "reward": 19, "info": {}, "observation": {"remainingOverageTime": 12, "index": 2}, "status": "ACTIVE"}, {"action": "EAST", "reward": 19, "info": {}, "observation": {"remainingOverageTime": 12, "index": 3}, "status": "ACTIVE"}], [{"action": "EAST", "reward": 19, "info": {}, "observation": {"remainingOverageTime": 12, "step": 17, "geese": [[61, 60, 59], [67, 56, 45, 46], [76, 65, 64, 63], [32, 43, 42]], "food": [54, 50], "index": 0}, "status": "ACTIVE"}, {"action": "SOUTH", "reward": 21, "info": {}, "observation": {"remainingOverageTime": 12, "index": 1}, "status": "ACTIVE"}, {"action": "SOUTH", "reward": 21, "info": {}, "observation": {"remainingOverageTime": 12, "index": 2}, "status": "ACTIVE"}, {"action": "NORTH", "reward": 20, "info": {}, "observation": {"remainingOverageTime": 12, "index": 3}, "status": "ACTIVE"}], [{"action": "NORTH", "reward": 21, "info": {}, "observation": {"remainingOverageTime": 12, "step": 18, "geese": [[50, 61, 60, 59], [1, 67, 56, 45], [10, 76, 65, 64], [22, 32, 43]], "food": [54, 68], "index": 0}, "status": "ACTIVE"}, {"action": "SOUTH", "reward": 22, "info": {}, "observation": {"remainingOverageTime": 12, "index": 1}, "status": "ACTIVE"}, {"action": "SOUTH", "reward": 22, "info": {}, "observation": {"remainingOverageTime": 12, "index": 2}, "status": "ACTIVE"}, {"action": "EAST", "reward": 21, "info": {}, "observation": {"remainingOverageTime": 12, "index": 3}, "status": "ACTIVE"}], [{"action": "EAST", "reward": 23, "info": {}, "observation": {"remainingOverageTime": 12, "step": 19, "geese": [[51, 50, 61, 60], [2, 1, 67, 56], [21, 10, 76, 65], [33, 22, 32]], "food": [54, 68], "index": 0}, "status": "ACTIVE"}, {"action": "EAST", "reward": 23, "info": {}, "observation": {"remainingOverageTime": 12, "index": 1}, "status": "ACTIVE"}, {"action": "SOUTH", "reward": 23, "info": {}, "observation": {"remainingOverageTime": 12, "index": 2}, "status": "ACTIVE"}, {"action": "SOUTH", "reward": 22, "info": {}, "observation": {"remainingOverageTime": 12, "index": 3}, "status": "ACTIVE"}], [{"action": "EAST", "reward": 24, "info": {}, "observation": {"remainingOverageTime": 12, "step": 20, "geese": [[52, 51, 50, 61], [68, 2, 1, 67, 56], [32, 21, 10, 76], [43, 33, 22]], "food": [54, 42], "index": 0}, "status": "ACTIVE"}, {"action": "NORTH", "reward": 24, "info": {}, "observation": {"remainingOverageTime": 12, "index": 1}, "status": "ACTIVE"}, {"action": "SOUTH", "reward": 24, "info": {}, "observation": {"remainingOverageTime": 12, "index": 2}, "status": "ACTIVE"}, {"action": "WEST", "reward": 23, "info": {}, "observation": {"remainingOverageTime": 12, "index": 3}, "status": "ACTIVE"}], [{"action": "NORTH", "reward": 25, "info": {}, "observation": {"remainingOverageTime": 12, "step": 21, "geese": [[41, 52, 51, 50], [57, 68, 2, 1, 67], [31, 32, 21, 10], [54, 43, 33, 22]], "food": [42, 0], "index": 0}, "status": "ACTIVE"}, {"action": "NORTH", "reward": 26, "info": {}, "observation": {"remainingOverageTime": 12, "index": 1}, "status": "ACTIVE"}, {"action": "WEST", "reward": 25, "info": {}, "observation": {"remainingOverageTime": 12, "index": 2}, "status": "ACTIVE"}, {"action": "SOUTH", "reward": 24, "info": {}, "observation": {"remainingOverageTime": 12, "index": 3}, "status": "ACTIVE"}], [{"action": "WEST", "reward": 26, "info": {}, "observation": {"remainingOverageTime": 12, "step": 22, "geese": [[40, 41, 52, 51], [56, 57, 68, 2, 1], [20, 31, 32, 21], [53, 54, 43, 33]], "food": [42, 0], "index": 0}, "status": "ACTIVE"}, {"action": "WEST", "reward": 27, "info": {}, "observation": {"remainingOverageTime": 12, "index": 1}, "status": "ACTIVE"}, {"action": "NORTH", "reward": 26, "info": {}, "observation": {"remainingOverageTime": 12, "index": 2}, "status": "ACTIVE"}, {"action": "WEST", "reward": 26, "info": {}, "observation": {"remainingOverageTime": 12, "index": 3}, "status": "ACTIVE"}], [{"action": "NORTH", "reward": 27, "info": {}, "observation": {"remainingOverageTime": 12, "step": 23, "geese": [[29, 40, 41, 52], [67, 56, 57, 68, 2], [21, 20, 31, 32], [42, 53, 54, 43, 33]], "food": [0, 26], "index": 0}, "status": "ACTIVE"}, {"action": "SOUTH", "reward": 28, "info": {}, "observation": {"remainingOverageTime": 12, "index": 1}, "status": "ACTIVE"}, {"action": "EAST", "reward": 27, "info": {}, "observation": {"remainingOverageTime": 12, "index": 2}, "status": "ACTIVE"}, {"action": "NORTH", "reward": 27, "info": {}, "observation": {"remainingOverageTime": 12, "index": 3}, "status": "ACTIVE"}], [{"action": "WEST", "reward": 28, "info": {}, "observation": {"remainingOverageTime": 12, "step": 24, "geese": [[28, 29, 40, 41], [1, 67, 56, 57, 68], [11, 21, 20, 31], []], "food": [0, 26], "index": 0}, "status": "ACTIVE"}, {"action": "SOUTH", "reward": 29, "info": {}, "observation": {"remainingOverageTime": 12, "index": 1}, "status": "ACTIVE"}, {"action": "EAST", "reward": 28, "info": {}, "observation": {"remainingOverageTime": 12, "index": 2}, "status": "ACTIVE"}, {"action": "SOUTH", "reward": 29, "info": {}, "observation": {"remainingOverageTime": 12, "index": 3}, "status": "DONE"}], [{"action": "WEST", "reward": 29, "info": {}, "observation": {"remainingOverageTime": 12, "step": 25, "geese": [[27, 28, 29, 40], [2, 1, 67, 56, 57], [22, 11, 21, 20], []], "food": [0, 26], "index": 0}, "status": "ACTIVE"}, {"action": "EAST", "reward": 30, "info": {}, "observation": {"remainingOverageTime": 12, "index": 1}, "status": "ACTIVE"}, {"action": "SOUTH", "reward": 29, "info": {}, "observation": {"remainingOverageTime": 12, "index": 2}, "status": "ACTIVE"}, {"action": "NORTH", "reward": 29, "info": {}, "observation": {"remainingOverageTime": 12, "index": 3}, "status": "DONE"}], [{"action": "WEST", "reward": 30, "info": {}, "observation": {"remainingOverageTime": 12, "step": 26, "geese": [[26, 27, 28, 29, 40], [13, 2, 1, 67, 56], [23, 22, 11, 21], []], "food": [0, 76], "index": 0}, "status": "ACTIVE"}, {"action": "SOUTH", "reward": 31, "info": {}, "observation": {"remainingOverageTime": 12, "index": 1}, "status": "ACTIVE"}, {"action": "EAST", "reward": 30, "info": {}, "observation": {"remainingOverageTime": 12, "index": 2}, "status": "ACTIVE"}, {"action": "NORTH", "reward": 29, "info": {}, "observation": {"remainingOverageTime": 12, "index": 3}, "status": "DONE"}], [{"action": "SOUTH", "reward": 32, "info": {}, "observation": {"remainingOverageTime": 12, "step": 27, "geese": [[37, 26, 27, 28, 29], [14, 13, 2, 1, 67], [34, 23, 22, 11], []], "food": [0, 76], "index": 0}, "status": "ACTIVE"}, {"action": "EAST", "reward": 32, "info": {}, "observation": {"remainingOverageTime": 12, "index": 1}, "status": "ACTIVE"}, {"action": "SOUTH", "reward": 31, "info": {}, "observation": {"remainingOverageTime": 12, "index": 2}, "status": "ACTIVE"}, {"action": "NORTH", "reward": 29, "info": {}, "observation": {"remainingOverageTime": 12, "index": 3}, "status": "DONE"}], [{"action": "SOUTH", "reward": 33, "info": {}, "observation": {"remainingOverageTime": 12, "step": 28, "geese": [[48, 37, 26, 27, 28], [3, 14, 13, 2, 1], [33, 34, 23, 22], []], "food": [0, 76], "index": 0}, "status": "ACTIVE"}, {"action": "NORTH", "reward": 33, "info": {}, "observation": {"remainingOverageTime": 12, "index": 1}, "status": "ACTIVE"}, {"action": "WEST", "reward": 32, "info": {}, "observation": {"remainingOverageTime": 12, "index": 2}, "status": "ACTIVE"}, {"action": "NORTH", "reward": 29, "info": {}, "observation": {"remainingOverageTime": 12, "index": 3}, "status": "DONE"}], [{"action": "SOUTH", "reward": 34, "info": {}, "observation": {"remainingOverageTime": 12, "step": 29, "geese": [[59, 48, 37, 26, 27], [69, 3, 14, 13, 2], [22, 33, 34, 23], []], "food": [0, 76], "index": 0}, "status": "ACTIVE"}, {"action": "NORTH", "reward": 34, "info": {}, "observation": {"remainingOverageTime": 12, "index": 1}, "status": "ACTIVE"}, {"action": "NORTH", "reward": 33, "info": {}, "observation": {"remainingOverageTime": 12, "index": 2}, "status": "ACTIVE"}, {"action": "NORTH", "reward": 29, "info": {}, "observation": {"remainingOverageTime": 12, "index": 3}, "status": "DONE"}], [{"action": "EAST", "reward": 35, "info": {}, "observation": {"remainingOverageTime": 12, "step": 30, "geese": [[60, 59, 48, 37, 26], [68, 69, 3, 14, 13], [11, 22, 33, 34], []], "food": [0, 76], "index": 0}, "status": "ACTIVE"}, {"action": "WEST", "reward": 35, "info": {}, "observation": {"remainingOverageTime": 12, "index": 1}, "status": "ACTIVE"}, {"action": "NORTH", "reward": 34, "info": {}, "observation": {"remainingOverageTime": 12, "index": 2}, "status": "ACTIVE"}, {"action": "NORTH", "reward": 29, "info": {}, "observation": {"remainingOverageTime": 12, "index": 3}, "status": "DONE"}], [{"action": "EAST", "reward": 36, "info": {}, "observation": {"remainingOverageTime": 12, "step": 31, "geese": [[61, 60, 59, 48, 37], [67, 68, 69, 3, 14], [0, 11, 22, 33, 34], []], "food": [76, 76], "index": 0}, "status": "ACTIVE"}, {"action": "WEST", "reward": 36, "info": {}, "observation": {"remainingOverageTime": 12, "index": 1}, "status": "ACTIVE"}, {"action": "NORTH", "reward": 35, "info": {}, "observation": {"remainingOverageTime": 12, "index": 2}, "status": "ACTIVE"}, {"action": "NORTH", "reward": 29, "info": {}, "observation": {"remainingOverageTime": 12, "index": 3}, "status": "DONE"}], [{"action": "EAST", "reward": 37, "info": {}, "observation": {"remainingOverageTime": 12, "step": 32, "geese": [[62, 61, 60, 59, 48], [56, 67, 68, 69, 3], [10, 0, 11, 22, 33], []], "food": [76, 76], "index": 0}, "status": "ACTIVE"}, {"action": "NORTH", "reward": 37, "info": {}, "observation": {"remainingOverageTime": 12, "index": 1}, "status": "ACTIVE"}, {"action": "WEST", "reward": 37, "info": {}, "observation": {"remainingOverageTime": 12, "index": 2}, "status": "ACTIVE"}, {"action": "NORTH", "reward": 29, "info": {}, "observation": {"remainingOverageTime": 12, "index": 3}, "status": "DONE"}], [{"action": "SOUTH", "reward": 38, "info": {}, "observation": {"remainingOverageTime": 12, "step": 33, "geese": [[73, 62, 61, 60, 59], [55, 56, 67, 68, 69], [76, 10, 0, 11, 22, 33], []], "food": [76, 12], "index": 0}, "status": "ACTIVE"}, {"action": "WEST", "reward": 38, "info": {}, "observation": {"remainingOverageTime": 12, "index": 1}, "status": "ACTIVE"}, {"action": "NORTH", "reward": 38, "info": {}, "observation": {"remainingOverageTime": 12, "index": 2}, "status": "ACTIVE"}, {"action": "NORTH", "reward": 29, "info": {}, "observation": {"remainingOverageTime": 12, "index": 3}, "status": "DONE"}], [{"action": "SOUTH", "reward": 39, "info": {}, "observation": {"remainingOverageTime": 12, "step": 34, "geese": [[7, 73, 62, 61, 60], [44, 55, 56, 67, 68], [75, 76, 10, 0, 11, 22], []], "food": [76, 12], "index": 0}, "status": "ACTIVE"}, {"action": "NORTH", "reward": 39, "info": {}, "observation": {"remainingOverageTime": 12, "index": 1}, "status": "ACTIVE"}, {"action": "WEST", "reward": 40, "info": {}, "observation": {"remainingOverageTime": 12, "index": 2}, "status": "ACTIVE"}, {"action": "NORTH", "reward": 29, "info": {}, "observation": {"remainingOverageTime": 12, "index": 3}, "status": "DONE"}], [{"action": "WEST", "reward": 40, "info": {}, "observation": {"remainingOverageTime": 12, "step": 35, "geese": [[6, 7, 73, 62, 61], [33, 44, 55, 56, 67], [64, 75, 76, 10, 0, 11], []], "food": [76, 12], "index": 0}, "status": "ACTIVE"}, {"action": "NORTH", "reward": 40, "info": {}, "observation": {"remainingOverageTime": 12, "index": 1}, "status": "ACTIVE"}, {"action": "NORTH", "reward": 41, "info": {}, "observation": {"remainingOverageTime": 12, "index": 2}, "status": "ACTIVE"}, {"action": "NORTH", "reward": 29, "info": {}, "observation": {"remainingOverageTime": 12, "index": 3}, "status": "DONE"}], [{"action": "WEST", "reward": 41, "info": {}, "observation": {"remainingOverageTime": 12, "step": 36, "geese": [[5, 6, 7, 73, 62], [22, 33, 44, 55, 56], [65, 64, 75, 76, 10, 0], []], "food": [76, 12], "index": 0}, "status": "ACTIVE"}, {"action": "NORTH", "reward": 41, "info": {}, "observation": {"remainingOverageTime": 12, "index": 1}, "status": "ACTIVE"}, {"action": "EAST", "reward": 42, "info": {}, "observation": {"remainingOverageTime": 12, "index": 2}, "status": "ACTIVE"}, {"action": "NORTH", "reward": 29, "info": {}, "observation": {"remainingOverageTime": 12, "index": 3}, "status": "DONE"}], [{"action": "SOUTH", "reward": 42, "info": {}, "observation": {"remainingOverageTime": 12, "step": 37, "geese": [[16, 5, 6, 7, 73], [11, 22, 33, 44, 55], [54, 65, 64, 75, 76, 10], []], "food": [76, 12], "index": 0}, "status": "ACTIVE"}, {"action": "NORTH", "reward": 42, "info": {}, "observation": {"remainingOverageTime": 12, "index": 1}, "status": "ACTIVE"}, {"action": "NORTH", "reward": 43, "info": {}, "observation": {"remainingOverageTime": 12, "index": 2}, "status": "ACTIVE"}, {"action": "NORTH", "reward": 29, "info": {}, "observation": {"remainingOverageTime": 12, "index": 3}, "status": "DONE"}], [{"action": "WEST", "reward": 43, "info": {}, "observation": {"remainingOverageTime": 12, "step": 38, "geese": [[15, 16, 5, 6, 7], [12, 11, 22, 33, 44, 55], [43, 54, 65, 64, 75, 76], []], "food": [76, 19], "index": 0}, "status": "ACTIVE"}, {"action": "EAST", "reward": 43, "info": {}, "observation": {"remainingOverageTime": 12, "index": 1}, "status": "ACTIVE"}, {"action": "NORTH", "reward": 44, "info": {}, "observation": {"remainingOverageTime": 12, "index": 2}, "status": "ACTIVE"}, {"action": "NORTH", "reward": 29, "info": {}, "observation": {"remainingOverageTime": 12, "index": 3}, "status": "DONE"}], [{"action": "SOUTH", "reward": 44, "info": {}, "observation": {"remainingOverageTime": 12, "step": 39, "geese": [[26, 15, 16, 5, 6], [1, 12, 11, 22, 33, 44], [42, 43, 54, 65, 64, 75], []], "food": [76, 19], "index": 0}, "status": "ACTIVE"}, {"action": "NORTH", "reward": 45, "info": {}, "observation": {"remainingOverageTime": 12, "index": 1}, "status": "ACTIVE"}, {"action": "WEST", "reward": 45, "info": {}, "observation": {"remainingOverageTime": 12, "index": 2}, "status": "ACTIVE"}, {"action": "NORTH", "reward": 29, "info": {}, "observation": {"remainingOverageTime": 12, "index": 3}, "status": "DONE"}], [{"action": "EAST", "reward": 45, "info": {}, "observation": {"remainingOverageTime": 12, "step": 40, "geese": [[27, 26, 15, 16], [67, 1, 12, 11, 22], [41, 42, 43, 54, 65], []], "food": [76, 19], "index": 0}, "status": "ACTIVE"}, {"action": "NORTH", "reward": 46, "info": {}, "observation": {"remainingOverageTime": 12, "index": 1}, "status": "ACTIVE"}, {"action": "WEST", "reward": 46, "info": {}, "observation": {"remainingOverageTime": 12, "index": 2}, "status": "ACTIVE"}, {"action": "NORTH", "reward": 29, "info": {}, "observation": {"remainingOverageTime": 12, "index": 3}, "status": "DONE"}], [{"action": "NORTH", "reward": 45, "info": {}, "observation": {"remainingOverageTime": 12, "step": 41, "geese": [[16, 27, 26, 15], [66, 67, 1, 12, 11], [30, 41, 42, 43, 54], []], "food": [76, 19], "index": 0}, "status": "ACTIVE"}, {"action": "WEST", "reward": 46, "info": {}, "observation": {"remainingOverageTime": 12, "index": 1}, "status": "ACTIVE"}, {"action": "NORTH", "reward": 46, "info": {}, "observation": {"remainingOverageTime": 12, "index": 2}, "status": "ACTIVE"}, {"action": "NORTH", "reward": 29, "info": {}, "observation": {"remainingOverageTime": 12, "index": 3}, "status": "DONE"}], [{"action": "EAST", "reward": 46, "info": {}, "observation": {"remainingOverageTime": 12, "step": 42, "geese": [[17, 16, 27, 26], [76, 66, 67, 1, 12, 11], [19, 30, 41, 42, 43, 54], []], "food": [64, 57], "index": 0}, "status": "ACTIVE"}, {"action": "WEST", "reward": 47, "info": {}, "observation": {"remainingOverageTime": 12, "index": 1}, "status": "ACTIVE"}, {"action": "NORTH", "reward": 47, "info": {}, "observation": {"remainingOverageTime": 12, "index": 2}, "status": "ACTIVE"}, {"action": "NORTH", "reward": 29, "info": {}, "observation": {"remainingOverageTime": 12, "index": 3}, "status": "DONE"}], [{"action": "NORTH", "reward": 47, "info": {}, "observation": {"remainingOverageTime": 12, "step": 43, "geese": [[6, 17, 16, 27], [75, 76, 66, 67, 1, 12], [8, 19, 30, 41, 42, 43], []], "food": [64, 57], "index": 0}, "status": "ACTIVE"}, {"action": "WEST", "reward": 49, "info": {}, "observation": {"remainingOverageTime": 12, "index": 1}, "status": "ACTIVE"}, {"action": "NORTH", "reward": 49, "info": {}, "observation": {"remainingOverageTime": 12, "index": 2}, "status": "ACTIVE"}, {"action": "NORTH", "reward": 29, "info": {}, "observation": {"remainingOverageTime": 12, "index": 3}, "status": "DONE"}], [{"action": "WEST", "reward": 48, "info": {}, "observation": {"remainingOverageTime": 12, "step": 44, "geese": [[5, 6, 17, 16], [64, 75, 76, 66, 67, 1, 12], [9, 8, 19, 30, 41, 42], []], "food": [57, 60], "index": 0}, "status": "ACTIVE"}, {"action": "NORTH", "reward": 50, "info": {}, "observation": {"remainingOverageTime": 12, "index": 1}, "status": "ACTIVE"}, {"action": "EAST", "reward": 50, "info": {}, "observation": {"remainingOverageTime": 12, "index": 2}, "status": "ACTIVE"}, {"action": "NORTH", "reward": 29, "info": {}, "observation": {"remainingOverageTime": 12, "index": 3}, "status": "DONE"}], [{"action": "NORTH", "reward": 49, "info": {}, "observation": {"remainingOverageTime": 12, "step": 45, "geese": [[71, 5, 6, 17], [65, 64, 75, 76, 66, 67, 1], [10, 9, 8, 19, 30, 41], []], "food": [57, 60], "index": 0}, "status": "ACTIVE"}, {"action": "EAST", "reward": 52, "info": {}, "observation": {"remainingOverageTime": 12, "index": 1}, "status": "ACTIVE"}, {"action": "EAST", "reward": 51, "info": {}, "observation": {"remainingOverageTime": 12, "index": 2}, "status": "ACTIVE"}, {"action": "NORTH", "reward": 29, "info": {}, "observation": {"remainingOverageTime": 12, "index": 3}, "status": "DONE"}], [{"action": "NORTH", "reward": 50, "info": {}, "observation": {"remainingOverageTime": 12, "step": 46, "geese": [[60, 71, 5, 6, 17], [55, 65, 64, 75, 76, 66, 67], [0, 10, 9, 8, 19, 30], []], "food": [57, 41], "index": 0}, "status": "ACTIVE"}, {"action": "EAST", "reward": 53, "info": {}, "observation": {"remainingOverageTime": 12, "index": 1}, "status": "ACTIVE"}, {"action": "EAST", "reward": 52, "info": {}, "observation": {"remainingOverageTime": 12, "index": 2}, "status": "ACTIVE"}, {"action": "NORTH", "reward": 29, "info": {}, "observation": {"remainingOverageTime": 12, "index": 3}, "status": "DONE"}], [{"action": "WEST", "reward": 52, "info": {}, "observation": {"remainingOverageTime": 12, "step": 47, "geese": [[59, 60, 71, 5, 6], [56, 55, 65, 64, 75, 76, 66], [1, 0, 10, 9, 8, 19], []], "food": [57, 41], "index": 0}, "status": "ACTIVE"}, {"action": "EAST", "reward": 54, "info": {}, "observation": {"remainingOverageTime": 12, "index": 1}, "status": "ACTIVE"}, {"action": "EAST", "reward": 53, "info": {}, "observation": {"remainingOverageTime": 12, "index": 2}, "status": "ACTIVE"}, {"action": "NORTH", "reward": 29, "info": {}, "observation": {"remainingOverageTime": 12, "index": 3}, "status": "DONE"}], [{"action": "WEST", "reward": 53, "info": {}, "observation": {"remainingOverageTime": 12, "step": 48, "geese": [[58, 59, 60, 71, 5], [57, 56, 55, 65, 64, 75, 76, 66], [2, 1, 0, 10, 9, 8], []], "food": [41, 50], "index": 0}, "status": "ACTIVE"}, {"action": "EAST", "reward": 55, "info": {}, "observation": {"remainingOverageTime": 12, "index": 1}, "status": "ACTIVE"}, {"action": "EAST", "reward": 54, "info": {}, "observation": {"remainingOverageTime": 12, "index": 2}, "status": "ACTIVE"}, {"action": "NORTH", "reward": 29, "info": {}, "observation": {"remainingOverageTime": 12, "index": 3}, "status": "DONE"}], [{"action": "NORTH", "reward": 54, "info": {}, "observation": {"remainingOverageTime": 12, "step": 49, "geese": [[47, 58, 59, 60, 71], [46, 57, 56, 55, 65, 64, 75, 76], [3, 2, 1, 0, 10, 9], []], "food": [41, 50], "index": 0}, "status": "ACTIVE"}, {"action": "NORTH", "reward": 57, "info": {}, "observation": {"remainingOverageTime": 12, "index": 1}, "status": "ACTIVE"}, {"action": "EAST", "reward": 55, "info": {}, "observation": {"remainingOverageTime": 12, "index": 2}, "status": "ACTIVE"}, {"action": "NORTH", "reward": 29, "info": {}, "observation": {"remainingOverageTime": 12, "index": 3}, "status": "DONE"}], [{"action": "EAST", "reward": 55, "info": {}, "observation": {"remainingOverageTime": 12, "step": 50, "geese": [[48, 47, 58, 59, 60], [35, 46, 57, 56, 55, 65, 64, 75], [69, 3, 2, 1, 0, 10], []], "food": [41, 50], "index": 0}, "status": "ACTIVE"}, {"action": "NORTH", "reward": 58, "info": {}, "observation": {"remainingOverageTime": 12, "index": 1}, "status": "ACTIVE"}, {"action": "NORTH", "reward": 56, "info": {}, "observation": {"remainingOverageTime": 12, "index": 2}, "status": "ACTIVE"}, {"action": "NORTH", "reward": 29, "info": {}, "observation": {"remainingOverageTime": 12, "index": 3}, "status": "DONE"}], [{"action": "EAST", "reward": 56, "info": {}, "observation": {"remainingOverageTime": 12, "step": 51, "geese": [[49, 48, 47, 58, 59], [34, 35, 46, 57, 56, 55, 65, 64], [70, 69, 3, 2, 1, 0], []], "food": [41, 50], "index": 0}, "status": "ACTIVE"}, {"action": "WEST", "reward": 59, "info": {}, "observation": {"remainingOverageTime": 12, "index": 1}, "status": "ACTIVE"}, {"action": "EAST", "reward": 57, "info": {}, "observation": {"remainingOverageTime": 12, "index": 2}, "status": "ACTIVE"}, {"action": "NORTH", "reward": 29, "info": {}, "observation": {"remainingOverageTime": 12, "index": 3}, "status": "DONE"}], [{"action": "EAST", "reward": 57, "info": {}, "observation": {"remainingOverageTime": 12, "step": 52, "geese": [[50, 49, 48, 47, 58, 59], [33, 34, 35, 46, 57, 56, 55, 65], [71, 70, 69, 3, 2, 1], []], "food": [41, 37], "index": 0}, "status": "ACTIVE"}, {"action": "WEST", "reward": 60, "info": {}, "observation": {"remainingOverageTime": 12, "index": 1}, "status": "ACTIVE"}, {"action": "EAST", "reward": 58, "info": {}, "observation": {"remainingOverageTime": 12, "index": 2}, "status": "ACTIVE"}, {"action": "NORTH", "reward": 29, "info": {}, "observation": {"remainingOverageTime": 12, "index": 3}, "status": "DONE"}], [{"action": "EAST", "reward": 59, "info": {}, "observation": {"remainingOverageTime": 12, "step": 53, "geese": [[51, 50, 49, 48, 47, 58], [43, 33, 34, 35, 46, 57, 56, 55], [5, 71, 70, 69, 3, 2], []], "food": [41, 37], "index": 0}, "status": "ACTIVE"}, {"action": "WEST", "reward": 61, "info": {}, "observation": {"remainingOverageTime": 12, "index": 1}, "status": "ACTIVE"}, {"action": "SOUTH", "reward": 59, "info": {}, "observation": {"remainingOverageTime": 12, "index": 2}, "status": "ACTIVE"}, {"action": "NORTH", "reward": 29, "info": {}, "observation": {"remainingOverageTime": 12, "index": 3}, "status": "DONE"}], [{"action": "NORTH", "reward": 60, "info": {}, "observation": {"remainingOverageTime": 12, "step": 54, "geese": [[40, 51, 50, 49, 48, 47], [42, 43, 33, 34, 35, 46, 57, 56], [16, 5, 71, 70, 69, 3], []], "food": [41, 37], "index": 0}, "status": "ACTIVE"}, {"action": "WEST", "reward": 62, "info": {}, "observation": {"remainingOverageTime": 12, "index": 1}, "status": "ACTIVE"}, {"action": "SOUTH", "reward": 60, "info": {}, "observation": {"remainingOverageTime": 12, "index": 2}, "status": "ACTIVE"}, {"action": "NORTH", "reward": 29, "info": {}, "observation": {"remainingOverageTime": 12, "index": 3}, "status": "DONE"}], [{"action": "WEST", "reward": 61, "info": {}, "observation": {"remainingOverageTime": 12, "step": 55, "geese": [[39, 40, 51, 50, 49, 48], [31, 42, 43, 33, 34, 35, 46, 57], [27, 16, 5, 71, 70, 69], []], "food": [41, 37], "index": 0}, "status": "ACTIVE"}, {"action": "NORTH", "reward": 63, "info": {}, "observation": {"remainingOverageTime": 12, "index": 1}, "status": "ACTIVE"}, {"action": "SOUTH", "reward": 61, "info": {}, "observation": {"remainingOverageTime": 12, "index": 2}, "status": "ACTIVE"}, {"action": "NORTH", "reward": 29, "info": {}, "observation": {"remainingOverageTime": 12, "index": 3}, "status": "DONE"}], [{"action": "NORTH", "reward": 62, "info": {}, "observation": {"remainingOverageTime": 12, "step": 56, "geese": [[28, 39, 40, 51, 50, 49], [30, 31, 42, 43, 33, 34, 35, 46], [26, 27, 16, 5, 71, 70], []], "food": [41, 37], "index": 0}, "status": "ACTIVE"}, {"action": "WEST", "reward": 64, "info": {}, "observation": {"remainingOverageTime": 12, "index": 1}, "status": "ACTIVE"}, {"action": "WEST", "reward": 62, "info": {}, "observation": {"remainingOverageTime": 12, "index": 2}, "status": "ACTIVE"}, {"action": "NORTH", "reward": 29, "info": {}, "observation": {"remainingOverageTime": 12, "index": 3}, "status": "DONE"}], [{"action": "NORTH", "reward": 63, "info": {}, "observation": {"remainingOverageTime": 12, "step": 57, "geese": [[17, 28, 39, 40, 51, 50], [41, 30, 31, 42, 43, 33, 34, 35, 46], [37, 26, 27, 16, 5, 71, 70], []], "food": [3, 12], "index": 0}, "status": "ACTIVE"}, {"action": "SOUTH", "reward": 65, "info": {}, "observation": {"remainingOverageTime": 12, "index": 1}, "status": "ACTIVE"}, {"action": "SOUTH", "reward": 63, "info": {}, "observation": {"remainingOverageTime": 12, "index": 2}, "status": "ACTIVE"}, {"action": "NORTH", "reward": 29, "info": {}, "observation": {"remainingOverageTime": 12, "index": 3}, "status": "DONE"}], [{"action": "EAST", "reward": 64, "info": {}, "observation": {"remainingOverageTime": 12, "step": 58, "geese": [[18, 17, 28, 39, 40, 51], [52, 41, 30, 31, 42, 43, 33, 34, 35], [36, 37, 26, 27, 16, 5, 71], []], "food": [3, 12], "index": 0}, "status": "ACTIVE"}, {"action": "SOUTH", "reward": 67, "info": {}, "observation": {"remainingOverageTime": 12, "index": 1}, "status": "ACTIVE"}, {"action": "WEST", "reward": 65, "info": {}, "observation": {"remainingOverageTime": 12, "index": 2}, "status": "ACTIVE"}, {"action": "NORTH", "reward": 29, "info": {}, "observation": {"remainingOverageTime": 12, "index": 3}, "status": "DONE"}], [{"action": "EAST", "reward": 65, "info": {}, "observation": {"remainingOverageTime": 12, "step": 59, "geese": [[19, 18, 17, 28, 39, 40], [51, 52, 41, 30, 31, 42, 43, 33, 34], [25, 36, 37, 26, 27, 16, 5], []], "food": [3, 12], "index": 0}, "status": "ACTIVE"}, {"action": "WEST", "reward": 68, "info": {}, "observation": {"remainingOverageTime": 12, "index": 1}, "status": "ACTIVE"}, {"action": "NORTH", "reward": 66, "info": {}, "observation": {"remainingOverageTime": 12, "index": 2}, "status": "ACTIVE"}, {"action": "NORTH", "reward": 29, "info": {}, "observation": {"remainingOverageTime": 12, "index": 3}, "status": "DONE"}], [{"action": "EAST", "reward": 66, "info": {}, "observation": {"remainingOverageTime": 12, "step": 60, "geese": [[20, 19, 18, 17, 28, 39], [62, 51, 52, 41, 30, 31, 42, 43, 33], [14, 25, 36, 37, 26, 27, 16], []], "food": [3, 12], "index": 0}, "status": "ACTIVE"}, {"action": "SOUTH", "reward": 69, "info": {}, "observation": {"remainingOverageTime": 12, "index": 1}, "status": "ACTIVE"}, {"action": "NORTH", "reward": 67, "info": {}, "observation": {"remainingOverageTime": 12, "index": 2}, "status": "ACTIVE"}, {"action": "NORTH", "reward": 29, "info": {}, "observation": {"remainingOverageTime": 12, "index": 3}, "status": "DONE"}], [{"action": "EAST", "reward": 67, "info": {}, "observation": {"remainingOverageTime": 12, "step": 61, "geese": [[21, 20, 19, 18, 17, 28], [61, 62, 51, 52, 41, 30, 31, 42, 43], [3, 14, 25, 36, 37, 26, 27, 16], []], "food": [12, 35], "index": 0}, "status": "ACTIVE"}, {"action": "WEST", "reward": 70, "info": {}, "observation": {"remainingOverageTime": 12, "index": 1}, "status": "ACTIVE"}, {"action": "NORTH", "reward": 68, "info": {}, "observation": {"remainingOverageTime": 12, "index": 2}, "status": "ACTIVE"}, {"action": "NORTH", "reward": 29, "info": {}, "observation": {"remainingOverageTime": 12, "index": 3}, "status": "DONE"}], [{"action": "EAST", "reward": 68, "info": {}, "observation": {"remainingOverageTime": 12, "step": 62, "geese": [[11, 21, 20, 19, 18, 17], [60, 61, 62, 51, 52, 41, 30, 31, 42], [2, 3, 14, 25, 36, 37, 26, 27], []], "food": [12, 35], "index": 0}, "status": "ACTIVE"}, {"action": "WEST", "reward": 71, "info": {}, "observation": {"remainingOverageTime": 12, "index": 1}, "status": "ACTIVE"}, {"action": "WEST", "reward": 70, "info": {}, "observation": {"remainingOverageTime": 12, "index": 2}, "status": "ACTIVE"}, {"action": "NORTH", "reward": 29, "info": {}, "observation": {"remainingOverageTime": 12, "index": 3}, "status": "DONE"}], [{"action": "EAST", "reward": 69, "info": {}, "observation": {"remainingOverageTime": 12, "step": 63, "geese": [[12, 11, 21, 20, 19, 18, 17], [49, 60, 61, 62, 51, 52, 41, 30, 31], [13, 2, 3, 14, 25, 36, 37, 26], []], "food": [35, 65], "index": 0}, "status": "ACTIVE"}, {"action": "NORTH", "reward": 72, "info": {}, "observation": {"remainingOverageTime": 12, "index": 1}, "status": "ACTIVE"}, {"action": "SOUTH", "reward": 71, "info": {}, "observation": {"remainingOverageTime": 12, "index": 2}, "status": "ACTIVE"}, {"action": "NORTH", "reward": 29, "info": {}, "observation": {"remainingOverageTime": 12, "index": 3}, "status": "DONE"}], [{"action": "SOUTH", "reward": 71, "info": {}, "observation": {"remainingOverageTime": 12, "step": 64, "geese": [[23, 12, 11, 21, 20, 19, 18], [48, 49, 60, 61, 62, 51, 52, 41, 30], [24, 13, 2, 3, 14, 25, 36, 37], []], "food": [35, 65], "index": 0}, "status": "ACTIVE"}, {"action": "WEST", "reward": 73, "info": {}, "observation": {"remainingOverageTime": 12, "index": 1}, "status": "ACTIVE"}, {"action": "SOUTH", "reward": 72, "info": {}, "observation": {"remainingOverageTime": 12, "index": 2}, "status": "ACTIVE"}, {"action": "NORTH", "reward": 29, "info": {}, "observation": {"remainingOverageTime": 12, "index": 3}, "status": "DONE"}], [{"action": "SOUTH", "reward": 72, "info": {}, "observation": {"remainingOverageTime": 12, "step": 65, "geese": [[34, 23, 12, 11, 21, 20, 19], [47, 48, 49, 60, 61, 62, 51, 52, 41], [35, 24, 13, 2, 3, 14, 25, 36, 37], []], "food": [65, 8], "index": 0}, "status": "ACTIVE"}, {"action": "WEST", "reward": 74, "info": {}, "observation": {"remainingOverageTime": 12, "index": 1}, "status": "ACTIVE"}, {"action": "SOUTH", "reward": 73, "info": {}, "observation": {"remainingOverageTime": 12, "index": 2}, "status": "ACTIVE"}, {"action": "NORTH", "reward": 29, "info": {}, "observation": {"remainingOverageTime": 12, "index": 3}, "status": "DONE"}], [{"action": "WEST", "reward": 73, "info": {}, "observation": {"remainingOverageTime": 12, "step": 66, "geese": [[33, 34, 23, 12, 11, 21, 20], [58, 47, 48, 49, 60, 61, 62, 51, 52], [46, 35, 24, 13, 2, 3, 14, 25, 36], []], "food": [65, 8], "index": 0}, "status": "ACTIVE"}, {"action": "SOUTH", "reward": 75, "info": {}, "observation": {"remainingOverageTime": 12, "index": 1}, "status": "ACTIVE"}, {"action": "SOUTH", "reward": 75, "info": {}, "observation": {"remainingOverageTime": 12, "index": 2}, "status": "ACTIVE"}, {"action": "NORTH", "reward": 29, "info": {}, "observation": {"remainingOverageTime": 12, "index": 3}, "status": "DONE"}], [{"action": "WEST", "reward": 74, "info": {}, "observation": {"remainingOverageTime": 12, "step": 67, "geese": [[43, 33, 34, 23, 12, 11, 21], [69, 58, 47, 48, 49, 60, 61, 62, 51], [45, 46, 35, 24, 13, 2, 3, 14, 25], []], "food": [65, 8], "index": 0}, "status": "ACTIVE"}, {"action": "SOUTH", "reward": 76, "info": {}, "observation": {"remainingOverageTime": 12, "index": 1}, "status": "ACTIVE"}, {"action": "WEST", "reward": 76, "info": {}, "observation": {"remainingOverageTime": 12, "index": 2}, "status": "ACTIVE"}, {"action": "NORTH", "reward": 29, "info": {}, "observation": {"remainingOverageTime": 12, "index": 3}, "status": "DONE"}], [{"action": "SOUTH", "reward": 75, "info": {}, "observation": {"remainingOverageTime": 12, "step": 68, "geese": [[54, 43, 33, 34, 23, 12, 11], [68, 69, 58, 47, 48, 49, 60, 61, 62], [56, 45, 46, 35, 24, 13, 2, 3, 14], []], "food": [65, 8], "index": 0}, "status": "ACTIVE"}, {"action": "WEST", "reward": 77, "info": {}, "observation": {"remainingOverageTime": 12, "index": 1}, "status": "ACTIVE"}, {"action": "SOUTH", "reward": 77, "info": {}, "observation": {"remainingOverageTime": 12, "index": 2}, "status": "ACTIVE"}, {"action": "NORTH", "reward": 29, "info": {}, "observation": {"remainingOverageTime": 12, "index": 3}, "status": "DONE"}], [{"action": "SOUTH", "reward": 76, "info": {}, "observation": {"remainingOverageTime": 12, "step": 69, "geese": [[65, 54, 43, 33, 34, 23, 12, 11], [67, 68, 69, 58, 47, 48, 49, 60, 61], [55, 56, 45, 46, 35, 24, 13, 2, 3], []], "food": [8, 9], "index": 0}, "status": "ACTIVE"}, {"action": "WEST", "reward": 78, "info": {}, "observation": {"remainingOverageTime": 12, "index": 1}, "status": "ACTIVE"}, {"action": "WEST", "reward": 78, "info": {}, "observation": {"remainingOverageTime": 12, "index": 2}, "status": "ACTIVE"}, {"action": "NORTH", "reward": 29, "info": {}, "observation": {"remainingOverageTime": 12, "index": 3}, "status": "DONE"}], [{"action": "WEST", "reward": 78, "info": {}, "observation": {"remainingOverageTime": 12, "step": 70, "geese": [[64, 65, 54, 43, 33, 34, 23, 12], [1, 67, 68, 69, 58, 47, 48, 49, 60], [44, 55, 56, 45, 46, 35, 24, 13, 2], []], "food": [8, 9], "index": 0}, "status": "ACTIVE"}, {"action": "SOUTH", "reward": 79, "info": {}, "observation": {"remainingOverageTime": 12, "index": 1}, "status": "ACTIVE"}, {"action": "NORTH", "reward": 79, "info": {}, "observation": {"remainingOverageTime": 12, "index": 2}, "status": "ACTIVE"}, {"action": "NORTH", "reward": 29, "info": {}, "observation": {"remainingOverageTime": 12, "index": 3}, "status": "DONE"}], [{"action": "SOUTH", "reward": 79, "info": {}, "observation": {"remainingOverageTime": 12, "step": 71, "geese": [[75, 64, 65, 54, 43, 33, 34, 23], [0, 1, 67, 68, 69, 58, 47, 48, 49], [], []], "food": [8, 9], "index": 0}, "status": "ACTIVE"}, {"action": "WEST", "reward": 80, "info": {}, "observation": {"remainingOverageTime": 12, "index": 1}, "status": "ACTIVE"}, {"action": "EAST", "reward": 80, "info": {}, "observation": {"remainingOverageTime": 12, "index": 2}, "status": "DONE"}, {"action": "NORTH", "reward": 29, "info": {}, "observation": {"remainingOverageTime": 12, "index": 3}, "status": "DONE"}], [{"action": "SOUTH", "reward": 80, "info": {}, "observation": {"remainingOverageTime": 12, "step": 72, "geese": [[9, 75, 64, 65, 54, 43, 33, 34, 23], [10, 0, 1, 67, 68, 69, 58, 47, 48], [], []], "food": [8, 18], "index": 0}, "status": "ACTIVE"}, {"action": "WEST", "reward": 81, "info": {}, "observation": {"remainingOverageTime": 12, "index": 1}, "status": "ACTIVE"}, {"action": "NORTH", "reward": 80, "info": {}, "observation": {"remainingOverageTime": 12, "index": 2}, "status": "DONE"}, {"action": "NORTH", "reward": 29, "info": {}, "observation": {"remainingOverageTime": 12, "index": 3}, "status": "DONE"}], [{"action": "WEST", "reward": 82, "info": {}, "observation": {"remainingOverageTime": 12, "step": 73, "geese": [[8, 9, 75, 64, 65, 54, 43, 33, 34, 23], [21, 10, 0, 1, 67, 68, 69, 58, 47], [], []], "food": [18, 13], "index": 0}, "status": "ACTIVE"}, {"action": "SOUTH", "reward": 82, "info": {}, "observation": {"remainingOverageTime": 12, "index": 1}, "status": "ACTIVE"}, {"action": "NORTH", "reward": 80, "info": {}, "observation": {"remainingOverageTime": 12, "index": 2}, "status": "DONE"}, {"action": "NORTH", "reward": 29, "info": {}, "observation": {"remainingOverageTime": 12, "index": 3}, "status": "DONE"}], [{"action": "SOUTH", "reward": 84, "info": {}, "observation": {"remainingOverageTime": 12, "step": 74, "geese": [[19, 8, 9, 75, 64, 65, 54, 43, 33, 34], [11, 21, 10, 0, 1, 67, 68, 69, 58], [], []], "food": [18, 13], "index": 0}, "status": "ACTIVE"}, {"action": "EAST", "reward": 83, "info": {}, "observation": {"remainingOverageTime": 12, "index": 1}, "status": "ACTIVE"}, {"action": "NORTH", "reward": 80, "info": {}, "observation": {"remainingOverageTime": 12, "index": 2}, "status": "DONE"}, {"action": "NORTH", "reward": 29, "info": {}, "observation": {"remainingOverageTime": 12, "index": 3}, "status": "DONE"}], [{"action": "WEST", "reward": 85, "info": {}, "observation": {"remainingOverageTime": 12, "step": 75, "geese": [[18, 19, 8, 9, 75, 64, 65, 54, 43, 33, 34], [12, 11, 21, 10, 0, 1, 67, 68, 69], [], []], "food": [13, 2], "index": 0}, "status": "ACTIVE"}, {"action": "EAST", "reward": 84, "info": {}, "observation": {"remainingOverageTime": 12, "index": 1}, "status": "ACTIVE"}, {"action": "NORTH", "reward": 80, "info": {}, "observation": {"remainingOverageTime": 12, "index": 2}, "status": "DONE"}, {"action": "NORTH", "reward": 29, "info": {}, "observation": {"remainingOverageTime": 12, "index": 3}, "status": "DONE"}], [{"action": "WEST", "reward": 87, "info": {}, "observation": {"remainingOverageTime": 12, "step": 76, "geese": [[17, 18, 19, 8, 9, 75, 64, 65, 54, 43, 33], [13, 12, 11, 21, 10, 0, 1, 67, 68, 69], [], []], "food": [2, 53], "index": 0}, "status": "ACTIVE"}, {"action": "EAST", "reward": 85, "info": {}, "observation": {"remainingOverageTime": 12, "index": 1}, "status": "ACTIVE"}, {"action": "NORTH", "reward": 80, "info": {}, "observation": {"remainingOverageTime": 12, "index": 2}, "status": "DONE"}, {"action": "NORTH", "reward": 29, "info": {}, "observation": {"remainingOverageTime": 12, "index": 3}, "status": "DONE"}], [{"action": "WEST", "reward": 88, "info": {}, "observation": {"remainingOverageTime": 12, "step": 77, "geese": [[16, 17, 18, 19, 8, 9, 75, 64, 65, 54, 43], [2, 13, 12, 11, 21, 10, 0, 1, 67, 68, 69], [], []], "food": [53, 27], "index": 0}, "status": "ACTIVE"}, {"action": "NORTH", "reward": 87, "info": {}, "observation": {"remainingOverageTime": 12, "index": 1}, "status": "ACTIVE"}, {"action": "NORTH", "reward": 80, "info": {}, "observation": {"remainingOverageTime": 12, "index": 2}, "status": "DONE"}, {"action": "NORTH", "reward": 29, "info": {}, "observation": {"remainingOverageTime": 12, "index": 3}, "status": "DONE"}], [{"action": "SOUTH", "reward": 89, "info": {}, "observation": {"remainingOverageTime": 12, "step": 78, "geese": [[27, 16, 17, 18, 19, 8, 9, 75, 64, 65, 54, 43], [3, 2, 13, 12, 11, 21, 10, 0, 1, 67, 68], [], []], "food": [53, 55], "index": 0}, "status": "ACTIVE"}, {"action": "EAST", "reward": 89, "info": {}, "observation": {"remainingOverageTime": 12, "index": 1}, "status": "ACTIVE"}, {"action": "NORTH", "reward": 80, "info": {}, "observation": {"remainingOverageTime": 12, "index": 2}, "status": "DONE"}, {"action": "NORTH", "reward": 29, "info": {}, "observation": {"remainingOverageTime": 12, "index": 3}, "status": "DONE"}], [{"action": "EAST", "reward": 91, "info": {}, "observation": {"remainingOverageTime": 12, "step": 79, "geese": [[28, 27, 16, 17, 18, 19, 8, 9, 75, 64, 65, 54], [69, 3, 2, 13, 12, 11, 21, 10, 0, 1, 67], [], []], "food": [53, 55], "index": 0}, "status": "ACTIVE"}, {"action": "NORTH", "reward": 90, "info": {}, "observation": {"remainingOverageTime": 12, "index": 1}, "status": "ACTIVE"}, {"action": "NORTH", "reward": 80, "info": {}, "observation": {"remainingOverageTime": 12, "index": 2}, "status": "DONE"}, {"action": "NORTH", "reward": 29, "info": {}, "observation": {"remainingOverageTime": 12, "index": 3}, "status": "DONE"}], [{"action": "EAST", "reward": 92, "info": {}, "observation": {"remainingOverageTime": 12, "step": 80, "geese": [[29, 28, 27, 16, 17, 18, 19, 8, 9, 75, 64], [68, 69, 3, 2, 13, 12, 11, 21, 10, 0], [], []], "food": [53, 55], "index": 0}, "status": "ACTIVE"}, {"action": "WEST", "reward": 91, "info": {}, "observation": {"remainingOverageTime": 12, "index": 1}, "status": "ACTIVE"}, {"action": "NORTH", "reward": 80, "info": {}, "observation": {"remainingOverageTime": 12, "index": 2}, "status": "DONE"}, {"action": "NORTH", "reward": 29, "info": {}, "observation": {"remainingOverageTime": 12, "index": 3}, "status": "DONE"}], [{"action": "EAST", "reward": 92, "info": {}, "observation": {"remainingOverageTime": 12, "step": 81, "geese": [[30, 29, 28, 27, 16, 17, 18, 19, 8, 9, 75], [67, 68, 69, 3, 2, 13, 12, 11, 21, 10], [], []], "food": [53, 55], "index": 0}, "status": "ACTIVE"}, {"action": "WEST", "reward": 91, "info": {}, "observation": {"remainingOverageTime": 12, "index": 1}, "status": "ACTIVE"}, {"action": "NORTH", "reward": 80, "info": {}, "observation": {"remainingOverageTime": 12, "index": 2}, "status": "DONE"}, {"action": "NORTH", "reward": 29, "info": {}, "observation": {"remainingOverageTime": 12, "index": 3}, "status": "DONE"}], [{"action": "SOUTH", "reward": 93, "info": {}, "observation": {"remainingOverageTime": 12, "step": 82, "geese": [[41, 30, 29, 28, 27, 16, 17, 18, 19, 8, 9], [56, 67, 68, 69, 3, 2, 13, 12, 11, 21], [], []], "food": [53, 55], "index": 0}, "status": "ACTIVE"}, {"action": "NORTH", "reward": 92, "info": {}, "observation": {"remainingOverageTime": 12, "index": 1}, "status": "ACTIVE"}, {"action": "NORTH", "reward": 80, "info": {}, "observation": {"remainingOverageTime": 12, "index": 2}, "status": "DONE"}, {"action": "NORTH", "reward": 29, "info": {}, "observation": {"remainingOverageTime": 12, "index": 3}, "status": "DONE"}], [{"action": "EAST", "reward": 94, "info": {}, "observation": {"remainingOverageTime": 12, "step": 83, "geese": [[42, 41, 30, 29, 28, 27, 16, 17, 18, 19, 8], [55, 56, 67, 68, 69, 3, 2, 13, 12, 11, 21], [], []], "food": [53, 33], "index": 0}, "status": "ACTIVE"}, {"action": "WEST", "reward": 93, "info": {}, "observation": {"remainingOverageTime": 12, "index": 1}, "status": "ACTIVE"}, {"action": "NORTH", "reward": 80, "info": {}, "observation": {"remainingOverageTime": 12, "index": 2}, "status": "DONE"}, {"action": "NORTH", "reward": 29, "info": {}, "observation": {"remainingOverageTime": 12, "index": 3}, "status": "DONE"}], [{"action": "SOUTH", "reward": 95, "info": {}, "observation": {"remainingOverageTime": 12, "step": 84, "geese": [[53, 42, 41, 30, 29, 28, 27, 16, 17, 18, 19, 8], [44, 55, 56, 67, 68, 69, 3, 2, 13, 12, 11], [], []], "food": [33, 10], "index": 0}, "status": "ACTIVE"}, {"action": "NORTH", "reward": 95, "info": {}, "observation": {"remainingOverageTime": 12, "index": 1}, "status": "ACTIVE"}, {"action": "NORTH", "reward": 80, "info": {}, "observation": {"remainingOverageTime": 12, "index": 2}, "status": "DONE"}, {"action": "NORTH", "reward": 29, "info": {}, "observation": {"remainingOverageTime": 12, "index": 3}, "status": "DONE"}], [{"action": "WEST", "reward": 97, "info": {}, "observation": {"remainingOverageTime": 12, "step": 85, "geese": [[52, 53, 42, 41, 30, 29, 28, 27, 16, 17, 18, 19], [33, 44, 55, 56, 67, 68, 69, 3, 2, 13, 12, 11], [], []], "food": [10, 22], "index": 0}, "status": "ACTIVE"}, {"action": "NORTH", "reward": 96, "info": {}, "observation": {"remainingOverageTime": 12, "index": 1}, "status": "ACTIVE"}, {"action": "NORTH", "reward": 80, "info": {}, "observation": {"remainingOverageTime": 12, "index": 2}, "status": "DONE"}, {"action": "NORTH", "reward": 29, "info": {}, "observation": {"remainingOverageTime": 12, "index": 3}, "status": "DONE"}], [{"action": "SOUTH", "reward": 98, "info": {}, "observation": {"remainingOverageTime": 12, "step": 86, "geese": [[63, 52, 53, 42, 41, 30, 29, 28, 27, 16, 17, 18], [22, 33, 44, 55, 56, 67, 68, 69, 3, 2, 13, 12, 11], [], []], "food": [10, 6], "index": 0}, "status": "ACTIVE"}, {"action": "NORTH", "reward": 98, "info": {}, "observation": {"remainingOverageTime": 12, "index": 1}, "status": "ACTIVE"}, {"action": "NORTH", "reward": 80, "info": {}, "observation": {"remainingOverageTime": 12, "index": 2}, "status": "DONE"}, {"action": "NORTH", "reward": 29, "info": {}, "observation": {"remainingOverageTime": 12, "index": 3}, "status": "DONE"}], [{"action": "EAST", "reward": 99, "info": {}, "observation": {"remainingOverageTime": 12, "step": 87, "geese": [[64, 63, 52, 53, 42, 41, 30, 29, 28, 27, 16, 17], [11, 22, 33, 44, 55, 56, 67, 68, 69, 3, 2, 13, 12], [], []], "food": [10, 6], "index": 0}, "status": "ACTIVE"}, {"action": "NORTH", "reward": 100, "info": {}, "observation": {"remainingOverageTime": 12, "index": 1}, "status": "ACTIVE"}, {"action": "NORTH", "reward": 80, "info": {}, "observation": {"remainingOverageTime": 12, "index": 2}, "status": "DONE"}, {"action": "NORTH", "reward": 29, "info": {}, "observation": {"remainingOverageTime": 12, "index": 3}, "status": "DONE"}], [{"action": "SOUTH", "reward": 100, "info": {}, "observation": {"remainingOverageTime": 12, "step": 88, "geese": [[75, 64, 63, 52, 53, 42, 41, 30, 29, 28, 27, 16], [12, 11, 22, 33, 44, 55, 56, 67, 68, 69, 3, 2, 13], [], []], "food": [10, 6], "index": 0}, "status": "ACTIVE"}, {"action": "EAST", "reward": 101, "info": {}, "observation": {"remainingOverageTime": 12, "index": 1}, "status": "ACTIVE"}, {"action": "NORTH", "reward": 80, "info": {}, "observation": {"remainingOverageTime": 12, "index": 2}, "status": "DONE"}, {"action": "NORTH", "reward": 29, "info": {}, "observation": {"remainingOverageTime": 12, "index": 3}, "status": "DONE"}], [{"action": "SOUTH", "reward": 101, "info": {}, "observation": {"remainingOverageTime": 12, "step": 89, "geese": [[9, 75, 64, 63, 52, 53, 42, 41, 30, 29, 28, 27], [13, 12, 11, 22, 33, 44, 55, 56, 67, 68, 69, 3, 2], [], []], "food": [10, 6], "index": 0}, "status": "ACTIVE"}, {"action": "EAST", "reward": 102, "info": {}, "observation": {"remainingOverageTime": 12, "index": 1}, "status": "ACTIVE"}, {"action": "NORTH", "reward": 80, "info": {}, "observation": {"remainingOverageTime": 12, "index": 2}, "status": "DONE"}, {"action": "NORTH", "reward": 29, "info": {}, "observation": {"remainingOverageTime": 12, "index": 3}, "status": "DONE"}], [{"action": "EAST", "reward": 102, "info": {}, "observation": {"remainingOverageTime": 12, "step": 90, "geese": [[10, 9, 75, 64, 63, 52, 53, 42, 41, 30, 29, 28, 27], [2, 13, 12, 11, 22, 33, 44, 55, 56, 67, 68, 69, 3], [], []], "food": [6, 1], "index": 0}, "status": "ACTIVE"}, {"action": "NORTH", "reward": 103, "info": {}, "observation": {"remainingOverageTime": 12, "index": 1}, "status": "ACTIVE"}, {"action": "NORTH", "reward": 80, "info": {}, "observation": {"remainingOverageTime": 12, "index": 2}, "status": "DONE"}, {"action": "NORTH", "reward": 29, "info": {}, "observation": {"remainingOverageTime": 12, "index": 3}, "status": "DONE"}], [{"action": "SOUTH", "reward": 104, "info": {}, "observation": {"remainingOverageTime": 12, "step": 91, "geese": [[21, 10, 9, 75, 64, 63, 52, 53, 42, 41, 30, 29, 28], [1, 2, 13, 12, 11, 22, 33, 44, 55, 56, 67, 68, 69, 3], [], []], "food": [6, 19], "index": 0}, "status": "ACTIVE"}, {"action": "WEST", "reward": 104, "info": {}, "observation": {"remainingOverageTime": 12, "index": 1}, "status": "ACTIVE"}, {"action": "NORTH", "reward": 80, "info": {}, "observation": {"remainingOverageTime": 12, "index": 2}, "status": "DONE"}, {"action": "NORTH", "reward": 29, "info": {}, "observation": {"remainingOverageTime": 12, "index": 3}, "status": "DONE"}], [{"action": "WEST", "reward": 105, "info": {}, "observation": {"remainingOverageTime": 12, "step": 92, "geese": [[20, 21, 10, 9, 75, 64, 63, 52, 53, 42, 41, 30, 29], [0, 1, 2, 13, 12, 11, 22, 33, 44, 55, 56, 67, 68, 69], [], []], "food": [6, 19], "index": 0}, "status": "ACTIVE"}, {"action": "WEST", "reward": 106, "info": {}, "observation": {"remainingOverageTime": 12, "index": 1}, "status": "ACTIVE"}, {"action": "NORTH", "reward": 80, "info": {}, "observation": {"remainingOverageTime": 12, "index": 2}, "status": "DONE"}, {"action": "NORTH", "reward": 29, "info": {}, "observation": {"remainingOverageTime": 12, "index": 3}, "status": "DONE"}], [{"action": "SOUTH", "reward": 106, "info": {}, "observation": {"remainingOverageTime": 12, "step": 93, "geese": [[31, 20, 21, 10, 9, 75, 64, 63, 52, 53, 42, 41, 30], [66, 0, 1, 2, 13, 12, 11, 22, 33, 44, 55, 56, 67, 68], [], []], "food": [6, 19], "index": 0}, "status": "ACTIVE"}, {"action": "NORTH", "reward": 107, "info": {}, "observation": {"remainingOverageTime": 12, "index": 1}, "status": "ACTIVE"}, {"action": "NORTH", "reward": 80, "info": {}, "observation": {"remainingOverageTime": 12, "index": 2}, "status": "DONE"}, {"action": "NORTH", "reward": 29, "info": {}, "observation": {"remainingOverageTime": 12, "index": 3}, "status": "DONE"}], [{"action": "WEST", "reward": 107, "info": {}, "observation": {"remainingOverageTime": 12, "step": 94, "geese": [[30, 31, 20, 21, 10, 9, 75, 64, 63, 52, 53, 42, 41], [76, 66, 0, 1, 2, 13, 12, 11, 22, 33, 44, 55, 56, 67], [], []], "food": [6, 19], "index": 0}, "status": "ACTIVE"}, {"action": "WEST", "reward": 108, "info": {}, "observation": {"remainingOverageTime": 12, "index": 1}, "status": "ACTIVE"}, {"action": "NORTH", "reward": 80, "info": {}, "observation": {"remainingOverageTime": 12, "index": 2}, "status": "DONE"}, {"action": "NORTH", "reward": 29, "info": {}, "observation": {"remainingOverageTime": 12, "index": 3}, "status": "DONE"}], [{"action": "WEST", "reward": 108, "info": {}, "observation": {"remainingOverageTime": 12, "step": 95, "geese": [[29, 30, 31, 20, 21, 10, 9, 75, 64, 63, 52, 53, 42], [65, 76, 66, 0, 1, 2, 13, 12, 11, 22, 33, 44, 55, 56], [], []], "food": [6, 19], "index": 0}, "status": "ACTIVE"}, {"action": "NORTH", "reward": 109, "info": {}, "observation": {"remainingOverageTime": 12, "index": 1}, "status": "ACTIVE"}, {"action": "NORTH", "reward": 80, "info": {}, "observation": {"remainingOverageTime": 12, "index": 2}, "status": "DONE"}, {"action": "NORTH", "reward": 29, "info": {}, "observation": {"remainingOverageTime": 12, "index": 3}, "status": "DONE"}], [{"action": "SOUTH", "reward": 109, "info": {}, "observation": {"remainingOverageTime": 12, "step": 96, "geese": [[40, 29, 30, 31, 20, 21, 10, 9, 75, 64, 63, 52, 53], [54, 65, 76, 66, 0, 1, 2, 13, 12, 11, 22, 33, 44, 55], [], []], "food": [6, 19], "index": 0}, "status": "ACTIVE"}, {"action": "NORTH", "reward": 110, "info": {}, "observation": {"remainingOverageTime": 12, "index": 1}, "status": "ACTIVE"}, {"action": "NORTH", "reward": 80, "info": {}, "observation": {"remainingOverageTime": 12, "index": 2}, "status": "DONE"}, {"action": "NORTH", "reward": 29, "info": {}, "observation": {"remainingOverageTime": 12, "index": 3}, "status": "DONE"}], [{"action": "EAST", "reward": 110, "info": {}, "observation": {"remainingOverageTime": 12, "step": 97, "geese": [[41, 40, 29, 30, 31, 20, 21, 10, 9, 75, 64, 63, 52], [53, 54, 65, 76, 66, 0, 1, 2, 13, 12, 11, 22, 33, 44], [], []], "food": [6, 19], "index": 0}, "status": "ACTIVE"}, {"action": "WEST", "reward": 111, "info": {}, "observation": {"remainingOverageTime": 12, "index": 1}, "status": "ACTIVE"}, {"action": "NORTH", "reward": 80, "info": {}, "observation": {"remainingOverageTime": 12, "index": 2}, "status": "DONE"}, {"action": "NORTH", "reward": 29, "info": {}, "observation": {"remainingOverageTime": 12, "index": 3}, "status": "DONE"}], [{"action": "SOUTH", "reward": 111, "info": {}, "observation": {"remainingOverageTime": 12, "step": 98, "geese": [[], [], [], []], "food": [6, 19], "index": 0}, "status": "DONE"}, {"action": "WEST", "reward": 112, "info": {}, "observation": {"remainingOverageTime": 12, "index": 1}, "status": "DONE"}, {"action": "NORTH", "reward": 80, "info": {}, "observation": {"remainingOverageTime": 12, "index": 2}, "status": "DONE"}, {"action": "NORTH", "reward": 29, "info": {}, "observation": {"remainingOverageTime": 12, "index": 3}, "status": "DONE"}]], "rewards": [111, 112, 80, 29], "statuses": ["DONE", "DONE", "DONE", "DONE"], "schema_version": 1, "info": {}}