{"id": "44eb36ce-da82-11ee-b31f-0242ac130202", "name": "hungry_geese", "title": "Hungry Geese", "description": "Similar to the classic snake game with multiple players", "version": "1.0.0", "configuration": {"episodeSteps": 200, "actTimeout": 6, "runTimeout": 1200, "columns": 11, "rows": 7, "hunger_rate": 40, "min_food": 2}, "specification": {"action": {"description": "Direction to move the head of your players goose.", "type": "string", "enum": ["NORTH", "EAST", "SOUTH", "WEST"], "default": "NORTH"}, "agents": [2, 3, 4, 5, 6, 7, 8], "configuration": {"episodeSteps": {"description": "Maximum number of steps in the episode.", "type": "integer", "minimum": 1, "default": 200}, "actTimeout": {"description": "Maximum runtime (seconds) to obtain an action from an agent.", "type": "number", "minimum": 0, "default": 6}, "runTimeout": {"description": "Maximum runtime (seconds) of an episode (not necessarily DONE).", "type": "number", "minimum": 0, "default": 1200}, "columns": {"description": "Horizontal number of cells on the board.", "type": "integer", "default": 11, "minimum": 3}, "rows": {"description": "Vertical number of cells on the board.", "type": "integer", "default": 7, "minimum": 3}, "hunger_rate": {"description": "The number of steps before the goose shrinks a cell.", "type": "integer", "minimum": 1, "default": 40}, "min_food": {"description": "The minimum amount of food present for all steps.", "type": "integer", "default": 2, "minimum": 1}}, "info": {}, "observation": {"remainingOverageTime": {"description": "Total remaining banked time (seconds) that can be used in excess of per-step actTimeouts -- agent is disqualified with TIMEOUT status when this drops below 0.", "shared": false, "type": "number", "minimum": 0, "default": 12}, "step": {"description": "Current step within the episode.", "type": "integer", "shared": true, "minimum": 0, "default": 0}, "geese": {"description": "List of geese in order by the agent index.", "type": "array", "default": [], "shared": true}, "food": {"description": "Positions on the board where food is present.", "type": "array", "default": [], "shared": true}, "index": {"description": "Index of the current agent's goose in the list of geese.", "type": "integer", "minimum": 0, "defaults": [0, 1, 2, 3, 4, 5, 6, 7]}}, "reward": {"description": "The number of steps the goose has moved plus its length.", "type": ["integer", "null"], "default": 0, "minimum": 0}}, "steps": [[{"action": "NORTH", "reward": 0, "info": {}, "observation": {"remainingOverageTime": 12, "step": 0, "geese": [[14], [48], [60], [16]], "food": [26, 35], "index": 0}, "status": "ACTIVE"}, {"action": "NORTH", "reward": 0, "info": {}, "observation": {"remainingOverageTime": 12, "index": 1}, "status": "ACTIVE"}, {"action": "NORTH", "reward": 0, "info": {}, "observation": {"remainingOverageTime": 12, "index": 2}, "status": "ACTIVE"}, {"action": "NORTH", "reward": 0, "info": {}, "observation": {"remainingOverageTime": 12, "index": 3}, "status": "ACTIVE"}], [{"action": "SOUTH", "reward": 2, "info": {}, "observation": {"remainingOverageTime": 12, "step": 1, "geese": [[25], [37], [71], [27]], "food": [26, 35], "index": 0}, "status": "ACTIVE"}, {"action": "NORTH", "reward": 2, "info": {}, "observation": {"remainingOverageTime": 12, "index": 1}, "status": "ACTIVE"}, {"action": "SOUTH", "reward": 2, "info": {}, "observation": {"remainingOverageTime": 12, "index": 2}, "status": "ACTIVE"}, {"action": "SOUTH", "reward": 2, "info": {}, "observation": {"remainingOverageTime": 12, "index": 3}, "status": "ACTIVE"}], [{"action": "WEST", "reward": 3, "info": {}, "observation": {"remainingOverageTime": 12, "step": 2, "geese": [[24], [26, 37], [70], [28]], "food": [35, 18], "index": 0}, "status": "ACTIVE"}, {"action": "NORTH", "reward": 3, "info": {}, "observation": {"remainingOverageTime": 12, "index": 1}, "status": "ACTIVE"}, {"action": "WEST", "reward": 3, "info": {}, "observation": {"remainingOverageTime": 12, "index": 2}, "status": "ACTIVE"}, {"action": "EAST", "reward": 3, "info": {}, "observation": {"remainingOverageTime": 12, "index": 3}, "status": "ACTIVE"}], [{"action": "SOUTH", "reward": 4, "info": {}, "observation": {"remainingOverageTime": 12, "step": 3, "geese": [[35, 24], [15, 26], [69], [29]], "food": [18, 28], "index": 0}, "status": "ACTIVE"}, {"action": "NORTH", "reward": 5, "info": {}, "observation": {"remainingOverageTime": 12, "index": 1}, "status": "ACTIVE"}, {"action": "WEST", "reward": 4, "info": {}, "observation": {"remainingOverageTime": 12, "index": 2}, "status": "ACTIVE"}, {"action": "EAST", "reward": 4, "info": {}, "observation": {"remainingOverageTime": 12, "index": 3}, "status": "ACTIVE"}], [{"action": "EAST", "reward": 6, "info": {}, "observation": {"remainingOverageTime": 12, "step": 4, "geese": [[36, 35], [16, 15], [3], [18, 29]], "food": [28, 30], "index": 0}, "status": "ACTIVE"}, {"action": "EAST", "reward": 6, "info": {}, "observation": {"remainingOverageTime": 12, "index": 1}, "status": "ACTIVE"}, {"action": "SOUTH", "reward": 5, "info": {}, "observation": {"remainingOverageTime": 12, "index": 2}, "status": "ACTIVE"}, {"action": "NORTH", "reward": 5, "info": {}, "observation": {"remainingOverageTime": 12, "index": 3}, "status": "ACTIVE"}], [{"action": "EAST", "reward": 7, "info": {}, "observation": {"remainingOverageTime": 12, "step": 5, "geese": [[37, 36], [27, 16], [14], [19, 18]], "food": [28, 30], "index": 0}, "status": "ACTIVE"}, {"action": "SOUTH", "reward": 7, "info": {}, "observation": {"remainingOverageTime": 12, "index": 1}, "status": "ACTIVE"}, {"action": "SOUTH", "reward": 6, "info": {}, "observation": {"remainingOverageTime": 12, "index": 2}, "status": "ACTIVE"}, {"action": "EAST", "reward": 7, "info": {}, "observation": {"remainingOverageTime": 12, "index": 3}, "status": "ACTIVE"}], [{"action": "SOUTH", "reward": 8, "info": {}, "observation": {"remainingOverageTime": 12, "step": 6, "geese": [[48, 37], [28, 27, 16], [15], [30, 19, 18]], "food": [76, 56], "index": 0}, "status": "ACTIVE"}, {"action": "EAST", "reward": 8, "info": {}, "observation": {"remainingOverageTime": 12, "index": 1}, "status": "ACTIVE"}, {"action": "EAST", "reward": 7, "info": {}, "observation": {"remainingOverageTime": 12, "index": 2}, "status": "ACTIVE"}, {"action": "SOUTH", "reward": 8, "info": {}, "observation": {"remainingOverageTime": 12, "index": 3}, "status": "ACTIVE"}], [{"action": "SOUTH", "reward": 9, "info": {}, "observation": {"remainingOverageTime": 12, "step": 7, "geese": [[59, 48], [17, 28, 27], [4], [31, 30, 19]], "food": [76, 56], "index": 0}, "status": "ACTIVE"}, {"action": "NORTH", "reward": 10, "info": {}, "observation": {"remainingOverageTime": 12, "index": 1}, "status": "ACTIVE"}, {"action": "NORTH", "reward": 8, "info": {}, "observation": {"remainingOverageTime": 12, "index": 2}, "status": "ACTIVE"}, {"action": "EAST", "reward": 10, "info": {}, "observation": {"remainingOverageTime": 12, "index": 3}, "status": "ACTIVE"}], [{"action": "WEST", "reward": 10, "info": {}, "observation": {"remainingOverageTime": 12, "step": 8, "geese": [[58, 59], [18, 17, 28], [3], [20, 31, 30]], "food": [76, 56], "index": 0}, "status": "ACTIVE"}, {"action": "EAST", "reward": 11, "info": {}, "observation": {"remainingOverageTime": 12, "index": 1}, "status": "ACTIVE"}, {"action": "WEST", "reward": 9, "info": {}, "observation": {"remainingOverageTime": 12, "index": 2}, "status": "ACTIVE"}, {"action": "NORTH", "reward": 11, "info": {}, "observation": {"remainingOverageTime": 12, "index": 3}, "status": "ACTIVE"}], [{"action": "WEST", "reward": 11, "info": {}, "observation": {"remainingOverageTime": 12, "step": 9, "geese": [[57, 58], [29, 18, 17], [14], [21, 20, 31]], "food": [76, 56], "index": 0}, "status": "ACTIVE"}, {"action": "SOUTH", "reward": 12, "info": {}, "observation": {"remainingOverageTime": 12, "index": 1}, "status": "ACTIVE"}, {"action": "SOUTH", "reward": 10, "info": {}, "observation": {"remainingOverageTime": 12, "index": 2}, "status": "ACTIVE"}, {"action": "EAST", "reward": 12, "info": {}, "observation": {"remainingOverageTime": 12, "index": 3}, "status": "ACTIVE"}], [{"action": "WEST", "reward": 12, "info": {}, "observation": {"remainingOverageTime": 12, "step": 10, "geese": [[56, 57, 58], [30, 29, 18], [13], [10, 21, 20]], "food": [76, 38], "index": 0}, "status": "ACTIVE"}, {"action": "EAST", "reward": 13, "info": {}, "observation": {"remainingOverageTime": 12, "index": 1}, "status": "ACTIVE"}, {"action": "WEST", "reward": 11, "info": {}, "observation": {"remainingOverageTime": 12, "index": 2}, "status": "ACTIVE"}, {"action": "NORTH", "reward": 13, "info": {}, "observation": {"remainingOverageTime": 12, "index": 3}, "status": "ACTIVE"}], [{"action": "SOUTH", "reward": 14, "info": {}, "observation": {"remainingOverageTime": 12, "step": 11, "geese": [[67, 56, 57], [41, 30, 29], [12], [76, 10, 21, 20]], "food": [38, 32], "index": 0}, "status": "ACTIVE"}, {"action": "SOUTH", "reward": 14, "info": {}, "observation": {"remainingOverageTime": 12, "index": 1}, "status": "ACTIVE"}, {"action": "WEST", "reward": 12, "info": {}, "observation": {"remainingOverageTime": 12, "index": 2}, "status": "ACTIVE"}, {"action": "NORTH", "reward": 14, "info": {}, "observation": {"remainingOverageTime": 12, "index": 3}, "status": "ACTIVE"}], [{"action": "EAST", "reward": 15, "info": {}, "observation": {"remainingOverageTime": 12, "step": 12, "geese": [[68, 67, 56], [40, 41, 30], [11], [65, 76, 10, 21]], "food": [38, 32], "index": 0}, "status": "ACTIVE"}, {"action": "WEST", "reward": 15, "info": {}, "observation": {"remainingOverageTime": 12, "index": 1}, "status": "ACTIVE"}, {"action": "WEST", "reward": 13, "info": {}, "observation": {"remainingOverageTime": 12, "index": 2}, "status": "ACTIVE"}, {"action": "NORTH", "reward": 16, "info": {}, "observation": {"remainingOverageTime": 12, "index": 3}, "status": "ACTIVE"}], [{"action": "EAST", "reward": 16, "info": {}, "observation": {"remainingOverageTime": 12, "step": 13, "geese": [[69, 68, 67], [39, 40, 41], [21], [54, 65, 76, 10]], "food": [38, 32], "index": 0}, "status": "ACTIVE"}, {"action": "WEST", "reward": 16, "info": {}, "observation": {"remainingOverageTime": 12, "index": 1}, "status": "ACTIVE"}, {"action": "WEST", "reward": 14, "info": {}, "observation": {"remainingOverageTime": 12, "index": 2}, "status": "ACTIVE"}, {"action": "NORTH", "reward": 17, "info": {}, "observation": {"remainingOverageTime": 12, "index": 3}, "status": "ACTIVE"}], [{"action": "EAST", "reward": 17, "info": {}, "observation": {"remainingOverageTime": 12, "step": 14, "geese": [[70, 69, 68], [38, 39, 40, 41], [32, 21], [43, 54, 65, 76]], "food": [48, 67], "index": 0}, "status": "ACTIVE"}, {"action": "WEST", "reward": 17, "info": {}, "observation": {"remainingOverageTime": 12, "index": 1}, "status": "ACTIVE"}, {"action": "SOUTH", "reward": 15, "info": {}, "observation": {"remainingOverageTime": 12, "index": 2}, "status": "ACTIVE"}, {"action": "NORTH", "reward": 18, "info": {}, "observation": {"remainingOverageTime": 12, "index": 3}, "status": "ACTIVE"}], [{"action": "NORTH", "reward": 18, "info": {}, "observation": {"remainingOverageTime": 12, "step": 15, "geese": [[59, 70, 69], [49, 38, 39, 40], [22, 32], [33, 43, 54, 65]], "food": [48, 67], "index": 0}, "status": "ACTIVE"}, {"action": "SOUTH", "reward": 19, "info": {}, "observation": {"remainingOverageTime": 12, "index": 1}, "status": "ACTIVE"}, {"action": "EAST", "reward": 17, "info": {}, "observation": {"remainingOverageTime": 12, "index": 2}, "status": "ACTIVE"}, {"action": "EAST", "reward": 19, "info": {}, "observation": {"remainingOverageTime": 12, "index": 3}, "status": "ACTIVE"}], [{"action": "WEST", "reward": 19, "info": {}, "observation": {"remainingOverageTime": 12, "step": 16, "geese": [[58, 59, 70], [50, 49, 38, 39], [11, 22], [34, 33, 43, 54]], "food": [48, 67], "index": 0}, "status": "ACTIVE"}, {"action": "EAST", "reward": 20, "info": {}, "observation": {"remainingOverageTime": 12, "index": 1}, "status": "ACTIVE"}, {"action": "NORTH", "reward": 18, "info": {}, "observation": {"remainingOverageTime": 12, "index": 2}, "status": "ACTIVE"}, {"action": "EAST", "reward": 20, "info": {}, "observation": {"remainingOverageTime": 12, "index": 3}, "status": "ACTIVE"}], [{"action": "NORTH", "reward": 20, "info": {}, "observation": {"remainingOverageTime": 12, "step": 17, "geese": [[47, 58, 59], [39, 50, 49, 38], [0, 11], [45, 34, 33, 43]], "food": [48, 67], "index": 0}, "status": "ACTIVE"}, {"action": "NORTH", "reward": 21, "info": {}, "observation": {"remainingOverageTime": 12, "index": 1}, "status": "ACTIVE"}, {"action": "NORTH", "reward": 19, "info": {}, "observation": {"remainingOverageTime": 12, "index": 2}, "status": "ACTIVE"}, {"action": "SOUTH", "reward": 21, "info": {}, "observation": {"remainingOverageTime": 12, "index": 3}, "status": "ACTIVE"}], [{"action": "EAST", "reward": 21, "info": {}, "observation": {"remainingOverageTime": 12, "step": 18, "geese": [[48, 47, 58, 59], [38, 39, 50, 49], [1, 0], [56, 45, 34, 33]], "food": [67, 71], "index": 0}, "status": "ACTIVE"}, {"action": "WEST", "reward": 22, "info": {}, "observation": {"remainingOverageTime": 12, "index": 1}, "status": "ACTIVE"}, {"action": "EAST", "reward": 20, "info": {}, "observation": {"remainingOverageTime": 12, "index": 2}, "status": "ACTIVE"}, {"action": "SOUTH", "reward": 22, "info": {}, "observation": {"remainingOverageTime": 12, "index": 3}, "status": "ACTIVE"}], [{"action": "SOUTH", "reward": 23, "info": {}, "observation": {"remainingOverageTime": 12, "step": 19, "geese": [[59, 48, 47, 58], [27, 38, 39, 50], [2, 1], [57, 56, 45, 34]], "food": [67, 71], "index": 0}, "status": "ACTIVE"}, {"action": "NORTH", "reward": 23, "info": {}, "observation": {"remainingOverageTime": 12, "index": 1}, "status": "ACTIVE"}, {"action": "EAST", "reward": 21, "info": {}, "observation": {"remainingOverageTime": 12, "index": 2}, "status": "ACTIVE"}, {"action": "EAST", "reward": 23, "info": {}, "observation": {"remainingOverageTime": 12, "index": 3}, "status": "ACTIVE"}], [{"action": "SOUTH", "reward": 24, "info": {}, "observation": {"remainingOverageTime": 12, "step": 20, "geese": [[70, 59, 48, 47], [16, 27, 38, 39], [3, 2], [46, 57, 56, 45]], "food": [67, 71], "index": 0}, "status": "ACTIVE"}, {"action": "NORTH", "reward": 24, "info": {}, "observation": {"remainingOverageTime": 12, "index": 1}, "status": "ACTIVE"}, {"action": "EAST", "reward": 22, "info": {}, "observation": {"remainingOverageTime": 12, "index": 2}, "status": "ACTIVE"}, {"action": "NORTH", "reward": 24, "info": {}, "observation": {"remainingOverageTime": 12, "index": 3}, "status": "ACTIVE"}], [{"action": "EAST", "reward": 25, "info": {}, "observation": {"remainingOverageTime": 12, "step": 21, "geese": [[71, 70, 59, 48, 47], [5, 16, 27, 38], [14, 3], [45, 46, 57, 56]], "food": [67, 51], "index": 0}, "status": "ACTIVE"}, {"action": "NORTH", "reward": 25, "info": {}, "observation": {"remainingOverageTime": 12, "index": 1}, "status": "ACTIVE"}, {"action": "SOUTH", "reward": 23, "info": {}, "observation": {"remainingOverageTime": 12, "index": 2}, "status": "ACTIVE"}, {"action": "WEST", "reward": 25, "info": {}, "observation": {"remainingOverageTime": 12, "index": 3}, "status": "ACTIVE"}], [{"action": "NORTH", "reward": 27, "info": {}, "observation": {"remainingOverageTime": 12, "step": 22, "geese": [[60, 71, 70, 59, 48], [6, 5, 16, 27], [13, 14], [56, 45, 46, 57]], "food": [67, 51], "index": 0}, "status": "ACTIVE"}, {"action": "EAST", "reward": 26, "info": {}, "observation": {"remainingOverageTime": 12, "index": 1}, "status": "ACTIVE"}, {"action": "WEST", "reward": 24, "info": {}, "observation": {"remainingOverageTime": 12, "index": 2}, "status": "ACTIVE"}, {"action": "SOUTH", "reward": 26, "info": {}, "observation": {"remainingOverageTime": 12, "index": 3}, "status": "ACTIVE"}], [{"action": "EAST", "reward": 28, "info": {}, "observation": {"remainingOverageTime": 12, "step": 23, "geese": [[61, 60, 71, 70, 59], [7, 6, 5, 16], [12, 13], [67, 56, 45, 46, 57]], "food": [51, 43], "index": 0}, "status": "ACTIVE"}, {"action": "EAST", "reward": 27, "info": {}, "observation": {"remainingOverageTime": 12, "index": 1}, "status": "ACTIVE"}, {"action": "WEST", "reward": 25, "info": {}, "observation": {"remainingOverageTime": 12, "index": 2}, "status": "ACTIVE"}, {"action": "SOUTH", "reward": 27, "info": {}, "observation": {"remainingOverageTime": 12, "index": 3}, "status": "ACTIVE"}], [{"action": "EAST", "reward": 29, "info": {}, "observation": {"remainingOverageTime": 12, "step": 24, "geese": [[62, 61, 60, 71, 70], [73, 7, 6, 5], [11, 12], [66, 67, 56, 45, 46]], "food": [51, 43], "index": 0}, "status": "ACTIVE"}, {"action": "NORTH", "reward": 28, "info": {}, "observation": {"remainingOverageTime": 12, "index": 1}, "status": "ACTIVE"}, {"action": "WEST", "reward": 26, "info": {}, "observation": {"remainingOverageTime": 12, "index": 2}, "status": "ACTIVE"}, {"action": "WEST", "reward": 29, "info": {}, "observation": {"remainingOverageTime": 12, "index": 3}, "status": "ACTIVE"}], [{"action": "NORTH", "reward": 30, "info": {}, "observation": {"remainingOverageTime": 12, "step": 25, "geese": [[51, 62, 61, 60, 71, 70], [74, 73, 7, 6], [21, 11], [55, 66, 67, 56, 45]], "food": [43, 14], "index": 0}, "status": "ACTIVE"}, {"action": "EAST", "reward": 29, "info": {}, "observation": {"remainingOverageTime": 12, "index": 1}, "status": "ACTIVE"}, {"action": "WEST", "reward": 27, "info": {}, "observation": {"remainingOverageTime": 12, "index": 2}, "status": "ACTIVE"}, {"action": "NORTH", "reward": 30, "info": {}, "observation": {"remainingOverageTime": 12, "index": 3}, "status": "ACTIVE"}], [{"action": "NORTH", "reward": 32, "info": {}, "observation": {"remainingOverageTime": 12, "step": 26, "geese": [[40, 51, 62, 61, 60, 71], [75, 74, 73, 7], [32, 21], [65, 55, 66, 67, 56]], "food": [43, 14], "index": 0}, "status": "ACTIVE"}, {"action": "EAST", "reward": 30, "info": {}, "observation": {"remainingOverageTime": 12, "index": 1}, "status": "ACTIVE"}, {"action": "SOUTH", "reward": 28, "info": {}, "observation": {"remainingOverageTime": 12, "index": 2}, "status": "ACTIVE"}, {"action": "WEST", "reward": 31, "info": {}, "observation": {"remainingOverageTime": 12, "index": 3}, "status": "ACTIVE"}], [{"action": "EAST", "reward": 33, "info": {}, "observation": {"remainingOverageTime": 12, "step": 27, "geese": [[41, 40, 51, 62, 61, 60], [9, 75, 74, 73], [43, 32, 21], [54, 65, 55, 66, 67]], "food": [14, 52], "index": 0}, "status": "ACTIVE"}, {"action": "SOUTH", "reward": 31, "info": {}, "observation": {"remainingOverageTime": 12, "index": 1}, "status": "ACTIVE"}, {"action": "SOUTH", "reward": 29, "info": {}, "observation": {"remainingOverageTime": 12, "index": 2}, "status": "ACTIVE"}, {"action": "NORTH", "reward": 32, "info": {}, "observation": {"remainingOverageTime": 12, "index": 3}, "status": "ACTIVE"}], [{"action": "SOUTH", "reward": 34, "info": {}, "observation": {"remainingOverageTime": 12, "step": 28, "geese": [[52, 41, 40, 51, 62, 61, 60], [20, 9, 75, 74], [33, 43, 32], [53, 54, 65, 55, 66]], "food": [14, 29], "index": 0}, "status": "ACTIVE"}, {"action": "SOUTH", "reward": 32, "info": {}, "observation": {"remainingOverageTime": 12, "index": 1}, "status": "ACTIVE"}, {"action": "EAST", "reward": 31, "info": {}, "observation": {"remainingOverageTime": 12, "index": 2}, "status": "ACTIVE"}, {"action": "WEST", "reward": 33, "info": {}, "observation": {"remainingOverageTime": 12, "index": 3}, "status": "ACTIVE"}], [{"action": "SOUTH", "reward": 36, "info": {}, "observation": {"remainingOverageTime": 12, "step": 29, "geese": [[63, 52, 41, 40, 51, 62, 61], [19, 20, 9, 75], [22, 33, 43], [42, 53, 54, 65, 55]], "food": [14, 29], "index": 0}, "status": "ACTIVE"}, {"action": "WEST", "reward": 33, "info": {}, "observation": {"remainingOverageTime": 12, "index": 1}, "status": "ACTIVE"}, {"action": "NORTH", "reward": 32, "info": {}, "observation": {"remainingOverageTime": 12, "index": 2}, "status": "ACTIVE"}, {"action": "NORTH", "reward": 34, "info": {}, "observation": {"remainingOverageTime": 12, "index": 3}, "status": "ACTIVE"}], [{"action": "SOUTH", "reward": 37, "info": {}, "observation": {"remainingOverageTime": 12, "step": 30, "geese": [[74, 63, 52, 41, 40, 51, 62], [30, 19, 20, 9], [11, 22, 33], [31, 42, 53, 54, 65]], "food": [14, 29], "index": 0}, "status": "ACTIVE"}, {"action": "SOUTH", "reward": 34, "info": {}, "observation": {"remainingOverageTime": 12, "index": 1}, "status": "ACTIVE"}, {"action": "NORTH", "reward": 33, "info": {}, "observation": {"remainingOverageTime": 12, "index": 2}, "status": "ACTIVE"}, {"action": "NORTH", "reward": 35, "info": {}, "observation": {"remainingOverageTime": 12, "index": 3}, "status": "ACTIVE"}], [{"action": "SOUTH", "reward": 38, "info": {}, "observation": {"remainingOverageTime": 12, "step": 31, "geese": [[8, 74, 63, 52, 41, 40, 51], [29, 30, 19, 20, 9], [12, 11, 22], [32, 31, 42, 53, 54]], "food": [14, 69], "index": 0}, "status": "ACTIVE"}, {"action": "WEST", "reward": 35, "info": {}, "observation": {"remainingOverageTime": 12, "index": 1}, "status": "ACTIVE"}, {"action": "EAST", "reward": 34, "info": {}, "observation": {"remainingOverageTime": 12, "index": 2}, "status": "ACTIVE"}, {"action": "EAST", "reward": 36, "info": {}, "observation": {"remainingOverageTime": 12, "index": 3}, "status": "ACTIVE"}], [{"action": "WEST", "reward": 39, "info": {}, "observation": {"remainingOverageTime": 12, "step": 32, "geese": [[7, 8, 74, 63, 52, 41, 40], [28, 29, 30, 19, 20], [13, 12, 11], [22, 32, 31, 42, 53]], "food": [14, 69], "index": 0}, "status": "ACTIVE"}, {"action": "WEST", "reward": 37, "info": {}, "observation": {"remainingOverageTime": 12, "index": 1}, "status": "ACTIVE"}, {"action": "EAST", "reward": 35, "info": {}, "observation": {"remainingOverageTime": 12, "index": 2}, "status": "ACTIVE"}, {"action": "EAST", "reward": 37, "info": {}, "observation": {"remainingOverageTime": 12, "index": 3}, "status": "ACTIVE"}], [{"action": "WEST", "reward": 40, "info": {}, "observation": {"remainingOverageTime": 12, "step": 33, "geese": [[6, 7, 8, 74, 63, 52, 41], [27, 28, 29, 30, 19], [14, 13, 12, 11], [23, 22, 32, 31, 42]], "food": [69, 49], "index": 0}, "status": "ACTIVE"}, {"action": "WEST", "reward": 38, "info": {}, "observation": {"remainingOverageTime": 12, "index": 1}, "status": "ACTIVE"}, {"action": "EAST", "reward": 36, "info": {}, "observation": {"remainingOverageTime": 12, "index": 2}, "status": "ACTIVE"}, {"action": "EAST", "reward": 38, "info": {}, "observation": {"remainingOverageTime": 12, "index": 3}, "status": "ACTIVE"}], [{"action": "WEST", "reward": 41, "info": {}, "observation": {"remainingOverageTime": 12, "step": 34, "geese": [[5, 6, 7, 8, 74, 63, 52], [38, 27, 28, 29, 30], [3, 14, 13, 12], [34, 23, 22, 32, 31]], "food": [69, 49], "index": 0}, "status": "ACTIVE"}, {"action": "SOUTH", "reward": 39, "info": {}, "observation": {"remainingOverageTime": 12, "index": 1}, "status": "ACTIVE"}, {"action": "NORTH", "reward": 38, "info": {}, "observation": {"remainingOverageTime": 12, "index": 2}, "status": "ACTIVE"}, {"action": "SOUTH", "reward": 39, "info": {}, "observation": {"remainingOverageTime": 12, "index": 3}, "status": "ACTIVE"}], [{"action": "NORTH", "reward": 42, "info": {}, "observation": {"remainingOverageTime": 12, "step": 35, "geese": [[71, 5, 6, 7, 8, 74, 63], [49, 38, 27, 28, 29, 30], [69, 3, 14, 13, 12], [35, 34, 23, 22, 32]], "food": [18, 59], "index": 0}, "status": "ACTIVE"}, {"action": "SOUTH", "reward": 40, "info": {}, "observation": {"remainingOverageTime": 12, "index": 1}, "status": "ACTIVE"}, {"action": "NORTH", "reward": 39, "info": {}, "observation": {"remainingOverageTime": 12, "index": 2}, "status": "ACTIVE"}, {"action": "EAST", "reward": 40, "info": {}, "observation": {"remainingOverageTime": 12, "index": 3}, "status": "ACTIVE"}], [{"action": "EAST", "reward": 43, "info": {}, "observation": {"remainingOverageTime": 12, "step": 36, "geese": [[72, 71, 5, 6, 7, 8, 74], [48, 49, 38, 27, 28, 29], [68, 69, 3, 14, 13], [46, 35, 34, 23, 22]], "food": [18, 59], "index": 0}, "status": "ACTIVE"}, {"action": "WEST", "reward": 42, "info": {}, "observation": {"remainingOverageTime": 12, "index": 1}, "status": "ACTIVE"}, {"action": "WEST", "reward": 41, "info": {}, "observation": {"remainingOverageTime": 12, "index": 2}, "status": "ACTIVE"}, {"action": "SOUTH", "reward": 41, "info": {}, "observation": {"remainingOverageTime": 12, "index": 3}, "status": "ACTIVE"}], [{"action": "NORTH", "reward": 44, "info": {}, "observation": {"remainingOverageTime": 12, "step": 37, "geese": [[61, 72, 71, 5, 6, 7, 8], [59, 48, 49, 38, 27, 28, 29], [2, 68, 69, 3, 14], [45, 46, 35, 34, 23]], "food": [18, 21], "index": 0}, "status": "ACTIVE"}, {"action": "SOUTH", "reward": 43, "info": {}, "observation": {"remainingOverageTime": 12, "index": 1}, "status": "ACTIVE"}, {"action": "SOUTH", "reward": 42, "info": {}, "observation": {"remainingOverageTime": 12, "index": 2}, "status": "ACTIVE"}, {"action": "WEST", "reward": 42, "info": {}, "observation": {"remainingOverageTime": 12, "index": 3}, "status": "ACTIVE"}], [{"action": "EAST", "reward": 45, "info": {}, "observation": {"remainingOverageTime": 12, "step": 38, "geese": [[62, 61, 72, 71, 5, 6, 7], [70, 59, 48, 49, 38, 27, 28], [13, 2, 68, 69, 3], [44, 45, 46, 35, 34]], "food": [18, 21], "index": 0}, "status": "ACTIVE"}, {"action": "SOUTH", "reward": 45, "info": {}, "observation": {"remainingOverageTime": 12, "index": 1}, "status": "ACTIVE"}, {"action": "SOUTH", "reward": 43, "info": {}, "observation": {"remainingOverageTime": 12, "index": 2}, "status": "ACTIVE"}, {"action": "WEST", "reward": 43, "info": {}, "observation": {"remainingOverageTime": 12, "index": 3}, "status": "ACTIVE"}], [{"action": "SOUTH", "reward": 46, "info": {}, "observation": {"remainingOverageTime": 12, "step": 39, "geese": [[73, 62, 61, 72, 71, 5, 6], [4, 70, 59, 48, 49, 38, 27], [12, 13, 2, 68, 69], [33, 44, 45, 46, 35]], "food": [18, 21], "index": 0}, "status": "ACTIVE"}, {"action": "SOUTH", "reward": 46, "info": {}, "observation": {"remainingOverageTime": 12, "index": 1}, "status": "ACTIVE"}, {"action": "WEST", "reward": 44, "info": {}, "observation": {"remainingOverageTime": 12, "index": 2}, "status": "ACTIVE"}, {"action": "NORTH", "reward": 44, "info": {}, "observation": {"remainingOverageTime": 12, "index": 3}, "status": "ACTIVE"}], [{"action": "SOUTH", "reward": 47, "info": {}, "observation": {"remainingOverageTime": 12, "step": 40, "geese": [[7, 73, 62, 61, 72, 71], [15, 4, 70, 59, 48, 49], [11, 12, 13, 2], [22, 33, 44, 45]], "food": [18, 21], "index": 0}, "status": "ACTIVE"}, {"action": "SOUTH", "reward": 47, "info": {}, "observation": {"remainingOverageTime": 12, "index": 1}, "status": "ACTIVE"}, {"action": "WEST", "reward": 45, "info": {}, "observation": {"remainingOverageTime": 12, "index": 2}, "status": "ACTIVE"}, {"action": "NORTH", "reward": 45, "info": {}, "observation": {"remainingOverageTime": 12, "index": 3}, "status": "ACTIVE"}], [{"action": "SOUTH", "reward": 47, "info": {}, "observation": {"remainingOverageTime": 12, "step": 41, "geese": [[18, 7, 73, 62, 61, 72, 71], [16, 15, 4, 70, 59, 48], [21, 11, 12, 13, 2], [32, 22, 33, 44]], "food": [60, 23], "index": 0}, "status": "ACTIVE"}, {"action": "EAST", "reward": 47, "info": {}, "observation": {"remainingOverageTime": 12, "index": 1}, "status": "ACTIVE"}, {"action": "WEST", "reward": 45, "info": {}, "observation": {"remainingOverageTime": 12, "index": 2}, "status": "ACTIVE"}, {"action": "WEST", "reward": 45, "info": {}, "observation": {"remainingOverageTime": 12, "index": 3}, "status": "ACTIVE"}], [{"action": "EAST", "reward": 49, "info": {}, "observation": {"remainingOverageTime": 12, "step": 42, "geese": [[19, 18, 7, 73, 62, 61, 72], [5, 16, 15, 4, 70, 59], [10, 21, 11, 12, 13], [43, 32, 22, 33]], "food": [60, 23], "index": 0}, "status": "ACTIVE"}, {"action": "NORTH", "reward": 48, "info": {}, "observation": {"remainingOverageTime": 12, "index": 1}, "status": "ACTIVE"}, {"action": "NORTH", "reward": 47, "info": {}, "observation": {"remainingOverageTime": 12, "index": 2}, "status": "ACTIVE"}, {"action": "SOUTH", "reward": 46, "info": {}, "observation": {"remainingOverageTime": 12, "index": 3}, "status": "ACTIVE"}], [{"action": "SOUTH", "reward": 50, "info": {}, "observation": {"remainingOverageTime": 12, "step": 43, "geese": [[30, 19, 18, 7, 73, 62, 61], [71, 5, 16, 15, 4, 70], [0, 10, 21, 11, 12], [33, 43, 32, 22]], "food": [60, 23], "index": 0}, "status": "ACTIVE"}, {"action": "NORTH", "reward": 49, "info": {}, "observation": {"remainingOverageTime": 12, "index": 1}, "status": "ACTIVE"}, {"action": "EAST", "reward": 48, "info": {}, "observation": {"remainingOverageTime": 12, "index": 2}, "status": "ACTIVE"}, {"action": "EAST", "reward": 47, "info": {}, "observation": {"remainingOverageTime": 12, "index": 3}, "status": "ACTIVE"}], [{"action": "SOUTH", "reward": 51, "info": {}, "observation": {"remainingOverageTime": 12, "step": 44, "geese": [[41, 30, 19, 18, 7, 73, 62], [60, 71, 5, 16, 15, 4, 70], [1, 0, 10, 21, 11], [22, 33, 43, 32]], "food": [23, 67], "index": 0}, "status": "ACTIVE"}, {"action": "NORTH", "reward": 50, "info": {}, "observation": {"remainingOverageTime": 12, "index": 1}, "status": "ACTIVE"}, {"action": "EAST", "reward": 49, "info": {}, "observation": {"remainingOverageTime": 12, "index": 2}, "status": "ACTIVE"}, {"action": "NORTH", "reward": 48, "info": {}, "observation": {"remainingOverageTime": 12, "index": 3}, "status": "ACTIVE"}], [{"action": "EAST", "reward": 52, "info": {}, "observation": {"remainingOverageTime": 12, "step": 45, "geese": [[42, 41, 30, 19, 18, 7, 73], [59, 60, 71, 5, 16, 15, 4], [67, 1, 0, 10, 21, 11], [23, 22, 33, 43, 32]], "food": [35, 76], "index": 0}, "status": "ACTIVE"}, {"action": "WEST", "reward": 52, "info": {}, "observation": {"remainingOverageTime": 12, "index": 1}, "status": "ACTIVE"}, {"action": "NORTH", "reward": 50, "info": {}, "observation": {"remainingOverageTime": 12, "index": 2}, "status": "ACTIVE"}, {"action": "EAST", "reward": 49, "info": {}, "observation": {"remainingOverageTime": 12, "index": 3}, "status": "ACTIVE"}], [{"action": "SOUTH", "reward": 53, "info": {}, "observation": {"remainingOverageTime": 12, "step": 46, "geese": [[53, 42, 41, 30, 19, 18, 7], [48, 59, 60, 71, 5, 16, 15], [66, 67, 1, 0, 10, 21], [34, 23, 22, 33, 43]], "food": [35, 76], "index": 0}, "status": "ACTIVE"}, {"action": "NORTH", "reward": 53, "info": {}, "observation": {"remainingOverageTime": 12, "index": 1}, "status": "ACTIVE"}, {"action": "WEST", "reward": 52, "info": {}, "observation": {"remainingOverageTime": 12, "index": 2}, "status": "ACTIVE"}, {"action": "SOUTH", "reward": 51, "info": {}, "observation": {"remainingOverageTime": 12, "index": 3}, "status": "ACTIVE"}], [{"action": "EAST", "reward": 54, "info": {}, "observation": {"remainingOverageTime": 12, "step": 47, "geese": [[54, 53, 42, 41, 30, 19, 18], [37, 48, 59, 60, 71, 5, 16], [76, 66, 67, 1, 0, 10, 21], [35, 34, 23, 22, 33, 43]], "food": [57, 52], "index": 0}, "status": "ACTIVE"}, {"action": "NORTH", "reward": 54, "info": {}, "observation": {"remainingOverageTime": 12, "index": 1}, "status": "ACTIVE"}, {"action": "WEST", "reward": 53, "info": {}, "observation": {"remainingOverageTime": 12, "index": 2}, "status": "ACTIVE"}, {"action": "EAST", "reward": 52, "info": {}, "observation": {"remainingOverageTime": 12, "index": 3}, "status": "ACTIVE"}], [{"action": "NORTH", "reward": 55, "info": {}, "observation": {"remainingOverageTime": 12, "step": 48, "geese": [[43, 54, 53, 42, 41, 30, 19], [26, 37, 48, 59, 60, 71, 5], [75, 76, 66, 67, 1, 0, 10], [46, 35, 34, 23, 22, 33]], "food": [57, 52], "index": 0}, "status": "ACTIVE"}, {"action": "NORTH", "reward": 55, "info": {}, "observation": {"remainingOverageTime": 12, "index": 1}, "status": "ACTIVE"}, {"action": "WEST", "reward": 55, "info": {}, "observation": {"remainingOverageTime": 12, "index": 2}, "status": "ACTIVE"}, {"action": "SOUTH", "reward": 54, "info": {}, "observation": {"remainingOverageTime": 12, "index": 3}, "status": "ACTIVE"}], [{"action": "NORTH", "reward": 56, "info": {}, "observation": {"remainingOverageTime": 12, "step": 49, "geese": [[32, 43, 54, 53, 42, 41, 30], [25, 26, 37, 48, 59, 60, 71], [64, 75, 76, 66, 67, 1, 0], [57, 46, 35, 34, 23, 22, 33]], "food": [52, 14], "index": 0}, "status": "ACTIVE"}, {"action": "WEST", "reward": 56, "info": {}, "observation": {"remainingOverageTime": 12, "index": 1}, "status": "ACTIVE"}, {"action": "NORTH", "reward": 56, "info": {}, "observation": {"remainingOverageTime": 12, "index": 2}, "status": "ACTIVE"}, {"action": "SOUTH", "reward": 55, "info": {}, "observation": {"remainingOverageTime": 12, "index": 3}, "status": "ACTIVE"}], [{"action": "NORTH", "reward": 57, "info": {}, "observation": {"remainingOverageTime": 12, "step": 50, "geese": [[21, 32, 43, 54, 53, 42, 41], [14, 25, 26, 37, 48, 59, 60, 71], [63, 64, 75, 76, 66, 67, 1], [68, 57, 46, 35, 34, 23, 22]], "food": [52, 55], "index": 0}, "status": "ACTIVE"}, {"action": "NORTH", "reward": 57, "info": {}, "observation": {"remainingOverageTime": 12, "index": 1}, "status": "ACTIVE"}, {"action": "WEST", "reward": 57, "info": {}, "observation": {"remainingOverageTime": 12, "index": 2}, "status": "ACTIVE"}, {"action": "SOUTH", "reward": 57, "info": {}, "observation": {"remainingOverageTime": 12, "index": 3}, "status": "ACTIVE"}], [{"action": "EAST", "reward": 58, "info": {}, "observation": {"remainingOverageTime": 12, "step": 51, "geese": [[11, 21, 32, 43, 54, 53, 42], [13, 14, 25, 26, 37, 48, 59, 60], [52, 63, 64, 75, 76, 66, 67, 1], [69, 68, 57, 46, 35, 34, 23]], "food": [55, 41], "index": 0}, "status": "ACTIVE"}, {"action": "WEST", "reward": 59, "info": {}, "observation": {"remainingOverageTime": 12, "index": 1}, "status": "ACTIVE"}, {"action": "NORTH", "reward": 58, "info": {}, "observation": {"remainingOverageTime": 12, "index": 2}, "status": "ACTIVE"}, {"action": "EAST", "reward": 58, "info": {}, "observation": {"remainingOverageTime": 12, "index": 3}, "status": "ACTIVE"}], [{"action": "SOUTH", "reward": 59, "info": {}, "observation": {"remainingOverageTime": 12, "step": 52, "geese": [[22, 11, 21, 32, 43, 54, 53], [2, 13, 14, 25, 26, 37, 48, 59], [41, 52, 63, 64, 75, 76, 66, 67, 1], [70, 69, 68, 57, 46, 35, 34]], "food": [55, 4], "index": 0}, "status": "ACTIVE"}, {"action": "NORTH", "reward": 60, "info": {}, "observation": {"remainingOverageTime": 12, "index": 1}, "status": "ACTIVE"}, {"action": "NORTH", "reward": 60, "info": {}, "observation": {"remainingOverageTime": 12, "index": 2}, "status": "ACTIVE"}, {"action": "EAST", "reward": 59, "info": {}, "observation": {"remainingOverageTime": 12, "index": 3}, "status": "ACTIVE"}], [{"action": "SOUTH", "reward": 60, "info": {}, "observation": {"remainingOverageTime": 12, "step": 53, "geese": [[33, 22, 11, 21, 32, 43, 54], [3, 2, 13, 14, 25, 26, 37, 48], [40, 41, 52, 63, 64, 75, 76, 66, 67], [4, 70, 69, 68, 57, 46, 35, 34]], "food": [55, 44], "index": 0}, "status": "ACTIVE"}, {"action": "EAST", "reward": 61, "info": {}, "observation": {"remainingOverageTime": 12, "index": 1}, "status": "ACTIVE"}, {"action": "WEST", "reward": 62, "info": {}, "observation": {"remainingOverageTime": 12, "index": 2}, "status": "ACTIVE"}, {"action": "SOUTH", "reward": 60, "info": {}, "observation": {"remainingOverageTime": 12, "index": 3}, "status": "ACTIVE"}], [{"action": "SOUTH", "reward": 61, "info": {}, "observation": {"remainingOverageTime": 12, "step": 54, "geese": [[44, 33, 22, 11, 21, 32, 43, 54], [], [29, 40, 41, 52, 63, 64, 75, 76, 66], [5, 4, 70, 69, 68, 57, 46, 35]], "food": [55, 74], "index": 0}, "status": "ACTIVE"}, {"action": "SOUTH", "reward": 62, "info": {}, "observation": {"remainingOverageTime": 12, "index": 1}, "status": "DONE"}, {"action": "NORTH", "reward": 63, "info": {}, "observation": {"remainingOverageTime": 12, "index": 2}, "status": "ACTIVE"}, {"action": "EAST", "reward": 62, "info": {}, "observation": {"remainingOverageTime": 12, "index": 3}, "status": "ACTIVE"}], [{"action": "SOUTH", "reward": 63, "info": {}, "observation": {"remainingOverageTime": 12, "step": 55, "geese": [[55, 44, 33, 22, 11, 21, 32, 43, 54], [], [30, 29, 40, 41, 52, 63, 64, 75, 76], [6, 5, 4, 70, 69, 68, 57, 46]], "food": [74, 56], "index": 0}, "status": "ACTIVE"}, {"action": "NORTH", "reward": 62, "info": {}, "observation": {"remainingOverageTime": 12, "index": 1}, "status": "DONE"}, {"action": "EAST", "reward": 64, "info": {}, "observation": {"remainingOverageTime": 12, "index": 2}, "status": "ACTIVE"}, {"action": "EAST", "reward": 63, "info": {}, "observation": {"remainingOverageTime": 12, "index": 3}, "status": "ACTIVE"}], [{"action": "EAST", "reward": 65, "info": {}, "observation": {"remainingOverageTime": 12, "step": 56, "geese": [[56, 55, 44, 33, 22, 11, 21, 32, 43, 54], [], [19, 30, 29, 40, 41, 52, 63, 64, 75], [7, 6, 5, 4, 70, 69, 68, 57]], "food": [74, 36], "index": 0}, "status": "ACTIVE"}, {"action": "NORTH", "reward": 62, "info": {}, "observation": {"remainingOverageTime": 12, "index": 1}, "status": "DONE"}, {"action": "NORTH", "reward": 65, "info": {}, "observation": {"remainingOverageTime": 12, "index": 2}, "status": "ACTIVE"}, {"action": "EAST", "reward": 64, "info": {}, "observation": {"remainingOverageTime": 12, "index": 3}, "status": "ACTIVE"}], [{"action": "EAST", "reward": 67, "info": {}, "observation": {"remainingOverageTime": 12, "step": 57, "geese": [[57, 56, 55, 44, 33, 22, 11, 21, 32, 43], [], [20, 19, 30, 29, 40, 41, 52, 63, 64], [73, 7, 6, 5, 4, 70, 69, 68]], "food": [74, 36], "index": 0}, "status": "ACTIVE"}, {"action": "NORTH", "reward": 62, "info": {}, "observation": {"remainingOverageTime": 12, "index": 1}, "status": "DONE"}, {"action": "EAST", "reward": 66, "info": {}, "observation": {"remainingOverageTime": 12, "index": 2}, "status": "ACTIVE"}, {"action": "NORTH", "reward": 65, "info": {}, "observation": {"remainingOverageTime": 12, "index": 3}, "status": "ACTIVE"}], [{"action": "NORTH", "reward": 68, "info": {}, "observation": {"remainingOverageTime": 12, "step": 58, "geese": [[46, 57, 56, 55, 44, 33, 22, 11, 21, 32], [], [9, 20, 19, 30, 29, 40, 41, 52, 63], [74, 73, 7, 6, 5, 4, 70, 69, 68]], "food": [36, 75], "index": 0}, "status": "ACTIVE"}, {"action": "NORTH", "reward": 62, "info": {}, "observation": {"remainingOverageTime": 12, "index": 1}, "status": "DONE"}, {"action": "NORTH", "reward": 67, "info": {}, "observation": {"remainingOverageTime": 12, "index": 2}, "status": "ACTIVE"}, {"action": "EAST", "reward": 66, "info": {}, "observation": {"remainingOverageTime": 12, "index": 3}, "status": "ACTIVE"}], [{"action": "NORTH", "reward": 69, "info": {}, "observation": {"remainingOverageTime": 12, "step": 59, "geese": [[35, 46, 57, 56, 55, 44, 33, 22, 11, 21], [], [10, 9, 20, 19, 30, 29, 40, 41, 52], [8, 74, 73, 7, 6, 5, 4, 70, 69]], "food": [36, 75], "index": 0}, "status": "ACTIVE"}, {"action": "NORTH", "reward": 62, "info": {}, "observation": {"remainingOverageTime": 12, "index": 1}, "status": "DONE"}, {"action": "EAST", "reward": 68, "info": {}, "observation": {"remainingOverageTime": 12, "index": 2}, "status": "ACTIVE"}, {"action": "SOUTH", "reward": 68, "info": {}, "observation": {"remainingOverageTime": 12, "index": 3}, "status": "ACTIVE"}], [{"action": "EAST", "reward": 70, "info": {}, "observation": {"remainingOverageTime": 12, "step": 60, "geese": [[36, 35, 46, 57, 56, 55, 44, 33, 22, 11, 21], [], [], []], "food": [75, 54], "index": 0}, "status": "DONE"}, {"action": "NORTH", "reward": 62, "info": {}, "observation": {"remainingOverageTime": 12, "index": 1}, "status": "DONE"}, {"action": "NORTH", "reward": 69, "info": {}, "observation": {"remainingOverageTime": 12, "index": 2}, "status": "DONE"}, {"action": "SOUTH", "reward": 69, "info": {}, "observation": {"remainingOverageTime": 12, "index": 3}, "status": "DONE"}]], "rewards": [70, 62, 69, 69], "statuses": ["DONE", "DONE", "DONE", "DONE"], "schema_version": 1, "info": {}}