{"id": "abc1a828-da83-11ee-b31f-0242ac130202", "name": "hungry_geese", "title": "Hungry Geese", "description": "Similar to the classic snake game with multiple players", "version": "1.0.0", "configuration": {"episodeSteps": 200, "actTimeout": 6, "runTimeout": 1200, "columns": 11, "rows": 7, "hunger_rate": 40, "min_food": 2}, "specification": {"action": {"description": "Direction to move the head of your players goose.", "type": "string", "enum": ["NORTH", "EAST", "SOUTH", "WEST"], "default": "NORTH"}, "agents": [2, 3, 4, 5, 6, 7, 8], "configuration": {"episodeSteps": {"description": "Maximum number of steps in the episode.", "type": "integer", "minimum": 1, "default": 200}, "actTimeout": {"description": "Maximum runtime (seconds) to obtain an action from an agent.", "type": "number", "minimum": 0, "default": 6}, "runTimeout": {"description": "Maximum runtime (seconds) of an episode (not necessarily DONE).", "type": "number", "minimum": 0, "default": 1200}, "columns": {"description": "Horizontal number of cells on the board.", "type": "integer", "default": 11, "minimum": 3}, "rows": {"description": "Vertical number of cells on the board.", "type": "integer", "default": 7, "minimum": 3}, "hunger_rate": {"description": "The number of steps before the goose shrinks a cell.", "type": "integer", "minimum": 1, "default": 40}, "min_food": {"description": "The minimum amount of food present for all steps.", "type": "integer", "default": 2, "minimum": 1}}, "info": {}, "observation": {"remainingOverageTime": {"description": "Total remaining banked time (seconds) that can be used in excess of per-step actTimeouts -- agent is disqualified with TIMEOUT status when this drops below 0.", "shared": false, "type": "number", "minimum": 0, "default": 12}, "step": {"description": "Current step within the episode.", "type": "integer", "shared": true, "minimum": 0, "default": 0}, "geese": {"description": "List of geese in order by the agent index.", "type": "array", "default": [], "shared": true}, "food": {"description": "Positions on the board where food is present.", "type": "array", "default": [], "shared": true}, "index": {"description": "Index of the current agent's goose in the list of geese.", "type": "integer", "minimum": 0, "defaults": [0, 1, 2, 3, 4, 5, 6, 7]}}, "reward": {"description": "The number of steps the goose has moved plus its length.", "type": ["number", "null"], "default": 0, "minimum": 0}}, "steps": [[{"action": "NORTH", "reward": 0, "info": {}, "observation": {"remainingOverageTime": 12, "step": 0, "geese": [[26], [17], [56], [7]], "food": [16, 50], "index": 0}, "status": "ACTIVE"}, {"action": "NORTH", "reward": 0, "info": {}, "observation": {"remainingOverageTime": 12, "index": 1}, "status": "ACTIVE"}, {"action": "NORTH", "reward": 0, "info": {}, "observation": {"remainingOverageTime": 12, "index": 2}, "status": "ACTIVE"}, {"action": "NORTH", "reward": 0, "info": {}, "observation": {"remainingOverageTime": 12, "index": 3}, "status": "ACTIVE"}], [{"action": "EAST", "reward": 2, "info": {}, "observation": {"remainingOverageTime": 12, "step": 1, "geese": [[27], [16, 17], [57], [73]], "food": [50, 7], "index": 0}, "status": "ACTIVE"}, {"action": "WEST", "reward": 2, "info": {}, "observation": {"remainingOverageTime": 12, "index": 1}, "status": "ACTIVE"}, {"action": "EAST", "reward": 2, "info": {}, "observation": {"remainingOverageTime": 12, "index": 2}, "status": "ACTIVE"}, {"action": "NORTH", "reward": 2, "info": {}, "observation": {"remainingOverageTime": 12, "index": 3}, "status": "ACTIVE"}], [{"action": "EAST", "reward": 3, "info": {}, "observation": {"remainingOverageTime": 12, "step": 2, "geese": [[28], [5, 16], [46], [62]], "food": [50, 7], "index": 0}, "status": "ACTIVE"}, {"action": "NORTH", "reward": 4, "info": {}, "observation": {"remainingOverageTime": 12, "index": 1}, "status": "ACTIVE"}, {"action": "NORTH", "reward": 3, "info": {}, "observation": {"remainingOverageTime": 12, "index": 2}, "status": "ACTIVE"}, {"action": "NORTH", "reward": 3, "info": {}, "observation": {"remainingOverageTime": 12, "index": 3}, "status": "ACTIVE"}], [{"action": "SOUTH", "reward": 4, "info": {}, "observation": {"remainingOverageTime": 12, "step": 3, "geese": [[39], [6, 5], [47], [61]], "food": [50, 7], "index": 0}, "status": "ACTIVE"}, {"action": "EAST", "reward": 5, "info": {}, "observation": {"remainingOverageTime": 12, "index": 1}, "status": "ACTIVE"}, {"action": "EAST", "reward": 4, "info": {}, "observation": {"remainingOverageTime": 12, "index": 2}, "status": "ACTIVE"}, {"action": "WEST", "reward": 4, "info": {}, "observation": {"remainingOverageTime": 12, "index": 3}, "status": "ACTIVE"}], [{"action": "WEST", "reward": 5, "info": {}, "observation": {"remainingOverageTime": 12, "step": 4, "geese": [[38], [7, 6, 5], [48], [60]], "food": [50, 57], "index": 0}, "status": "ACTIVE"}, {"action": "EAST", "reward": 6, "info": {}, "observation": {"remainingOverageTime": 12, "index": 1}, "status": "ACTIVE"}, {"action": "EAST", "reward": 5, "info": {}, "observation": {"remainingOverageTime": 12, "index": 2}, "status": "ACTIVE"}, {"action": "WEST", "reward": 5, "info": {}, "observation": {"remainingOverageTime": 12, "index": 3}, "status": "ACTIVE"}], [{"action": "NORTH", "reward": 6, "info": {}, "observation": {"remainingOverageTime": 12, "step": 5, "geese": [[27], [73, 7, 6], [49], [71]], "food": [50, 57], "index": 0}, "status": "ACTIVE"}, {"action": "NORTH", "reward": 8, "info": {}, "observation": {"remainingOverageTime": 12, "index": 1}, "status": "ACTIVE"}, {"action": "EAST", "reward": 6, "info": {}, "observation": {"remainingOverageTime": 12, "index": 2}, "status": "ACTIVE"}, {"action": "SOUTH", "reward": 6, "info": {}, "observation": {"remainingOverageTime": 12, "index": 3}, "status": "ACTIVE"}], [{"action": "EAST", "reward": 7, "info": {}, "observation": {"remainingOverageTime": 12, "step": 6, "geese": [[28], [62, 73, 7], [50, 49], [70]], "food": [57, 31], "index": 0}, "status": "ACTIVE"}, {"action": "NORTH", "reward": 9, "info": {}, "observation": {"remainingOverageTime": 12, "index": 1}, "status": "ACTIVE"}, {"action": "EAST", "reward": 7, "info": {}, "observation": {"remainingOverageTime": 12, "index": 2}, "status": "ACTIVE"}, {"action": "WEST", "reward": 7, "info": {}, "observation": {"remainingOverageTime": 12, "index": 3}, "status": "ACTIVE"}], [{"action": "EAST", "reward": 8, "info": {}, "observation": {"remainingOverageTime": 12, "step": 7, "geese": [[29], [63, 62, 73], [51, 50], [69]], "food": [57, 31], "index": 0}, "status": "ACTIVE"}, {"action": "EAST", "reward": 10, "info": {}, "observation": {"remainingOverageTime": 12, "index": 1}, "status": "ACTIVE"}, {"action": "EAST", "reward": 9, "info": {}, "observation": {"remainingOverageTime": 12, "index": 2}, "status": "ACTIVE"}, {"action": "WEST", "reward": 8, "info": {}, "observation": {"remainingOverageTime": 12, "index": 3}, "status": "ACTIVE"}], [{"action": "EAST", "reward": 9, "info": {}, "observation": {"remainingOverageTime": 12, "step": 8, "geese": [[30], [64, 63, 62], [40, 51], [68]], "food": [57, 31], "index": 0}, "status": "ACTIVE"}, {"action": "EAST", "reward": 11, "info": {}, "observation": {"remainingOverageTime": 12, "index": 1}, "status": "ACTIVE"}, {"action": "NORTH", "reward": 10, "info": {}, "observation": {"remainingOverageTime": 12, "index": 2}, "status": "ACTIVE"}, {"action": "WEST", "reward": 9, "info": {}, "observation": {"remainingOverageTime": 12, "index": 3}, "status": "ACTIVE"}], [{"action": "EAST", "reward": 10, "info": {}, "observation": {"remainingOverageTime": 12, "step": 9, "geese": [[31, 30], [53, 64, 63], [39, 40], [57, 68]], "food": [35, 58], "index": 0}, "status": "ACTIVE"}, {"action": "NORTH", "reward": 12, "info": {}, "observation": {"remainingOverageTime": 12, "index": 1}, "status": "ACTIVE"}, {"action": "WEST", "reward": 11, "info": {}, "observation": {"remainingOverageTime": 12, "index": 2}, "status": "ACTIVE"}, {"action": "NORTH", "reward": 10, "info": {}, "observation": {"remainingOverageTime": 12, "index": 3}, "status": "ACTIVE"}], [{"action": "EAST", "reward": 12, "info": {}, "observation": {"remainingOverageTime": 12, "step": 10, "geese": [[32, 31], [54, 53, 64], [38, 39], [58, 57, 68]], "food": [35, 60], "index": 0}, "status": "ACTIVE"}, {"action": "EAST", "reward": 13, "info": {}, "observation": {"remainingOverageTime": 12, "index": 1}, "status": "ACTIVE"}, {"action": "WEST", "reward": 12, "info": {}, "observation": {"remainingOverageTime": 12, "index": 2}, "status": "ACTIVE"}, {"action": "EAST", "reward": 12, "info": {}, "observation": {"remainingOverageTime": 12, "index": 3}, "status": "ACTIVE"}], [{"action": "EAST", "reward": 13, "info": {}, "observation": {"remainingOverageTime": 12, "step": 11, "geese": [[22, 32], [44, 54, 53], [49, 38], [59, 58, 57]], "food": [35, 60], "index": 0}, "status": "ACTIVE"}, {"action": "EAST", "reward": 14, "info": {}, "observation": {"remainingOverageTime": 12, "index": 1}, "status": "ACTIVE"}, {"action": "SOUTH", "reward": 13, "info": {}, "observation": {"remainingOverageTime": 12, "index": 2}, "status": "ACTIVE"}, {"action": "EAST", "reward": 14, "info": {}, "observation": {"remainingOverageTime": 12, "index": 3}, "status": "ACTIVE"}], [{"action": "NORTH", "reward": 14, "info": {}, "observation": {"remainingOverageTime": 12, "step": 12, "geese": [[11, 22], [45, 44, 54], [50, 49], [70, 59, 58]], "food": [35, 60], "index": 0}, "status": "ACTIVE"}, {"action": "EAST", "reward": 15, "info": {}, "observation": {"remainingOverageTime": 12, "index": 1}, "status": "ACTIVE"}, {"action": "EAST", "reward": 14, "info": {}, "observation": {"remainingOverageTime": 12, "index": 2}, "status": "ACTIVE"}, {"action": "SOUTH", "reward": 15, "info": {}, "observation": {"remainingOverageTime": 12, "index": 3}, "status": "ACTIVE"}], [{"action": "EAST", "reward": 15, "info": {}, "observation": {"remainingOverageTime": 12, "step": 13, "geese": [[12, 11], [46, 45, 44], [61, 50], [71, 70, 59]], "food": [35, 60], "index": 0}, "status": "ACTIVE"}, {"action": "EAST", "reward": 16, "info": {}, "observation": {"remainingOverageTime": 12, "index": 1}, "status": "ACTIVE"}, {"action": "SOUTH", "reward": 15, "info": {}, "observation": {"remainingOverageTime": 12, "index": 2}, "status": "ACTIVE"}, {"action": "EAST", "reward": 16, "info": {}, "observation": {"remainingOverageTime": 12, "index": 3}, "status": "ACTIVE"}], [{"action": "EAST", "reward": 16, "info": {}, "observation": {"remainingOverageTime": 12, "step": 14, "geese": [[13, 12], [35, 46, 45, 44], [62, 61], [5, 71, 70]], "food": [60, 2], "index": 0}, "status": "ACTIVE"}, {"action": "NORTH", "reward": 17, "info": {}, "observation": {"remainingOverageTime": 12, "index": 1}, "status": "ACTIVE"}, {"action": "EAST", "reward": 16, "info": {}, "observation": {"remainingOverageTime": 12, "index": 2}, "status": "ACTIVE"}, {"action": "SOUTH", "reward": 17, "info": {}, "observation": {"remainingOverageTime": 12, "index": 3}, "status": "ACTIVE"}], [{"action": "NORTH", "reward": 17, "info": {}, "observation": {"remainingOverageTime": 12, "step": 15, "geese": [[2, 13, 12], [36, 35, 46, 45], [51, 62], [4, 5, 71]], "food": [60, 65], "index": 0}, "status": "ACTIVE"}, {"action": "EAST", "reward": 19, "info": {}, "observation": {"remainingOverageTime": 12, "index": 1}, "status": "ACTIVE"}, {"action": "NORTH", "reward": 17, "info": {}, "observation": {"remainingOverageTime": 12, "index": 2}, "status": "ACTIVE"}, {"action": "WEST", "reward": 18, "info": {}, "observation": {"remainingOverageTime": 12, "index": 3}, "status": "ACTIVE"}], [{"action": "WEST", "reward": 19, "info": {}, "observation": {"remainingOverageTime": 12, "step": 16, "geese": [[1, 2, 13], [37, 36, 35, 46], [50, 51], [70, 4, 5]], "food": [60, 65], "index": 0}, "status": "ACTIVE"}, {"action": "EAST", "reward": 20, "info": {}, "observation": {"remainingOverageTime": 12, "index": 1}, "status": "ACTIVE"}, {"action": "WEST", "reward": 18, "info": {}, "observation": {"remainingOverageTime": 12, "index": 2}, "status": "ACTIVE"}, {"action": "NORTH", "reward": 19, "info": {}, "observation": {"remainingOverageTime": 12, "index": 3}, "status": "ACTIVE"}], [{"action": "NORTH", "reward": 20, "info": {}, "observation": {"remainingOverageTime": 12, "step": 17, "geese": [[67, 1, 2], [48, 37, 36, 35], [61, 50], [59, 70, 4]], "food": [60, 65], "index": 0}, "status": "ACTIVE"}, {"action": "SOUTH", "reward": 21, "info": {}, "observation": {"remainingOverageTime": 12, "index": 1}, "status": "ACTIVE"}, {"action": "SOUTH", "reward": 19, "info": {}, "observation": {"remainingOverageTime": 12, "index": 2}, "status": "ACTIVE"}, {"action": "NORTH", "reward": 20, "info": {}, "observation": {"remainingOverageTime": 12, "index": 3}, "status": "ACTIVE"}], [{"action": "NORTH", "reward": 21, "info": {}, "observation": {"remainingOverageTime": 12, "step": 18, "geese": [[56, 67, 1], [49, 48, 37, 36], [72, 61], [58, 59, 70]], "food": [60, 65], "index": 0}, "status": "ACTIVE"}, {"action": "EAST", "reward": 22, "info": {}, "observation": {"remainingOverageTime": 12, "index": 1}, "status": "ACTIVE"}, {"action": "SOUTH", "reward": 20, "info": {}, "observation": {"remainingOverageTime": 12, "index": 2}, "status": "ACTIVE"}, {"action": "WEST", "reward": 21, "info": {}, "observation": {"remainingOverageTime": 12, "index": 3}, "status": "ACTIVE"}], [{"action": "WEST", "reward": 22, "info": {}, "observation": {"remainingOverageTime": 12, "step": 19, "geese": [[55, 56, 67], [60, 49, 48, 37, 36], [71, 72], [69, 58, 59]], "food": [65, 23], "index": 0}, "status": "ACTIVE"}, {"action": "SOUTH", "reward": 23, "info": {}, "observation": {"remainingOverageTime": 12, "index": 1}, "status": "ACTIVE"}, {"action": "WEST", "reward": 21, "info": {}, "observation": {"remainingOverageTime": 12, "index": 2}, "status": "ACTIVE"}, {"action": "SOUTH", "reward": 22, "info": {}, "observation": {"remainingOverageTime": 12, "index": 3}, "status": "ACTIVE"}], [{"action": "WEST", "reward": 23, "info": {}, "observation": {"remainingOverageTime": 12, "step": 20, "geese": [[65, 55, 56, 67], [61, 60, 49, 48, 37], [5, 71], [3, 69, 58]], "food": [23, 25], "index": 0}, "status": "ACTIVE"}, {"action": "EAST", "reward": 25, "info": {}, "observation": {"remainingOverageTime": 12, "index": 1}, "status": "ACTIVE"}, {"action": "SOUTH", "reward": 22, "info": {}, "observation": {"remainingOverageTime": 12, "index": 2}, "status": "ACTIVE"}, {"action": "SOUTH", "reward": 23, "info": {}, "observation": {"remainingOverageTime": 12, "index": 3}, "status": "ACTIVE"}], [{"action": "NORTH", "reward": 25, "info": {}, "observation": {"remainingOverageTime": 12, "step": 21, "geese": [[54, 65, 55, 56], [50, 61, 60, 49, 48], [16, 5], [14, 3, 69]], "food": [23, 25], "index": 0}, "status": "ACTIVE"}, {"action": "NORTH", "reward": 26, "info": {}, "observation": {"remainingOverageTime": 12, "index": 1}, "status": "ACTIVE"}, {"action": "SOUTH", "reward": 23, "info": {}, "observation": {"remainingOverageTime": 12, "index": 2}, "status": "ACTIVE"}, {"action": "SOUTH", "reward": 24, "info": {}, "observation": {"remainingOverageTime": 12, "index": 3}, "status": "ACTIVE"}], [{"action": "NORTH", "reward": 26, "info": {}, "observation": {"remainingOverageTime": 12, "step": 22, "geese": [[43, 54, 65, 55], [39, 50, 61, 60, 49], [27, 16], [25, 14, 3, 69]], "food": [23, 15], "index": 0}, "status": "ACTIVE"}, {"action": "NORTH", "reward": 27, "info": {}, "observation": {"remainingOverageTime": 12, "index": 1}, "status": "ACTIVE"}, {"action": "SOUTH", "reward": 24, "info": {}, "observation": {"remainingOverageTime": 12, "index": 2}, "status": "ACTIVE"}, {"action": "SOUTH", "reward": 25, "info": {}, "observation": {"remainingOverageTime": 12, "index": 3}, "status": "ACTIVE"}], [{"action": "EAST", "reward": 27, "info": {}, "observation": {"remainingOverageTime": 12, "step": 23, "geese": [[33, 43, 54, 65], [40, 39, 50, 61, 60], [38, 27], [24, 25, 14, 3]], "food": [23, 15], "index": 0}, "status": "ACTIVE"}, {"action": "EAST", "reward": 28, "info": {}, "observation": {"remainingOverageTime": 12, "index": 1}, "status": "ACTIVE"}, {"action": "SOUTH", "reward": 25, "info": {}, "observation": {"remainingOverageTime": 12, "index": 2}, "status": "ACTIVE"}, {"action": "WEST", "reward": 27, "info": {}, "observation": {"remainingOverageTime": 12, "index": 3}, "status": "ACTIVE"}], [{"action": "NORTH", "reward": 28, "info": {}, "observation": {"remainingOverageTime": 12, "step": 24, "geese": [[22, 33, 43, 54], [29, 40, 39, 50, 61], [37, 38], [23, 24, 25, 14, 3]], "food": [15, 72], "index": 0}, "status": "ACTIVE"}, {"action": "NORTH", "reward": 29, "info": {}, "observation": {"remainingOverageTime": 12, "index": 1}, "status": "ACTIVE"}, {"action": "WEST", "reward": 26, "info": {}, "observation": {"remainingOverageTime": 12, "index": 2}, "status": "ACTIVE"}, {"action": "WEST", "reward": 28, "info": {}, "observation": {"remainingOverageTime": 12, "index": 3}, "status": "ACTIVE"}], [{"action": "NORTH", "reward": 29, "info": {}, "observation": {"remainingOverageTime": 12, "step": 25, "geese": [[11, 22, 33, 43], [28, 29, 40, 39, 50], [26, 37], [12, 23, 24, 25, 14]], "food": [15, 72], "index": 0}, "status": "ACTIVE"}, {"action": "WEST", "reward": 30, "info": {}, "observation": {"remainingOverageTime": 12, "index": 1}, "status": "ACTIVE"}, {"action": "NORTH", "reward": 27, "info": {}, "observation": {"remainingOverageTime": 12, "index": 2}, "status": "ACTIVE"}, {"action": "NORTH", "reward": 30, "info": {}, "observation": {"remainingOverageTime": 12, "index": 3}, "status": "ACTIVE"}], [{"action": "NORTH", "reward": 30, "info": {}, "observation": {"remainingOverageTime": 12, "step": 26, "geese": [[0, 11, 22, 33], [17, 28, 29, 40, 39], [15, 26, 37], [13, 12, 23, 24, 25]], "food": [72, 32], "index": 0}, "status": "ACTIVE"}, {"action": "NORTH", "reward": 31, "info": {}, "observation": {"remainingOverageTime": 12, "index": 1}, "status": "ACTIVE"}, {"action": "NORTH", "reward": 28, "info": {}, "observation": {"remainingOverageTime": 12, "index": 2}, "status": "ACTIVE"}, {"action": "EAST", "reward": 31, "info": {}, "observation": {"remainingOverageTime": 12, "index": 3}, "status": "ACTIVE"}], [{"action": "WEST", "reward": 31, "info": {}, "observation": {"remainingOverageTime": 12, "step": 27, "geese": [[10, 0, 11, 22], [6, 17, 28, 29, 40], [4, 15, 26], [2, 13, 12, 23, 24]], "food": [72, 32], "index": 0}, "status": "ACTIVE"}, {"action": "NORTH", "reward": 32, "info": {}, "observation": {"remainingOverageTime": 12, "index": 1}, "status": "ACTIVE"}, {"action": "NORTH", "reward": 30, "info": {}, "observation": {"remainingOverageTime": 12, "index": 2}, "status": "ACTIVE"}, {"action": "NORTH", "reward": 32, "info": {}, "observation": {"remainingOverageTime": 12, "index": 3}, "status": "ACTIVE"}], [{"action": "SOUTH", "reward": 32, "info": {}, "observation": {"remainingOverageTime": 12, "step": 28, "geese": [[21, 10, 0, 11], [72, 6, 17, 28, 29, 40], [70, 4, 15], [1, 2, 13, 12, 23]], "food": [32, 20], "index": 0}, "status": "ACTIVE"}, {"action": "NORTH", "reward": 33, "info": {}, "observation": {"remainingOverageTime": 12, "index": 1}, "status": "ACTIVE"}, {"action": "NORTH", "reward": 31, "info": {}, "observation": {"remainingOverageTime": 12, "index": 2}, "status": "ACTIVE"}, {"action": "WEST", "reward": 33, "info": {}, "observation": {"remainingOverageTime": 12, "index": 3}, "status": "ACTIVE"}], [{"action": "WEST", "reward": 33, "info": {}, "observation": {"remainingOverageTime": 12, "step": 29, "geese": [[20, 21, 10, 0, 11], [73, 72, 6, 17, 28, 29], [69, 70, 4], [67, 1, 2, 13, 12]], "food": [32, 68], "index": 0}, "status": "ACTIVE"}, {"action": "EAST", "reward": 35, "info": {}, "observation": {"remainingOverageTime": 12, "index": 1}, "status": "ACTIVE"}, {"action": "WEST", "reward": 32, "info": {}, "observation": {"remainingOverageTime": 12, "index": 2}, "status": "ACTIVE"}, {"action": "NORTH", "reward": 34, "info": {}, "observation": {"remainingOverageTime": 12, "index": 3}, "status": "ACTIVE"}], [{"action": "SOUTH", "reward": 35, "info": {}, "observation": {"remainingOverageTime": 12, "step": 30, "geese": [[31, 20, 21, 10, 0], [74, 73, 72, 6, 17, 28], [58, 69, 70], [66, 67, 1, 2, 13]], "food": [32, 68], "index": 0}, "status": "ACTIVE"}, {"action": "EAST", "reward": 36, "info": {}, "observation": {"remainingOverageTime": 12, "index": 1}, "status": "ACTIVE"}, {"action": "NORTH", "reward": 33, "info": {}, "observation": {"remainingOverageTime": 12, "index": 2}, "status": "ACTIVE"}, {"action": "WEST", "reward": 35, "info": {}, "observation": {"remainingOverageTime": 12, "index": 3}, "status": "ACTIVE"}], [{"action": "EAST", "reward": 36, "info": {}, "observation": {"remainingOverageTime": 12, "step": 31, "geese": [[32, 31, 20, 21, 10, 0], [75, 74, 73, 72, 6, 17], [57, 58, 69], [55, 66, 67, 1, 2]], "food": [68, 12], "index": 0}, "status": "ACTIVE"}, {"action": "EAST", "reward": 37, "info": {}, "observation": {"remainingOverageTime": 12, "index": 1}, "status": "ACTIVE"}, {"action": "WEST", "reward": 34, "info": {}, "observation": {"remainingOverageTime": 12, "index": 2}, "status": "ACTIVE"}, {"action": "NORTH", "reward": 36, "info": {}, "observation": {"remainingOverageTime": 12, "index": 3}, "status": "ACTIVE"}], [{"action": "EAST", "reward": 38, "info": {}, "observation": {"remainingOverageTime": 12, "step": 32, "geese": [[22, 32, 31, 20, 21, 10], [64, 75, 74, 73, 72, 6], [68, 57, 58, 69], [44, 55, 66, 67, 1]], "food": [12, 41], "index": 0}, "status": "ACTIVE"}, {"action": "NORTH", "reward": 38, "info": {}, "observation": {"remainingOverageTime": 12, "index": 1}, "status": "ACTIVE"}, {"action": "SOUTH", "reward": 35, "info": {}, "observation": {"remainingOverageTime": 12, "index": 2}, "status": "ACTIVE"}, {"action": "NORTH", "reward": 37, "info": {}, "observation": {"remainingOverageTime": 12, "index": 3}, "status": "ACTIVE"}], [{"action": "NORTH", "reward": 39, "info": {}, "observation": {"remainingOverageTime": 12, "step": 33, "geese": [[11, 22, 32, 31, 20, 21], [53, 64, 75, 74, 73, 72], [2, 68, 57, 58], [45, 44, 55, 66, 67]], "food": [12, 41], "index": 0}, "status": "ACTIVE"}, {"action": "NORTH", "reward": 39, "info": {}, "observation": {"remainingOverageTime": 12, "index": 1}, "status": "ACTIVE"}, {"action": "SOUTH", "reward": 37, "info": {}, "observation": {"remainingOverageTime": 12, "index": 2}, "status": "ACTIVE"}, {"action": "EAST", "reward": 38, "info": {}, "observation": {"remainingOverageTime": 12, "index": 3}, "status": "ACTIVE"}], [{"action": "EAST", "reward": 40, "info": {}, "observation": {"remainingOverageTime": 12, "step": 34, "geese": [[12, 11, 22, 32, 31, 20, 21], [42, 53, 64, 75, 74, 73], [13, 2, 68, 57], [34, 45, 44, 55, 66]], "food": [41, 61], "index": 0}, "status": "ACTIVE"}, {"action": "NORTH", "reward": 40, "info": {}, "observation": {"remainingOverageTime": 12, "index": 1}, "status": "ACTIVE"}, {"action": "SOUTH", "reward": 38, "info": {}, "observation": {"remainingOverageTime": 12, "index": 2}, "status": "ACTIVE"}, {"action": "NORTH", "reward": 39, "info": {}, "observation": {"remainingOverageTime": 12, "index": 3}, "status": "ACTIVE"}], [{"action": "NORTH", "reward": 42, "info": {}, "observation": {"remainingOverageTime": 12, "step": 35, "geese": [[1, 12, 11, 22, 32, 31, 20], [41, 42, 53, 64, 75, 74, 73], [14, 13, 2, 68], [35, 34, 45, 44, 55]], "food": [61, 58], "index": 0}, "status": "ACTIVE"}, {"action": "WEST", "reward": 41, "info": {}, "observation": {"remainingOverageTime": 12, "index": 1}, "status": "ACTIVE"}, {"action": "EAST", "reward": 39, "info": {}, "observation": {"remainingOverageTime": 12, "index": 2}, "status": "ACTIVE"}, {"action": "EAST", "reward": 40, "info": {}, "observation": {"remainingOverageTime": 12, "index": 3}, "status": "ACTIVE"}], [{"action": "NORTH", "reward": 43, "info": {}, "observation": {"remainingOverageTime": 12, "step": 36, "geese": [[67, 1, 12, 11, 22, 32, 31], [40, 41, 42, 53, 64, 75, 74], [3, 14, 13, 2], [46, 35, 34, 45, 44]], "food": [61, 58], "index": 0}, "status": "ACTIVE"}, {"action": "WEST", "reward": 43, "info": {}, "observation": {"remainingOverageTime": 12, "index": 1}, "status": "ACTIVE"}, {"action": "NORTH", "reward": 40, "info": {}, "observation": {"remainingOverageTime": 12, "index": 2}, "status": "ACTIVE"}, {"action": "SOUTH", "reward": 41, "info": {}, "observation": {"remainingOverageTime": 12, "index": 3}, "status": "ACTIVE"}], [{"action": "NORTH", "reward": 44, "info": {}, "observation": {"remainingOverageTime": 12, "step": 37, "geese": [[56, 67, 1, 12, 11, 22, 32], [51, 40, 41, 42, 53, 64, 75], [69, 3, 14, 13], [57, 46, 35, 34, 45]], "food": [61, 58], "index": 0}, "status": "ACTIVE"}, {"action": "SOUTH", "reward": 44, "info": {}, "observation": {"remainingOverageTime": 12, "index": 1}, "status": "ACTIVE"}, {"action": "NORTH", "reward": 41, "info": {}, "observation": {"remainingOverageTime": 12, "index": 2}, "status": "ACTIVE"}, {"action": "SOUTH", "reward": 42, "info": {}, "observation": {"remainingOverageTime": 12, "index": 3}, "status": "ACTIVE"}], [{"action": "WEST", "reward": 45, "info": {}, "observation": {"remainingOverageTime": 12, "step": 38, "geese": [[55, 56, 67, 1, 12, 11, 22], [62, 51, 40, 41, 42, 53, 64], [70, 69, 3, 14], [68, 57, 46, 35, 34]], "food": [61, 58], "index": 0}, "status": "ACTIVE"}, {"action": "SOUTH", "reward": 45, "info": {}, "observation": {"remainingOverageTime": 12, "index": 1}, "status": "ACTIVE"}, {"action": "EAST", "reward": 42, "info": {}, "observation": {"remainingOverageTime": 12, "index": 2}, "status": "ACTIVE"}, {"action": "SOUTH", "reward": 43, "info": {}, "observation": {"remainingOverageTime": 12, "index": 3}, "status": "ACTIVE"}], [{"action": "WEST", "reward": 46, "info": {}, "observation": {"remainingOverageTime": 12, "step": 39, "geese": [[65, 55, 56, 67, 1, 12, 11], [61, 62, 51, 40, 41, 42, 53, 64], [59, 70, 69, 3], [2, 68, 57, 46, 35]], "food": [58, 37], "index": 0}, "status": "ACTIVE"}, {"action": "WEST", "reward": 46, "info": {}, "observation": {"remainingOverageTime": 12, "index": 1}, "status": "ACTIVE"}, {"action": "NORTH", "reward": 43, "info": {}, "observation": {"remainingOverageTime": 12, "index": 2}, "status": "ACTIVE"}, {"action": "SOUTH", "reward": 44, "info": {}, "observation": {"remainingOverageTime": 12, "index": 3}, "status": "ACTIVE"}], [{"action": "NORTH", "reward": 47, "info": {}, "observation": {"remainingOverageTime": 12, "step": 40, "geese": [[54, 65, 55, 56, 67, 1], [72, 61, 62, 51, 40, 41, 42], [58, 59, 70, 69], [13, 2, 68, 57]], "food": [37, 3], "index": 0}, "status": "ACTIVE"}, {"action": "SOUTH", "reward": 48, "info": {}, "observation": {"remainingOverageTime": 12, "index": 1}, "status": "ACTIVE"}, {"action": "WEST", "reward": 44, "info": {}, "observation": {"remainingOverageTime": 12, "index": 2}, "status": "ACTIVE"}, {"action": "SOUTH", "reward": 45, "info": {}, "observation": {"remainingOverageTime": 12, "index": 3}, "status": "ACTIVE"}], [{"action": "NORTH", "reward": 47, "info": {}, "observation": {"remainingOverageTime": 12, "step": 41, "geese": [[43, 54, 65, 55, 56, 67], [6, 72, 61, 62, 51, 40, 41], [69, 58, 59, 70], [14, 13, 2, 68]], "food": [37, 3], "index": 0}, "status": "ACTIVE"}, {"action": "SOUTH", "reward": 48, "info": {}, "observation": {"remainingOverageTime": 12, "index": 1}, "status": "ACTIVE"}, {"action": "SOUTH", "reward": 45, "info": {}, "observation": {"remainingOverageTime": 12, "index": 2}, "status": "ACTIVE"}, {"action": "EAST", "reward": 45, "info": {}, "observation": {"remainingOverageTime": 12, "index": 3}, "status": "ACTIVE"}], [{"action": "EAST", "reward": 48, "info": {}, "observation": {"remainingOverageTime": 12, "step": 42, "geese": [[33, 43, 54, 65, 55, 56], [5, 6, 72, 61, 62, 51, 40], [3, 69, 58, 59, 70], [15, 14, 13, 2]], "food": [37, 0], "index": 0}, "status": "ACTIVE"}, {"action": "WEST", "reward": 49, "info": {}, "observation": {"remainingOverageTime": 12, "index": 1}, "status": "ACTIVE"}, {"action": "SOUTH", "reward": 46, "info": {}, "observation": {"remainingOverageTime": 12, "index": 2}, "status": "ACTIVE"}, {"action": "EAST", "reward": 46, "info": {}, "observation": {"remainingOverageTime": 12, "index": 3}, "status": "ACTIVE"}], [{"action": "NORTH", "reward": 49, "info": {}, "observation": {"remainingOverageTime": 12, "step": 43, "geese": [[22, 33, 43, 54, 65, 55], [71, 5, 6, 72, 61, 62, 51], [2, 3, 69, 58, 59], [26, 15, 14, 13]], "food": [37, 0], "index": 0}, "status": "ACTIVE"}, {"action": "NORTH", "reward": 50, "info": {}, "observation": {"remainingOverageTime": 12, "index": 1}, "status": "ACTIVE"}, {"action": "WEST", "reward": 48, "info": {}, "observation": {"remainingOverageTime": 12, "index": 2}, "status": "ACTIVE"}, {"action": "SOUTH", "reward": 47, "info": {}, "observation": {"remainingOverageTime": 12, "index": 3}, "status": "ACTIVE"}], [{"action": "NORTH", "reward": 50, "info": {}, "observation": {"remainingOverageTime": 12, "step": 44, "geese": [[11, 22, 33, 43, 54, 65], [70, 71, 5, 6, 72, 61, 62], [1, 2, 3, 69, 58], [37, 26, 15, 14, 13]], "food": [0, 35], "index": 0}, "status": "ACTIVE"}, {"action": "WEST", "reward": 51, "info": {}, "observation": {"remainingOverageTime": 12, "index": 1}, "status": "ACTIVE"}, {"action": "WEST", "reward": 49, "info": {}, "observation": {"remainingOverageTime": 12, "index": 2}, "status": "ACTIVE"}, {"action": "SOUTH", "reward": 48, "info": {}, "observation": {"remainingOverageTime": 12, "index": 3}, "status": "ACTIVE"}], [{"action": "WEST", "reward": 51, "info": {}, "observation": {"remainingOverageTime": 12, "step": 45, "geese": [[21, 11, 22, 33, 43, 54], [59, 70, 71, 5, 6, 72, 61], [67, 1, 2, 3, 69], [36, 37, 26, 15, 14]], "food": [0, 35], "index": 0}, "status": "ACTIVE"}, {"action": "NORTH", "reward": 52, "info": {}, "observation": {"remainingOverageTime": 12, "index": 1}, "status": "ACTIVE"}, {"action": "NORTH", "reward": 50, "info": {}, "observation": {"remainingOverageTime": 12, "index": 2}, "status": "ACTIVE"}, {"action": "WEST", "reward": 50, "info": {}, "observation": {"remainingOverageTime": 12, "index": 3}, "status": "ACTIVE"}], [{"action": "NORTH", "reward": 52, "info": {}, "observation": {"remainingOverageTime": 12, "step": 46, "geese": [[10, 21, 11, 22, 33, 43], [48, 59, 70, 71, 5, 6, 72], [66, 67, 1, 2, 3], [35, 36, 37, 26, 15, 14]], "food": [0, 30], "index": 0}, "status": "ACTIVE"}, {"action": "NORTH", "reward": 53, "info": {}, "observation": {"remainingOverageTime": 12, "index": 1}, "status": "ACTIVE"}, {"action": "WEST", "reward": 51, "info": {}, "observation": {"remainingOverageTime": 12, "index": 2}, "status": "ACTIVE"}, {"action": "WEST", "reward": 51, "info": {}, "observation": {"remainingOverageTime": 12, "index": 3}, "status": "ACTIVE"}], [{"action": "WEST", "reward": 53, "info": {}, "observation": {"remainingOverageTime": 12, "step": 47, "geese": [[9, 10, 21, 11, 22, 33], [49, 48, 59, 70, 71, 5, 6], [55, 66, 67, 1, 2], [46, 35, 36, 37, 26, 15]], "food": [0, 30], "index": 0}, "status": "ACTIVE"}, {"action": "EAST", "reward": 54, "info": {}, "observation": {"remainingOverageTime": 12, "index": 1}, "status": "ACTIVE"}, {"action": "NORTH", "reward": 52, "info": {}, "observation": {"remainingOverageTime": 12, "index": 2}, "status": "ACTIVE"}, {"action": "SOUTH", "reward": 53, "info": {}, "observation": {"remainingOverageTime": 12, "index": 3}, "status": "ACTIVE"}], [{"action": "WEST", "reward": 54, "info": {}, "observation": {"remainingOverageTime": 12, "step": 48, "geese": [[8, 9, 10, 21, 11, 22], [50, 49, 48, 59, 70, 71, 5], [65, 55, 66, 67, 1], [45, 46, 35, 36, 37, 26]], "food": [0, 30], "index": 0}, "status": "ACTIVE"}, {"action": "EAST", "reward": 55, "info": {}, "observation": {"remainingOverageTime": 12, "index": 1}, "status": "ACTIVE"}, {"action": "WEST", "reward": 53, "info": {}, "observation": {"remainingOverageTime": 12, "index": 2}, "status": "ACTIVE"}, {"action": "WEST", "reward": 54, "info": {}, "observation": {"remainingOverageTime": 12, "index": 3}, "status": "ACTIVE"}], [{"action": "SOUTH", "reward": 55, "info": {}, "observation": {"remainingOverageTime": 12, "step": 49, "geese": [[19, 8, 9, 10, 21, 11], [51, 50, 49, 48, 59, 70, 71], [54, 65, 55, 66, 67], [34, 45, 46, 35, 36, 37]], "food": [0, 30], "index": 0}, "status": "ACTIVE"}, {"action": "EAST", "reward": 56, "info": {}, "observation": {"remainingOverageTime": 12, "index": 1}, "status": "ACTIVE"}, {"action": "NORTH", "reward": 54, "info": {}, "observation": {"remainingOverageTime": 12, "index": 2}, "status": "ACTIVE"}, {"action": "NORTH", "reward": 55, "info": {}, "observation": {"remainingOverageTime": 12, "index": 3}, "status": "ACTIVE"}], [{"action": "SOUTH", "reward": 56, "info": {}, "observation": {"remainingOverageTime": 12, "step": 50, "geese": [[30, 19, 8, 9, 10, 21, 11], [40, 51, 50, 49, 48, 59, 70], [43, 54, 65, 55, 66], [23, 34, 45, 46, 35, 36]], "food": [0, 61], "index": 0}, "status": "ACTIVE"}, {"action": "NORTH", "reward": 57, "info": {}, "observation": {"remainingOverageTime": 12, "index": 1}, "status": "ACTIVE"}, {"action": "NORTH", "reward": 55, "info": {}, "observation": {"remainingOverageTime": 12, "index": 2}, "status": "ACTIVE"}, {"action": "NORTH", "reward": 56, "info": {}, "observation": {"remainingOverageTime": 12, "index": 3}, "status": "ACTIVE"}], [{"action": "EAST", "reward": 58, "info": {}, "observation": {"remainingOverageTime": 12, "step": 51, "geese": [[31, 30, 19, 8, 9, 10, 21], [39, 40, 51, 50, 49, 48, 59], [33, 43, 54, 65, 55], [22, 23, 34, 45, 46, 35]], "food": [0, 61], "index": 0}, "status": "ACTIVE"}, {"action": "WEST", "reward": 58, "info": {}, "observation": {"remainingOverageTime": 12, "index": 1}, "status": "ACTIVE"}, {"action": "EAST", "reward": 56, "info": {}, "observation": {"remainingOverageTime": 12, "index": 2}, "status": "ACTIVE"}, {"action": "WEST", "reward": 57, "info": {}, "observation": {"remainingOverageTime": 12, "index": 3}, "status": "ACTIVE"}], [{"action": "NORTH", "reward": 59, "info": {}, "observation": {"remainingOverageTime": 12, "step": 52, "geese": [[20, 31, 30, 19, 8, 9, 10], [28, 39, 40, 51, 50, 49, 48], [44, 33, 43, 54, 65], [11, 22, 23, 34, 45, 46]], "food": [0, 61], "index": 0}, "status": "ACTIVE"}, {"action": "NORTH", "reward": 59, "info": {}, "observation": {"remainingOverageTime": 12, "index": 1}, "status": "ACTIVE"}, {"action": "SOUTH", "reward": 57, "info": {}, "observation": {"remainingOverageTime": 12, "index": 2}, "status": "ACTIVE"}, {"action": "NORTH", "reward": 58, "info": {}, "observation": {"remainingOverageTime": 12, "index": 3}, "status": "ACTIVE"}], [{"action": "EAST", "reward": 60, "info": {}, "observation": {"remainingOverageTime": 12, "step": 53, "geese": [[21, 20, 31, 30, 19, 8, 9], [17, 28, 39, 40, 51, 50, 49], [55, 44, 33, 43, 54], [0, 11, 22, 23, 34, 45, 46]], "food": [61, 12], "index": 0}, "status": "ACTIVE"}, {"action": "NORTH", "reward": 60, "info": {}, "observation": {"remainingOverageTime": 12, "index": 1}, "status": "ACTIVE"}, {"action": "SOUTH", "reward": 58, "info": {}, "observation": {"remainingOverageTime": 12, "index": 2}, "status": "ACTIVE"}, {"action": "NORTH", "reward": 59, "info": {}, "observation": {"remainingOverageTime": 12, "index": 3}, "status": "ACTIVE"}], [{"action": "SOUTH", "reward": 61, "info": {}, "observation": {"remainingOverageTime": 12, "step": 54, "geese": [[32, 21, 20, 31, 30, 19, 8], [6, 17, 28, 39, 40, 51, 50], [56, 55, 44, 33, 43], [1, 0, 11, 22, 23, 34, 45]], "food": [61, 12], "index": 0}, "status": "ACTIVE"}, {"action": "NORTH", "reward": 61, "info": {}, "observation": {"remainingOverageTime": 12, "index": 1}, "status": "ACTIVE"}, {"action": "EAST", "reward": 59, "info": {}, "observation": {"remainingOverageTime": 12, "index": 2}, "status": "ACTIVE"}, {"action": "EAST", "reward": 61, "info": {}, "observation": {"remainingOverageTime": 12, "index": 3}, "status": "ACTIVE"}], [{"action": "SOUTH", "reward": 62, "info": {}, "observation": {"remainingOverageTime": 12, "step": 55, "geese": [[43, 32, 21, 20, 31, 30, 19], [72, 6, 17, 28, 39, 40, 51], [57, 56, 55, 44, 33], [12, 1, 0, 11, 22, 23, 34, 45]], "food": [61, 46], "index": 0}, "status": "ACTIVE"}, {"action": "NORTH", "reward": 62, "info": {}, "observation": {"remainingOverageTime": 12, "index": 1}, "status": "ACTIVE"}, {"action": "EAST", "reward": 60, "info": {}, "observation": {"remainingOverageTime": 12, "index": 2}, "status": "ACTIVE"}, {"action": "SOUTH", "reward": 62, "info": {}, "observation": {"remainingOverageTime": 12, "index": 3}, "status": "ACTIVE"}], [{"action": "SOUTH", "reward": 63, "info": {}, "observation": {"remainingOverageTime": 12, "step": 56, "geese": [[54, 43, 32, 21, 20, 31, 30], [61, 72, 6, 17, 28, 39, 40, 51], [46, 57, 56, 55, 44, 33], [13, 12, 1, 0, 11, 22, 23, 34]], "food": [63, 24], "index": 0}, "status": "ACTIVE"}, {"action": "NORTH", "reward": 63, "info": {}, "observation": {"remainingOverageTime": 12, "index": 1}, "status": "ACTIVE"}, {"action": "NORTH", "reward": 61, "info": {}, "observation": {"remainingOverageTime": 12, "index": 2}, "status": "ACTIVE"}, {"action": "EAST", "reward": 64, "info": {}, "observation": {"remainingOverageTime": 12, "index": 3}, "status": "ACTIVE"}], [{"action": "SOUTH", "reward": 64, "info": {}, "observation": {"remainingOverageTime": 12, "step": 57, "geese": [[65, 54, 43, 32, 21, 20, 31], [62, 61, 72, 6, 17, 28, 39, 40], [35, 46, 57, 56, 55, 44], [24, 13, 12, 1, 0, 11, 22, 23, 34]], "food": [63, 25], "index": 0}, "status": "ACTIVE"}, {"action": "EAST", "reward": 65, "info": {}, "observation": {"remainingOverageTime": 12, "index": 1}, "status": "ACTIVE"}, {"action": "NORTH", "reward": 63, "info": {}, "observation": {"remainingOverageTime": 12, "index": 2}, "status": "ACTIVE"}, {"action": "SOUTH", "reward": 65, "info": {}, "observation": {"remainingOverageTime": 12, "index": 3}, "status": "ACTIVE"}], [{"action": "WEST", "reward": 65, "info": {}, "observation": {"remainingOverageTime": 12, "step": 58, "geese": [[64, 65, 54, 43, 32, 21, 20], [63, 62, 61, 72, 6, 17, 28, 39, 40], [36, 35, 46, 57, 56, 55], [25, 24, 13, 12, 1, 0, 11, 22, 23, 34]], "food": [51, 18], "index": 0}, "status": "ACTIVE"}, {"action": "EAST", "reward": 66, "info": {}, "observation": {"remainingOverageTime": 12, "index": 1}, "status": "ACTIVE"}, {"action": "EAST", "reward": 64, "info": {}, "observation": {"remainingOverageTime": 12, "index": 2}, "status": "ACTIVE"}, {"action": "EAST", "reward": 67, "info": {}, "observation": {"remainingOverageTime": 12, "index": 3}, "status": "ACTIVE"}], [{"action": "NORTH", "reward": 66, "info": {}, "observation": {"remainingOverageTime": 12, "step": 59, "geese": [[53, 64, 65, 54, 43, 32, 21], [52, 63, 62, 61, 72, 6, 17, 28, 39], [37, 36, 35, 46, 57, 56], [26, 25, 24, 13, 12, 1, 0, 11, 22, 23]], "food": [51, 18], "index": 0}, "status": "ACTIVE"}, {"action": "NORTH", "reward": 68, "info": {}, "observation": {"remainingOverageTime": 12, "index": 1}, "status": "ACTIVE"}, {"action": "EAST", "reward": 65, "info": {}, "observation": {"remainingOverageTime": 12, "index": 2}, "status": "ACTIVE"}, {"action": "EAST", "reward": 69, "info": {}, "observation": {"remainingOverageTime": 12, "index": 3}, "status": "ACTIVE"}], [{"action": "NORTH", "reward": 67, "info": {}, "observation": {"remainingOverageTime": 12, "step": 60, "geese": [[42, 53, 64, 65, 54, 43, 32], [51, 52, 63, 62, 61, 72, 6, 17, 28, 39], [48, 37, 36, 35, 46, 57], [27, 26, 25, 24, 13, 12, 1, 0, 11, 22]], "food": [18, 41], "index": 0}, "status": "ACTIVE"}, {"action": "WEST", "reward": 69, "info": {}, "observation": {"remainingOverageTime": 12, "index": 1}, "status": "ACTIVE"}, {"action": "SOUTH", "reward": 66, "info": {}, "observation": {"remainingOverageTime": 12, "index": 2}, "status": "ACTIVE"}, {"action": "EAST", "reward": 70, "info": {}, "observation": {"remainingOverageTime": 12, "index": 3}, "status": "ACTIVE"}], [{"action": "WEST", "reward": 68, "info": {}, "observation": {"remainingOverageTime": 12, "step": 61, "geese": [[41, 42, 53, 64, 65, 54, 43, 32], [40, 51, 52, 63, 62, 61, 72, 6, 17, 28], [49, 48, 37, 36, 35, 46], [38, 27, 26, 25, 24, 13, 12, 1, 0, 11]], "food": [18, 59], "index": 0}, "status": "ACTIVE"}, {"action": "NORTH", "reward": 71, "info": {}, "observation": {"remainingOverageTime": 12, "index": 1}, "status": "ACTIVE"}, {"action": "EAST", "reward": 67, "info": {}, "observation": {"remainingOverageTime": 12, "index": 2}, "status": "ACTIVE"}, {"action": "SOUTH", "reward": 71, "info": {}, "observation": {"remainingOverageTime": 12, "index": 3}, "status": "ACTIVE"}], [{"action": "NORTH", "reward": 70, "info": {}, "observation": {"remainingOverageTime": 12, "step": 62, "geese": [[30, 41, 42, 53, 64, 65, 54, 43], [29, 40, 51, 52, 63, 62, 61, 72, 6, 17], [60, 49, 48, 37, 36, 35], [39, 38, 27, 26, 25, 24, 13, 12, 1, 0]], "food": [18, 59], "index": 0}, "status": "ACTIVE"}, {"action": "NORTH", "reward": 72, "info": {}, "observation": {"remainingOverageTime": 12, "index": 1}, "status": "ACTIVE"}, {"action": "SOUTH", "reward": 68, "info": {}, "observation": {"remainingOverageTime": 12, "index": 2}, "status": "ACTIVE"}, {"action": "EAST", "reward": 72, "info": {}, "observation": {"remainingOverageTime": 12, "index": 3}, "status": "ACTIVE"}], [{"action": "NORTH", "reward": 71, "info": {}, "observation": {"remainingOverageTime": 12, "step": 63, "geese": [[19, 30, 41, 42, 53, 64, 65, 54], [18, 29, 40, 51, 52, 63, 62, 61, 72, 6, 17], [59, 60, 49, 48, 37, 36, 35], [50, 39, 38, 27, 26, 25, 24, 13, 12, 1]], "food": [74, 69], "index": 0}, "status": "ACTIVE"}, {"action": "NORTH", "reward": 73, "info": {}, "observation": {"remainingOverageTime": 12, "index": 1}, "status": "ACTIVE"}, {"action": "WEST", "reward": 69, "info": {}, "observation": {"remainingOverageTime": 12, "index": 2}, "status": "ACTIVE"}, {"action": "SOUTH", "reward": 73, "info": {}, "observation": {"remainingOverageTime": 12, "index": 3}, "status": "ACTIVE"}], [{"action": "NORTH", "reward": 72, "info": {}, "observation": {"remainingOverageTime": 12, "step": 64, "geese": [[8, 19, 30, 41, 42, 53, 64, 65], [7, 18, 29, 40, 51, 52, 63, 62, 61, 72, 6], [70, 59, 60, 49, 48, 37, 36], []], "food": [74, 69], "index": 0}, "status": "ACTIVE"}, {"action": "NORTH", "reward": 75, "info": {}, "observation": {"remainingOverageTime": 12, "index": 1}, "status": "ACTIVE"}, {"action": "SOUTH", "reward": 71, "info": {}, "observation": {"remainingOverageTime": 12, "index": 2}, "status": "ACTIVE"}, {"action": "NORTH", "reward": 74, "info": {}, "observation": {"remainingOverageTime": 12, "index": 3}, "status": "DONE"}], [{"action": "NORTH", "reward": 73, "info": {}, "observation": {"remainingOverageTime": 12, "step": 65, "geese": [[74, 8, 19, 30, 41, 42, 53, 64, 65], [73, 7, 18, 29, 40, 51, 52, 63, 62, 61, 72], [69, 70, 59, 60, 49, 48, 37, 36], []], "food": [50, 44], "index": 0}, "status": "ACTIVE"}, {"action": "NORTH", "reward": 76, "info": {}, "observation": {"remainingOverageTime": 12, "index": 1}, "status": "ACTIVE"}, {"action": "WEST", "reward": 72, "info": {}, "observation": {"remainingOverageTime": 12, "index": 2}, "status": "ACTIVE"}, {"action": "NORTH", "reward": 74, "info": {}, "observation": {"remainingOverageTime": 12, "index": 3}, "status": "DONE"}], [{"action": "EAST", "reward": 75, "info": {}, "observation": {"remainingOverageTime": 12, "step": 66, "geese": [[75, 74, 8, 19, 30, 41, 42, 53, 64], [72, 73, 7, 18, 29, 40, 51, 52, 63, 62, 61], [68, 69, 70, 59, 60, 49, 48, 37], []], "food": [50, 44], "index": 0}, "status": "ACTIVE"}, {"action": "WEST", "reward": 77, "info": {}, "observation": {"remainingOverageTime": 12, "index": 1}, "status": "ACTIVE"}, {"action": "WEST", "reward": 74, "info": {}, "observation": {"remainingOverageTime": 12, "index": 2}, "status": "ACTIVE"}, {"action": "NORTH", "reward": 74, "info": {}, "observation": {"remainingOverageTime": 12, "index": 3}, "status": "DONE"}], [{"action": "NORTH", "reward": 76, "info": {}, "observation": {"remainingOverageTime": 12, "step": 67, "geese": [[64, 75, 74, 8, 19, 30, 41, 42, 53], [61, 72, 73, 7, 18, 29, 40, 51, 52, 63, 62], [67, 68, 69, 70, 59, 60, 49, 48], []], "food": [50, 44], "index": 0}, "status": "ACTIVE"}, {"action": "NORTH", "reward": 78, "info": {}, "observation": {"remainingOverageTime": 12, "index": 1}, "status": "ACTIVE"}, {"action": "WEST", "reward": 75, "info": {}, "observation": {"remainingOverageTime": 12, "index": 2}, "status": "ACTIVE"}, {"action": "NORTH", "reward": 74, "info": {}, "observation": {"remainingOverageTime": 12, "index": 3}, "status": "DONE"}], [{"action": "EAST", "reward": 77, "info": {}, "observation": {"remainingOverageTime": 12, "step": 68, "geese": [[65, 64, 75, 74, 8, 19, 30, 41, 42], [50, 61, 72, 73, 7, 18, 29, 40, 51, 52, 63, 62], [56, 67, 68, 69, 70, 59, 60, 49], []], "food": [44, 38], "index": 0}, "status": "ACTIVE"}, {"action": "NORTH", "reward": 79, "info": {}, "observation": {"remainingOverageTime": 12, "index": 1}, "status": "ACTIVE"}, {"action": "NORTH", "reward": 76, "info": {}, "observation": {"remainingOverageTime": 12, "index": 2}, "status": "ACTIVE"}, {"action": "NORTH", "reward": 74, "info": {}, "observation": {"remainingOverageTime": 12, "index": 3}, "status": "DONE"}], [{"action": "NORTH", "reward": 78, "info": {}, "observation": {"remainingOverageTime": 12, "step": 69, "geese": [[54, 65, 64, 75, 74, 8, 19, 30, 41], [49, 50, 61, 72, 73, 7, 18, 29, 40, 51, 52, 63], [45, 56, 67, 68, 69, 70, 59, 60], []], "food": [44, 38], "index": 0}, "status": "ACTIVE"}, {"action": "WEST", "reward": 81, "info": {}, "observation": {"remainingOverageTime": 12, "index": 1}, "status": "ACTIVE"}, {"action": "NORTH", "reward": 77, "info": {}, "observation": {"remainingOverageTime": 12, "index": 2}, "status": "ACTIVE"}, {"action": "NORTH", "reward": 74, "info": {}, "observation": {"remainingOverageTime": 12, "index": 3}, "status": "DONE"}], [{"action": "NORTH", "reward": 79, "info": {}, "observation": {"remainingOverageTime": 12, "step": 70, "geese": [[43, 54, 65, 64, 75, 74, 8, 19, 30], [38, 49, 50, 61, 72, 73, 7, 18, 29, 40, 51, 52, 63], [46, 45, 56, 67, 68, 69, 70, 59], []], "food": [44, 39], "index": 0}, "status": "ACTIVE"}, {"action": "NORTH", "reward": 82, "info": {}, "observation": {"remainingOverageTime": 12, "index": 1}, "status": "ACTIVE"}, {"action": "EAST", "reward": 78, "info": {}, "observation": {"remainingOverageTime": 12, "index": 2}, "status": "ACTIVE"}, {"action": "NORTH", "reward": 74, "info": {}, "observation": {"remainingOverageTime": 12, "index": 3}, "status": "DONE"}], [{"action": "EAST", "reward": 80, "info": {}, "observation": {"remainingOverageTime": 12, "step": 71, "geese": [[33, 43, 54, 65, 64, 75, 74, 8, 19], [27, 38, 49, 50, 61, 72, 73, 7, 18, 29, 40, 51, 52], [35, 46, 45, 56, 67, 68, 69, 70], []], "food": [44, 39], "index": 0}, "status": "ACTIVE"}, {"action": "NORTH", "reward": 84, "info": {}, "observation": {"remainingOverageTime": 12, "index": 1}, "status": "ACTIVE"}, {"action": "NORTH", "reward": 79, "info": {}, "observation": {"remainingOverageTime": 12, "index": 2}, "status": "ACTIVE"}, {"action": "NORTH", "reward": 74, "info": {}, "observation": {"remainingOverageTime": 12, "index": 3}, "status": "DONE"}], [{"action": "SOUTH", "reward": 81, "info": {}, "observation": {"remainingOverageTime": 12, "step": 72, "geese": [[44, 33, 43, 54, 65, 64, 75, 74, 8, 19], [26, 27, 38, 49, 50, 61, 72, 73, 7, 18, 29, 40, 51], [24, 35, 46, 45, 56, 67, 68, 69], []], "food": [39, 39], "index": 0}, "status": "ACTIVE"}, {"action": "WEST", "reward": 85, "info": {}, "observation": {"remainingOverageTime": 12, "index": 1}, "status": "ACTIVE"}, {"action": "NORTH", "reward": 80, "info": {}, "observation": {"remainingOverageTime": 12, "index": 2}, "status": "ACTIVE"}, {"action": "NORTH", "reward": 74, "info": {}, "observation": {"remainingOverageTime": 12, "index": 3}, "status": "DONE"}], [{"action": "SOUTH", "reward": 83, "info": {}, "observation": {"remainingOverageTime": 12, "step": 73, "geese": [[55, 44, 33, 43, 54, 65, 64, 75, 74, 8], [15, 26, 27, 38, 49, 50, 61, 72, 73, 7, 18, 29, 40], [13, 24, 35, 46, 45, 56, 67, 68], []], "food": [39, 39], "index": 0}, "status": "ACTIVE"}, {"action": "NORTH", "reward": 86, "info": {}, "observation": {"remainingOverageTime": 12, "index": 1}, "status": "ACTIVE"}, {"action": "NORTH", "reward": 81, "info": {}, "observation": {"remainingOverageTime": 12, "index": 2}, "status": "ACTIVE"}, {"action": "NORTH", "reward": 74, "info": {}, "observation": {"remainingOverageTime": 12, "index": 3}, "status": "DONE"}], [{"action": "SOUTH", "reward": 84, "info": {}, "observation": {"remainingOverageTime": 12, "step": 74, "geese": [[66, 55, 44, 33, 43, 54, 65, 64, 75, 74], [16, 15, 26, 27, 38, 49, 50, 61, 72, 73, 7, 18, 29], [12, 13, 24, 35, 46, 45, 56, 67], []], "food": [39, 39], "index": 0}, "status": "ACTIVE"}, {"action": "EAST", "reward": 87, "info": {}, "observation": {"remainingOverageTime": 12, "index": 1}, "status": "ACTIVE"}, {"action": "WEST", "reward": 82, "info": {}, "observation": {"remainingOverageTime": 12, "index": 2}, "status": "ACTIVE"}, {"action": "NORTH", "reward": 74, "info": {}, "observation": {"remainingOverageTime": 12, "index": 3}, "status": "DONE"}], [{"action": "WEST", "reward": 85, "info": {}, "observation": {"remainingOverageTime": 12, "step": 75, "geese": [[76, 66, 55, 44, 33, 43, 54, 65, 64, 75], [17, 16, 15, 26, 27, 38, 49, 50, 61, 72, 73, 7, 18], [11, 12, 13, 24, 35, 46, 45, 56], []], "food": [39, 39], "index": 0}, "status": "ACTIVE"}, {"action": "EAST", "reward": 88, "info": {}, "observation": {"remainingOverageTime": 12, "index": 1}, "status": "ACTIVE"}, {"action": "WEST", "reward": 83, "info": {}, "observation": {"remainingOverageTime": 12, "index": 2}, "status": "ACTIVE"}, {"action": "NORTH", "reward": 74, "info": {}, "observation": {"remainingOverageTime": 12, "index": 3}, "status": "DONE"}], [{"action": "WEST", "reward": 86, "info": {}, "observation": {"remainingOverageTime": 12, "step": 76, "geese": [[75, 76, 66, 55, 44, 33, 43, 54, 65, 64], [18, 17, 16, 15, 26, 27, 38, 49, 50, 61, 72, 73, 7], [21, 11, 12, 13, 24, 35, 46, 45], []], "food": [39, 39], "index": 0}, "status": "ACTIVE"}, {"action": "EAST", "reward": 89, "info": {}, "observation": {"remainingOverageTime": 12, "index": 1}, "status": "ACTIVE"}, {"action": "WEST", "reward": 84, "info": {}, "observation": {"remainingOverageTime": 12, "index": 2}, "status": "ACTIVE"}, {"action": "NORTH", "reward": 74, "info": {}, "observation": {"remainingOverageTime": 12, "index": 3}, "status": "DONE"}], [{"action": "NORTH", "reward": 87, "info": {}, "observation": {"remainingOverageTime": 12, "step": 77, "geese": [[64, 75, 76, 66, 55, 44, 33, 43, 54, 65], [7, 18, 17, 16, 15, 26, 27, 38, 49, 50, 61, 72, 73], [20, 21, 11, 12, 13, 24, 35, 46], []], "food": [39, 39], "index": 0}, "status": "ACTIVE"}, {"action": "NORTH", "reward": 90, "info": {}, "observation": {"remainingOverageTime": 12, "index": 1}, "status": "ACTIVE"}, {"action": "WEST", "reward": 85, "info": {}, "observation": {"remainingOverageTime": 12, "index": 2}, "status": "ACTIVE"}, {"action": "NORTH", "reward": 74, "info": {}, "observation": {"remainingOverageTime": 12, "index": 3}, "status": "DONE"}], [{"action": "NORTH", "reward": 88, "info": {}, "observation": {"remainingOverageTime": 12, "step": 78, "geese": [[53, 64, 75, 76, 66, 55, 44, 33, 43, 54], [73, 7, 18, 17, 16, 15, 26, 27, 38, 49, 50, 61, 72], [19, 20, 21, 11, 12, 13, 24, 35], []], "food": [39, 39], "index": 0}, "status": "ACTIVE"}, {"action": "NORTH", "reward": 91, "info": {}, "observation": {"remainingOverageTime": 12, "index": 1}, "status": "ACTIVE"}, {"action": "WEST", "reward": 86, "info": {}, "observation": {"remainingOverageTime": 12, "index": 2}, "status": "ACTIVE"}, {"action": "NORTH", "reward": 74, "info": {}, "observation": {"remainingOverageTime": 12, "index": 3}, "status": "DONE"}], [{"action": "NORTH", "reward": 89, "info": {}, "observation": {"remainingOverageTime": 12, "step": 79, "geese": [[42, 53, 64, 75, 76, 66, 55, 44, 33, 43], [72, 73, 7, 18, 17, 16, 15, 26, 27, 38, 49, 50, 61], [30, 19, 20, 21, 11, 12, 13, 24], []], "food": [39, 39], "index": 0}, "status": "ACTIVE"}, {"action": "WEST", "reward": 92, "info": {}, "observation": {"remainingOverageTime": 12, "index": 1}, "status": "ACTIVE"}, {"action": "SOUTH", "reward": 87, "info": {}, "observation": {"remainingOverageTime": 12, "index": 2}, "status": "ACTIVE"}, {"action": "NORTH", "reward": 74, "info": {}, "observation": {"remainingOverageTime": 12, "index": 3}, "status": "DONE"}], [{"action": "EAST", "reward": 90, "info": {}, "observation": {"remainingOverageTime": 12, "step": 80, "geese": [[43, 42, 53, 64, 75, 76, 66, 55, 44], [61, 72, 73, 7, 18, 17, 16, 15, 26, 27, 38, 49], [29, 30, 19, 20, 21, 11, 12], []], "food": [39, 39], "index": 0}, "status": "ACTIVE"}, {"action": "NORTH", "reward": 93, "info": {}, "observation": {"remainingOverageTime": 12, "index": 1}, "status": "ACTIVE"}, {"action": "WEST", "reward": 88, "info": {}, "observation": {"remainingOverageTime": 12, "index": 2}, "status": "ACTIVE"}, {"action": "NORTH", "reward": 74, "info": {}, "observation": {"remainingOverageTime": 12, "index": 3}, "status": "DONE"}], [{"action": "EAST", "reward": 90, "info": {}, "observation": {"remainingOverageTime": 12, "step": 81, "geese": [[33, 43, 42, 53, 64, 75, 76, 66, 55], [50, 61, 72, 73, 7, 18, 17, 16, 15, 26, 27, 38], [40, 29, 30, 19, 20, 21, 11], []], "food": [39, 39], "index": 0}, "status": "ACTIVE"}, {"action": "NORTH", "reward": 93, "info": {}, "observation": {"remainingOverageTime": 12, "index": 1}, "status": "ACTIVE"}, {"action": "SOUTH", "reward": 88, "info": {}, "observation": {"remainingOverageTime": 12, "index": 2}, "status": "ACTIVE"}, {"action": "NORTH", "reward": 74, "info": {}, "observation": {"remainingOverageTime": 12, "index": 3}, "status": "DONE"}], [{"action": "SOUTH", "reward": 91, "info": {}, "observation": {"remainingOverageTime": 12, "step": 82, "geese": [[44, 33, 43, 42, 53, 64, 75, 76, 66], [49, 50, 61, 72, 73, 7, 18, 17, 16, 15, 26, 27], [41, 40, 29, 30, 19, 20, 21], []], "food": [39, 39], "index": 0}, "status": "ACTIVE"}, {"action": "WEST", "reward": 94, "info": {}, "observation": {"remainingOverageTime": 12, "index": 1}, "status": "ACTIVE"}, {"action": "EAST", "reward": 89, "info": {}, "observation": {"remainingOverageTime": 12, "index": 2}, "status": "ACTIVE"}, {"action": "NORTH", "reward": 74, "info": {}, "observation": {"remainingOverageTime": 12, "index": 3}, "status": "DONE"}], [{"action": "EAST", "reward": 92, "info": {}, "observation": {"remainingOverageTime": 12, "step": 83, "geese": [[45, 44, 33, 43, 42, 53, 64, 75, 76], [38, 49, 50, 61, 72, 73, 7, 18, 17, 16, 15, 26], [52, 41, 40, 29, 30, 19, 20], []], "food": [39, 39], "index": 0}, "status": "ACTIVE"}, {"action": "NORTH", "reward": 95, "info": {}, "observation": {"remainingOverageTime": 12, "index": 1}, "status": "ACTIVE"}, {"action": "SOUTH", "reward": 90, "info": {}, "observation": {"remainingOverageTime": 12, "index": 2}, "status": "ACTIVE"}, {"action": "NORTH", "reward": 74, "info": {}, "observation": {"remainingOverageTime": 12, "index": 3}, "status": "DONE"}], [{"action": "SOUTH", "reward": 93, "info": {}, "observation": {"remainingOverageTime": 12, "step": 84, "geese": [[56, 45, 44, 33, 43, 42, 53, 64, 75], [39, 38, 49, 50, 61, 72, 73, 7, 18, 17, 16, 15, 26], [63, 52, 41, 40, 29, 30, 19], []], "food": [39, 23], "index": 0}, "status": "ACTIVE"}, {"action": "EAST", "reward": 96, "info": {}, "observation": {"remainingOverageTime": 12, "index": 1}, "status": "ACTIVE"}, {"action": "SOUTH", "reward": 91, "info": {}, "observation": {"remainingOverageTime": 12, "index": 2}, "status": "ACTIVE"}, {"action": "NORTH", "reward": 74, "info": {}, "observation": {"remainingOverageTime": 12, "index": 3}, "status": "DONE"}], [{"action": "SOUTH", "reward": 94, "info": {}, "observation": {"remainingOverageTime": 12, "step": 85, "geese": [[67, 56, 45, 44, 33, 43, 42, 53, 64], [28, 39, 38, 49, 50, 61, 72, 73, 7, 18, 17, 16, 15], [74, 63, 52, 41, 40, 29, 30], []], "food": [39, 23], "index": 0}, "status": "ACTIVE"}, {"action": "NORTH", "reward": 98, "info": {}, "observation": {"remainingOverageTime": 12, "index": 1}, "status": "ACTIVE"}, {"action": "SOUTH", "reward": 92, "info": {}, "observation": {"remainingOverageTime": 12, "index": 2}, "status": "ACTIVE"}, {"action": "NORTH", "reward": 74, "info": {}, "observation": {"remainingOverageTime": 12, "index": 3}, "status": "DONE"}], [{"action": "SOUTH", "reward": 95, "info": {}, "observation": {"remainingOverageTime": 12, "step": 86, "geese": [[1, 67, 56, 45, 44, 33, 43, 42, 53], [27, 28, 39, 38, 49, 50, 61, 72, 73, 7, 18, 17, 16], [75, 74, 63, 52, 41, 40, 29], []], "food": [39, 23], "index": 0}, "status": "ACTIVE"}, {"action": "WEST", "reward": 99, "info": {}, "observation": {"remainingOverageTime": 12, "index": 1}, "status": "ACTIVE"}, {"action": "EAST", "reward": 93, "info": {}, "observation": {"remainingOverageTime": 12, "index": 2}, "status": "ACTIVE"}, {"action": "NORTH", "reward": 74, "info": {}, "observation": {"remainingOverageTime": 12, "index": 3}, "status": "DONE"}], [{"action": "SOUTH", "reward": 96, "info": {}, "observation": {"remainingOverageTime": 12, "step": 87, "geese": [[12, 1, 67, 56, 45, 44, 33, 43, 42], [16, 27, 28, 39, 38, 49, 50, 61, 72, 73, 7, 18, 17], [9, 75, 74, 63, 52, 41, 40], []], "food": [39, 23], "index": 0}, "status": "ACTIVE"}, {"action": "NORTH", "reward": 100, "info": {}, "observation": {"remainingOverageTime": 12, "index": 1}, "status": "ACTIVE"}, {"action": "SOUTH", "reward": 94, "info": {}, "observation": {"remainingOverageTime": 12, "index": 2}, "status": "ACTIVE"}, {"action": "NORTH", "reward": 74, "info": {}, "observation": {"remainingOverageTime": 12, "index": 3}, "status": "DONE"}], [{"action": "SOUTH", "reward": 97, "info": {}, "observation": {"remainingOverageTime": 12, "step": 88, "geese": [[23, 12, 1, 67, 56, 45, 44, 33, 43, 42], [17, 16, 27, 28, 39, 38, 49, 50, 61, 72, 73, 7, 18], [10, 9, 75, 74, 63, 52, 41], []], "food": [39, 21], "index": 0}, "status": "ACTIVE"}, {"action": "EAST", "reward": 101, "info": {}, "observation": {"remainingOverageTime": 12, "index": 1}, "status": "ACTIVE"}, {"action": "EAST", "reward": 95, "info": {}, "observation": {"remainingOverageTime": 12, "index": 2}, "status": "ACTIVE"}, {"action": "NORTH", "reward": 74, "info": {}, "observation": {"remainingOverageTime": 12, "index": 3}, "status": "DONE"}], [{"action": "WEST", "reward": 99, "info": {}, "observation": {"remainingOverageTime": 12, "step": 89, "geese": [[22, 23, 12, 1, 67, 56, 45, 44, 33, 43], [18, 17, 16, 27, 28, 39, 38, 49, 50, 61, 72, 73, 7], [21, 10, 9, 75, 74, 63, 52, 41], []], "food": [39, 71], "index": 0}, "status": "ACTIVE"}, {"action": "EAST", "reward": 102, "info": {}, "observation": {"remainingOverageTime": 12, "index": 1}, "status": "ACTIVE"}, {"action": "SOUTH", "reward": 96, "info": {}, "observation": {"remainingOverageTime": 12, "index": 2}, "status": "ACTIVE"}, {"action": "NORTH", "reward": 74, "info": {}, "observation": {"remainingOverageTime": 12, "index": 3}, "status": "DONE"}], [{"action": "NORTH", "reward": 100, "info": {}, "observation": {"remainingOverageTime": 12, "step": 90, "geese": [[11, 22, 23, 12, 1, 67, 56, 45, 44, 33], [7, 18, 17, 16, 27, 28, 39, 38, 49, 50, 61, 72, 73], [20, 21, 10, 9, 75, 74, 63, 52], []], "food": [39, 71], "index": 0}, "status": "ACTIVE"}, {"action": "NORTH", "reward": 103, "info": {}, "observation": {"remainingOverageTime": 12, "index": 1}, "status": "ACTIVE"}, {"action": "WEST", "reward": 98, "info": {}, "observation": {"remainingOverageTime": 12, "index": 2}, "status": "ACTIVE"}, {"action": "NORTH", "reward": 74, "info": {}, "observation": {"remainingOverageTime": 12, "index": 3}, "status": "DONE"}], [{"action": "NORTH", "reward": 101, "info": {}, "observation": {"remainingOverageTime": 12, "step": 91, "geese": [[0, 11, 22, 23, 12, 1, 67, 56, 45, 44], [73, 7, 18, 17, 16, 27, 28, 39, 38, 49, 50, 61, 72], [31, 20, 21, 10, 9, 75, 74, 63], []], "food": [39, 71], "index": 0}, "status": "ACTIVE"}, {"action": "NORTH", "reward": 104, "info": {}, "observation": {"remainingOverageTime": 12, "index": 1}, "status": "ACTIVE"}, {"action": "SOUTH", "reward": 99, "info": {}, "observation": {"remainingOverageTime": 12, "index": 2}, "status": "ACTIVE"}, {"action": "NORTH", "reward": 74, "info": {}, "observation": {"remainingOverageTime": 12, "index": 3}, "status": "DONE"}], [{"action": "NORTH", "reward": 102, "info": {}, "observation": {"remainingOverageTime": 12, "step": 92, "geese": [[66, 0, 11, 22, 23, 12, 1, 67, 56, 45], [72, 73, 7, 18, 17, 16, 27, 28, 39, 38, 49, 50, 61], [42, 31, 20, 21, 10, 9, 75, 74], []], "food": [39, 71], "index": 0}, "status": "ACTIVE"}, {"action": "WEST", "reward": 105, "info": {}, "observation": {"remainingOverageTime": 12, "index": 1}, "status": "ACTIVE"}, {"action": "SOUTH", "reward": 100, "info": {}, "observation": {"remainingOverageTime": 12, "index": 2}, "status": "ACTIVE"}, {"action": "NORTH", "reward": 74, "info": {}, "observation": {"remainingOverageTime": 12, "index": 3}, "status": "DONE"}], [{"action": "NORTH", "reward": 103, "info": {}, "observation": {"remainingOverageTime": 12, "step": 93, "geese": [[55, 66, 0, 11, 22, 23, 12, 1, 67, 56], [6, 72, 73, 7, 18, 17, 16, 27, 28, 39, 38, 49, 50], [43, 42, 31, 20, 21, 10, 9, 75], []], "food": [39, 71], "index": 0}, "status": "ACTIVE"}, {"action": "SOUTH", "reward": 106, "info": {}, "observation": {"remainingOverageTime": 12, "index": 1}, "status": "ACTIVE"}, {"action": "EAST", "reward": 101, "info": {}, "observation": {"remainingOverageTime": 12, "index": 2}, "status": "ACTIVE"}, {"action": "NORTH", "reward": 74, "info": {}, "observation": {"remainingOverageTime": 12, "index": 3}, "status": "DONE"}], [{"action": "EAST", "reward": 104, "info": {}, "observation": {"remainingOverageTime": 12, "step": 94, "geese": [[56, 55, 66, 0, 11, 22, 23, 12, 1, 67], [5, 6, 72, 73, 7, 18, 17, 16, 27, 28, 39, 38, 49], [54, 43, 42, 31, 20, 21, 10, 9], []], "food": [39, 71], "index": 0}, "status": "ACTIVE"}, {"action": "WEST", "reward": 107, "info": {}, "observation": {"remainingOverageTime": 12, "index": 1}, "status": "ACTIVE"}, {"action": "SOUTH", "reward": 102, "info": {}, "observation": {"remainingOverageTime": 12, "index": 2}, "status": "ACTIVE"}, {"action": "NORTH", "reward": 74, "info": {}, "observation": {"remainingOverageTime": 12, "index": 3}, "status": "DONE"}], [{"action": "SOUTH", "reward": 105, "info": {}, "observation": {"remainingOverageTime": 12, "step": 95, "geese": [[67, 56, 55, 66, 0, 11, 22, 23, 12, 1], [4, 5, 6, 72, 73, 7, 18, 17, 16, 27, 28, 39, 38], [65, 54, 43, 42, 31, 20, 21, 10], []], "food": [39, 71], "index": 0}, "status": "ACTIVE"}, {"action": "WEST", "reward": 108, "info": {}, "observation": {"remainingOverageTime": 12, "index": 1}, "status": "ACTIVE"}, {"action": "SOUTH", "reward": 103, "info": {}, "observation": {"remainingOverageTime": 12, "index": 2}, "status": "ACTIVE"}, {"action": "NORTH", "reward": 74, "info": {}, "observation": {"remainingOverageTime": 12, "index": 3}, "status": "DONE"}], [{"action": "EAST", "reward": 106, "info": {}, "observation": {"remainingOverageTime": 12, "step": 96, "geese": [[68, 67, 56, 55, 66, 0, 11, 22, 23, 12], [15, 4, 5, 6, 72, 73, 7, 18, 17, 16, 27, 28, 39], [64, 65, 54, 43, 42, 31, 20, 21], []], "food": [39, 71], "index": 0}, "status": "ACTIVE"}, {"action": "SOUTH", "reward": 109, "info": {}, "observation": {"remainingOverageTime": 12, "index": 1}, "status": "ACTIVE"}, {"action": "WEST", "reward": 104, "info": {}, "observation": {"remainingOverageTime": 12, "index": 2}, "status": "ACTIVE"}, {"action": "NORTH", "reward": 74, "info": {}, "observation": {"remainingOverageTime": 12, "index": 3}, "status": "DONE"}], [{"action": "EAST", "reward": 107, "info": {}, "observation": {"remainingOverageTime": 12, "step": 97, "geese": [[69, 68, 67, 56, 55, 66, 0, 11, 22, 23], [26, 15, 4, 5, 6, 72, 73, 7, 18, 17, 16, 27, 28], [53, 64, 65, 54, 43, 42, 31, 20], []], "food": [39, 71], "index": 0}, "status": "ACTIVE"}, {"action": "SOUTH", "reward": 110, "info": {}, "observation": {"remainingOverageTime": 12, "index": 1}, "status": "ACTIVE"}, {"action": "NORTH", "reward": 105, "info": {}, "observation": {"remainingOverageTime": 12, "index": 2}, "status": "ACTIVE"}, {"action": "NORTH", "reward": 74, "info": {}, "observation": {"remainingOverageTime": 12, "index": 3}, "status": "DONE"}], [{"action": "EAST", "reward": 108, "info": {}, "observation": {"remainingOverageTime": 12, "step": 98, "geese": [[70, 69, 68, 67, 56, 55, 66, 0, 11, 22], [37, 26, 15, 4, 5, 6, 72, 73, 7, 18, 17, 16, 27], [52, 53, 64, 65, 54, 43, 42, 31], []], "food": [39, 71], "index": 0}, "status": "ACTIVE"}, {"action": "SOUTH", "reward": 111, "info": {}, "observation": {"remainingOverageTime": 12, "index": 1}, "status": "ACTIVE"}, {"action": "WEST", "reward": 106, "info": {}, "observation": {"remainingOverageTime": 12, "index": 2}, "status": "ACTIVE"}, {"action": "NORTH", "reward": 74, "info": {}, "observation": {"remainingOverageTime": 12, "index": 3}, "status": "DONE"}], [{"action": "EAST", "reward": 109, "info": {}, "observation": {"remainingOverageTime": 12, "step": 99, "geese": [[71, 70, 69, 68, 67, 56, 55, 66, 0, 11, 22], [38, 37, 26, 15, 4, 5, 6, 72, 73, 7, 18, 17, 16], [41, 52, 53, 64, 65, 54, 43, 42], []], "food": [39, 36], "index": 0}, "status": "ACTIVE"}, {"action": "EAST", "reward": 112, "info": {}, "observation": {"remainingOverageTime": 12, "index": 1}, "status": "ACTIVE"}, {"action": "NORTH", "reward": 107, "info": {}, "observation": {"remainingOverageTime": 12, "index": 2}, "status": "ACTIVE"}, {"action": "NORTH", "reward": 74, "info": {}, "observation": {"remainingOverageTime": 12, "index": 3}, "status": "DONE"}], [{"action": "NORTH", "reward": 111, "info": {}, "observation": {"remainingOverageTime": 12, "step": 100, "geese": [[60, 71, 70, 69, 68, 67, 56, 55, 66, 0, 11], [49, 38, 37, 26, 15, 4, 5, 6, 72, 73, 7, 18, 17], [40, 41, 52, 53, 64, 65, 54, 43], []], "food": [39, 36], "index": 0}, "status": "ACTIVE"}, {"action": "SOUTH", "reward": 113, "info": {}, "observation": {"remainingOverageTime": 12, "index": 1}, "status": "ACTIVE"}, {"action": "WEST", "reward": 108, "info": {}, "observation": {"remainingOverageTime": 12, "index": 2}, "status": "ACTIVE"}, {"action": "NORTH", "reward": 74, "info": {}, "observation": {"remainingOverageTime": 12, "index": 3}, "status": "DONE"}], [{"action": "EAST", "reward": 112, "info": {}, "observation": {"remainingOverageTime": 12, "step": 101, "geese": [[61, 60, 71, 70, 69, 68, 67, 56, 55, 66, 0], [50, 49, 38, 37, 26, 15, 4, 5, 6, 72, 73, 7, 18], [39, 40, 41, 52, 53, 64, 65, 54, 43], []], "food": [36, 51], "index": 0}, "status": "ACTIVE"}, {"action": "EAST", "reward": 114, "info": {}, "observation": {"remainingOverageTime": 12, "index": 1}, "status": "ACTIVE"}, {"action": "WEST", "reward": 109, "info": {}, "observation": {"remainingOverageTime": 12, "index": 2}, "status": "ACTIVE"}, {"action": "NORTH", "reward": 74, "info": {}, "observation": {"remainingOverageTime": 12, "index": 3}, "status": "DONE"}], [{"action": "EAST", "reward": 113, "info": {}, "observation": {"remainingOverageTime": 12, "step": 102, "geese": [[62, 61, 60, 71, 70, 69, 68, 67, 56, 55, 66], [51, 50, 49, 38, 37, 26, 15, 4, 5, 6, 72, 73, 7, 18], [28, 39, 40, 41, 52, 53, 64, 65, 54], []], "food": [36, 13], "index": 0}, "status": "ACTIVE"}, {"action": "EAST", "reward": 115, "info": {}, "observation": {"remainingOverageTime": 12, "index": 1}, "status": "ACTIVE"}, {"action": "NORTH", "reward": 111, "info": {}, "observation": {"remainingOverageTime": 12, "index": 2}, "status": "ACTIVE"}, {"action": "NORTH", "reward": 74, "info": {}, "observation": {"remainingOverageTime": 12, "index": 3}, "status": "DONE"}], [{"action": "EAST", "reward": 114, "info": {}, "observation": {"remainingOverageTime": 12, "step": 103, "geese": [[63, 62, 61, 60, 71, 70, 69, 68, 67, 56, 55], [], [], []], "food": [36, 13], "index": 0}, "status": "DONE"}, {"action": "EAST", "reward": 117, "info": {}, "observation": {"remainingOverageTime": 12, "index": 1}, "status": "DONE"}, {"action": "EAST", "reward": 112, "info": {}, "observation": {"remainingOverageTime": 12, "index": 2}, "status": "DONE"}, {"action": "NORTH", "reward": 74, "info": {}, "observation": {"remainingOverageTime": 12, "index": 3}, "status": "DONE"}]], "rewards": [114, 117, 112, 74], "statuses": ["DONE", "DONE", "DONE", "DONE"], "schema_version": 1, "info": {}}