{"id": "c6d41458-da82-11ee-b31f-0242ac130202", "name": "hungry_geese", "title": "Hungry Geese", "description": "Similar to the classic snake game with multiple players", "version": "1.0.0", "configuration": {"episodeSteps": 200, "actTimeout": 6, "runTimeout": 1200, "columns": 11, "rows": 7, "hunger_rate": 40, "min_food": 2}, "specification": {"action": {"description": "Direction to move the head of your players goose.", "type": "string", "enum": ["NORTH", "EAST", "SOUTH", "WEST"], "default": "NORTH"}, "agents": [2, 3, 4, 5, 6, 7, 8], "configuration": {"episodeSteps": {"description": "Maximum number of steps in the episode.", "type": "integer", "minimum": 1, "default": 200}, "actTimeout": {"description": "Maximum runtime (seconds) to obtain an action from an agent.", "type": "number", "minimum": 0, "default": 6}, "runTimeout": {"description": "Maximum runtime (seconds) of an episode (not necessarily DONE).", "type": "number", "minimum": 0, "default": 1200}, "columns": {"description": "Horizontal number of cells on the board.", "type": "integer", "default": 11, "minimum": 3}, "rows": {"description": "Vertical number of cells on the board.", "type": "integer", "default": 7, "minimum": 3}, "hunger_rate": {"description": "The number of steps before the goose shrinks a cell.", "type": "integer", "minimum": 1, "default": 40}, "min_food": {"description": "The minimum amount of food present for all steps.", "type": "integer", "default": 2, "minimum": 1}}, "info": {}, "observation": {"remainingOverageTime": {"description": "Total remaining banked time (seconds) that can be used in excess of per-step actTimeouts -- agent is disqualified with TIMEOUT status when this drops below 0.", "shared": false, "type": "number", "minimum": 0, "default": 12}, "step": {"description": "Current step within the episode.", "type": "integer", "shared": true, "minimum": 0, "default": 0}, "geese": {"description": "List of geese in order by the agent index.", "type": "array", "default": [], "shared": true}, "food": {"description": "Positions on the board where food is present.", "type": "array", "default": [], "shared": true}, "index": {"description": "Index of the current agent's goose in the list of geese.", "type": "integer", "minimum": 0, "defaults": [0, 1, 2, 3, 4, 5, 6, 7]}}, "reward": {"description": "The number of steps the goose has moved plus its length.", "type": ["number", "null"], "default": 0, "minimum": 0}}, "steps": [[{"action": "NORTH", "reward": 0, "info": {}, "observation": {"remainingOverageTime": 12, "step": 0, "geese": [[48], [51], [61], [22]], "food": [38, 58], "index": 0}, "status": "ACTIVE"}, {"action": "NORTH", "reward": 0, "info": {}, "observation": {"remainingOverageTime": 12, "index": 1}, "status": "ACTIVE"}, {"action": "NORTH", "reward": 0, "info": {}, "observation": {"remainingOverageTime": 12, "index": 2}, "status": "ACTIVE"}, {"action": "NORTH", "reward": 0, "info": {}, "observation": {"remainingOverageTime": 12, "index": 3}, "status": "ACTIVE"}], [{"action": "EAST", "reward": 2, "info": {}, "observation": {"remainingOverageTime": 12, "step": 1, "geese": [[49], [40], [60], [33]], "food": [38, 58], "index": 0}, "status": "ACTIVE"}, {"action": "NORTH", "reward": 2, "info": {}, "observation": {"remainingOverageTime": 12, "index": 1}, "status": "ACTIVE"}, {"action": "WEST", "reward": 2, "info": {}, "observation": {"remainingOverageTime": 12, "index": 2}, "status": "ACTIVE"}, {"action": "SOUTH", "reward": 2, "info": {}, "observation": {"remainingOverageTime": 12, "index": 3}, "status": "ACTIVE"}], [{"action": "NORTH", "reward": 3, "info": {}, "observation": {"remainingOverageTime": 12, "step": 2, "geese": [[38, 49], [39], [59], [34]], "food": [58, 42], "index": 0}, "status": "ACTIVE"}, {"action": "WEST", "reward": 3, "info": {}, "observation": {"remainingOverageTime": 12, "index": 1}, "status": "ACTIVE"}, {"action": "WEST", "reward": 3, "info": {}, "observation": {"remainingOverageTime": 12, "index": 2}, "status": "ACTIVE"}, {"action": "EAST", "reward": 3, "info": {}, "observation": {"remainingOverageTime": 12, "index": 3}, "status": "ACTIVE"}], [{"action": "WEST", "reward": 5, "info": {}, "observation": {"remainingOverageTime": 12, "step": 3, "geese": [[37, 38], [28], [58, 59], [35]], "food": [42, 43], "index": 0}, "status": "ACTIVE"}, {"action": "NORTH", "reward": 4, "info": {}, "observation": {"remainingOverageTime": 12, "index": 1}, "status": "ACTIVE"}, {"action": "WEST", "reward": 4, "info": {}, "observation": {"remainingOverageTime": 12, "index": 2}, "status": "ACTIVE"}, {"action": "EAST", "reward": 4, "info": {}, "observation": {"remainingOverageTime": 12, "index": 3}, "status": "ACTIVE"}], [{"action": "NORTH", "reward": 6, "info": {}, "observation": {"remainingOverageTime": 12, "step": 4, "geese": [[26, 37], [29], [57, 58], [46]], "food": [42, 43], "index": 0}, "status": "ACTIVE"}, {"action": "EAST", "reward": 5, "info": {}, "observation": {"remainingOverageTime": 12, "index": 1}, "status": "ACTIVE"}, {"action": "WEST", "reward": 6, "info": {}, "observation": {"remainingOverageTime": 12, "index": 2}, "status": "ACTIVE"}, {"action": "SOUTH", "reward": 5, "info": {}, "observation": {"remainingOverageTime": 12, "index": 3}, "status": "ACTIVE"}], [{"action": "EAST", "reward": 7, "info": {}, "observation": {"remainingOverageTime": 12, "step": 5, "geese": [[27, 26], [30], [46, 57], [45]], "food": [42, 43], "index": 0}, "status": "ACTIVE"}, {"action": "EAST", "reward": 6, "info": {}, "observation": {"remainingOverageTime": 12, "index": 1}, "status": "ACTIVE"}, {"action": "NORTH", "reward": 7, "info": {}, "observation": {"remainingOverageTime": 12, "index": 2}, "status": "ACTIVE"}, {"action": "WEST", "reward": 6, "info": {}, "observation": {"remainingOverageTime": 12, "index": 3}, "status": "ACTIVE"}], [{"action": "EAST", "reward": 8, "info": {}, "observation": {"remainingOverageTime": 12, "step": 6, "geese": [[28, 27], [41], [35, 46], [34]], "food": [42, 43], "index": 0}, "status": "ACTIVE"}, {"action": "SOUTH", "reward": 7, "info": {}, "observation": {"remainingOverageTime": 12, "index": 1}, "status": "ACTIVE"}, {"action": "NORTH", "reward": 8, "info": {}, "observation": {"remainingOverageTime": 12, "index": 2}, "status": "ACTIVE"}, {"action": "NORTH", "reward": 7, "info": {}, "observation": {"remainingOverageTime": 12, "index": 3}, "status": "ACTIVE"}], [{"action": "EAST", "reward": 9, "info": {}, "observation": {"remainingOverageTime": 12, "step": 7, "geese": [[29, 28], [42, 41], [34, 35], [33]], "food": [43, 61], "index": 0}, "status": "ACTIVE"}, {"action": "EAST", "reward": 8, "info": {}, "observation": {"remainingOverageTime": 12, "index": 1}, "status": "ACTIVE"}, {"action": "WEST", "reward": 9, "info": {}, "observation": {"remainingOverageTime": 12, "index": 2}, "status": "ACTIVE"}, {"action": "WEST", "reward": 8, "info": {}, "observation": {"remainingOverageTime": 12, "index": 3}, "status": "ACTIVE"}], [{"action": "EAST", "reward": 10, "info": {}, "observation": {"remainingOverageTime": 12, "step": 8, "geese": [[30, 29], [53, 42], [45, 34], [44]], "food": [43, 61], "index": 0}, "status": "ACTIVE"}, {"action": "SOUTH", "reward": 10, "info": {}, "observation": {"remainingOverageTime": 12, "index": 1}, "status": "ACTIVE"}, {"action": "SOUTH", "reward": 10, "info": {}, "observation": {"remainingOverageTime": 12, "index": 2}, "status": "ACTIVE"}, {"action": "SOUTH", "reward": 9, "info": {}, "observation": {"remainingOverageTime": 12, "index": 3}, "status": "ACTIVE"}], [{"action": "SOUTH", "reward": 11, "info": {}, "observation": {"remainingOverageTime": 12, "step": 9, "geese": [[41, 30], [52, 53], [44, 45], [55]], "food": [43, 61], "index": 0}, "status": "ACTIVE"}, {"action": "WEST", "reward": 11, "info": {}, "observation": {"remainingOverageTime": 12, "index": 1}, "status": "ACTIVE"}, {"action": "WEST", "reward": 11, "info": {}, "observation": {"remainingOverageTime": 12, "index": 2}, "status": "ACTIVE"}, {"action": "SOUTH", "reward": 10, "info": {}, "observation": {"remainingOverageTime": 12, "index": 3}, "status": "ACTIVE"}], [{"action": "EAST", "reward": 12, "info": {}, "observation": {"remainingOverageTime": 12, "step": 10, "geese": [[42, 41], [51, 52], [33, 44], [65]], "food": [43, 61], "index": 0}, "status": "ACTIVE"}, {"action": "WEST", "reward": 12, "info": {}, "observation": {"remainingOverageTime": 12, "index": 1}, "status": "ACTIVE"}, {"action": "NORTH", "reward": 12, "info": {}, "observation": {"remainingOverageTime": 12, "index": 2}, "status": "ACTIVE"}, {"action": "WEST", "reward": 11, "info": {}, "observation": {"remainingOverageTime": 12, "index": 3}, "status": "ACTIVE"}], [{"action": "NORTH", "reward": 13, "info": {}, "observation": {"remainingOverageTime": 12, "step": 11, "geese": [[31, 42], [62, 51], [22, 33], [54]], "food": [43, 61], "index": 0}, "status": "ACTIVE"}, {"action": "SOUTH", "reward": 13, "info": {}, "observation": {"remainingOverageTime": 12, "index": 1}, "status": "ACTIVE"}, {"action": "NORTH", "reward": 13, "info": {}, "observation": {"remainingOverageTime": 12, "index": 2}, "status": "ACTIVE"}, {"action": "NORTH", "reward": 12, "info": {}, "observation": {"remainingOverageTime": 12, "index": 3}, "status": "ACTIVE"}], [{"action": "NORTH", "reward": 14, "info": {}, "observation": {"remainingOverageTime": 12, "step": 12, "geese": [[20, 31], [61, 62, 51], [11, 22], [43, 54]], "food": [9, 13], "index": 0}, "status": "ACTIVE"}, {"action": "WEST", "reward": 14, "info": {}, "observation": {"remainingOverageTime": 12, "index": 1}, "status": "ACTIVE"}, {"action": "NORTH", "reward": 14, "info": {}, "observation": {"remainingOverageTime": 12, "index": 2}, "status": "ACTIVE"}, {"action": "NORTH", "reward": 13, "info": {}, "observation": {"remainingOverageTime": 12, "index": 3}, "status": "ACTIVE"}], [{"action": "NORTH", "reward": 15, "info": {}, "observation": {"remainingOverageTime": 12, "step": 13, "geese": [[9, 20, 31], [72, 61, 62], [12, 11], [32, 43]], "food": [13, 27], "index": 0}, "status": "ACTIVE"}, {"action": "SOUTH", "reward": 16, "info": {}, "observation": {"remainingOverageTime": 12, "index": 1}, "status": "ACTIVE"}, {"action": "EAST", "reward": 15, "info": {}, "observation": {"remainingOverageTime": 12, "index": 2}, "status": "ACTIVE"}, {"action": "NORTH", "reward": 15, "info": {}, "observation": {"remainingOverageTime": 12, "index": 3}, "status": "ACTIVE"}], [{"action": "EAST", "reward": 17, "info": {}, "observation": {"remainingOverageTime": 12, "step": 14, "geese": [[10, 9, 20], [6, 72, 61], [13, 12, 11], [22, 32]], "food": [27, 52], "index": 0}, "status": "ACTIVE"}, {"action": "SOUTH", "reward": 17, "info": {}, "observation": {"remainingOverageTime": 12, "index": 1}, "status": "ACTIVE"}, {"action": "EAST", "reward": 16, "info": {}, "observation": {"remainingOverageTime": 12, "index": 2}, "status": "ACTIVE"}, {"action": "EAST", "reward": 16, "info": {}, "observation": {"remainingOverageTime": 12, "index": 3}, "status": "ACTIVE"}], [{"action": "NORTH", "reward": 18, "info": {}, "observation": {"remainingOverageTime": 12, "step": 15, "geese": [[76, 10, 9], [5, 6, 72], [14, 13, 12], [33, 22]], "food": [27, 52], "index": 0}, "status": "ACTIVE"}, {"action": "WEST", "reward": 18, "info": {}, "observation": {"remainingOverageTime": 12, "index": 1}, "status": "ACTIVE"}, {"action": "EAST", "reward": 18, "info": {}, "observation": {"remainingOverageTime": 12, "index": 2}, "status": "ACTIVE"}, {"action": "SOUTH", "reward": 17, "info": {}, "observation": {"remainingOverageTime": 12, "index": 3}, "status": "ACTIVE"}], [{"action": "WEST", "reward": 19, "info": {}, "observation": {"remainingOverageTime": 12, "step": 16, "geese": [[75, 76, 10], [16, 5, 6], [25, 14, 13], [43, 33]], "food": [27, 52], "index": 0}, "status": "ACTIVE"}, {"action": "SOUTH", "reward": 19, "info": {}, "observation": {"remainingOverageTime": 12, "index": 1}, "status": "ACTIVE"}, {"action": "SOUTH", "reward": 19, "info": {}, "observation": {"remainingOverageTime": 12, "index": 2}, "status": "ACTIVE"}, {"action": "WEST", "reward": 18, "info": {}, "observation": {"remainingOverageTime": 12, "index": 3}, "status": "ACTIVE"}], [{"action": "NORTH", "reward": 20, "info": {}, "observation": {"remainingOverageTime": 12, "step": 17, "geese": [[64, 75, 76], [27, 16, 5, 6], [26, 25, 14], [54, 43]], "food": [52, 73], "index": 0}, "status": "ACTIVE"}, {"action": "SOUTH", "reward": 20, "info": {}, "observation": {"remainingOverageTime": 12, "index": 1}, "status": "ACTIVE"}, {"action": "EAST", "reward": 20, "info": {}, "observation": {"remainingOverageTime": 12, "index": 2}, "status": "ACTIVE"}, {"action": "SOUTH", "reward": 19, "info": {}, "observation": {"remainingOverageTime": 12, "index": 3}, "status": "ACTIVE"}], [{"action": "WEST", "reward": 21, "info": {}, "observation": {"remainingOverageTime": 12, "step": 18, "geese": [[63, 64, 75], [28, 27, 16, 5], [37, 26, 25], [44, 54]], "food": [52, 73], "index": 0}, "status": "ACTIVE"}, {"action": "EAST", "reward": 22, "info": {}, "observation": {"remainingOverageTime": 12, "index": 1}, "status": "ACTIVE"}, {"action": "SOUTH", "reward": 21, "info": {}, "observation": {"remainingOverageTime": 12, "index": 2}, "status": "ACTIVE"}, {"action": "EAST", "reward": 20, "info": {}, "observation": {"remainingOverageTime": 12, "index": 3}, "status": "ACTIVE"}], [{"action": "NORTH", "reward": 22, "info": {}, "observation": {"remainingOverageTime": 12, "step": 19, "geese": [[52, 63, 64, 75], [29, 28, 27, 16], [48, 37, 26], [33, 44]], "food": [73, 74], "index": 0}, "status": "ACTIVE"}, {"action": "EAST", "reward": 23, "info": {}, "observation": {"remainingOverageTime": 12, "index": 1}, "status": "ACTIVE"}, {"action": "SOUTH", "reward": 22, "info": {}, "observation": {"remainingOverageTime": 12, "index": 2}, "status": "ACTIVE"}, {"action": "NORTH", "reward": 21, "info": {}, "observation": {"remainingOverageTime": 12, "index": 3}, "status": "ACTIVE"}], [{"action": "WEST", "reward": 24, "info": {}, "observation": {"remainingOverageTime": 12, "step": 20, "geese": [[51, 52, 63, 64], [18, 29, 28, 27], [49, 48, 37], [43, 33]], "food": [73, 74], "index": 0}, "status": "ACTIVE"}, {"action": "NORTH", "reward": 24, "info": {}, "observation": {"remainingOverageTime": 12, "index": 1}, "status": "ACTIVE"}, {"action": "EAST", "reward": 23, "info": {}, "observation": {"remainingOverageTime": 12, "index": 2}, "status": "ACTIVE"}, {"action": "WEST", "reward": 22, "info": {}, "observation": {"remainingOverageTime": 12, "index": 3}, "status": "ACTIVE"}], [{"action": "SOUTH", "reward": 25, "info": {}, "observation": {"remainingOverageTime": 12, "step": 21, "geese": [[62, 51, 52, 63], [7, 18, 29, 28], [60, 49, 48], [54, 43]], "food": [73, 74], "index": 0}, "status": "ACTIVE"}, {"action": "NORTH", "reward": 25, "info": {}, "observation": {"remainingOverageTime": 12, "index": 1}, "status": "ACTIVE"}, {"action": "SOUTH", "reward": 24, "info": {}, "observation": {"remainingOverageTime": 12, "index": 2}, "status": "ACTIVE"}, {"action": "SOUTH", "reward": 23, "info": {}, "observation": {"remainingOverageTime": 12, "index": 3}, "status": "ACTIVE"}], [{"action": "SOUTH", "reward": 26, "info": {}, "observation": {"remainingOverageTime": 12, "step": 22, "geese": [[73, 62, 51, 52, 63], [6, 7, 18, 29], [71, 60, 49], [65, 54]], "food": [74, 12], "index": 0}, "status": "ACTIVE"}, {"action": "WEST", "reward": 26, "info": {}, "observation": {"remainingOverageTime": 12, "index": 1}, "status": "ACTIVE"}, {"action": "SOUTH", "reward": 25, "info": {}, "observation": {"remainingOverageTime": 12, "index": 2}, "status": "ACTIVE"}, {"action": "SOUTH", "reward": 24, "info": {}, "observation": {"remainingOverageTime": 12, "index": 3}, "status": "ACTIVE"}], [{"action": "EAST", "reward": 28, "info": {}, "observation": {"remainingOverageTime": 12, "step": 23, "geese": [[74, 73, 62, 51, 52, 63], [17, 6, 7, 18], [70, 71, 60], [64, 65]], "food": [12, 28], "index": 0}, "status": "ACTIVE"}, {"action": "SOUTH", "reward": 27, "info": {}, "observation": {"remainingOverageTime": 12, "index": 1}, "status": "ACTIVE"}, {"action": "WEST", "reward": 26, "info": {}, "observation": {"remainingOverageTime": 12, "index": 2}, "status": "ACTIVE"}, {"action": "WEST", "reward": 25, "info": {}, "observation": {"remainingOverageTime": 12, "index": 3}, "status": "ACTIVE"}], [{"action": "SOUTH", "reward": 30, "info": {}, "observation": {"remainingOverageTime": 12, "step": 24, "geese": [[8, 74, 73, 62, 51, 52], [28, 17, 6, 7, 18], [69, 70, 71], [53, 64]], "food": [12, 21], "index": 0}, "status": "ACTIVE"}, {"action": "SOUTH", "reward": 28, "info": {}, "observation": {"remainingOverageTime": 12, "index": 1}, "status": "ACTIVE"}, {"action": "WEST", "reward": 27, "info": {}, "observation": {"remainingOverageTime": 12, "index": 2}, "status": "ACTIVE"}, {"action": "NORTH", "reward": 26, "info": {}, "observation": {"remainingOverageTime": 12, "index": 3}, "status": "ACTIVE"}], [{"action": "EAST", "reward": 31, "info": {}, "observation": {"remainingOverageTime": 12, "step": 25, "geese": [[9, 8, 74, 73, 62, 51], [29, 28, 17, 6, 7], [3, 69, 70], [54, 53]], "food": [12, 21], "index": 0}, "status": "ACTIVE"}, {"action": "EAST", "reward": 30, "info": {}, "observation": {"remainingOverageTime": 12, "index": 1}, "status": "ACTIVE"}, {"action": "SOUTH", "reward": 28, "info": {}, "observation": {"remainingOverageTime": 12, "index": 2}, "status": "ACTIVE"}, {"action": "EAST", "reward": 27, "info": {}, "observation": {"remainingOverageTime": 12, "index": 3}, "status": "ACTIVE"}], [{"action": "SOUTH", "reward": 32, "info": {}, "observation": {"remainingOverageTime": 12, "step": 26, "geese": [[20, 9, 8, 74, 73, 62], [30, 29, 28, 17, 6], [14, 3, 69], [43, 54]], "food": [12, 21], "index": 0}, "status": "ACTIVE"}, {"action": "EAST", "reward": 31, "info": {}, "observation": {"remainingOverageTime": 12, "index": 1}, "status": "ACTIVE"}, {"action": "SOUTH", "reward": 29, "info": {}, "observation": {"remainingOverageTime": 12, "index": 2}, "status": "ACTIVE"}, {"action": "NORTH", "reward": 28, "info": {}, "observation": {"remainingOverageTime": 12, "index": 3}, "status": "ACTIVE"}], [{"action": "EAST", "reward": 33, "info": {}, "observation": {"remainingOverageTime": 12, "step": 27, "geese": [[21, 20, 9, 8, 74, 73, 62], [41, 30, 29, 28, 17], [13, 14, 3], [32, 43]], "food": [12, 34], "index": 0}, "status": "ACTIVE"}, {"action": "SOUTH", "reward": 32, "info": {}, "observation": {"remainingOverageTime": 12, "index": 1}, "status": "ACTIVE"}, {"action": "WEST", "reward": 30, "info": {}, "observation": {"remainingOverageTime": 12, "index": 2}, "status": "ACTIVE"}, {"action": "NORTH", "reward": 29, "info": {}, "observation": {"remainingOverageTime": 12, "index": 3}, "status": "ACTIVE"}], [{"action": "EAST", "reward": 35, "info": {}, "observation": {"remainingOverageTime": 12, "step": 28, "geese": [[11, 21, 20, 9, 8, 74, 73], [42, 41, 30, 29, 28], [12, 13, 14, 3], [22, 32]], "food": [34, 39], "index": 0}, "status": "ACTIVE"}, {"action": "EAST", "reward": 33, "info": {}, "observation": {"remainingOverageTime": 12, "index": 1}, "status": "ACTIVE"}, {"action": "WEST", "reward": 31, "info": {}, "observation": {"remainingOverageTime": 12, "index": 2}, "status": "ACTIVE"}, {"action": "EAST", "reward": 30, "info": {}, "observation": {"remainingOverageTime": 12, "index": 3}, "status": "ACTIVE"}], [{"action": "NORTH", "reward": 36, "info": {}, "observation": {"remainingOverageTime": 12, "step": 29, "geese": [[0, 11, 21, 20, 9, 8, 74], [43, 42, 41, 30, 29], [1, 12, 13, 14], [33, 22]], "food": [34, 39], "index": 0}, "status": "ACTIVE"}, {"action": "EAST", "reward": 34, "info": {}, "observation": {"remainingOverageTime": 12, "index": 1}, "status": "ACTIVE"}, {"action": "NORTH", "reward": 33, "info": {}, "observation": {"remainingOverageTime": 12, "index": 2}, "status": "ACTIVE"}, {"action": "SOUTH", "reward": 31, "info": {}, "observation": {"remainingOverageTime": 12, "index": 3}, "status": "ACTIVE"}], [{"action": "NORTH", "reward": 37, "info": {}, "observation": {"remainingOverageTime": 12, "step": 30, "geese": [[66, 0, 11, 21, 20, 9, 8], [54, 43, 42, 41, 30], [67, 1, 12, 13], [34, 33, 22]], "food": [39, 29], "index": 0}, "status": "ACTIVE"}, {"action": "SOUTH", "reward": 35, "info": {}, "observation": {"remainingOverageTime": 12, "index": 1}, "status": "ACTIVE"}, {"action": "NORTH", "reward": 34, "info": {}, "observation": {"remainingOverageTime": 12, "index": 2}, "status": "ACTIVE"}, {"action": "EAST", "reward": 32, "info": {}, "observation": {"remainingOverageTime": 12, "index": 3}, "status": "ACTIVE"}], [{"action": "WEST", "reward": 38, "info": {}, "observation": {"remainingOverageTime": 12, "step": 31, "geese": [[76, 66, 0, 11, 21, 20, 9], [53, 54, 43, 42, 41], [56, 67, 1, 12], [35, 34, 33]], "food": [39, 29], "index": 0}, "status": "ACTIVE"}, {"action": "WEST", "reward": 36, "info": {}, "observation": {"remainingOverageTime": 12, "index": 1}, "status": "ACTIVE"}, {"action": "NORTH", "reward": 35, "info": {}, "observation": {"remainingOverageTime": 12, "index": 2}, "status": "ACTIVE"}, {"action": "EAST", "reward": 34, "info": {}, "observation": {"remainingOverageTime": 12, "index": 3}, "status": "ACTIVE"}], [{"action": "WEST", "reward": 39, "info": {}, "observation": {"remainingOverageTime": 12, "step": 32, "geese": [[75, 76, 66, 0, 11, 21, 20], [52, 53, 54, 43, 42], [45, 56, 67, 1], [36, 35, 34]], "food": [39, 29], "index": 0}, "status": "ACTIVE"}, {"action": "WEST", "reward": 37, "info": {}, "observation": {"remainingOverageTime": 12, "index": 1}, "status": "ACTIVE"}, {"action": "NORTH", "reward": 36, "info": {}, "observation": {"remainingOverageTime": 12, "index": 2}, "status": "ACTIVE"}, {"action": "EAST", "reward": 35, "info": {}, "observation": {"remainingOverageTime": 12, "index": 3}, "status": "ACTIVE"}], [{"action": "SOUTH", "reward": 40, "info": {}, "observation": {"remainingOverageTime": 12, "step": 33, "geese": [[9, 75, 76, 66, 0, 11, 21], [41, 52, 53, 54, 43], [46, 45, 56, 67], [37, 36, 35]], "food": [39, 29], "index": 0}, "status": "ACTIVE"}, {"action": "NORTH", "reward": 38, "info": {}, "observation": {"remainingOverageTime": 12, "index": 1}, "status": "ACTIVE"}, {"action": "EAST", "reward": 37, "info": {}, "observation": {"remainingOverageTime": 12, "index": 2}, "status": "ACTIVE"}, {"action": "EAST", "reward": 36, "info": {}, "observation": {"remainingOverageTime": 12, "index": 3}, "status": "ACTIVE"}], [{"action": "WEST", "reward": 41, "info": {}, "observation": {"remainingOverageTime": 12, "step": 34, "geese": [[8, 9, 75, 76, 66, 0, 11], [40, 41, 52, 53, 54], [47, 46, 45, 56], [38, 37, 36]], "food": [39, 29], "index": 0}, "status": "ACTIVE"}, {"action": "WEST", "reward": 39, "info": {}, "observation": {"remainingOverageTime": 12, "index": 1}, "status": "ACTIVE"}, {"action": "EAST", "reward": 38, "info": {}, "observation": {"remainingOverageTime": 12, "index": 2}, "status": "ACTIVE"}, {"action": "EAST", "reward": 37, "info": {}, "observation": {"remainingOverageTime": 12, "index": 3}, "status": "ACTIVE"}], [{"action": "SOUTH", "reward": 42, "info": {}, "observation": {"remainingOverageTime": 12, "step": 35, "geese": [[19, 8, 9, 75, 76, 66, 0], [29, 40, 41, 52, 53, 54], [48, 47, 46, 45], [49, 38, 37]], "food": [39, 63], "index": 0}, "status": "ACTIVE"}, {"action": "NORTH", "reward": 40, "info": {}, "observation": {"remainingOverageTime": 12, "index": 1}, "status": "ACTIVE"}, {"action": "EAST", "reward": 39, "info": {}, "observation": {"remainingOverageTime": 12, "index": 2}, "status": "ACTIVE"}, {"action": "SOUTH", "reward": 38, "info": {}, "observation": {"remainingOverageTime": 12, "index": 3}, "status": "ACTIVE"}], [{"action": "EAST", "reward": 43, "info": {}, "observation": {"remainingOverageTime": 12, "step": 36, "geese": [[20, 19, 8, 9, 75, 76, 66], [28, 29, 40, 41, 52, 53], [59, 48, 47, 46], [50, 49, 38]], "food": [39, 63], "index": 0}, "status": "ACTIVE"}, {"action": "WEST", "reward": 42, "info": {}, "observation": {"remainingOverageTime": 12, "index": 1}, "status": "ACTIVE"}, {"action": "SOUTH", "reward": 40, "info": {}, "observation": {"remainingOverageTime": 12, "index": 2}, "status": "ACTIVE"}, {"action": "EAST", "reward": 39, "info": {}, "observation": {"remainingOverageTime": 12, "index": 3}, "status": "ACTIVE"}], [{"action": "EAST", "reward": 44, "info": {}, "observation": {"remainingOverageTime": 12, "step": 37, "geese": [[21, 20, 19, 8, 9, 75, 76], [27, 28, 29, 40, 41, 52], [60, 59, 48, 47], [51, 50, 49]], "food": [39, 63], "index": 0}, "status": "ACTIVE"}, {"action": "WEST", "reward": 43, "info": {}, "observation": {"remainingOverageTime": 12, "index": 1}, "status": "ACTIVE"}, {"action": "EAST", "reward": 41, "info": {}, "observation": {"remainingOverageTime": 12, "index": 2}, "status": "ACTIVE"}, {"action": "EAST", "reward": 40, "info": {}, "observation": {"remainingOverageTime": 12, "index": 3}, "status": "ACTIVE"}], [{"action": "NORTH", "reward": 45, "info": {}, "observation": {"remainingOverageTime": 12, "step": 38, "geese": [[10, 21, 20, 19, 8, 9, 75], [38, 27, 28, 29, 40, 41], [61, 60, 59, 48], [62, 51, 50]], "food": [39, 63], "index": 0}, "status": "ACTIVE"}, {"action": "SOUTH", "reward": 44, "info": {}, "observation": {"remainingOverageTime": 12, "index": 1}, "status": "ACTIVE"}, {"action": "EAST", "reward": 42, "info": {}, "observation": {"remainingOverageTime": 12, "index": 2}, "status": "ACTIVE"}, {"action": "SOUTH", "reward": 41, "info": {}, "observation": {"remainingOverageTime": 12, "index": 3}, "status": "ACTIVE"}], [{"action": "NORTH", "reward": 46, "info": {}, "observation": {"remainingOverageTime": 12, "step": 39, "geese": [[76, 10, 21, 20, 19, 8, 9], [39, 38, 27, 28, 29, 40, 41], [72, 61, 60, 59], [63, 62, 51, 50]], "food": [64, 35], "index": 0}, "status": "ACTIVE"}, {"action": "EAST", "reward": 45, "info": {}, "observation": {"remainingOverageTime": 12, "index": 1}, "status": "ACTIVE"}, {"action": "SOUTH", "reward": 43, "info": {}, "observation": {"remainingOverageTime": 12, "index": 2}, "status": "ACTIVE"}, {"action": "EAST", "reward": 42, "info": {}, "observation": {"remainingOverageTime": 12, "index": 3}, "status": "ACTIVE"}], [{"action": "WEST", "reward": 47, "info": {}, "observation": {"remainingOverageTime": 12, "step": 40, "geese": [[75, 76, 10, 21, 20, 19], [50, 39, 38, 27, 28, 29], [73, 72, 61], [64, 63, 62, 51]], "food": [35, 5], "index": 0}, "status": "ACTIVE"}, {"action": "SOUTH", "reward": 47, "info": {}, "observation": {"remainingOverageTime": 12, "index": 1}, "status": "ACTIVE"}, {"action": "EAST", "reward": 44, "info": {}, "observation": {"remainingOverageTime": 12, "index": 2}, "status": "ACTIVE"}, {"action": "EAST", "reward": 44, "info": {}, "observation": {"remainingOverageTime": 12, "index": 3}, "status": "ACTIVE"}], [{"action": "SOUTH", "reward": 47, "info": {}, "observation": {"remainingOverageTime": 12, "step": 41, "geese": [[9, 75, 76, 10, 21, 20], [61, 50, 39, 38, 27, 28], [7, 73, 72], [65, 64, 63, 62]], "food": [35, 5], "index": 0}, "status": "ACTIVE"}, {"action": "SOUTH", "reward": 47, "info": {}, "observation": {"remainingOverageTime": 12, "index": 1}, "status": "ACTIVE"}, {"action": "SOUTH", "reward": 44, "info": {}, "observation": {"remainingOverageTime": 12, "index": 2}, "status": "ACTIVE"}, {"action": "EAST", "reward": 45, "info": {}, "observation": {"remainingOverageTime": 12, "index": 3}, "status": "ACTIVE"}], [{"action": "SOUTH", "reward": 48, "info": {}, "observation": {"remainingOverageTime": 12, "step": 42, "geese": [[20, 9, 75, 76, 10, 21], [60, 61, 50, 39, 38, 27], [6, 7, 73], [54, 65, 64, 63]], "food": [35, 5], "index": 0}, "status": "ACTIVE"}, {"action": "WEST", "reward": 48, "info": {}, "observation": {"remainingOverageTime": 12, "index": 1}, "status": "ACTIVE"}, {"action": "WEST", "reward": 45, "info": {}, "observation": {"remainingOverageTime": 12, "index": 2}, "status": "ACTIVE"}, {"action": "NORTH", "reward": 46, "info": {}, "observation": {"remainingOverageTime": 12, "index": 3}, "status": "ACTIVE"}], [{"action": "WEST", "reward": 49, "info": {}, "observation": {"remainingOverageTime": 12, "step": 43, "geese": [[19, 20, 9, 75, 76, 10], [71, 60, 61, 50, 39, 38], [5, 6, 7, 73], [43, 54, 65, 64]], "food": [35, 53], "index": 0}, "status": "ACTIVE"}, {"action": "SOUTH", "reward": 49, "info": {}, "observation": {"remainingOverageTime": 12, "index": 1}, "status": "ACTIVE"}, {"action": "WEST", "reward": 46, "info": {}, "observation": {"remainingOverageTime": 12, "index": 2}, "status": "ACTIVE"}, {"action": "NORTH", "reward": 47, "info": {}, "observation": {"remainingOverageTime": 12, "index": 3}, "status": "ACTIVE"}], [{"action": "SOUTH", "reward": 50, "info": {}, "observation": {"remainingOverageTime": 12, "step": 44, "geese": [[30, 19, 20, 9, 75, 76], [70, 71, 60, 61, 50, 39], [16, 5, 6, 7], [42, 43, 54, 65]], "food": [35, 53], "index": 0}, "status": "ACTIVE"}, {"action": "WEST", "reward": 50, "info": {}, "observation": {"remainingOverageTime": 12, "index": 1}, "status": "ACTIVE"}, {"action": "SOUTH", "reward": 48, "info": {}, "observation": {"remainingOverageTime": 12, "index": 2}, "status": "ACTIVE"}, {"action": "WEST", "reward": 48, "info": {}, "observation": {"remainingOverageTime": 12, "index": 3}, "status": "ACTIVE"}], [{"action": "WEST", "reward": 51, "info": {}, "observation": {"remainingOverageTime": 12, "step": 45, "geese": [[29, 30, 19, 20, 9, 75], [69, 70, 71, 60, 61, 50], [27, 16, 5, 6], [53, 42, 43, 54, 65]], "food": [35, 46], "index": 0}, "status": "ACTIVE"}, {"action": "WEST", "reward": 51, "info": {}, "observation": {"remainingOverageTime": 12, "index": 1}, "status": "ACTIVE"}, {"action": "SOUTH", "reward": 49, "info": {}, "observation": {"remainingOverageTime": 12, "index": 2}, "status": "ACTIVE"}, {"action": "SOUTH", "reward": 49, "info": {}, "observation": {"remainingOverageTime": 12, "index": 3}, "status": "ACTIVE"}], [{"action": "SOUTH", "reward": 52, "info": {}, "observation": {"remainingOverageTime": 12, "step": 46, "geese": [[40, 29, 30, 19, 20, 9], [68, 69, 70, 71, 60, 61], [26, 27, 16, 5], [64, 53, 42, 43, 54]], "food": [35, 46], "index": 0}, "status": "ACTIVE"}, {"action": "WEST", "reward": 52, "info": {}, "observation": {"remainingOverageTime": 12, "index": 1}, "status": "ACTIVE"}, {"action": "WEST", "reward": 50, "info": {}, "observation": {"remainingOverageTime": 12, "index": 2}, "status": "ACTIVE"}, {"action": "SOUTH", "reward": 51, "info": {}, "observation": {"remainingOverageTime": 12, "index": 3}, "status": "ACTIVE"}], [{"action": "WEST", "reward": 53, "info": {}, "observation": {"remainingOverageTime": 12, "step": 47, "geese": [[39, 40, 29, 30, 19, 20], [57, 68, 69, 70, 71, 60], [37, 26, 27, 16], [65, 64, 53, 42, 43]], "food": [35, 46], "index": 0}, "status": "ACTIVE"}, {"action": "NORTH", "reward": 53, "info": {}, "observation": {"remainingOverageTime": 12, "index": 1}, "status": "ACTIVE"}, {"action": "SOUTH", "reward": 51, "info": {}, "observation": {"remainingOverageTime": 12, "index": 2}, "status": "ACTIVE"}, {"action": "EAST", "reward": 52, "info": {}, "observation": {"remainingOverageTime": 12, "index": 3}, "status": "ACTIVE"}], [{"action": "SOUTH", "reward": 54, "info": {}, "observation": {"remainingOverageTime": 12, "step": 48, "geese": [[50, 39, 40, 29, 30, 19], [46, 57, 68, 69, 70, 71, 60], [36, 37, 26, 27], [54, 65, 64, 53, 42]], "food": [35, 72], "index": 0}, "status": "ACTIVE"}, {"action": "NORTH", "reward": 54, "info": {}, "observation": {"remainingOverageTime": 12, "index": 1}, "status": "ACTIVE"}, {"action": "WEST", "reward": 52, "info": {}, "observation": {"remainingOverageTime": 12, "index": 2}, "status": "ACTIVE"}, {"action": "NORTH", "reward": 53, "info": {}, "observation": {"remainingOverageTime": 12, "index": 3}, "status": "ACTIVE"}], [{"action": "SOUTH", "reward": 55, "info": {}, "observation": {"remainingOverageTime": 12, "step": 49, "geese": [[61, 50, 39, 40, 29, 30], [45, 46, 57, 68, 69, 70, 71], [25, 36, 37, 26], [43, 54, 65, 64, 53]], "food": [35, 72], "index": 0}, "status": "ACTIVE"}, {"action": "WEST", "reward": 56, "info": {}, "observation": {"remainingOverageTime": 12, "index": 1}, "status": "ACTIVE"}, {"action": "NORTH", "reward": 53, "info": {}, "observation": {"remainingOverageTime": 12, "index": 2}, "status": "ACTIVE"}, {"action": "NORTH", "reward": 54, "info": {}, "observation": {"remainingOverageTime": 12, "index": 3}, "status": "ACTIVE"}], [{"action": "SOUTH", "reward": 56, "info": {}, "observation": {"remainingOverageTime": 12, "step": 50, "geese": [[72, 61, 50, 39, 40, 29, 30], [34, 45, 46, 57, 68, 69, 70], [24, 25, 36, 37], [33, 43, 54, 65, 64]], "food": [35, 75], "index": 0}, "status": "ACTIVE"}, {"action": "NORTH", "reward": 57, "info": {}, "observation": {"remainingOverageTime": 12, "index": 1}, "status": "ACTIVE"}, {"action": "WEST", "reward": 54, "info": {}, "observation": {"remainingOverageTime": 12, "index": 2}, "status": "ACTIVE"}, {"action": "EAST", "reward": 55, "info": {}, "observation": {"remainingOverageTime": 12, "index": 3}, "status": "ACTIVE"}], [{"action": "EAST", "reward": 58, "info": {}, "observation": {"remainingOverageTime": 12, "step": 51, "geese": [[73, 72, 61, 50, 39, 40, 29], [23, 34, 45, 46, 57, 68, 69], [13, 24, 25, 36], [44, 33, 43, 54, 65]], "food": [35, 75], "index": 0}, "status": "ACTIVE"}, {"action": "NORTH", "reward": 58, "info": {}, "observation": {"remainingOverageTime": 12, "index": 1}, "status": "ACTIVE"}, {"action": "NORTH", "reward": 55, "info": {}, "observation": {"remainingOverageTime": 12, "index": 2}, "status": "ACTIVE"}, {"action": "SOUTH", "reward": 56, "info": {}, "observation": {"remainingOverageTime": 12, "index": 3}, "status": "ACTIVE"}], [{"action": "EAST", "reward": 59, "info": {}, "observation": {"remainingOverageTime": 12, "step": 52, "geese": [[74, 73, 72, 61, 50, 39, 40], [22, 23, 34, 45, 46, 57, 68], [14, 13, 24, 25], [55, 44, 33, 43, 54]], "food": [35, 75], "index": 0}, "status": "ACTIVE"}, {"action": "WEST", "reward": 59, "info": {}, "observation": {"remainingOverageTime": 12, "index": 1}, "status": "ACTIVE"}, {"action": "EAST", "reward": 56, "info": {}, "observation": {"remainingOverageTime": 12, "index": 2}, "status": "ACTIVE"}, {"action": "SOUTH", "reward": 57, "info": {}, "observation": {"remainingOverageTime": 12, "index": 3}, "status": "ACTIVE"}], [{"action": "EAST", "reward": 60, "info": {}, "observation": {"remainingOverageTime": 12, "step": 53, "geese": [[75, 74, 73, 72, 61, 50, 39, 40], [11, 22, 23, 34, 45, 46, 57], [25, 14, 13, 24], [65, 55, 44, 33, 43]], "food": [35, 63], "index": 0}, "status": "ACTIVE"}, {"action": "NORTH", "reward": 60, "info": {}, "observation": {"remainingOverageTime": 12, "index": 1}, "status": "ACTIVE"}, {"action": "SOUTH", "reward": 57, "info": {}, "observation": {"remainingOverageTime": 12, "index": 2}, "status": "ACTIVE"}, {"action": "WEST", "reward": 58, "info": {}, "observation": {"remainingOverageTime": 12, "index": 3}, "status": "ACTIVE"}], [{"action": "SOUTH", "reward": 62, "info": {}, "observation": {"remainingOverageTime": 12, "step": 54, "geese": [[9, 75, 74, 73, 72, 61, 50, 39], [21, 11, 22, 23, 34, 45, 46], [36, 25, 14, 13], [54, 65, 55, 44, 33]], "food": [35, 63], "index": 0}, "status": "ACTIVE"}, {"action": "WEST", "reward": 61, "info": {}, "observation": {"remainingOverageTime": 12, "index": 1}, "status": "ACTIVE"}, {"action": "SOUTH", "reward": 58, "info": {}, "observation": {"remainingOverageTime": 12, "index": 2}, "status": "ACTIVE"}, {"action": "NORTH", "reward": 59, "info": {}, "observation": {"remainingOverageTime": 12, "index": 3}, "status": "ACTIVE"}], [{"action": "WEST", "reward": 63, "info": {}, "observation": {"remainingOverageTime": 12, "step": 55, "geese": [[8, 9, 75, 74, 73, 72, 61, 50], [32, 21, 11, 22, 23, 34, 45], [35, 36, 25, 14, 13], [53, 54, 65, 55, 44]], "food": [63, 2], "index": 0}, "status": "ACTIVE"}, {"action": "SOUTH", "reward": 62, "info": {}, "observation": {"remainingOverageTime": 12, "index": 1}, "status": "ACTIVE"}, {"action": "WEST", "reward": 59, "info": {}, "observation": {"remainingOverageTime": 12, "index": 2}, "status": "ACTIVE"}, {"action": "WEST", "reward": 60, "info": {}, "observation": {"remainingOverageTime": 12, "index": 3}, "status": "ACTIVE"}], [{"action": "SOUTH", "reward": 64, "info": {}, "observation": {"remainingOverageTime": 12, "step": 56, "geese": [[19, 8, 9, 75, 74, 73, 72, 61], [43, 32, 21, 11, 22, 23, 34], [24, 35, 36, 25, 14], [64, 53, 54, 65, 55]], "food": [63, 2], "index": 0}, "status": "ACTIVE"}, {"action": "SOUTH", "reward": 63, "info": {}, "observation": {"remainingOverageTime": 12, "index": 1}, "status": "ACTIVE"}, {"action": "NORTH", "reward": 61, "info": {}, "observation": {"remainingOverageTime": 12, "index": 2}, "status": "ACTIVE"}, {"action": "SOUTH", "reward": 61, "info": {}, "observation": {"remainingOverageTime": 12, "index": 3}, "status": "ACTIVE"}], [{"action": "SOUTH", "reward": 65, "info": {}, "observation": {"remainingOverageTime": 12, "step": 57, "geese": [[30, 19, 8, 9, 75, 74, 73, 72], [42, 43, 32, 21, 11, 22, 23], [13, 24, 35, 36, 25], [63, 64, 53, 54, 65, 55]], "food": [2, 62], "index": 0}, "status": "ACTIVE"}, {"action": "WEST", "reward": 64, "info": {}, "observation": {"remainingOverageTime": 12, "index": 1}, "status": "ACTIVE"}, {"action": "NORTH", "reward": 62, "info": {}, "observation": {"remainingOverageTime": 12, "index": 2}, "status": "ACTIVE"}, {"action": "WEST", "reward": 62, "info": {}, "observation": {"remainingOverageTime": 12, "index": 3}, "status": "ACTIVE"}], [{"action": "WEST", "reward": 66, "info": {}, "observation": {"remainingOverageTime": 12, "step": 58, "geese": [[29, 30, 19, 8, 9, 75, 74, 73], [31, 42, 43, 32, 21, 11, 22], [2, 13, 24, 35, 36, 25], [62, 63, 64, 53, 54, 65, 55]], "food": [3, 70], "index": 0}, "status": "ACTIVE"}, {"action": "NORTH", "reward": 65, "info": {}, "observation": {"remainingOverageTime": 12, "index": 1}, "status": "ACTIVE"}, {"action": "NORTH", "reward": 63, "info": {}, "observation": {"remainingOverageTime": 12, "index": 2}, "status": "ACTIVE"}, {"action": "WEST", "reward": 64, "info": {}, "observation": {"remainingOverageTime": 12, "index": 3}, "status": "ACTIVE"}], [{"action": "WEST", "reward": 67, "info": {}, "observation": {"remainingOverageTime": 12, "step": 59, "geese": [[28, 29, 30, 19, 8, 9, 75, 74], [20, 31, 42, 43, 32, 21, 11], [3, 2, 13, 24, 35, 36, 25], [61, 62, 63, 64, 53, 54, 65]], "food": [70, 22], "index": 0}, "status": "ACTIVE"}, {"action": "NORTH", "reward": 66, "info": {}, "observation": {"remainingOverageTime": 12, "index": 1}, "status": "ACTIVE"}, {"action": "EAST", "reward": 65, "info": {}, "observation": {"remainingOverageTime": 12, "index": 2}, "status": "ACTIVE"}, {"action": "WEST", "reward": 66, "info": {}, "observation": {"remainingOverageTime": 12, "index": 3}, "status": "ACTIVE"}], [{"action": "WEST", "reward": 68, "info": {}, "observation": {"remainingOverageTime": 12, "step": 60, "geese": [[27, 28, 29, 30, 19, 8, 9, 75], [], [69, 3, 2, 13, 24, 35, 36], [60, 61, 62, 63, 64, 53, 54]], "food": [70, 22], "index": 0}, "status": "ACTIVE"}, {"action": "EAST", "reward": 67, "info": {}, "observation": {"remainingOverageTime": 12, "index": 1}, "status": "DONE"}, {"action": "NORTH", "reward": 67, "info": {}, "observation": {"remainingOverageTime": 12, "index": 2}, "status": "ACTIVE"}, {"action": "WEST", "reward": 67, "info": {}, "observation": {"remainingOverageTime": 12, "index": 3}, "status": "ACTIVE"}], [{"action": "NORTH", "reward": 69, "info": {}, "observation": {"remainingOverageTime": 12, "step": 61, "geese": [[16, 27, 28, 29, 30, 19, 8, 9], [], [70, 69, 3, 2, 13, 24, 35, 36], [59, 60, 61, 62, 63, 64, 53]], "food": [22, 71], "index": 0}, "status": "ACTIVE"}, {"action": "NORTH", "reward": 67, "info": {}, "observation": {"remainingOverageTime": 12, "index": 1}, "status": "DONE"}, {"action": "EAST", "reward": 68, "info": {}, "observation": {"remainingOverageTime": 12, "index": 2}, "status": "ACTIVE"}, {"action": "WEST", "reward": 68, "info": {}, "observation": {"remainingOverageTime": 12, "index": 3}, "status": "ACTIVE"}], [{"action": "NORTH", "reward": 70, "info": {}, "observation": {"remainingOverageTime": 12, "step": 62, "geese": [[5, 16, 27, 28, 29, 30, 19, 8], [], [71, 70, 69, 3, 2, 13, 24, 35, 36], [48, 59, 60, 61, 62, 63, 64]], "food": [22, 18], "index": 0}, "status": "ACTIVE"}, {"action": "NORTH", "reward": 67, "info": {}, "observation": {"remainingOverageTime": 12, "index": 1}, "status": "DONE"}, {"action": "EAST", "reward": 70, "info": {}, "observation": {"remainingOverageTime": 12, "index": 2}, "status": "ACTIVE"}, {"action": "NORTH", "reward": 69, "info": {}, "observation": {"remainingOverageTime": 12, "index": 3}, "status": "ACTIVE"}], [{"action": "EAST", "reward": 71, "info": {}, "observation": {"remainingOverageTime": 12, "step": 63, "geese": [[6, 5, 16, 27, 28, 29, 30, 19], [], [72, 71, 70, 69, 3, 2, 13, 24, 35], [47, 48, 59, 60, 61, 62, 63]], "food": [22, 18], "index": 0}, "status": "ACTIVE"}, {"action": "NORTH", "reward": 67, "info": {}, "observation": {"remainingOverageTime": 12, "index": 1}, "status": "DONE"}, {"action": "EAST", "reward": 72, "info": {}, "observation": {"remainingOverageTime": 12, "index": 2}, "status": "ACTIVE"}, {"action": "WEST", "reward": 70, "info": {}, "observation": {"remainingOverageTime": 12, "index": 3}, "status": "ACTIVE"}], [{"action": "SOUTH", "reward": 72, "info": {}, "observation": {"remainingOverageTime": 12, "step": 64, "geese": [[17, 6, 5, 16, 27, 28, 29, 30], [], [73, 72, 71, 70, 69, 3, 2, 13, 24], [46, 47, 48, 59, 60, 61, 62]], "food": [22, 18], "index": 0}, "status": "ACTIVE"}, {"action": "NORTH", "reward": 67, "info": {}, "observation": {"remainingOverageTime": 12, "index": 1}, "status": "DONE"}, {"action": "EAST", "reward": 73, "info": {}, "observation": {"remainingOverageTime": 12, "index": 2}, "status": "ACTIVE"}, {"action": "WEST", "reward": 71, "info": {}, "observation": {"remainingOverageTime": 12, "index": 3}, "status": "ACTIVE"}], [{"action": "EAST", "reward": 73, "info": {}, "observation": {"remainingOverageTime": 12, "step": 65, "geese": [[18, 17, 6, 5, 16, 27, 28, 29, 30], [], [7, 73, 72, 71, 70, 69, 3, 2, 13], [35, 46, 47, 48, 59, 60, 61]], "food": [22, 51], "index": 0}, "status": "ACTIVE"}, {"action": "NORTH", "reward": 67, "info": {}, "observation": {"remainingOverageTime": 12, "index": 1}, "status": "DONE"}, {"action": "SOUTH", "reward": 74, "info": {}, "observation": {"remainingOverageTime": 12, "index": 2}, "status": "ACTIVE"}, {"action": "NORTH", "reward": 72, "info": {}, "observation": {"remainingOverageTime": 12, "index": 3}, "status": "ACTIVE"}], [{"action": "EAST", "reward": 75, "info": {}, "observation": {"remainingOverageTime": 12, "step": 66, "geese": [[19, 18, 17, 6, 5, 16, 27, 28, 29], [], [8, 7, 73, 72, 71, 70, 69, 3, 2], [34, 35, 46, 47, 48, 59, 60]], "food": [22, 51], "index": 0}, "status": "ACTIVE"}, {"action": "NORTH", "reward": 67, "info": {}, "observation": {"remainingOverageTime": 12, "index": 1}, "status": "DONE"}, {"action": "EAST", "reward": 75, "info": {}, "observation": {"remainingOverageTime": 12, "index": 2}, "status": "ACTIVE"}, {"action": "WEST", "reward": 73, "info": {}, "observation": {"remainingOverageTime": 12, "index": 3}, "status": "ACTIVE"}], [{"action": "SOUTH", "reward": 76, "info": {}, "observation": {"remainingOverageTime": 12, "step": 67, "geese": [[30, 19, 18, 17, 6, 5, 16, 27, 28], [], [74, 8, 7, 73, 72, 71, 70, 69, 3], [33, 34, 35, 46, 47, 48, 59]], "food": [22, 51], "index": 0}, "status": "ACTIVE"}, {"action": "NORTH", "reward": 67, "info": {}, "observation": {"remainingOverageTime": 12, "index": 1}, "status": "DONE"}, {"action": "NORTH", "reward": 76, "info": {}, "observation": {"remainingOverageTime": 12, "index": 2}, "status": "ACTIVE"}, {"action": "WEST", "reward": 74, "info": {}, "observation": {"remainingOverageTime": 12, "index": 3}, "status": "ACTIVE"}], [{"action": "SOUTH", "reward": 77, "info": {}, "observation": {"remainingOverageTime": 12, "step": 68, "geese": [[41, 30, 19, 18, 17, 6, 5, 16, 27], [], [63, 74, 8, 7, 73, 72, 71, 70, 69], [22, 33, 34, 35, 46, 47, 48, 59]], "food": [51, 28], "index": 0}, "status": "ACTIVE"}, {"action": "NORTH", "reward": 67, "info": {}, "observation": {"remainingOverageTime": 12, "index": 1}, "status": "DONE"}, {"action": "NORTH", "reward": 77, "info": {}, "observation": {"remainingOverageTime": 12, "index": 2}, "status": "ACTIVE"}, {"action": "NORTH", "reward": 75, "info": {}, "observation": {"remainingOverageTime": 12, "index": 3}, "status": "ACTIVE"}], [{"action": "WEST", "reward": 78, "info": {}, "observation": {"remainingOverageTime": 12, "step": 69, "geese": [[40, 41, 30, 19, 18, 17, 6, 5, 16], [], [62, 63, 74, 8, 7, 73, 72, 71, 70], [23, 22, 33, 34, 35, 46, 47, 48]], "food": [51, 28], "index": 0}, "status": "ACTIVE"}, {"action": "NORTH", "reward": 67, "info": {}, "observation": {"remainingOverageTime": 12, "index": 1}, "status": "DONE"}, {"action": "WEST", "reward": 78, "info": {}, "observation": {"remainingOverageTime": 12, "index": 2}, "status": "ACTIVE"}, {"action": "EAST", "reward": 77, "info": {}, "observation": {"remainingOverageTime": 12, "index": 3}, "status": "ACTIVE"}], [{"action": "NORTH", "reward": 79, "info": {}, "observation": {"remainingOverageTime": 12, "step": 70, "geese": [[29, 40, 41, 30, 19, 18, 17, 6, 5], [], [61, 62, 63, 74, 8, 7, 73, 72, 71], [24, 23, 22, 33, 34, 35, 46, 47]], "food": [51, 28], "index": 0}, "status": "ACTIVE"}, {"action": "NORTH", "reward": 67, "info": {}, "observation": {"remainingOverageTime": 12, "index": 1}, "status": "DONE"}, {"action": "WEST", "reward": 79, "info": {}, "observation": {"remainingOverageTime": 12, "index": 2}, "status": "ACTIVE"}, {"action": "EAST", "reward": 78, "info": {}, "observation": {"remainingOverageTime": 12, "index": 3}, "status": "ACTIVE"}], [{"action": "WEST", "reward": 80, "info": {}, "observation": {"remainingOverageTime": 12, "step": 71, "geese": [[28, 29, 40, 41, 30, 19, 18, 17, 6, 5], [], [50, 61, 62, 63, 74, 8, 7, 73, 72], [25, 24, 23, 22, 33, 34, 35, 46]], "food": [51, 4], "index": 0}, "status": "ACTIVE"}, {"action": "NORTH", "reward": 67, "info": {}, "observation": {"remainingOverageTime": 12, "index": 1}, "status": "DONE"}, {"action": "NORTH", "reward": 80, "info": {}, "observation": {"remainingOverageTime": 12, "index": 2}, "status": "ACTIVE"}, {"action": "EAST", "reward": 79, "info": {}, "observation": {"remainingOverageTime": 12, "index": 3}, "status": "ACTIVE"}], [{"action": "WEST", "reward": 82, "info": {}, "observation": {"remainingOverageTime": 12, "step": 72, "geese": [[27, 28, 29, 40, 41, 30, 19, 18, 17, 6], [], [51, 50, 61, 62, 63, 74, 8, 7, 73, 72], [14, 25, 24, 23, 22, 33, 34, 35]], "food": [4, 42], "index": 0}, "status": "ACTIVE"}, {"action": "NORTH", "reward": 67, "info": {}, "observation": {"remainingOverageTime": 12, "index": 1}, "status": "DONE"}, {"action": "EAST", "reward": 81, "info": {}, "observation": {"remainingOverageTime": 12, "index": 2}, "status": "ACTIVE"}, {"action": "NORTH", "reward": 80, "info": {}, "observation": {"remainingOverageTime": 12, "index": 3}, "status": "ACTIVE"}], [{"action": "NORTH", "reward": 83, "info": {}, "observation": {"remainingOverageTime": 12, "step": 73, "geese": [[16, 27, 28, 29, 40, 41, 30, 19, 18, 17], [], [52, 51, 50, 61, 62, 63, 74, 8, 7, 73], [3, 14, 25, 24, 23, 22, 33, 34]], "food": [4, 42], "index": 0}, "status": "ACTIVE"}, {"action": "NORTH", "reward": 67, "info": {}, "observation": {"remainingOverageTime": 12, "index": 1}, "status": "DONE"}, {"action": "EAST", "reward": 83, "info": {}, "observation": {"remainingOverageTime": 12, "index": 2}, "status": "ACTIVE"}, {"action": "NORTH", "reward": 81, "info": {}, "observation": {"remainingOverageTime": 12, "index": 3}, "status": "ACTIVE"}], [{"action": "NORTH", "reward": 84, "info": {}, "observation": {"remainingOverageTime": 12, "step": 74, "geese": [[5, 16, 27, 28, 29, 40, 41, 30, 19, 18], [], [53, 52, 51, 50, 61, 62, 63, 74, 8, 7], [4, 3, 14, 25, 24, 23, 22, 33, 34]], "food": [42, 37], "index": 0}, "status": "ACTIVE"}, {"action": "NORTH", "reward": 67, "info": {}, "observation": {"remainingOverageTime": 12, "index": 1}, "status": "DONE"}, {"action": "EAST", "reward": 84, "info": {}, "observation": {"remainingOverageTime": 12, "index": 2}, "status": "ACTIVE"}, {"action": "EAST", "reward": 82, "info": {}, "observation": {"remainingOverageTime": 12, "index": 3}, "status": "ACTIVE"}], [{"action": "NORTH", "reward": 85, "info": {}, "observation": {"remainingOverageTime": 12, "step": 75, "geese": [[71, 5, 16, 27, 28, 29, 40, 41, 30, 19], [], [42, 53, 52, 51, 50, 61, 62, 63, 74, 8, 7], [15, 4, 3, 14, 25, 24, 23, 22, 33]], "food": [37, 76], "index": 0}, "status": "ACTIVE"}, {"action": "NORTH", "reward": 67, "info": {}, "observation": {"remainingOverageTime": 12, "index": 1}, "status": "DONE"}, {"action": "NORTH", "reward": 85, "info": {}, "observation": {"remainingOverageTime": 12, "index": 2}, "status": "ACTIVE"}, {"action": "SOUTH", "reward": 84, "info": {}, "observation": {"remainingOverageTime": 12, "index": 3}, "status": "ACTIVE"}], [{"action": "WEST", "reward": 86, "info": {}, "observation": {"remainingOverageTime": 12, "step": 76, "geese": [[70, 71, 5, 16, 27, 28, 29, 40, 41, 30], [], [43, 42, 53, 52, 51, 50, 61, 62, 63, 74, 8], [26, 15, 4, 3, 14, 25, 24, 23, 22]], "food": [37, 76], "index": 0}, "status": "ACTIVE"}, {"action": "NORTH", "reward": 67, "info": {}, "observation": {"remainingOverageTime": 12, "index": 1}, "status": "DONE"}, {"action": "EAST", "reward": 87, "info": {}, "observation": {"remainingOverageTime": 12, "index": 2}, "status": "ACTIVE"}, {"action": "SOUTH", "reward": 85, "info": {}, "observation": {"remainingOverageTime": 12, "index": 3}, "status": "ACTIVE"}], [{"action": "NORTH", "reward": 87, "info": {}, "observation": {"remainingOverageTime": 12, "step": 77, "geese": [[59, 70, 71, 5, 16, 27, 28, 29, 40, 41], [], [54, 43, 42, 53, 52, 51, 50, 61, 62, 63, 74], [37, 26, 15, 4, 3, 14, 25, 24, 23, 22]], "food": [76, 9], "index": 0}, "status": "ACTIVE"}, {"action": "NORTH", "reward": 67, "info": {}, "observation": {"remainingOverageTime": 12, "index": 1}, "status": "DONE"}, {"action": "SOUTH", "reward": 88, "info": {}, "observation": {"remainingOverageTime": 12, "index": 2}, "status": "ACTIVE"}, {"action": "SOUTH", "reward": 86, "info": {}, "observation": {"remainingOverageTime": 12, "index": 3}, "status": "ACTIVE"}], [{"action": "WEST", "reward": 88, "info": {}, "observation": {"remainingOverageTime": 12, "step": 78, "geese": [[58, 59, 70, 71, 5, 16, 27, 28, 29, 40], [], [65, 54, 43, 42, 53, 52, 51, 50, 61, 62, 63], [38, 37, 26, 15, 4, 3, 14, 25, 24, 23]], "food": [76, 9], "index": 0}, "status": "ACTIVE"}, {"action": "NORTH", "reward": 67, "info": {}, "observation": {"remainingOverageTime": 12, "index": 1}, "status": "DONE"}, {"action": "SOUTH", "reward": 89, "info": {}, "observation": {"remainingOverageTime": 12, "index": 2}, "status": "ACTIVE"}, {"action": "EAST", "reward": 88, "info": {}, "observation": {"remainingOverageTime": 12, "index": 3}, "status": "ACTIVE"}], [{"action": "SOUTH", "reward": 89, "info": {}, "observation": {"remainingOverageTime": 12, "step": 79, "geese": [[69, 58, 59, 70, 71, 5, 16, 27, 28, 29], [], [76, 65, 54, 43, 42, 53, 52, 51, 50, 61, 62, 63], [39, 38, 37, 26, 15, 4, 3, 14, 25, 24]], "food": [9, 34], "index": 0}, "status": "ACTIVE"}, {"action": "NORTH", "reward": 67, "info": {}, "observation": {"remainingOverageTime": 12, "index": 1}, "status": "DONE"}, {"action": "SOUTH", "reward": 90, "info": {}, "observation": {"remainingOverageTime": 12, "index": 2}, "status": "ACTIVE"}, {"action": "EAST", "reward": 89, "info": {}, "observation": {"remainingOverageTime": 12, "index": 3}, "status": "ACTIVE"}], [{"action": "WEST", "reward": 90, "info": {}, "observation": {"remainingOverageTime": 12, "step": 80, "geese": [[68, 69, 58, 59, 70, 71, 5, 16, 27], [], [75, 76, 65, 54, 43, 42, 53, 52, 51, 50, 61], [40, 39, 38, 37, 26, 15, 4, 3, 14]], "food": [9, 34], "index": 0}, "status": "ACTIVE"}, {"action": "NORTH", "reward": 67, "info": {}, "observation": {"remainingOverageTime": 12, "index": 1}, "status": "DONE"}, {"action": "WEST", "reward": 92, "info": {}, "observation": {"remainingOverageTime": 12, "index": 2}, "status": "ACTIVE"}, {"action": "EAST", "reward": 90, "info": {}, "observation": {"remainingOverageTime": 12, "index": 3}, "status": "ACTIVE"}], [{"action": "WEST", "reward": 90, "info": {}, "observation": {"remainingOverageTime": 12, "step": 81, "geese": [[67, 68, 69, 58, 59, 70, 71, 5, 16], [], [9, 75, 76, 65, 54, 43, 42, 53, 52, 51, 50, 61], [41, 40, 39, 38, 37, 26, 15, 4, 3]], "food": [34, 56], "index": 0}, "status": "ACTIVE"}, {"action": "NORTH", "reward": 67, "info": {}, "observation": {"remainingOverageTime": 12, "index": 1}, "status": "DONE"}, {"action": "SOUTH", "reward": 92, "info": {}, "observation": {"remainingOverageTime": 12, "index": 2}, "status": "ACTIVE"}, {"action": "EAST", "reward": 90, "info": {}, "observation": {"remainingOverageTime": 12, "index": 3}, "status": "ACTIVE"}], [{"action": "NORTH", "reward": 91, "info": {}, "observation": {"remainingOverageTime": 12, "step": 82, "geese": [[56, 67, 68, 69, 58, 59, 70, 71, 5, 16], [], [10, 9, 75, 76, 65, 54, 43, 42, 53, 52, 51, 50], [30, 41, 40, 39, 38, 37, 26, 15, 4]], "food": [34, 49], "index": 0}, "status": "ACTIVE"}, {"action": "NORTH", "reward": 67, "info": {}, "observation": {"remainingOverageTime": 12, "index": 1}, "status": "DONE"}, {"action": "EAST", "reward": 94, "info": {}, "observation": {"remainingOverageTime": 12, "index": 2}, "status": "ACTIVE"}, {"action": "NORTH", "reward": 91, "info": {}, "observation": {"remainingOverageTime": 12, "index": 3}, "status": "ACTIVE"}], [{"action": "NORTH", "reward": 93, "info": {}, "observation": {"remainingOverageTime": 12, "step": 83, "geese": [[45, 56, 67, 68, 69, 58, 59, 70, 71, 5], [], [21, 10, 9, 75, 76, 65, 54, 43, 42, 53, 52, 51], [31, 30, 41, 40, 39, 38, 37, 26, 15]], "food": [34, 49], "index": 0}, "status": "ACTIVE"}, {"action": "NORTH", "reward": 67, "info": {}, "observation": {"remainingOverageTime": 12, "index": 1}, "status": "DONE"}, {"action": "SOUTH", "reward": 95, "info": {}, "observation": {"remainingOverageTime": 12, "index": 2}, "status": "ACTIVE"}, {"action": "EAST", "reward": 92, "info": {}, "observation": {"remainingOverageTime": 12, "index": 3}, "status": "ACTIVE"}], [{"action": "NORTH", "reward": 94, "info": {}, "observation": {"remainingOverageTime": 12, "step": 84, "geese": [[34, 45, 56, 67, 68, 69, 58, 59, 70, 71, 5], [], [11, 21, 10, 9, 75, 76, 65, 54, 43, 42, 53, 52], [20, 31, 30, 41, 40, 39, 38, 37, 26]], "food": [49, 72], "index": 0}, "status": "ACTIVE"}, {"action": "NORTH", "reward": 67, "info": {}, "observation": {"remainingOverageTime": 12, "index": 1}, "status": "DONE"}, {"action": "EAST", "reward": 96, "info": {}, "observation": {"remainingOverageTime": 12, "index": 2}, "status": "ACTIVE"}, {"action": "NORTH", "reward": 93, "info": {}, "observation": {"remainingOverageTime": 12, "index": 3}, "status": "ACTIVE"}], [{"action": "EAST", "reward": 96, "info": {}, "observation": {"remainingOverageTime": 12, "step": 85, "geese": [[35, 34, 45, 56, 67, 68, 69, 58, 59, 70, 71], [], [22, 11, 21, 10, 9, 75, 76, 65, 54, 43, 42, 53], [19, 20, 31, 30, 41, 40, 39, 38, 37]], "food": [49, 72], "index": 0}, "status": "ACTIVE"}, {"action": "NORTH", "reward": 67, "info": {}, "observation": {"remainingOverageTime": 12, "index": 1}, "status": "DONE"}, {"action": "SOUTH", "reward": 97, "info": {}, "observation": {"remainingOverageTime": 12, "index": 2}, "status": "ACTIVE"}, {"action": "WEST", "reward": 94, "info": {}, "observation": {"remainingOverageTime": 12, "index": 3}, "status": "ACTIVE"}], [{"action": "SOUTH", "reward": 97, "info": {}, "observation": {"remainingOverageTime": 12, "step": 86, "geese": [[46, 35, 34, 45, 56, 67, 68, 69, 58, 59, 70], [], [23, 22, 11, 21, 10, 9, 75, 76, 65, 54, 43, 42], [8, 19, 20, 31, 30, 41, 40, 39, 38]], "food": [49, 72], "index": 0}, "status": "ACTIVE"}, {"action": "NORTH", "reward": 67, "info": {}, "observation": {"remainingOverageTime": 12, "index": 1}, "status": "DONE"}, {"action": "EAST", "reward": 98, "info": {}, "observation": {"remainingOverageTime": 12, "index": 2}, "status": "ACTIVE"}, {"action": "NORTH", "reward": 95, "info": {}, "observation": {"remainingOverageTime": 12, "index": 3}, "status": "ACTIVE"}], [{"action": "EAST", "reward": 98, "info": {}, "observation": {"remainingOverageTime": 12, "step": 87, "geese": [[47, 46, 35, 34, 45, 56, 67, 68, 69, 58, 59], [], [24, 23, 22, 11, 21, 10, 9, 75, 76, 65, 54, 43], [74, 8, 19, 20, 31, 30, 41, 40, 39]], "food": [49, 72], "index": 0}, "status": "ACTIVE"}, {"action": "NORTH", "reward": 67, "info": {}, "observation": {"remainingOverageTime": 12, "index": 1}, "status": "DONE"}, {"action": "EAST", "reward": 99, "info": {}, "observation": {"remainingOverageTime": 12, "index": 2}, "status": "ACTIVE"}, {"action": "NORTH", "reward": 96, "info": {}, "observation": {"remainingOverageTime": 12, "index": 3}, "status": "ACTIVE"}], [{"action": "EAST", "reward": 99, "info": {}, "observation": {"remainingOverageTime": 12, "step": 88, "geese": [[48, 47, 46, 35, 34, 45, 56, 67, 68, 69, 58], [], [25, 24, 23, 22, 11, 21, 10, 9, 75, 76, 65, 54], [73, 74, 8, 19, 20, 31, 30, 41, 40]], "food": [49, 72], "index": 0}, "status": "ACTIVE"}, {"action": "NORTH", "reward": 67, "info": {}, "observation": {"remainingOverageTime": 12, "index": 1}, "status": "DONE"}, {"action": "EAST", "reward": 100, "info": {}, "observation": {"remainingOverageTime": 12, "index": 2}, "status": "ACTIVE"}, {"action": "WEST", "reward": 97, "info": {}, "observation": {"remainingOverageTime": 12, "index": 3}, "status": "ACTIVE"}], [{"action": "EAST", "reward": 100, "info": {}, "observation": {"remainingOverageTime": 12, "step": 89, "geese": [[49, 48, 47, 46, 35, 34, 45, 56, 67, 68, 69, 58], [], [26, 25, 24, 23, 22, 11, 21, 10, 9, 75, 76, 65], [72, 73, 74, 8, 19, 20, 31, 30, 41, 40]], "food": [44, 4], "index": 0}, "status": "ACTIVE"}, {"action": "NORTH", "reward": 67, "info": {}, "observation": {"remainingOverageTime": 12, "index": 1}, "status": "DONE"}, {"action": "EAST", "reward": 101, "info": {}, "observation": {"remainingOverageTime": 12, "index": 2}, "status": "ACTIVE"}, {"action": "WEST", "reward": 98, "info": {}, "observation": {"remainingOverageTime": 12, "index": 3}, "status": "ACTIVE"}], [{"action": "SOUTH", "reward": 102, "info": {}, "observation": {"remainingOverageTime": 12, "step": 90, "geese": [[60, 49, 48, 47, 46, 35, 34, 45, 56, 67, 68, 69], [], [15, 26, 25, 24, 23, 22, 11, 21, 10, 9, 75, 76], [6, 72, 73, 74, 8, 19, 20, 31, 30, 41]], "food": [44, 4], "index": 0}, "status": "ACTIVE"}, {"action": "NORTH", "reward": 67, "info": {}, "observation": {"remainingOverageTime": 12, "index": 1}, "status": "DONE"}, {"action": "NORTH", "reward": 102, "info": {}, "observation": {"remainingOverageTime": 12, "index": 2}, "status": "ACTIVE"}, {"action": "SOUTH", "reward": 100, "info": {}, "observation": {"remainingOverageTime": 12, "index": 3}, "status": "ACTIVE"}], [{"action": "WEST", "reward": 103, "info": {}, "observation": {"remainingOverageTime": 12, "step": 91, "geese": [[59, 60, 49, 48, 47, 46, 35, 34, 45, 56, 67, 68], [], [4, 15, 26, 25, 24, 23, 22, 11, 21, 10, 9, 75, 76], [5, 6, 72, 73, 74, 8, 19, 20, 31, 30]], "food": [44, 55], "index": 0}, "status": "ACTIVE"}, {"action": "NORTH", "reward": 67, "info": {}, "observation": {"remainingOverageTime": 12, "index": 1}, "status": "DONE"}, {"action": "NORTH", "reward": 103, "info": {}, "observation": {"remainingOverageTime": 12, "index": 2}, "status": "ACTIVE"}, {"action": "WEST", "reward": 101, "info": {}, "observation": {"remainingOverageTime": 12, "index": 3}, "status": "ACTIVE"}], [{"action": "WEST", "reward": 104, "info": {}, "observation": {"remainingOverageTime": 12, "step": 92, "geese": [[58, 59, 60, 49, 48, 47, 46, 35, 34, 45, 56, 67], [], [3, 4, 15, 26, 25, 24, 23, 22, 11, 21, 10, 9, 75], [71, 5, 6, 72, 73, 74, 8, 19, 20, 31]], "food": [44, 55], "index": 0}, "status": "ACTIVE"}, {"action": "NORTH", "reward": 67, "info": {}, "observation": {"remainingOverageTime": 12, "index": 1}, "status": "DONE"}, {"action": "WEST", "reward": 105, "info": {}, "observation": {"remainingOverageTime": 12, "index": 2}, "status": "ACTIVE"}, {"action": "NORTH", "reward": 102, "info": {}, "observation": {"remainingOverageTime": 12, "index": 3}, "status": "ACTIVE"}], [{"action": "WEST", "reward": 105, "info": {}, "observation": {"remainingOverageTime": 12, "step": 93, "geese": [[57, 58, 59, 60, 49, 48, 47, 46, 35, 34, 45, 56], [], [2, 3, 4, 15, 26, 25, 24, 23, 22, 11, 21, 10, 9], [70, 71, 5, 6, 72, 73, 74, 8, 19, 20]], "food": [44, 55], "index": 0}, "status": "ACTIVE"}, {"action": "NORTH", "reward": 67, "info": {}, "observation": {"remainingOverageTime": 12, "index": 1}, "status": "DONE"}, {"action": "WEST", "reward": 106, "info": {}, "observation": {"remainingOverageTime": 12, "index": 2}, "status": "ACTIVE"}, {"action": "WEST", "reward": 103, "info": {}, "observation": {"remainingOverageTime": 12, "index": 3}, "status": "ACTIVE"}], [{"action": "WEST", "reward": 106, "info": {}, "observation": {"remainingOverageTime": 12, "step": 94, "geese": [[56, 57, 58, 59, 60, 49, 48, 47, 46, 35, 34, 45], [], [13, 2, 3, 4, 15, 26, 25, 24, 23, 22, 11, 21, 10], [69, 70, 71, 5, 6, 72, 73, 74, 8, 19]], "food": [44, 55], "index": 0}, "status": "ACTIVE"}, {"action": "NORTH", "reward": 67, "info": {}, "observation": {"remainingOverageTime": 12, "index": 1}, "status": "DONE"}, {"action": "SOUTH", "reward": 107, "info": {}, "observation": {"remainingOverageTime": 12, "index": 2}, "status": "ACTIVE"}, {"action": "WEST", "reward": 104, "info": {}, "observation": {"remainingOverageTime": 12, "index": 3}, "status": "ACTIVE"}], [{"action": "WEST", "reward": 107, "info": {}, "observation": {"remainingOverageTime": 12, "step": 95, "geese": [[55, 56, 57, 58, 59, 60, 49, 48, 47, 46, 35, 34, 45], [], [12, 13, 2, 3, 4, 15, 26, 25, 24, 23, 22, 11, 21], [68, 69, 70, 71, 5, 6, 72, 73, 74, 8]], "food": [44, 61], "index": 0}, "status": "ACTIVE"}, {"action": "NORTH", "reward": 67, "info": {}, "observation": {"remainingOverageTime": 12, "index": 1}, "status": "DONE"}, {"action": "WEST", "reward": 108, "info": {}, "observation": {"remainingOverageTime": 12, "index": 2}, "status": "ACTIVE"}, {"action": "WEST", "reward": 105, "info": {}, "observation": {"remainingOverageTime": 12, "index": 3}, "status": "ACTIVE"}], [{"action": "SOUTH", "reward": 109, "info": {}, "observation": {"remainingOverageTime": 12, "step": 96, "geese": [[66, 55, 56, 57, 58, 59, 60, 49, 48, 47, 46, 35, 34], [], [1, 12, 13, 2, 3, 4, 15, 26, 25, 24, 23, 22, 11], [67, 68, 69, 70, 71, 5, 6, 72, 73, 74]], "food": [44, 61], "index": 0}, "status": "ACTIVE"}, {"action": "NORTH", "reward": 67, "info": {}, "observation": {"remainingOverageTime": 12, "index": 1}, "status": "DONE"}, {"action": "NORTH", "reward": 109, "info": {}, "observation": {"remainingOverageTime": 12, "index": 2}, "status": "ACTIVE"}, {"action": "WEST", "reward": 106, "info": {}, "observation": {"remainingOverageTime": 12, "index": 3}, "status": "ACTIVE"}], [{"action": "WEST", "reward": 110, "info": {}, "observation": {"remainingOverageTime": 12, "step": 97, "geese": [[76, 66, 55, 56, 57, 58, 59, 60, 49, 48, 47, 46, 35], [], [], []], "food": [44, 61], "index": 0}, "status": "DONE"}, {"action": "NORTH", "reward": 67, "info": {}, "observation": {"remainingOverageTime": 12, "index": 1}, "status": "DONE"}, {"action": "WEST", "reward": 110, "info": {}, "observation": {"remainingOverageTime": 12, "index": 2}, "status": "DONE"}, {"action": "SOUTH", "reward": 107, "info": {}, "observation": {"remainingOverageTime": 12, "index": 3}, "status": "DONE"}]], "rewards": [110, 67, 110, 107], "statuses": ["DONE", "DONE", "DONE", "DONE"], "schema_version": 1, "info": {}}