{"id": "ad75ce98-da82-11ee-b31f-0242ac130202", "name": "hungry_geese", "title": "Hungry Geese", "description": "Similar to the classic snake game with multiple players", "version": "1.0.0", "configuration": {"episodeSteps": 200, "actTimeout": 6, "runTimeout": 1200, "columns": 11, "rows": 7, "hunger_rate": 40, "min_food": 2}, "specification": {"action": {"description": "Direction to move the head of your players goose.", "type": "string", "enum": ["NORTH", "EAST", "SOUTH", "WEST"], "default": "NORTH"}, "agents": [2, 3, 4, 5, 6, 7, 8], "configuration": {"episodeSteps": {"description": "Maximum number of steps in the episode.", "type": "integer", "minimum": 1, "default": 200}, "actTimeout": {"description": "Maximum runtime (seconds) to obtain an action from an agent.", "type": "number", "minimum": 0, "default": 6}, "runTimeout": {"description": "Maximum runtime (seconds) of an episode (not necessarily DONE).", "type": "number", "minimum": 0, "default": 1200}, "columns": {"description": "Horizontal number of cells on the board.", "type": "integer", "default": 11, "minimum": 3}, "rows": {"description": "Vertical number of cells on the board.", "type": "integer", "default": 7, "minimum": 3}, "hunger_rate": {"description": "The number of steps before the goose shrinks a cell.", "type": "integer", "minimum": 1, "default": 40}, "min_food": {"description": "The minimum amount of food present for all steps.", "type": "integer", "default": 2, "minimum": 1}}, "info": {}, "observation": {"remainingOverageTime": {"description": "Total remaining banked time (seconds) that can be used in excess of per-step actTimeouts -- agent is disqualified with TIMEOUT status when this drops below 0.", "shared": false, "type": "number", "minimum": 0, "default": 12}, "step": {"description": "Current step within the episode.", "type": "integer", "shared": true, "minimum": 0, "default": 0}, "geese": {"description": "List of geese in order by the agent index.", "type": "array", "default": [], "shared": true}, "food": {"description": "Positions on the board where food is present.", "type": "array", "default": [], "shared": true}, "index": {"description": "Index of the current agent's goose in the list of geese.", "type": "integer", "minimum": 0, "defaults": [0, 1, 2, 3, 4, 5, 6, 7]}}, "reward": {"description": "The number of steps the goose has moved plus its length.", "type": ["number", "null"], "default": 0, "minimum": 0}}, "steps": [[{"action": "NORTH", "reward": 0, "info": {}, "observation": {"remainingOverageTime": 12, "step": 0, "geese": [[0], [46], [67], [18]], "food": [14, 21], "index": 0}, "status": "ACTIVE"}, {"action": "NORTH", "reward": 0, "info": {}, "observation": {"remainingOverageTime": 12, "index": 1}, "status": "ACTIVE"}, {"action": "NORTH", "reward": 0, "info": {}, "observation": {"remainingOverageTime": 12, "index": 2}, "status": "ACTIVE"}, {"action": "NORTH", "reward": 0, "info": {}, "observation": {"remainingOverageTime": 12, "index": 3}, "status": "ACTIVE"}], [{"action": "SOUTH", "reward": 2, "info": {}, "observation": {"remainingOverageTime": 12, "step": 1, "geese": [[11], [35], [68], [19]], "food": [14, 21], "index": 0}, "status": "ACTIVE"}, {"action": "NORTH", "reward": 2, "info": {}, "observation": {"remainingOverageTime": 12, "index": 1}, "status": "ACTIVE"}, {"action": "EAST", "reward": 2, "info": {}, "observation": {"remainingOverageTime": 12, "index": 2}, "status": "ACTIVE"}, {"action": "EAST", "reward": 2, "info": {}, "observation": {"remainingOverageTime": 12, "index": 3}, "status": "ACTIVE"}], [{"action": "WEST", "reward": 3, "info": {}, "observation": {"remainingOverageTime": 12, "step": 2, "geese": [[21, 11], [36], [69], [20]], "food": [14, 70], "index": 0}, "status": "ACTIVE"}, {"action": "EAST", "reward": 3, "info": {}, "observation": {"remainingOverageTime": 12, "index": 1}, "status": "ACTIVE"}, {"action": "EAST", "reward": 3, "info": {}, "observation": {"remainingOverageTime": 12, "index": 2}, "status": "ACTIVE"}, {"action": "EAST", "reward": 3, "info": {}, "observation": {"remainingOverageTime": 12, "index": 3}, "status": "ACTIVE"}], [{"action": "NORTH", "reward": 5, "info": {}, "observation": {"remainingOverageTime": 12, "step": 3, "geese": [[10, 21], [25], [70, 69], [9]], "food": [14, 23], "index": 0}, "status": "ACTIVE"}, {"action": "NORTH", "reward": 4, "info": {}, "observation": {"remainingOverageTime": 12, "index": 1}, "status": "ACTIVE"}, {"action": "EAST", "reward": 4, "info": {}, "observation": {"remainingOverageTime": 12, "index": 2}, "status": "ACTIVE"}, {"action": "NORTH", "reward": 4, "info": {}, "observation": {"remainingOverageTime": 12, "index": 3}, "status": "ACTIVE"}], [{"action": "EAST", "reward": 6, "info": {}, "observation": {"remainingOverageTime": 12, "step": 4, "geese": [[0, 10], [14, 25], [4, 70], [75]], "food": [23, 45], "index": 0}, "status": "ACTIVE"}, {"action": "NORTH", "reward": 5, "info": {}, "observation": {"remainingOverageTime": 12, "index": 1}, "status": "ACTIVE"}, {"action": "SOUTH", "reward": 6, "info": {}, "observation": {"remainingOverageTime": 12, "index": 2}, "status": "ACTIVE"}, {"action": "NORTH", "reward": 5, "info": {}, "observation": {"remainingOverageTime": 12, "index": 3}, "status": "ACTIVE"}], [{"action": "EAST", "reward": 7, "info": {}, "observation": {"remainingOverageTime": 12, "step": 5, "geese": [[1, 0], [13, 14], [5, 4], [64]], "food": [23, 45], "index": 0}, "status": "ACTIVE"}, {"action": "WEST", "reward": 7, "info": {}, "observation": {"remainingOverageTime": 12, "index": 1}, "status": "ACTIVE"}, {"action": "EAST", "reward": 7, "info": {}, "observation": {"remainingOverageTime": 12, "index": 2}, "status": "ACTIVE"}, {"action": "NORTH", "reward": 6, "info": {}, "observation": {"remainingOverageTime": 12, "index": 3}, "status": "ACTIVE"}], [{"action": "NORTH", "reward": 8, "info": {}, "observation": {"remainingOverageTime": 12, "step": 6, "geese": [[67, 1], [24, 13], [16, 5], [65]], "food": [23, 45], "index": 0}, "status": "ACTIVE"}, {"action": "SOUTH", "reward": 8, "info": {}, "observation": {"remainingOverageTime": 12, "index": 1}, "status": "ACTIVE"}, {"action": "SOUTH", "reward": 8, "info": {}, "observation": {"remainingOverageTime": 12, "index": 2}, "status": "ACTIVE"}, {"action": "EAST", "reward": 7, "info": {}, "observation": {"remainingOverageTime": 12, "index": 3}, "status": "ACTIVE"}], [{"action": "NORTH", "reward": 9, "info": {}, "observation": {"remainingOverageTime": 12, "step": 7, "geese": [[56, 67], [23, 24, 13], [27, 16], [54]], "food": [45, 33], "index": 0}, "status": "ACTIVE"}, {"action": "WEST", "reward": 9, "info": {}, "observation": {"remainingOverageTime": 12, "index": 1}, "status": "ACTIVE"}, {"action": "SOUTH", "reward": 9, "info": {}, "observation": {"remainingOverageTime": 12, "index": 2}, "status": "ACTIVE"}, {"action": "NORTH", "reward": 8, "info": {}, "observation": {"remainingOverageTime": 12, "index": 3}, "status": "ACTIVE"}], [{"action": "NORTH", "reward": 10, "info": {}, "observation": {"remainingOverageTime": 12, "step": 8, "geese": [[45, 56, 67], [22, 23, 24], [26, 27], [43]], "food": [33, 0], "index": 0}, "status": "ACTIVE"}, {"action": "WEST", "reward": 11, "info": {}, "observation": {"remainingOverageTime": 12, "index": 1}, "status": "ACTIVE"}, {"action": "WEST", "reward": 10, "info": {}, "observation": {"remainingOverageTime": 12, "index": 2}, "status": "ACTIVE"}, {"action": "NORTH", "reward": 9, "info": {}, "observation": {"remainingOverageTime": 12, "index": 3}, "status": "ACTIVE"}], [{"action": "NORTH", "reward": 12, "info": {}, "observation": {"remainingOverageTime": 12, "step": 9, "geese": [[34, 45, 56], [11, 22, 23], [37, 26], [42]], "food": [33, 0], "index": 0}, "status": "ACTIVE"}, {"action": "NORTH", "reward": 12, "info": {}, "observation": {"remainingOverageTime": 12, "index": 1}, "status": "ACTIVE"}, {"action": "SOUTH", "reward": 11, "info": {}, "observation": {"remainingOverageTime": 12, "index": 2}, "status": "ACTIVE"}, {"action": "WEST", "reward": 10, "info": {}, "observation": {"remainingOverageTime": 12, "index": 3}, "status": "ACTIVE"}], [{"action": "WEST", "reward": 13, "info": {}, "observation": {"remainingOverageTime": 12, "step": 10, "geese": [[33, 34, 45, 56], [0, 11, 22, 23], [36, 37], [41]], "food": [4, 54], "index": 0}, "status": "ACTIVE"}, {"action": "NORTH", "reward": 13, "info": {}, "observation": {"remainingOverageTime": 12, "index": 1}, "status": "ACTIVE"}, {"action": "WEST", "reward": 12, "info": {}, "observation": {"remainingOverageTime": 12, "index": 2}, "status": "ACTIVE"}, {"action": "WEST", "reward": 11, "info": {}, "observation": {"remainingOverageTime": 12, "index": 3}, "status": "ACTIVE"}], [{"action": "WEST", "reward": 15, "info": {}, "observation": {"remainingOverageTime": 12, "step": 11, "geese": [[43, 33, 34, 45], [1, 0, 11, 22], [25, 36], [52]], "food": [4, 54], "index": 0}, "status": "ACTIVE"}, {"action": "EAST", "reward": 15, "info": {}, "observation": {"remainingOverageTime": 12, "index": 1}, "status": "ACTIVE"}, {"action": "NORTH", "reward": 13, "info": {}, "observation": {"remainingOverageTime": 12, "index": 2}, "status": "ACTIVE"}, {"action": "SOUTH", "reward": 12, "info": {}, "observation": {"remainingOverageTime": 12, "index": 3}, "status": "ACTIVE"}], [{"action": "SOUTH", "reward": 16, "info": {}, "observation": {"remainingOverageTime": 12, "step": 12, "geese": [[54, 43, 33, 34, 45], [2, 1, 0, 11], [14, 25], [53]], "food": [4, 4], "index": 0}, "status": "ACTIVE"}, {"action": "EAST", "reward": 16, "info": {}, "observation": {"remainingOverageTime": 12, "index": 1}, "status": "ACTIVE"}, {"action": "NORTH", "reward": 14, "info": {}, "observation": {"remainingOverageTime": 12, "index": 2}, "status": "ACTIVE"}, {"action": "EAST", "reward": 13, "info": {}, "observation": {"remainingOverageTime": 12, "index": 3}, "status": "ACTIVE"}], [{"action": "SOUTH", "reward": 18, "info": {}, "observation": {"remainingOverageTime": 12, "step": 13, "geese": [[65, 54, 43, 33, 34], [68, 2, 1, 0], [15, 14], [64]], "food": [4, 4], "index": 0}, "status": "ACTIVE"}, {"action": "NORTH", "reward": 17, "info": {}, "observation": {"remainingOverageTime": 12, "index": 1}, "status": "ACTIVE"}, {"action": "EAST", "reward": 15, "info": {}, "observation": {"remainingOverageTime": 12, "index": 2}, "status": "ACTIVE"}, {"action": "SOUTH", "reward": 14, "info": {}, "observation": {"remainingOverageTime": 12, "index": 3}, "status": "ACTIVE"}], [{"action": "EAST", "reward": 19, "info": {}, "observation": {"remainingOverageTime": 12, "step": 14, "geese": [[55, 65, 54, 43, 33], [69, 68, 2, 1], [4, 15, 14], [75]], "food": [4, 24], "index": 0}, "status": "ACTIVE"}, {"action": "EAST", "reward": 18, "info": {}, "observation": {"remainingOverageTime": 12, "index": 1}, "status": "ACTIVE"}, {"action": "NORTH", "reward": 16, "info": {}, "observation": {"remainingOverageTime": 12, "index": 2}, "status": "ACTIVE"}, {"action": "SOUTH", "reward": 15, "info": {}, "observation": {"remainingOverageTime": 12, "index": 3}, "status": "ACTIVE"}], [{"action": "EAST", "reward": 20, "info": {}, "observation": {"remainingOverageTime": 12, "step": 15, "geese": [[56, 55, 65, 54, 43], [58, 69, 68, 2], [5, 4, 15], [9]], "food": [4, 24], "index": 0}, "status": "ACTIVE"}, {"action": "NORTH", "reward": 19, "info": {}, "observation": {"remainingOverageTime": 12, "index": 1}, "status": "ACTIVE"}, {"action": "EAST", "reward": 18, "info": {}, "observation": {"remainingOverageTime": 12, "index": 2}, "status": "ACTIVE"}, {"action": "SOUTH", "reward": 16, "info": {}, "observation": {"remainingOverageTime": 12, "index": 3}, "status": "ACTIVE"}], [{"action": "NORTH", "reward": 21, "info": {}, "observation": {"remainingOverageTime": 12, "step": 16, "geese": [[45, 56, 55, 65, 54], [47, 58, 69, 68], [16, 5, 4], [10]], "food": [4, 24], "index": 0}, "status": "ACTIVE"}, {"action": "NORTH", "reward": 20, "info": {}, "observation": {"remainingOverageTime": 12, "index": 1}, "status": "ACTIVE"}, {"action": "SOUTH", "reward": 19, "info": {}, "observation": {"remainingOverageTime": 12, "index": 2}, "status": "ACTIVE"}, {"action": "EAST", "reward": 17, "info": {}, "observation": {"remainingOverageTime": 12, "index": 3}, "status": "ACTIVE"}], [{"action": "WEST", "reward": 22, "info": {}, "observation": {"remainingOverageTime": 12, "step": 17, "geese": [[44, 45, 56, 55, 65], [48, 47, 58, 69], [15, 16, 5], [21]], "food": [4, 24], "index": 0}, "status": "ACTIVE"}, {"action": "EAST", "reward": 21, "info": {}, "observation": {"remainingOverageTime": 12, "index": 1}, "status": "ACTIVE"}, {"action": "WEST", "reward": 20, "info": {}, "observation": {"remainingOverageTime": 12, "index": 2}, "status": "ACTIVE"}, {"action": "SOUTH", "reward": 18, "info": {}, "observation": {"remainingOverageTime": 12, "index": 3}, "status": "ACTIVE"}], [{"action": "NORTH", "reward": 23, "info": {}, "observation": {"remainingOverageTime": 12, "step": 18, "geese": [[33, 44, 45, 56, 55], [59, 48, 47, 58], [4, 15, 16, 5], [11]], "food": [24, 60], "index": 0}, "status": "ACTIVE"}, {"action": "SOUTH", "reward": 22, "info": {}, "observation": {"remainingOverageTime": 12, "index": 1}, "status": "ACTIVE"}, {"action": "NORTH", "reward": 21, "info": {}, "observation": {"remainingOverageTime": 12, "index": 2}, "status": "ACTIVE"}, {"action": "EAST", "reward": 19, "info": {}, "observation": {"remainingOverageTime": 12, "index": 3}, "status": "ACTIVE"}], [{"action": "EAST", "reward": 24, "info": {}, "observation": {"remainingOverageTime": 12, "step": 19, "geese": [[34, 33, 44, 45, 56], [60, 59, 48, 47, 58], [3, 4, 15, 16], [0]], "food": [24, 51], "index": 0}, "status": "ACTIVE"}, {"action": "EAST", "reward": 23, "info": {}, "observation": {"remainingOverageTime": 12, "index": 1}, "status": "ACTIVE"}, {"action": "WEST", "reward": 23, "info": {}, "observation": {"remainingOverageTime": 12, "index": 2}, "status": "ACTIVE"}, {"action": "NORTH", "reward": 20, "info": {}, "observation": {"remainingOverageTime": 12, "index": 3}, "status": "ACTIVE"}], [{"action": "EAST", "reward": 25, "info": {}, "observation": {"remainingOverageTime": 12, "step": 20, "geese": [[35, 34, 33, 44, 45], [61, 60, 59, 48, 47], [14, 3, 4, 15], [1]], "food": [24, 51], "index": 0}, "status": "ACTIVE"}, {"action": "EAST", "reward": 25, "info": {}, "observation": {"remainingOverageTime": 12, "index": 1}, "status": "ACTIVE"}, {"action": "SOUTH", "reward": 24, "info": {}, "observation": {"remainingOverageTime": 12, "index": 2}, "status": "ACTIVE"}, {"action": "EAST", "reward": 21, "info": {}, "observation": {"remainingOverageTime": 12, "index": 3}, "status": "ACTIVE"}], [{"action": "NORTH", "reward": 26, "info": {}, "observation": {"remainingOverageTime": 12, "step": 21, "geese": [[24, 35, 34, 33, 44, 45], [62, 61, 60, 59, 48], [13, 14, 3, 4], [2]], "food": [51, 53], "index": 0}, "status": "ACTIVE"}, {"action": "EAST", "reward": 26, "info": {}, "observation": {"remainingOverageTime": 12, "index": 1}, "status": "ACTIVE"}, {"action": "WEST", "reward": 25, "info": {}, "observation": {"remainingOverageTime": 12, "index": 2}, "status": "ACTIVE"}, {"action": "EAST", "reward": 22, "info": {}, "observation": {"remainingOverageTime": 12, "index": 3}, "status": "ACTIVE"}], [{"action": "WEST", "reward": 28, "info": {}, "observation": {"remainingOverageTime": 12, "step": 22, "geese": [[23, 24, 35, 34, 33, 44], [51, 62, 61, 60, 59, 48], [12, 13, 14, 3], [68]], "food": [53, 28], "index": 0}, "status": "ACTIVE"}, {"action": "NORTH", "reward": 27, "info": {}, "observation": {"remainingOverageTime": 12, "index": 1}, "status": "ACTIVE"}, {"action": "WEST", "reward": 26, "info": {}, "observation": {"remainingOverageTime": 12, "index": 2}, "status": "ACTIVE"}, {"action": "NORTH", "reward": 23, "info": {}, "observation": {"remainingOverageTime": 12, "index": 3}, "status": "ACTIVE"}], [{"action": "WEST", "reward": 29, "info": {}, "observation": {"remainingOverageTime": 12, "step": 23, "geese": [[22, 23, 24, 35, 34, 33], [52, 51, 62, 61, 60, 59], [11, 12, 13, 14], [67]], "food": [53, 28], "index": 0}, "status": "ACTIVE"}, {"action": "EAST", "reward": 29, "info": {}, "observation": {"remainingOverageTime": 12, "index": 1}, "status": "ACTIVE"}, {"action": "WEST", "reward": 27, "info": {}, "observation": {"remainingOverageTime": 12, "index": 2}, "status": "ACTIVE"}, {"action": "WEST", "reward": 24, "info": {}, "observation": {"remainingOverageTime": 12, "index": 3}, "status": "ACTIVE"}], [{"action": "SOUTH", "reward": 30, "info": {}, "observation": {"remainingOverageTime": 12, "step": 24, "geese": [[33, 22, 23, 24, 35, 34], [53, 52, 51, 62, 61, 60, 59], [21, 11, 12, 13], [56]], "food": [28, 6], "index": 0}, "status": "ACTIVE"}, {"action": "EAST", "reward": 30, "info": {}, "observation": {"remainingOverageTime": 12, "index": 1}, "status": "ACTIVE"}, {"action": "WEST", "reward": 28, "info": {}, "observation": {"remainingOverageTime": 12, "index": 2}, "status": "ACTIVE"}, {"action": "NORTH", "reward": 25, "info": {}, "observation": {"remainingOverageTime": 12, "index": 3}, "status": "ACTIVE"}], [{"action": "WEST", "reward": 31, "info": {}, "observation": {"remainingOverageTime": 12, "step": 25, "geese": [[43, 33, 22, 23, 24, 35], [42, 53, 52, 51, 62, 61, 60], [10, 21, 11, 12], [57]], "food": [28, 6], "index": 0}, "status": "ACTIVE"}, {"action": "NORTH", "reward": 32, "info": {}, "observation": {"remainingOverageTime": 12, "index": 1}, "status": "ACTIVE"}, {"action": "NORTH", "reward": 29, "info": {}, "observation": {"remainingOverageTime": 12, "index": 2}, "status": "ACTIVE"}, {"action": "EAST", "reward": 26, "info": {}, "observation": {"remainingOverageTime": 12, "index": 3}, "status": "ACTIVE"}], [{"action": "NORTH", "reward": 32, "info": {}, "observation": {"remainingOverageTime": 12, "step": 26, "geese": [[32, 43, 33, 22, 23, 24], [41, 42, 53, 52, 51, 62, 61], [9, 10, 21, 11], [68]], "food": [28, 6], "index": 0}, "status": "ACTIVE"}, {"action": "WEST", "reward": 33, "info": {}, "observation": {"remainingOverageTime": 12, "index": 1}, "status": "ACTIVE"}, {"action": "WEST", "reward": 30, "info": {}, "observation": {"remainingOverageTime": 12, "index": 2}, "status": "ACTIVE"}, {"action": "SOUTH", "reward": 27, "info": {}, "observation": {"remainingOverageTime": 12, "index": 3}, "status": "ACTIVE"}], [{"action": "WEST", "reward": 33, "info": {}, "observation": {"remainingOverageTime": 12, "step": 27, "geese": [[31, 32, 43, 33, 22, 23], [40, 41, 42, 53, 52, 51, 62], [8, 9, 10, 21], [69]], "food": [28, 6], "index": 0}, "status": "ACTIVE"}, {"action": "WEST", "reward": 34, "info": {}, "observation": {"remainingOverageTime": 12, "index": 1}, "status": "ACTIVE"}, {"action": "WEST", "reward": 31, "info": {}, "observation": {"remainingOverageTime": 12, "index": 2}, "status": "ACTIVE"}, {"action": "EAST", "reward": 28, "info": {}, "observation": {"remainingOverageTime": 12, "index": 3}, "status": "ACTIVE"}], [{"action": "WEST", "reward": 34, "info": {}, "observation": {"remainingOverageTime": 12, "step": 28, "geese": [[30, 31, 32, 43, 33, 22], [29, 40, 41, 42, 53, 52, 51], [7, 8, 9, 10], [70]], "food": [28, 6], "index": 0}, "status": "ACTIVE"}, {"action": "NORTH", "reward": 35, "info": {}, "observation": {"remainingOverageTime": 12, "index": 1}, "status": "ACTIVE"}, {"action": "WEST", "reward": 32, "info": {}, "observation": {"remainingOverageTime": 12, "index": 2}, "status": "ACTIVE"}, {"action": "EAST", "reward": 29, "info": {}, "observation": {"remainingOverageTime": 12, "index": 3}, "status": "ACTIVE"}], [{"action": "NORTH", "reward": 35, "info": {}, "observation": {"remainingOverageTime": 12, "step": 29, "geese": [[19, 30, 31, 32, 43, 33], [28, 29, 40, 41, 42, 53, 52, 51], [6, 7, 8, 9, 10], [71]], "food": [56, 57], "index": 0}, "status": "ACTIVE"}, {"action": "WEST", "reward": 36, "info": {}, "observation": {"remainingOverageTime": 12, "index": 1}, "status": "ACTIVE"}, {"action": "WEST", "reward": 33, "info": {}, "observation": {"remainingOverageTime": 12, "index": 2}, "status": "ACTIVE"}, {"action": "EAST", "reward": 30, "info": {}, "observation": {"remainingOverageTime": 12, "index": 3}, "status": "ACTIVE"}], [{"action": "EAST", "reward": 36, "info": {}, "observation": {"remainingOverageTime": 12, "step": 30, "geese": [[20, 19, 30, 31, 32, 43], [27, 28, 29, 40, 41, 42, 53, 52], [5, 6, 7, 8, 9], [60]], "food": [56, 57], "index": 0}, "status": "ACTIVE"}, {"action": "WEST", "reward": 38, "info": {}, "observation": {"remainingOverageTime": 12, "index": 1}, "status": "ACTIVE"}, {"action": "WEST", "reward": 35, "info": {}, "observation": {"remainingOverageTime": 12, "index": 2}, "status": "ACTIVE"}, {"action": "NORTH", "reward": 31, "info": {}, "observation": {"remainingOverageTime": 12, "index": 3}, "status": "ACTIVE"}], [{"action": "EAST", "reward": 37, "info": {}, "observation": {"remainingOverageTime": 12, "step": 31, "geese": [[21, 20, 19, 30, 31, 32], [26, 27, 28, 29, 40, 41, 42, 53], [4, 5, 6, 7, 8], [59]], "food": [56, 57], "index": 0}, "status": "ACTIVE"}, {"action": "WEST", "reward": 39, "info": {}, "observation": {"remainingOverageTime": 12, "index": 1}, "status": "ACTIVE"}, {"action": "WEST", "reward": 36, "info": {}, "observation": {"remainingOverageTime": 12, "index": 2}, "status": "ACTIVE"}, {"action": "WEST", "reward": 32, "info": {}, "observation": {"remainingOverageTime": 12, "index": 3}, "status": "ACTIVE"}], [{"action": "EAST", "reward": 38, "info": {}, "observation": {"remainingOverageTime": 12, "step": 32, "geese": [[11, 21, 20, 19, 30, 31], [37, 26, 27, 28, 29, 40, 41, 42], [3, 4, 5, 6, 7], [58]], "food": [56, 57], "index": 0}, "status": "ACTIVE"}, {"action": "SOUTH", "reward": 40, "info": {}, "observation": {"remainingOverageTime": 12, "index": 1}, "status": "ACTIVE"}, {"action": "WEST", "reward": 37, "info": {}, "observation": {"remainingOverageTime": 12, "index": 2}, "status": "ACTIVE"}, {"action": "WEST", "reward": 33, "info": {}, "observation": {"remainingOverageTime": 12, "index": 3}, "status": "ACTIVE"}], [{"action": "NORTH", "reward": 39, "info": {}, "observation": {"remainingOverageTime": 12, "step": 33, "geese": [[0, 11, 21, 20, 19, 30], [48, 37, 26, 27, 28, 29, 40, 41], [14, 3, 4, 5, 6], [57, 58]], "food": [56, 8], "index": 0}, "status": "ACTIVE"}, {"action": "SOUTH", "reward": 41, "info": {}, "observation": {"remainingOverageTime": 12, "index": 1}, "status": "ACTIVE"}, {"action": "SOUTH", "reward": 38, "info": {}, "observation": {"remainingOverageTime": 12, "index": 2}, "status": "ACTIVE"}, {"action": "WEST", "reward": 34, "info": {}, "observation": {"remainingOverageTime": 12, "index": 3}, "status": "ACTIVE"}], [{"action": "EAST", "reward": 40, "info": {}, "observation": {"remainingOverageTime": 12, "step": 34, "geese": [[1, 0, 11, 21, 20, 19], [47, 48, 37, 26, 27, 28, 29, 40], [13, 14, 3, 4, 5], [56, 57, 58]], "food": [8, 74], "index": 0}, "status": "ACTIVE"}, {"action": "WEST", "reward": 42, "info": {}, "observation": {"remainingOverageTime": 12, "index": 1}, "status": "ACTIVE"}, {"action": "WEST", "reward": 39, "info": {}, "observation": {"remainingOverageTime": 12, "index": 2}, "status": "ACTIVE"}, {"action": "WEST", "reward": 36, "info": {}, "observation": {"remainingOverageTime": 12, "index": 3}, "status": "ACTIVE"}], [{"action": "NORTH", "reward": 41, "info": {}, "observation": {"remainingOverageTime": 12, "step": 35, "geese": [[67, 1, 0, 11, 21, 20], [58, 47, 48, 37, 26, 27, 28, 29], [24, 13, 14, 3, 4], [45, 56, 57]], "food": [8, 74], "index": 0}, "status": "ACTIVE"}, {"action": "SOUTH", "reward": 43, "info": {}, "observation": {"remainingOverageTime": 12, "index": 1}, "status": "ACTIVE"}, {"action": "SOUTH", "reward": 40, "info": {}, "observation": {"remainingOverageTime": 12, "index": 2}, "status": "ACTIVE"}, {"action": "NORTH", "reward": 38, "info": {}, "observation": {"remainingOverageTime": 12, "index": 3}, "status": "ACTIVE"}], [{"action": "WEST", "reward": 42, "info": {}, "observation": {"remainingOverageTime": 12, "step": 36, "geese": [[66, 67, 1, 0, 11, 21], [69, 58, 47, 48, 37, 26, 27, 28], [23, 24, 13, 14, 3], [44, 45, 56]], "food": [8, 74], "index": 0}, "status": "ACTIVE"}, {"action": "SOUTH", "reward": 44, "info": {}, "observation": {"remainingOverageTime": 12, "index": 1}, "status": "ACTIVE"}, {"action": "WEST", "reward": 41, "info": {}, "observation": {"remainingOverageTime": 12, "index": 2}, "status": "ACTIVE"}, {"action": "WEST", "reward": 39, "info": {}, "observation": {"remainingOverageTime": 12, "index": 3}, "status": "ACTIVE"}], [{"action": "WEST", "reward": 43, "info": {}, "observation": {"remainingOverageTime": 12, "step": 37, "geese": [[76, 66, 67, 1, 0, 11], [70, 69, 58, 47, 48, 37, 26, 27], [22, 23, 24, 13, 14], [54, 44, 45]], "food": [8, 74], "index": 0}, "status": "ACTIVE"}, {"action": "EAST", "reward": 45, "info": {}, "observation": {"remainingOverageTime": 12, "index": 1}, "status": "ACTIVE"}, {"action": "WEST", "reward": 42, "info": {}, "observation": {"remainingOverageTime": 12, "index": 2}, "status": "ACTIVE"}, {"action": "WEST", "reward": 40, "info": {}, "observation": {"remainingOverageTime": 12, "index": 3}, "status": "ACTIVE"}], [{"action": "WEST", "reward": 44, "info": {}, "observation": {"remainingOverageTime": 12, "step": 38, "geese": [[75, 76, 66, 67, 1, 0], [71, 70, 69, 58, 47, 48, 37, 26], [11, 22, 23, 24, 13], [53, 54, 44]], "food": [8, 74], "index": 0}, "status": "ACTIVE"}, {"action": "EAST", "reward": 46, "info": {}, "observation": {"remainingOverageTime": 12, "index": 1}, "status": "ACTIVE"}, {"action": "NORTH", "reward": 43, "info": {}, "observation": {"remainingOverageTime": 12, "index": 2}, "status": "ACTIVE"}, {"action": "WEST", "reward": 41, "info": {}, "observation": {"remainingOverageTime": 12, "index": 3}, "status": "ACTIVE"}], [{"action": "WEST", "reward": 45, "info": {}, "observation": {"remainingOverageTime": 12, "step": 39, "geese": [[74, 75, 76, 66, 67, 1, 0], [72, 71, 70, 69, 58, 47, 48, 37], [21, 11, 22, 23, 24], [52, 53, 54]], "food": [8, 29], "index": 0}, "status": "ACTIVE"}, {"action": "EAST", "reward": 47, "info": {}, "observation": {"remainingOverageTime": 12, "index": 1}, "status": "ACTIVE"}, {"action": "WEST", "reward": 44, "info": {}, "observation": {"remainingOverageTime": 12, "index": 2}, "status": "ACTIVE"}, {"action": "WEST", "reward": 42, "info": {}, "observation": {"remainingOverageTime": 12, "index": 3}, "status": "ACTIVE"}], [{"action": "SOUTH", "reward": 47, "info": {}, "observation": {"remainingOverageTime": 12, "step": 40, "geese": [[8, 74, 75, 76, 66, 67, 1], [6, 72, 71, 70, 69, 58, 47], [10, 21, 11, 22], [41, 52]], "food": [29, 43], "index": 0}, "status": "ACTIVE"}, {"action": "SOUTH", "reward": 48, "info": {}, "observation": {"remainingOverageTime": 12, "index": 1}, "status": "ACTIVE"}, {"action": "NORTH", "reward": 45, "info": {}, "observation": {"remainingOverageTime": 12, "index": 2}, "status": "ACTIVE"}, {"action": "NORTH", "reward": 43, "info": {}, "observation": {"remainingOverageTime": 12, "index": 3}, "status": "ACTIVE"}], [{"action": "SOUTH", "reward": 48, "info": {}, "observation": {"remainingOverageTime": 12, "step": 41, "geese": [[19, 8, 74, 75, 76, 66, 67], [17, 6, 72, 71, 70, 69, 58], [0, 10, 21, 11], [40, 41]], "food": [29, 43], "index": 0}, "status": "ACTIVE"}, {"action": "SOUTH", "reward": 48, "info": {}, "observation": {"remainingOverageTime": 12, "index": 1}, "status": "ACTIVE"}, {"action": "EAST", "reward": 45, "info": {}, "observation": {"remainingOverageTime": 12, "index": 2}, "status": "ACTIVE"}, {"action": "WEST", "reward": 43, "info": {}, "observation": {"remainingOverageTime": 12, "index": 3}, "status": "ACTIVE"}], [{"action": "SOUTH", "reward": 49, "info": {}, "observation": {"remainingOverageTime": 12, "step": 42, "geese": [[30, 19, 8, 74, 75, 76, 66], [28, 17, 6, 72, 71, 70, 69], [11, 0, 10, 21], [29, 40, 41]], "food": [43, 67], "index": 0}, "status": "ACTIVE"}, {"action": "SOUTH", "reward": 49, "info": {}, "observation": {"remainingOverageTime": 12, "index": 1}, "status": "ACTIVE"}, {"action": "SOUTH", "reward": 46, "info": {}, "observation": {"remainingOverageTime": 12, "index": 2}, "status": "ACTIVE"}, {"action": "NORTH", "reward": 44, "info": {}, "observation": {"remainingOverageTime": 12, "index": 3}, "status": "ACTIVE"}], [{"action": "SOUTH", "reward": 50, "info": {}, "observation": {"remainingOverageTime": 12, "step": 43, "geese": [[41, 30, 19, 8, 74, 75, 76], [39, 28, 17, 6, 72, 71, 70], [21, 11, 0, 10], [18, 29, 40]], "food": [43, 67], "index": 0}, "status": "ACTIVE"}, {"action": "SOUTH", "reward": 50, "info": {}, "observation": {"remainingOverageTime": 12, "index": 1}, "status": "ACTIVE"}, {"action": "WEST", "reward": 47, "info": {}, "observation": {"remainingOverageTime": 12, "index": 2}, "status": "ACTIVE"}, {"action": "NORTH", "reward": 46, "info": {}, "observation": {"remainingOverageTime": 12, "index": 3}, "status": "ACTIVE"}], [{"action": "EAST", "reward": 51, "info": {}, "observation": {"remainingOverageTime": 12, "step": 44, "geese": [[42, 41, 30, 19, 8, 74, 75], [50, 39, 28, 17, 6, 72, 71], [32, 21, 11, 0], [7, 18, 29]], "food": [43, 67], "index": 0}, "status": "ACTIVE"}, {"action": "SOUTH", "reward": 51, "info": {}, "observation": {"remainingOverageTime": 12, "index": 1}, "status": "ACTIVE"}, {"action": "SOUTH", "reward": 48, "info": {}, "observation": {"remainingOverageTime": 12, "index": 2}, "status": "ACTIVE"}, {"action": "NORTH", "reward": 47, "info": {}, "observation": {"remainingOverageTime": 12, "index": 3}, "status": "ACTIVE"}], [{"action": "SOUTH", "reward": 52, "info": {}, "observation": {"remainingOverageTime": 12, "step": 45, "geese": [[53, 42, 41, 30, 19, 8, 74], [51, 50, 39, 28, 17, 6, 72], [22, 32, 21, 11], [73, 7, 18]], "food": [43, 67], "index": 0}, "status": "ACTIVE"}, {"action": "EAST", "reward": 52, "info": {}, "observation": {"remainingOverageTime": 12, "index": 1}, "status": "ACTIVE"}, {"action": "EAST", "reward": 49, "info": {}, "observation": {"remainingOverageTime": 12, "index": 2}, "status": "ACTIVE"}, {"action": "NORTH", "reward": 48, "info": {}, "observation": {"remainingOverageTime": 12, "index": 3}, "status": "ACTIVE"}], [{"action": "EAST", "reward": 53, "info": {}, "observation": {"remainingOverageTime": 12, "step": 46, "geese": [[54, 53, 42, 41, 30, 19, 8], [40, 51, 50, 39, 28, 17, 6], [33, 22, 32, 21], [74, 73, 7]], "food": [43, 67], "index": 0}, "status": "ACTIVE"}, {"action": "NORTH", "reward": 53, "info": {}, "observation": {"remainingOverageTime": 12, "index": 1}, "status": "ACTIVE"}, {"action": "SOUTH", "reward": 50, "info": {}, "observation": {"remainingOverageTime": 12, "index": 2}, "status": "ACTIVE"}, {"action": "EAST", "reward": 49, "info": {}, "observation": {"remainingOverageTime": 12, "index": 3}, "status": "ACTIVE"}], [{"action": "SOUTH", "reward": 54, "info": {}, "observation": {"remainingOverageTime": 12, "step": 47, "geese": [[65, 54, 53, 42, 41, 30, 19], [29, 40, 51, 50, 39, 28, 17], [34, 33, 22, 32], [75, 74, 73]], "food": [43, 67], "index": 0}, "status": "ACTIVE"}, {"action": "NORTH", "reward": 54, "info": {}, "observation": {"remainingOverageTime": 12, "index": 1}, "status": "ACTIVE"}, {"action": "EAST", "reward": 51, "info": {}, "observation": {"remainingOverageTime": 12, "index": 2}, "status": "ACTIVE"}, {"action": "EAST", "reward": 50, "info": {}, "observation": {"remainingOverageTime": 12, "index": 3}, "status": "ACTIVE"}], [{"action": "EAST", "reward": 55, "info": {}, "observation": {"remainingOverageTime": 12, "step": 48, "geese": [[55, 65, 54, 53, 42, 41, 30], [18, 29, 40, 51, 50, 39, 28], [45, 34, 33, 22], [9, 75, 74]], "food": [43, 67], "index": 0}, "status": "ACTIVE"}, {"action": "NORTH", "reward": 55, "info": {}, "observation": {"remainingOverageTime": 12, "index": 1}, "status": "ACTIVE"}, {"action": "SOUTH", "reward": 52, "info": {}, "observation": {"remainingOverageTime": 12, "index": 2}, "status": "ACTIVE"}, {"action": "SOUTH", "reward": 51, "info": {}, "observation": {"remainingOverageTime": 12, "index": 3}, "status": "ACTIVE"}], [{"action": "SOUTH", "reward": 56, "info": {}, "observation": {"remainingOverageTime": 12, "step": 49, "geese": [[66, 55, 65, 54, 53, 42, 41], [19, 18, 29, 40, 51, 50, 39], [46, 45, 34, 33], [10, 9, 75]], "food": [43, 67], "index": 0}, "status": "ACTIVE"}, {"action": "EAST", "reward": 56, "info": {}, "observation": {"remainingOverageTime": 12, "index": 1}, "status": "ACTIVE"}, {"action": "EAST", "reward": 53, "info": {}, "observation": {"remainingOverageTime": 12, "index": 2}, "status": "ACTIVE"}, {"action": "EAST", "reward": 52, "info": {}, "observation": {"remainingOverageTime": 12, "index": 3}, "status": "ACTIVE"}], [{"action": "EAST", "reward": 57, "info": {}, "observation": {"remainingOverageTime": 12, "step": 50, "geese": [[67, 66, 55, 65, 54, 53, 42, 41], [30, 19, 18, 29, 40, 51, 50], [57, 46, 45, 34], [21, 10, 9]], "food": [43, 37], "index": 0}, "status": "ACTIVE"}, {"action": "SOUTH", "reward": 57, "info": {}, "observation": {"remainingOverageTime": 12, "index": 1}, "status": "ACTIVE"}, {"action": "SOUTH", "reward": 54, "info": {}, "observation": {"remainingOverageTime": 12, "index": 2}, "status": "ACTIVE"}, {"action": "SOUTH", "reward": 53, "info": {}, "observation": {"remainingOverageTime": 12, "index": 3}, "status": "ACTIVE"}], [{"action": "SOUTH", "reward": 59, "info": {}, "observation": {"remainingOverageTime": 12, "step": 51, "geese": [[1, 67, 66, 55, 65, 54, 53, 42], [31, 30, 19, 18, 29, 40, 51], [58, 57, 46, 45], [32, 21, 10]], "food": [43, 37], "index": 0}, "status": "ACTIVE"}, {"action": "EAST", "reward": 58, "info": {}, "observation": {"remainingOverageTime": 12, "index": 1}, "status": "ACTIVE"}, {"action": "EAST", "reward": 55, "info": {}, "observation": {"remainingOverageTime": 12, "index": 2}, "status": "ACTIVE"}, {"action": "SOUTH", "reward": 54, "info": {}, "observation": {"remainingOverageTime": 12, "index": 3}, "status": "ACTIVE"}], [{"action": "WEST", "reward": 60, "info": {}, "observation": {"remainingOverageTime": 12, "step": 52, "geese": [[0, 1, 67, 66, 55, 65, 54, 53], [42, 31, 30, 19, 18, 29, 40], [59, 58, 57, 46], [43, 32, 21, 10]], "food": [37, 72], "index": 0}, "status": "ACTIVE"}, {"action": "SOUTH", "reward": 59, "info": {}, "observation": {"remainingOverageTime": 12, "index": 1}, "status": "ACTIVE"}, {"action": "EAST", "reward": 56, "info": {}, "observation": {"remainingOverageTime": 12, "index": 2}, "status": "ACTIVE"}, {"action": "SOUTH", "reward": 55, "info": {}, "observation": {"remainingOverageTime": 12, "index": 3}, "status": "ACTIVE"}], [{"action": "WEST", "reward": 61, "info": {}, "observation": {"remainingOverageTime": 12, "step": 53, "geese": [[10, 0, 1, 67, 66, 55, 65, 54], [41, 42, 31, 30, 19, 18, 29], [48, 59, 58, 57], [33, 43, 32, 21]], "food": [37, 72], "index": 0}, "status": "ACTIVE"}, {"action": "WEST", "reward": 60, "info": {}, "observation": {"remainingOverageTime": 12, "index": 1}, "status": "ACTIVE"}, {"action": "NORTH", "reward": 57, "info": {}, "observation": {"remainingOverageTime": 12, "index": 2}, "status": "ACTIVE"}, {"action": "EAST", "reward": 57, "info": {}, "observation": {"remainingOverageTime": 12, "index": 3}, "status": "ACTIVE"}], [{"action": "NORTH", "reward": 62, "info": {}, "observation": {"remainingOverageTime": 12, "step": 54, "geese": [[76, 10, 0, 1, 67, 66, 55, 65], [40, 41, 42, 31, 30, 19, 18], [37, 48, 59, 58, 57], [34, 33, 43, 32]], "food": [72, 74], "index": 0}, "status": "ACTIVE"}, {"action": "WEST", "reward": 61, "info": {}, "observation": {"remainingOverageTime": 12, "index": 1}, "status": "ACTIVE"}, {"action": "NORTH", "reward": 58, "info": {}, "observation": {"remainingOverageTime": 12, "index": 2}, "status": "ACTIVE"}, {"action": "EAST", "reward": 58, "info": {}, "observation": {"remainingOverageTime": 12, "index": 3}, "status": "ACTIVE"}], [{"action": "WEST", "reward": 63, "info": {}, "observation": {"remainingOverageTime": 12, "step": 55, "geese": [[75, 76, 10, 0, 1, 67, 66, 55], [51, 40, 41, 42, 31, 30, 19], [38, 37, 48, 59, 58], [45, 34, 33, 43]], "food": [72, 74], "index": 0}, "status": "ACTIVE"}, {"action": "SOUTH", "reward": 62, "info": {}, "observation": {"remainingOverageTime": 12, "index": 1}, "status": "ACTIVE"}, {"action": "EAST", "reward": 60, "info": {}, "observation": {"remainingOverageTime": 12, "index": 2}, "status": "ACTIVE"}, {"action": "SOUTH", "reward": 59, "info": {}, "observation": {"remainingOverageTime": 12, "index": 3}, "status": "ACTIVE"}], [{"action": "WEST", "reward": 64, "info": {}, "observation": {"remainingOverageTime": 12, "step": 56, "geese": [[74, 75, 76, 10, 0, 1, 67, 66, 55], [62, 51, 40, 41, 42, 31, 30], [49, 38, 37, 48, 59], [44, 45, 34, 33]], "food": [72, 60], "index": 0}, "status": "ACTIVE"}, {"action": "SOUTH", "reward": 63, "info": {}, "observation": {"remainingOverageTime": 12, "index": 1}, "status": "ACTIVE"}, {"action": "SOUTH", "reward": 61, "info": {}, "observation": {"remainingOverageTime": 12, "index": 2}, "status": "ACTIVE"}, {"action": "WEST", "reward": 60, "info": {}, "observation": {"remainingOverageTime": 12, "index": 3}, "status": "ACTIVE"}], [{"action": "SOUTH", "reward": 66, "info": {}, "observation": {"remainingOverageTime": 12, "step": 57, "geese": [[8, 74, 75, 76, 10, 0, 1, 67, 66], [61, 62, 51, 40, 41, 42, 31], [60, 49, 38, 37, 48, 59], [55, 44, 45, 34]], "food": [72, 17], "index": 0}, "status": "ACTIVE"}, {"action": "WEST", "reward": 64, "info": {}, "observation": {"remainingOverageTime": 12, "index": 1}, "status": "ACTIVE"}, {"action": "SOUTH", "reward": 62, "info": {}, "observation": {"remainingOverageTime": 12, "index": 2}, "status": "ACTIVE"}, {"action": "SOUTH", "reward": 61, "info": {}, "observation": {"remainingOverageTime": 12, "index": 3}, "status": "ACTIVE"}], [{"action": "SOUTH", "reward": 67, "info": {}, "observation": {"remainingOverageTime": 12, "step": 58, "geese": [[19, 8, 74, 75, 76, 10, 0, 1, 67], [72, 61, 62, 51, 40, 41, 42, 31], [71, 60, 49, 38, 37, 48], [56, 55, 44, 45]], "food": [17, 21], "index": 0}, "status": "ACTIVE"}, {"action": "SOUTH", "reward": 65, "info": {}, "observation": {"remainingOverageTime": 12, "index": 1}, "status": "ACTIVE"}, {"action": "SOUTH", "reward": 64, "info": {}, "observation": {"remainingOverageTime": 12, "index": 2}, "status": "ACTIVE"}, {"action": "EAST", "reward": 62, "info": {}, "observation": {"remainingOverageTime": 12, "index": 3}, "status": "ACTIVE"}], [{"action": "EAST", "reward": 68, "info": {}, "observation": {"remainingOverageTime": 12, "step": 59, "geese": [[20, 19, 8, 74, 75, 76, 10, 0, 1], [6, 72, 61, 62, 51, 40, 41, 42], [5, 71, 60, 49, 38, 37], [45, 56, 55, 44]], "food": [17, 21], "index": 0}, "status": "ACTIVE"}, {"action": "SOUTH", "reward": 67, "info": {}, "observation": {"remainingOverageTime": 12, "index": 1}, "status": "ACTIVE"}, {"action": "SOUTH", "reward": 65, "info": {}, "observation": {"remainingOverageTime": 12, "index": 2}, "status": "ACTIVE"}, {"action": "NORTH", "reward": 63, "info": {}, "observation": {"remainingOverageTime": 12, "index": 3}, "status": "ACTIVE"}], [{"action": "EAST", "reward": 69, "info": {}, "observation": {"remainingOverageTime": 12, "step": 60, "geese": [[21, 20, 19, 8, 74, 75, 76, 10, 0, 1], [17, 6, 72, 61, 62, 51, 40, 41, 42], [16, 5, 71, 60, 49, 38], [34, 45, 56, 55]], "food": [31, 69], "index": 0}, "status": "ACTIVE"}, {"action": "SOUTH", "reward": 68, "info": {}, "observation": {"remainingOverageTime": 12, "index": 1}, "status": "ACTIVE"}, {"action": "SOUTH", "reward": 66, "info": {}, "observation": {"remainingOverageTime": 12, "index": 2}, "status": "ACTIVE"}, {"action": "NORTH", "reward": 64, "info": {}, "observation": {"remainingOverageTime": 12, "index": 3}, "status": "ACTIVE"}], [{"action": "SOUTH", "reward": 71, "info": {}, "observation": {"remainingOverageTime": 12, "step": 61, "geese": [[32, 21, 20, 19, 8, 74, 75, 76, 10, 0], [28, 17, 6, 72, 61, 62, 51, 40, 41], [15, 16, 5, 71, 60, 49], [33, 34, 45, 56]], "food": [31, 69], "index": 0}, "status": "ACTIVE"}, {"action": "SOUTH", "reward": 70, "info": {}, "observation": {"remainingOverageTime": 12, "index": 1}, "status": "ACTIVE"}, {"action": "WEST", "reward": 67, "info": {}, "observation": {"remainingOverageTime": 12, "index": 2}, "status": "ACTIVE"}, {"action": "WEST", "reward": 65, "info": {}, "observation": {"remainingOverageTime": 12, "index": 3}, "status": "ACTIVE"}], [{"action": "WEST", "reward": 72, "info": {}, "observation": {"remainingOverageTime": 12, "step": 62, "geese": [[31, 32, 21, 20, 19, 8, 74, 75, 76, 10, 0], [29, 28, 17, 6, 72, 61, 62, 51, 40], [14, 15, 16, 5, 71, 60], [44, 33, 34, 45]], "food": [69, 41], "index": 0}, "status": "ACTIVE"}, {"action": "EAST", "reward": 71, "info": {}, "observation": {"remainingOverageTime": 12, "index": 1}, "status": "ACTIVE"}, {"action": "WEST", "reward": 68, "info": {}, "observation": {"remainingOverageTime": 12, "index": 2}, "status": "ACTIVE"}, {"action": "SOUTH", "reward": 66, "info": {}, "observation": {"remainingOverageTime": 12, "index": 3}, "status": "ACTIVE"}], [{"action": "SOUTH", "reward": 74, "info": {}, "observation": {"remainingOverageTime": 12, "step": 63, "geese": [[42, 31, 32, 21, 20, 19, 8, 74, 75, 76, 10], [18, 29, 28, 17, 6, 72, 61, 62, 51], [3, 14, 15, 16, 5, 71], [54, 44, 33, 34]], "food": [69, 41], "index": 0}, "status": "ACTIVE"}, {"action": "NORTH", "reward": 72, "info": {}, "observation": {"remainingOverageTime": 12, "index": 1}, "status": "ACTIVE"}, {"action": "NORTH", "reward": 69, "info": {}, "observation": {"remainingOverageTime": 12, "index": 2}, "status": "ACTIVE"}, {"action": "WEST", "reward": 67, "info": {}, "observation": {"remainingOverageTime": 12, "index": 3}, "status": "ACTIVE"}], [{"action": "WEST", "reward": 75, "info": {}, "observation": {"remainingOverageTime": 12, "step": 64, "geese": [[41, 42, 31, 32, 21, 20, 19, 8, 74, 75, 76, 10], [7, 18, 29, 28, 17, 6, 72, 61, 62], [69, 3, 14, 15, 16, 5, 71], [65, 54, 44, 33]], "food": [73, 53], "index": 0}, "status": "ACTIVE"}, {"action": "NORTH", "reward": 73, "info": {}, "observation": {"remainingOverageTime": 12, "index": 1}, "status": "ACTIVE"}, {"action": "NORTH", "reward": 70, "info": {}, "observation": {"remainingOverageTime": 12, "index": 2}, "status": "ACTIVE"}, {"action": "SOUTH", "reward": 68, "info": {}, "observation": {"remainingOverageTime": 12, "index": 3}, "status": "ACTIVE"}], [{"action": "SOUTH", "reward": 77, "info": {}, "observation": {"remainingOverageTime": 12, "step": 65, "geese": [[52, 41, 42, 31, 32, 21, 20, 19, 8, 74, 75, 76], [73, 7, 18, 29, 28, 17, 6, 72, 61, 62], [70, 69, 3, 14, 15, 16, 5], [64, 65, 54, 44]], "food": [53, 57], "index": 0}, "status": "ACTIVE"}, {"action": "NORTH", "reward": 74, "info": {}, "observation": {"remainingOverageTime": 12, "index": 1}, "status": "ACTIVE"}, {"action": "EAST", "reward": 72, "info": {}, "observation": {"remainingOverageTime": 12, "index": 2}, "status": "ACTIVE"}, {"action": "WEST", "reward": 69, "info": {}, "observation": {"remainingOverageTime": 12, "index": 3}, "status": "ACTIVE"}], [{"action": "WEST", "reward": 78, "info": {}, "observation": {"remainingOverageTime": 12, "step": 66, "geese": [[51, 52, 41, 42, 31, 32, 21, 20, 19, 8, 74, 75], [62, 73, 7, 18, 29, 28, 17, 6, 72, 61], [59, 70, 69, 3, 14, 15, 16], [53, 64, 65, 54, 44]], "food": [57, 49], "index": 0}, "status": "ACTIVE"}, {"action": "NORTH", "reward": 76, "info": {}, "observation": {"remainingOverageTime": 12, "index": 1}, "status": "ACTIVE"}, {"action": "NORTH", "reward": 73, "info": {}, "observation": {"remainingOverageTime": 12, "index": 2}, "status": "ACTIVE"}, {"action": "NORTH", "reward": 70, "info": {}, "observation": {"remainingOverageTime": 12, "index": 3}, "status": "ACTIVE"}], [{"action": "WEST", "reward": 79, "info": {}, "observation": {"remainingOverageTime": 12, "step": 67, "geese": [[], [61, 62, 73, 7, 18, 29, 28, 17, 6, 72], [48, 59, 70, 69, 3, 14, 15], []], "food": [57, 49], "index": 0}, "status": "DONE"}, {"action": "WEST", "reward": 77, "info": {}, "observation": {"remainingOverageTime": 12, "index": 1}, "status": "ACTIVE"}, {"action": "NORTH", "reward": 74, "info": {}, "observation": {"remainingOverageTime": 12, "index": 2}, "status": "ACTIVE"}, {"action": "WEST", "reward": 72, "info": {}, "observation": {"remainingOverageTime": 12, "index": 3}, "status": "DONE"}], [{"action": "NORTH", "reward": 79, "info": {}, "observation": {"remainingOverageTime": 12, "step": 68, "geese": [[], [60, 61, 62, 73, 7, 18, 29, 28, 17, 6], [49, 48, 59, 70, 69, 3, 14, 15], []], "food": [57, 50], "index": 0}, "status": "DONE"}, {"action": "WEST", "reward": 78, "info": {}, "observation": {"remainingOverageTime": 12, "index": 1}, "status": "ACTIVE"}, {"action": "EAST", "reward": 75, "info": {}, "observation": {"remainingOverageTime": 12, "index": 2}, "status": "ACTIVE"}, {"action": "NORTH", "reward": 72, "info": {}, "observation": {"remainingOverageTime": 12, "index": 3}, "status": "DONE"}], [{"action": "NORTH", "reward": 79, "info": {}, "observation": {"remainingOverageTime": 12, "step": 69, "geese": [[], [71, 60, 61, 62, 73, 7, 18, 29, 28, 17], [50, 49, 48, 59, 70, 69, 3, 14, 15], []], "food": [57, 42], "index": 0}, "status": "DONE"}, {"action": "SOUTH", "reward": 79, "info": {}, "observation": {"remainingOverageTime": 12, "index": 1}, "status": "ACTIVE"}, {"action": "EAST", "reward": 77, "info": {}, "observation": {"remainingOverageTime": 12, "index": 2}, "status": "ACTIVE"}, {"action": "NORTH", "reward": 72, "info": {}, "observation": {"remainingOverageTime": 12, "index": 3}, "status": "DONE"}], [{"action": "NORTH", "reward": 79, "info": {}, "observation": {"remainingOverageTime": 12, "step": 70, "geese": [[], [5, 71, 60, 61, 62, 73, 7, 18, 29, 28], [51, 50, 49, 48, 59, 70, 69, 3, 14], []], "food": [57, 42], "index": 0}, "status": "DONE"}, {"action": "SOUTH", "reward": 80, "info": {}, "observation": {"remainingOverageTime": 12, "index": 1}, "status": "ACTIVE"}, {"action": "EAST", "reward": 79, "info": {}, "observation": {"remainingOverageTime": 12, "index": 2}, "status": "ACTIVE"}, {"action": "NORTH", "reward": 72, "info": {}, "observation": {"remainingOverageTime": 12, "index": 3}, "status": "DONE"}], [{"action": "NORTH", "reward": 79, "info": {}, "observation": {"remainingOverageTime": 12, "step": 71, "geese": [[], [6, 5, 71, 60, 61, 62, 73, 7, 18, 29], [40, 51, 50, 49, 48, 59, 70, 69, 3], []], "food": [57, 42], "index": 0}, "status": "DONE"}, {"action": "EAST", "reward": 81, "info": {}, "observation": {"remainingOverageTime": 12, "index": 1}, "status": "ACTIVE"}, {"action": "NORTH", "reward": 80, "info": {}, "observation": {"remainingOverageTime": 12, "index": 2}, "status": "ACTIVE"}, {"action": "NORTH", "reward": 72, "info": {}, "observation": {"remainingOverageTime": 12, "index": 3}, "status": "DONE"}], [{"action": "NORTH", "reward": 79, "info": {}, "observation": {"remainingOverageTime": 12, "step": 72, "geese": [[], [17, 6, 5, 71, 60, 61, 62, 73, 7, 18], [41, 40, 51, 50, 49, 48, 59, 70, 69], []], "food": [57, 42], "index": 0}, "status": "DONE"}, {"action": "SOUTH", "reward": 82, "info": {}, "observation": {"remainingOverageTime": 12, "index": 1}, "status": "ACTIVE"}, {"action": "EAST", "reward": 81, "info": {}, "observation": {"remainingOverageTime": 12, "index": 2}, "status": "ACTIVE"}, {"action": "NORTH", "reward": 72, "info": {}, "observation": {"remainingOverageTime": 12, "index": 3}, "status": "DONE"}], [{"action": "NORTH", "reward": 79, "info": {}, "observation": {"remainingOverageTime": 12, "step": 73, "geese": [[], [28, 17, 6, 5, 71, 60, 61, 62, 73, 7], [42, 41, 40, 51, 50, 49, 48, 59, 70, 69], []], "food": [57, 35], "index": 0}, "status": "DONE"}, {"action": "SOUTH", "reward": 83, "info": {}, "observation": {"remainingOverageTime": 12, "index": 1}, "status": "ACTIVE"}, {"action": "EAST", "reward": 82, "info": {}, "observation": {"remainingOverageTime": 12, "index": 2}, "status": "ACTIVE"}, {"action": "NORTH", "reward": 72, "info": {}, "observation": {"remainingOverageTime": 12, "index": 3}, "status": "DONE"}], [{"action": "NORTH", "reward": 79, "info": {}, "observation": {"remainingOverageTime": 12, "step": 74, "geese": [[], [27, 28, 17, 6, 5, 71, 60, 61, 62, 73], [43, 42, 41, 40, 51, 50, 49, 48, 59, 70], []], "food": [57, 35], "index": 0}, "status": "DONE"}, {"action": "WEST", "reward": 84, "info": {}, "observation": {"remainingOverageTime": 12, "index": 1}, "status": "ACTIVE"}, {"action": "EAST", "reward": 84, "info": {}, "observation": {"remainingOverageTime": 12, "index": 2}, "status": "ACTIVE"}, {"action": "NORTH", "reward": 72, "info": {}, "observation": {"remainingOverageTime": 12, "index": 3}, "status": "DONE"}], [{"action": "NORTH", "reward": 79, "info": {}, "observation": {"remainingOverageTime": 12, "step": 75, "geese": [[], [26, 27, 28, 17, 6, 5, 71, 60, 61, 62], [33, 43, 42, 41, 40, 51, 50, 49, 48, 59], []], "food": [57, 35], "index": 0}, "status": "DONE"}, {"action": "WEST", "reward": 85, "info": {}, "observation": {"remainingOverageTime": 12, "index": 1}, "status": "ACTIVE"}, {"action": "EAST", "reward": 85, "info": {}, "observation": {"remainingOverageTime": 12, "index": 2}, "status": "ACTIVE"}, {"action": "NORTH", "reward": 72, "info": {}, "observation": {"remainingOverageTime": 12, "index": 3}, "status": "DONE"}], [{"action": "NORTH", "reward": 79, "info": {}, "observation": {"remainingOverageTime": 12, "step": 76, "geese": [[], [37, 26, 27, 28, 17, 6, 5, 71, 60, 61], [34, 33, 43, 42, 41, 40, 51, 50, 49, 48], []], "food": [57, 35], "index": 0}, "status": "DONE"}, {"action": "SOUTH", "reward": 86, "info": {}, "observation": {"remainingOverageTime": 12, "index": 1}, "status": "ACTIVE"}, {"action": "EAST", "reward": 86, "info": {}, "observation": {"remainingOverageTime": 12, "index": 2}, "status": "ACTIVE"}, {"action": "NORTH", "reward": 72, "info": {}, "observation": {"remainingOverageTime": 12, "index": 3}, "status": "DONE"}], [{"action": "NORTH", "reward": 79, "info": {}, "observation": {"remainingOverageTime": 12, "step": 77, "geese": [[], [36, 37, 26, 27, 28, 17, 6, 5, 71, 60], [35, 34, 33, 43, 42, 41, 40, 51, 50, 49, 48], []], "food": [57, 32], "index": 0}, "status": "DONE"}, {"action": "WEST", "reward": 87, "info": {}, "observation": {"remainingOverageTime": 12, "index": 1}, "status": "ACTIVE"}, {"action": "EAST", "reward": 87, "info": {}, "observation": {"remainingOverageTime": 12, "index": 2}, "status": "ACTIVE"}, {"action": "NORTH", "reward": 72, "info": {}, "observation": {"remainingOverageTime": 12, "index": 3}, "status": "DONE"}], [{"action": "NORTH", "reward": 79, "info": {}, "observation": {"remainingOverageTime": 12, "step": 78, "geese": [[], [47, 36, 37, 26, 27, 28, 17, 6, 5, 71], [46, 35, 34, 33, 43, 42, 41, 40, 51, 50, 49], []], "food": [57, 32], "index": 0}, "status": "DONE"}, {"action": "SOUTH", "reward": 88, "info": {}, "observation": {"remainingOverageTime": 12, "index": 1}, "status": "ACTIVE"}, {"action": "SOUTH", "reward": 89, "info": {}, "observation": {"remainingOverageTime": 12, "index": 2}, "status": "ACTIVE"}, {"action": "NORTH", "reward": 72, "info": {}, "observation": {"remainingOverageTime": 12, "index": 3}, "status": "DONE"}], [{"action": "NORTH", "reward": 79, "info": {}, "observation": {"remainingOverageTime": 12, "step": 79, "geese": [[], [58, 47, 36, 37, 26, 27, 28, 17, 6, 5], [57, 46, 35, 34, 33, 43, 42, 41, 40, 51, 50, 49], []], "food": [32, 66], "index": 0}, "status": "DONE"}, {"action": "SOUTH", "reward": 89, "info": {}, "observation": {"remainingOverageTime": 12, "index": 1}, "status": "ACTIVE"}, {"action": "SOUTH", "reward": 90, "info": {}, "observation": {"remainingOverageTime": 12, "index": 2}, "status": "ACTIVE"}, {"action": "NORTH", "reward": 72, "info": {}, "observation": {"remainingOverageTime": 12, "index": 3}, "status": "DONE"}], [{"action": "NORTH", "reward": 79, "info": {}, "observation": {"remainingOverageTime": 12, "step": 80, "geese": [[], [69, 58, 47, 36, 37, 26, 27, 28, 17], [56, 57, 46, 35, 34, 33, 43, 42, 41, 40, 51], []], "food": [32, 66], "index": 0}, "status": "DONE"}, {"action": "SOUTH", "reward": 90, "info": {}, "observation": {"remainingOverageTime": 12, "index": 1}, "status": "ACTIVE"}, {"action": "WEST", "reward": 92, "info": {}, "observation": {"remainingOverageTime": 12, "index": 2}, "status": "ACTIVE"}, {"action": "NORTH", "reward": 72, "info": {}, "observation": {"remainingOverageTime": 12, "index": 3}, "status": "DONE"}], [{"action": "NORTH", "reward": 79, "info": {}, "observation": {"remainingOverageTime": 12, "step": 81, "geese": [[], [68, 69, 58, 47, 36, 37, 26, 27, 28], [67, 56, 57, 46, 35, 34, 33, 43, 42, 41, 40], []], "food": [32, 66], "index": 0}, "status": "DONE"}, {"action": "WEST", "reward": 90, "info": {}, "observation": {"remainingOverageTime": 12, "index": 1}, "status": "ACTIVE"}, {"action": "SOUTH", "reward": 92, "info": {}, "observation": {"remainingOverageTime": 12, "index": 2}, "status": "ACTIVE"}, {"action": "NORTH", "reward": 72, "info": {}, "observation": {"remainingOverageTime": 12, "index": 3}, "status": "DONE"}], [{"action": "NORTH", "reward": 79, "info": {}, "observation": {"remainingOverageTime": 12, "step": 82, "geese": [[], [2, 68, 69, 58, 47, 36, 37, 26, 27], [66, 67, 56, 57, 46, 35, 34, 33, 43, 42, 41, 40], []], "food": [32, 18], "index": 0}, "status": "DONE"}, {"action": "SOUTH", "reward": 91, "info": {}, "observation": {"remainingOverageTime": 12, "index": 1}, "status": "ACTIVE"}, {"action": "WEST", "reward": 93, "info": {}, "observation": {"remainingOverageTime": 12, "index": 2}, "status": "ACTIVE"}, {"action": "NORTH", "reward": 72, "info": {}, "observation": {"remainingOverageTime": 12, "index": 3}, "status": "DONE"}], [{"action": "NORTH", "reward": 79, "info": {}, "observation": {"remainingOverageTime": 12, "step": 83, "geese": [[], [13, 2, 68, 69, 58, 47, 36, 37, 26], [76, 66, 67, 56, 57, 46, 35, 34, 33, 43, 42, 41], []], "food": [32, 18], "index": 0}, "status": "DONE"}, {"action": "SOUTH", "reward": 92, "info": {}, "observation": {"remainingOverageTime": 12, "index": 1}, "status": "ACTIVE"}, {"action": "WEST", "reward": 95, "info": {}, "observation": {"remainingOverageTime": 12, "index": 2}, "status": "ACTIVE"}, {"action": "NORTH", "reward": 72, "info": {}, "observation": {"remainingOverageTime": 12, "index": 3}, "status": "DONE"}], [{"action": "NORTH", "reward": 79, "info": {}, "observation": {"remainingOverageTime": 12, "step": 84, "geese": [[], [12, 13, 2, 68, 69, 58, 47, 36, 37], [10, 76, 66, 67, 56, 57, 46, 35, 34, 33, 43, 42], []], "food": [32, 18], "index": 0}, "status": "DONE"}, {"action": "WEST", "reward": 93, "info": {}, "observation": {"remainingOverageTime": 12, "index": 1}, "status": "ACTIVE"}, {"action": "SOUTH", "reward": 96, "info": {}, "observation": {"remainingOverageTime": 12, "index": 2}, "status": "ACTIVE"}, {"action": "NORTH", "reward": 72, "info": {}, "observation": {"remainingOverageTime": 12, "index": 3}, "status": "DONE"}], [{"action": "NORTH", "reward": 79, "info": {}, "observation": {"remainingOverageTime": 12, "step": 85, "geese": [[], [11, 12, 13, 2, 68, 69, 58, 47, 36], [21, 10, 76, 66, 67, 56, 57, 46, 35, 34, 33, 43], []], "food": [32, 18], "index": 0}, "status": "DONE"}, {"action": "WEST", "reward": 94, "info": {}, "observation": {"remainingOverageTime": 12, "index": 1}, "status": "ACTIVE"}, {"action": "SOUTH", "reward": 97, "info": {}, "observation": {"remainingOverageTime": 12, "index": 2}, "status": "ACTIVE"}, {"action": "NORTH", "reward": 72, "info": {}, "observation": {"remainingOverageTime": 12, "index": 3}, "status": "DONE"}], [{"action": "NORTH", "reward": 79, "info": {}, "observation": {"remainingOverageTime": 12, "step": 86, "geese": [[], [22, 11, 12, 13, 2, 68, 69, 58, 47], [32, 21, 10, 76, 66, 67, 56, 57, 46, 35, 34, 33, 43], []], "food": [18, 41], "index": 0}, "status": "DONE"}, {"action": "SOUTH", "reward": 95, "info": {}, "observation": {"remainingOverageTime": 12, "index": 1}, "status": "ACTIVE"}, {"action": "SOUTH", "reward": 98, "info": {}, "observation": {"remainingOverageTime": 12, "index": 2}, "status": "ACTIVE"}, {"action": "NORTH", "reward": 72, "info": {}, "observation": {"remainingOverageTime": 12, "index": 3}, "status": "DONE"}], [{"action": "NORTH", "reward": 79, "info": {}, "observation": {"remainingOverageTime": 12, "step": 87, "geese": [[], [23, 22, 11, 12, 13, 2, 68, 69, 58], [43, 32, 21, 10, 76, 66, 67, 56, 57, 46, 35, 34, 33], []], "food": [18, 41], "index": 0}, "status": "DONE"}, {"action": "EAST", "reward": 96, "info": {}, "observation": {"remainingOverageTime": 12, "index": 1}, "status": "ACTIVE"}, {"action": "SOUTH", "reward": 100, "info": {}, "observation": {"remainingOverageTime": 12, "index": 2}, "status": "ACTIVE"}, {"action": "NORTH", "reward": 72, "info": {}, "observation": {"remainingOverageTime": 12, "index": 3}, "status": "DONE"}], [{"action": "NORTH", "reward": 79, "info": {}, "observation": {"remainingOverageTime": 12, "step": 88, "geese": [[], [24, 23, 22, 11, 12, 13, 2, 68, 69], [33, 43, 32, 21, 10, 76, 66, 67, 56, 57, 46, 35, 34], []], "food": [18, 41], "index": 0}, "status": "DONE"}, {"action": "EAST", "reward": 97, "info": {}, "observation": {"remainingOverageTime": 12, "index": 1}, "status": "ACTIVE"}, {"action": "EAST", "reward": 101, "info": {}, "observation": {"remainingOverageTime": 12, "index": 2}, "status": "ACTIVE"}, {"action": "NORTH", "reward": 72, "info": {}, "observation": {"remainingOverageTime": 12, "index": 3}, "status": "DONE"}], [{"action": "NORTH", "reward": 79, "info": {}, "observation": {"remainingOverageTime": 12, "step": 89, "geese": [[], [25, 24, 23, 22, 11, 12, 13, 2, 68], [34, 33, 43, 32, 21, 10, 76, 66, 67, 56, 57, 46, 35], []], "food": [18, 41], "index": 0}, "status": "DONE"}, {"action": "EAST", "reward": 98, "info": {}, "observation": {"remainingOverageTime": 12, "index": 1}, "status": "ACTIVE"}, {"action": "EAST", "reward": 102, "info": {}, "observation": {"remainingOverageTime": 12, "index": 2}, "status": "ACTIVE"}, {"action": "NORTH", "reward": 72, "info": {}, "observation": {"remainingOverageTime": 12, "index": 3}, "status": "DONE"}], [{"action": "NORTH", "reward": 79, "info": {}, "observation": {"remainingOverageTime": 12, "step": 90, "geese": [[], [14, 25, 24, 23, 22, 11, 12, 13, 2], [35, 34, 33, 43, 32, 21, 10, 76, 66, 67, 56, 57, 46], []], "food": [18, 41], "index": 0}, "status": "DONE"}, {"action": "NORTH", "reward": 99, "info": {}, "observation": {"remainingOverageTime": 12, "index": 1}, "status": "ACTIVE"}, {"action": "EAST", "reward": 103, "info": {}, "observation": {"remainingOverageTime": 12, "index": 2}, "status": "ACTIVE"}, {"action": "NORTH", "reward": 72, "info": {}, "observation": {"remainingOverageTime": 12, "index": 3}, "status": "DONE"}], [{"action": "NORTH", "reward": 79, "info": {}, "observation": {"remainingOverageTime": 12, "step": 91, "geese": [[], [15, 14, 25, 24, 23, 22, 11, 12, 13], [46, 35, 34, 33, 43, 32, 21, 10, 76, 66, 67, 56, 57], []], "food": [18, 41], "index": 0}, "status": "DONE"}, {"action": "EAST", "reward": 100, "info": {}, "observation": {"remainingOverageTime": 12, "index": 1}, "status": "ACTIVE"}, {"action": "SOUTH", "reward": 104, "info": {}, "observation": {"remainingOverageTime": 12, "index": 2}, "status": "ACTIVE"}, {"action": "NORTH", "reward": 72, "info": {}, "observation": {"remainingOverageTime": 12, "index": 3}, "status": "DONE"}], [{"action": "NORTH", "reward": 79, "info": {}, "observation": {"remainingOverageTime": 12, "step": 92, "geese": [[], [16, 15, 14, 25, 24, 23, 22, 11, 12], [57, 46, 35, 34, 33, 43, 32, 21, 10, 76, 66, 67, 56], []], "food": [18, 41], "index": 0}, "status": "DONE"}, {"action": "EAST", "reward": 101, "info": {}, "observation": {"remainingOverageTime": 12, "index": 1}, "status": "ACTIVE"}, {"action": "SOUTH", "reward": 105, "info": {}, "observation": {"remainingOverageTime": 12, "index": 2}, "status": "ACTIVE"}, {"action": "NORTH", "reward": 72, "info": {}, "observation": {"remainingOverageTime": 12, "index": 3}, "status": "DONE"}], [{"action": "NORTH", "reward": 79, "info": {}, "observation": {"remainingOverageTime": 12, "step": 93, "geese": [[], [17, 16, 15, 14, 25, 24, 23, 22, 11], [56, 57, 46, 35, 34, 33, 43, 32, 21, 10, 76, 66, 67], []], "food": [18, 41], "index": 0}, "status": "DONE"}, {"action": "EAST", "reward": 102, "info": {}, "observation": {"remainingOverageTime": 12, "index": 1}, "status": "ACTIVE"}, {"action": "WEST", "reward": 106, "info": {}, "observation": {"remainingOverageTime": 12, "index": 2}, "status": "ACTIVE"}, {"action": "NORTH", "reward": 72, "info": {}, "observation": {"remainingOverageTime": 12, "index": 3}, "status": "DONE"}], [{"action": "NORTH", "reward": 79, "info": {}, "observation": {"remainingOverageTime": 12, "step": 94, "geese": [[], [18, 17, 16, 15, 14, 25, 24, 23, 22, 11], [67, 56, 57, 46, 35, 34, 33, 43, 32, 21, 10, 76, 66], []], "food": [41, 59], "index": 0}, "status": "DONE"}, {"action": "EAST", "reward": 103, "info": {}, "observation": {"remainingOverageTime": 12, "index": 1}, "status": "ACTIVE"}, {"action": "SOUTH", "reward": 107, "info": {}, "observation": {"remainingOverageTime": 12, "index": 2}, "status": "ACTIVE"}, {"action": "NORTH", "reward": 72, "info": {}, "observation": {"remainingOverageTime": 12, "index": 3}, "status": "DONE"}], [{"action": "NORTH", "reward": 79, "info": {}, "observation": {"remainingOverageTime": 12, "step": 95, "geese": [[], [29, 18, 17, 16, 15, 14, 25, 24, 23, 22], [66, 67, 56, 57, 46, 35, 34, 33, 43, 32, 21, 10, 76], []], "food": [41, 59], "index": 0}, "status": "DONE"}, {"action": "SOUTH", "reward": 105, "info": {}, "observation": {"remainingOverageTime": 12, "index": 1}, "status": "ACTIVE"}, {"action": "WEST", "reward": 108, "info": {}, "observation": {"remainingOverageTime": 12, "index": 2}, "status": "ACTIVE"}, {"action": "NORTH", "reward": 72, "info": {}, "observation": {"remainingOverageTime": 12, "index": 3}, "status": "DONE"}], [{"action": "NORTH", "reward": 79, "info": {}, "observation": {"remainingOverageTime": 12, "step": 96, "geese": [[], [30, 29, 18, 17, 16, 15, 14, 25, 24, 23], [76, 66, 67, 56, 57, 46, 35, 34, 33, 43, 32, 21, 10], []], "food": [41, 59], "index": 0}, "status": "DONE"}, {"action": "EAST", "reward": 106, "info": {}, "observation": {"remainingOverageTime": 12, "index": 1}, "status": "ACTIVE"}, {"action": "WEST", "reward": 109, "info": {}, "observation": {"remainingOverageTime": 12, "index": 2}, "status": "ACTIVE"}, {"action": "NORTH", "reward": 72, "info": {}, "observation": {"remainingOverageTime": 12, "index": 3}, "status": "DONE"}], [{"action": "NORTH", "reward": 79, "info": {}, "observation": {"remainingOverageTime": 12, "step": 97, "geese": [[], [41, 30, 29, 18, 17, 16, 15, 14, 25, 24, 23], [10, 76, 66, 67, 56, 57, 46, 35, 34, 33, 43, 32, 21], []], "food": [59, 1], "index": 0}, "status": "DONE"}, {"action": "SOUTH", "reward": 107, "info": {}, "observation": {"remainingOverageTime": 12, "index": 1}, "status": "ACTIVE"}, {"action": "SOUTH", "reward": 110, "info": {}, "observation": {"remainingOverageTime": 12, "index": 2}, "status": "ACTIVE"}, {"action": "NORTH", "reward": 72, "info": {}, "observation": {"remainingOverageTime": 12, "index": 3}, "status": "DONE"}], [{"action": "NORTH", "reward": 79, "info": {}, "observation": {"remainingOverageTime": 12, "step": 98, "geese": [[], [40, 41, 30, 29, 18, 17, 16, 15, 14, 25, 24], [21, 10, 76, 66, 67, 56, 57, 46, 35, 34, 33, 43, 32], []], "food": [59, 1], "index": 0}, "status": "DONE"}, {"action": "WEST", "reward": 109, "info": {}, "observation": {"remainingOverageTime": 12, "index": 1}, "status": "ACTIVE"}, {"action": "SOUTH", "reward": 111, "info": {}, "observation": {"remainingOverageTime": 12, "index": 2}, "status": "ACTIVE"}, {"action": "NORTH", "reward": 72, "info": {}, "observation": {"remainingOverageTime": 12, "index": 3}, "status": "DONE"}], [{"action": "NORTH", "reward": 79, "info": {}, "observation": {"remainingOverageTime": 12, "step": 99, "geese": [[], [51, 40, 41, 30, 29, 18, 17, 16, 15, 14, 25], [32, 21, 10, 76, 66, 67, 56, 57, 46, 35, 34, 33, 43], []], "food": [59, 1], "index": 0}, "status": "DONE"}, {"action": "SOUTH", "reward": 110, "info": {}, "observation": {"remainingOverageTime": 12, "index": 1}, "status": "ACTIVE"}, {"action": "SOUTH", "reward": 112, "info": {}, "observation": {"remainingOverageTime": 12, "index": 2}, "status": "ACTIVE"}, {"action": "NORTH", "reward": 72, "info": {}, "observation": {"remainingOverageTime": 12, "index": 3}, "status": "DONE"}], [{"action": "NORTH", "reward": 79, "info": {}, "observation": {"remainingOverageTime": 12, "step": 100, "geese": [[], [62, 51, 40, 41, 30, 29, 18, 17, 16, 15, 14], [43, 32, 21, 10, 76, 66, 67, 56, 57, 46, 35, 34, 33], []], "food": [59, 1], "index": 0}, "status": "DONE"}, {"action": "SOUTH", "reward": 111, "info": {}, "observation": {"remainingOverageTime": 12, "index": 1}, "status": "ACTIVE"}, {"action": "SOUTH", "reward": 113, "info": {}, "observation": {"remainingOverageTime": 12, "index": 2}, "status": "ACTIVE"}, {"action": "NORTH", "reward": 72, "info": {}, "observation": {"remainingOverageTime": 12, "index": 3}, "status": "DONE"}], [{"action": "NORTH", "reward": 79, "info": {}, "observation": {"remainingOverageTime": 12, "step": 101, "geese": [[], [61, 62, 51, 40, 41, 30, 29, 18, 17, 16, 15], [33, 43, 32, 21, 10, 76, 66, 67, 56, 57, 46, 35, 34], []], "food": [59, 1], "index": 0}, "status": "DONE"}, {"action": "WEST", "reward": 112, "info": {}, "observation": {"remainingOverageTime": 12, "index": 1}, "status": "ACTIVE"}, {"action": "EAST", "reward": 114, "info": {}, "observation": {"remainingOverageTime": 12, "index": 2}, "status": "ACTIVE"}, {"action": "NORTH", "reward": 72, "info": {}, "observation": {"remainingOverageTime": 12, "index": 3}, "status": "DONE"}], [{"action": "NORTH", "reward": 79, "info": {}, "observation": {"remainingOverageTime": 12, "step": 102, "geese": [[], [60, 61, 62, 51, 40, 41, 30, 29, 18, 17, 16], [34, 33, 43, 32, 21, 10, 76, 66, 67, 56, 57, 46, 35], []], "food": [59, 1], "index": 0}, "status": "DONE"}, {"action": "WEST", "reward": 113, "info": {}, "observation": {"remainingOverageTime": 12, "index": 1}, "status": "ACTIVE"}, {"action": "EAST", "reward": 115, "info": {}, "observation": {"remainingOverageTime": 12, "index": 2}, "status": "ACTIVE"}, {"action": "NORTH", "reward": 72, "info": {}, "observation": {"remainingOverageTime": 12, "index": 3}, "status": "DONE"}], [{"action": "NORTH", "reward": 79, "info": {}, "observation": {"remainingOverageTime": 12, "step": 103, "geese": [[], [59, 60, 61, 62, 51, 40, 41, 30, 29, 18, 17, 16], [35, 34, 33, 43, 32, 21, 10, 76, 66, 67, 56, 57, 46], []], "food": [1, 65], "index": 0}, "status": "DONE"}, {"action": "WEST", "reward": 114, "info": {}, "observation": {"remainingOverageTime": 12, "index": 1}, "status": "ACTIVE"}, {"action": "EAST", "reward": 116, "info": {}, "observation": {"remainingOverageTime": 12, "index": 2}, "status": "ACTIVE"}, {"action": "NORTH", "reward": 72, "info": {}, "observation": {"remainingOverageTime": 12, "index": 3}, "status": "DONE"}], [{"action": "NORTH", "reward": 79, "info": {}, "observation": {"remainingOverageTime": 12, "step": 104, "geese": [[], [70, 59, 60, 61, 62, 51, 40, 41, 30, 29, 18, 17], [46, 35, 34, 33, 43, 32, 21, 10, 76, 66, 67, 56, 57], []], "food": [1, 65], "index": 0}, "status": "DONE"}, {"action": "SOUTH", "reward": 116, "info": {}, "observation": {"remainingOverageTime": 12, "index": 1}, "status": "ACTIVE"}, {"action": "SOUTH", "reward": 117, "info": {}, "observation": {"remainingOverageTime": 12, "index": 2}, "status": "ACTIVE"}, {"action": "NORTH", "reward": 72, "info": {}, "observation": {"remainingOverageTime": 12, "index": 3}, "status": "DONE"}], [{"action": "NORTH", "reward": 79, "info": {}, "observation": {"remainingOverageTime": 12, "step": 105, "geese": [[], [69, 70, 59, 60, 61, 62, 51, 40, 41, 30, 29, 18], [57, 46, 35, 34, 33, 43, 32, 21, 10, 76, 66, 67, 56], []], "food": [1, 65], "index": 0}, "status": "DONE"}, {"action": "WEST", "reward": 117, "info": {}, "observation": {"remainingOverageTime": 12, "index": 1}, "status": "ACTIVE"}, {"action": "SOUTH", "reward": 118, "info": {}, "observation": {"remainingOverageTime": 12, "index": 2}, "status": "ACTIVE"}, {"action": "NORTH", "reward": 72, "info": {}, "observation": {"remainingOverageTime": 12, "index": 3}, "status": "DONE"}], [{"action": "NORTH", "reward": 79, "info": {}, "observation": {"remainingOverageTime": 12, "step": 106, "geese": [[], [3, 69, 70, 59, 60, 61, 62, 51, 40, 41, 30, 29], [56, 57, 46, 35, 34, 33, 43, 32, 21, 10, 76, 66, 67], []], "food": [1, 65], "index": 0}, "status": "DONE"}, {"action": "SOUTH", "reward": 118, "info": {}, "observation": {"remainingOverageTime": 12, "index": 1}, "status": "ACTIVE"}, {"action": "WEST", "reward": 119, "info": {}, "observation": {"remainingOverageTime": 12, "index": 2}, "status": "ACTIVE"}, {"action": "NORTH", "reward": 72, "info": {}, "observation": {"remainingOverageTime": 12, "index": 3}, "status": "DONE"}], [{"action": "NORTH", "reward": 79, "info": {}, "observation": {"remainingOverageTime": 12, "step": 107, "geese": [[], [2, 3, 69, 70, 59, 60, 61, 62, 51, 40, 41, 30], [67, 56, 57, 46, 35, 34, 33, 43, 32, 21, 10, 76, 66], []], "food": [1, 65], "index": 0}, "status": "DONE"}, {"action": "WEST", "reward": 119, "info": {}, "observation": {"remainingOverageTime": 12, "index": 1}, "status": "ACTIVE"}, {"action": "SOUTH", "reward": 120, "info": {}, "observation": {"remainingOverageTime": 12, "index": 2}, "status": "ACTIVE"}, {"action": "NORTH", "reward": 72, "info": {}, "observation": {"remainingOverageTime": 12, "index": 3}, "status": "DONE"}], [{"action": "NORTH", "reward": 79, "info": {}, "observation": {"remainingOverageTime": 12, "step": 108, "geese": [[], [13, 2, 3, 69, 70, 59, 60, 61, 62, 51, 40, 41], [68, 67, 56, 57, 46, 35, 34, 33, 43, 32, 21, 10, 76], []], "food": [1, 65], "index": 0}, "status": "DONE"}, {"action": "SOUTH", "reward": 120, "info": {}, "observation": {"remainingOverageTime": 12, "index": 1}, "status": "ACTIVE"}, {"action": "EAST", "reward": 121, "info": {}, "observation": {"remainingOverageTime": 12, "index": 2}, "status": "ACTIVE"}, {"action": "NORTH", "reward": 72, "info": {}, "observation": {"remainingOverageTime": 12, "index": 3}, "status": "DONE"}], [{"action": "NORTH", "reward": 79, "info": {}, "observation": {"remainingOverageTime": 12, "step": 109, "geese": [[], [], [], []], "food": [1, 65], "index": 0}, "status": "DONE"}, {"action": "WEST", "reward": 121, "info": {}, "observation": {"remainingOverageTime": 12, "index": 1}, "status": "DONE"}, {"action": "SOUTH", "reward": 122, "info": {}, "observation": {"remainingOverageTime": 12, "index": 2}, "status": "DONE"}, {"action": "NORTH", "reward": 72, "info": {}, "observation": {"remainingOverageTime": 12, "index": 3}, "status": "DONE"}]], "rewards": [79, 121, 122, 72], "statuses": ["DONE", "DONE", "DONE", "DONE"], "schema_version": 1, "info": {}}