{"id": "4ef62ed0-da82-11ee-b31f-0242ac130202", "name": "hungry_geese", "title": "Hungry Geese", "description": "Similar to the classic snake game with multiple players", "version": "1.0.0", "configuration": {"episodeSteps": 200, "actTimeout": 6, "runTimeout": 1200, "columns": 11, "rows": 7, "hunger_rate": 40, "min_food": 2}, "specification": {"action": {"description": "Direction to move the head of your players goose.", "type": "string", "enum": ["NORTH", "EAST", "SOUTH", "WEST"], "default": "NORTH"}, "agents": [2, 3, 4, 5, 6, 7, 8], "configuration": {"episodeSteps": {"description": "Maximum number of steps in the episode.", "type": "integer", "minimum": 1, "default": 200}, "actTimeout": {"description": "Maximum runtime (seconds) to obtain an action from an agent.", "type": "number", "minimum": 0, "default": 6}, "runTimeout": {"description": "Maximum runtime (seconds) of an episode (not necessarily DONE).", "type": "number", "minimum": 0, "default": 1200}, "columns": {"description": "Horizontal number of cells on the board.", "type": "integer", "default": 11, "minimum": 3}, "rows": {"description": "Vertical number of cells on the board.", "type": "integer", "default": 7, "minimum": 3}, "hunger_rate": {"description": "The number of steps before the goose shrinks a cell.", "type": "integer", "minimum": 1, "default": 40}, "min_food": {"description": "The minimum amount of food present for all steps.", "type": "integer", "default": 2, "minimum": 1}}, "info": {}, "observation": {"remainingOverageTime": {"description": "Total remaining banked time (seconds) that can be used in excess of per-step actTimeouts -- agent is disqualified with TIMEOUT status when this drops below 0.", "shared": false, "type": "number", "minimum": 0, "default": 12}, "step": {"description": "Current step within the episode.", "type": "integer", "shared": true, "minimum": 0, "default": 0}, "geese": {"description": "List of geese in order by the agent index.", "type": "array", "default": [], "shared": true}, "food": {"description": "Positions on the board where food is present.", "type": "array", "default": [], "shared": true}, "index": {"description": "Index of the current agent's goose in the list of geese.", "type": "integer", "minimum": 0, "defaults": [0, 1, 2, 3, 4, 5, 6, 7]}}, "reward": {"description": "The number of steps the goose has moved plus its length.", "type": ["number", "null"], "default": 0, "minimum": 0}}, "steps": [[{"action": "NORTH", "reward": 0, "info": {}, "observation": {"remainingOverageTime": 12, "step": 0, "geese": [[10], [30], [65], [66]], "food": [73, 19], "index": 0}, "status": "ACTIVE"}, {"action": "NORTH", "reward": 0, "info": {}, "observation": {"remainingOverageTime": 12, "index": 1}, "status": "ACTIVE"}, {"action": "NORTH", "reward": 0, "info": {}, "observation": {"remainingOverageTime": 12, "index": 2}, "status": "ACTIVE"}, {"action": "NORTH", "reward": 0, "info": {}, "observation": {"remainingOverageTime": 12, "index": 3}, "status": "ACTIVE"}], [{"action": "SOUTH", "reward": 2, "info": {}, "observation": {"remainingOverageTime": 12, "step": 1, "geese": [[21], [19, 30], [64], [67]], "food": [73, 58], "index": 0}, "status": "ACTIVE"}, {"action": "NORTH", "reward": 2, "info": {}, "observation": {"remainingOverageTime": 12, "index": 1}, "status": "ACTIVE"}, {"action": "WEST", "reward": 2, "info": {}, "observation": {"remainingOverageTime": 12, "index": 2}, "status": "ACTIVE"}, {"action": "EAST", "reward": 2, "info": {}, "observation": {"remainingOverageTime": 12, "index": 3}, "status": "ACTIVE"}], [{"action": "SOUTH", "reward": 3, "info": {}, "observation": {"remainingOverageTime": 12, "step": 2, "geese": [[32], [8, 19], [75], [56]], "food": [73, 58], "index": 0}, "status": "ACTIVE"}, {"action": "NORTH", "reward": 4, "info": {}, "observation": {"remainingOverageTime": 12, "index": 1}, "status": "ACTIVE"}, {"action": "SOUTH", "reward": 3, "info": {}, "observation": {"remainingOverageTime": 12, "index": 2}, "status": "ACTIVE"}, {"action": "NORTH", "reward": 3, "info": {}, "observation": {"remainingOverageTime": 12, "index": 3}, "status": "ACTIVE"}], [{"action": "WEST", "reward": 4, "info": {}, "observation": {"remainingOverageTime": 12, "step": 3, "geese": [[31], [7, 8], [76], [57]], "food": [73, 58], "index": 0}, "status": "ACTIVE"}, {"action": "WEST", "reward": 5, "info": {}, "observation": {"remainingOverageTime": 12, "index": 1}, "status": "ACTIVE"}, {"action": "EAST", "reward": 4, "info": {}, "observation": {"remainingOverageTime": 12, "index": 2}, "status": "ACTIVE"}, {"action": "EAST", "reward": 4, "info": {}, "observation": {"remainingOverageTime": 12, "index": 3}, "status": "ACTIVE"}], [{"action": "NORTH", "reward": 5, "info": {}, "observation": {"remainingOverageTime": 12, "step": 4, "geese": [[20], [73, 7, 8], [65], [58, 57]], "food": [18, 3], "index": 0}, "status": "ACTIVE"}, {"action": "NORTH", "reward": 6, "info": {}, "observation": {"remainingOverageTime": 12, "index": 1}, "status": "ACTIVE"}, {"action": "NORTH", "reward": 5, "info": {}, "observation": {"remainingOverageTime": 12, "index": 2}, "status": "ACTIVE"}, {"action": "EAST", "reward": 5, "info": {}, "observation": {"remainingOverageTime": 12, "index": 3}, "status": "ACTIVE"}], [{"action": "WEST", "reward": 6, "info": {}, "observation": {"remainingOverageTime": 12, "step": 5, "geese": [[19], [74, 73, 7], [64], [69, 58]], "food": [18, 3], "index": 0}, "status": "ACTIVE"}, {"action": "EAST", "reward": 8, "info": {}, "observation": {"remainingOverageTime": 12, "index": 1}, "status": "ACTIVE"}, {"action": "WEST", "reward": 6, "info": {}, "observation": {"remainingOverageTime": 12, "index": 2}, "status": "ACTIVE"}, {"action": "SOUTH", "reward": 7, "info": {}, "observation": {"remainingOverageTime": 12, "index": 3}, "status": "ACTIVE"}], [{"action": "WEST", "reward": 7, "info": {}, "observation": {"remainingOverageTime": 12, "step": 6, "geese": [[18, 19], [75, 74, 73], [53], [3, 69, 58]], "food": [32, 11], "index": 0}, "status": "ACTIVE"}, {"action": "EAST", "reward": 9, "info": {}, "observation": {"remainingOverageTime": 12, "index": 1}, "status": "ACTIVE"}, {"action": "NORTH", "reward": 7, "info": {}, "observation": {"remainingOverageTime": 12, "index": 2}, "status": "ACTIVE"}, {"action": "SOUTH", "reward": 8, "info": {}, "observation": {"remainingOverageTime": 12, "index": 3}, "status": "ACTIVE"}], [{"action": "SOUTH", "reward": 9, "info": {}, "observation": {"remainingOverageTime": 12, "step": 7, "geese": [[29, 18], [9, 75, 74], [54], [14, 3, 69]], "food": [32, 11], "index": 0}, "status": "ACTIVE"}, {"action": "SOUTH", "reward": 10, "info": {}, "observation": {"remainingOverageTime": 12, "index": 1}, "status": "ACTIVE"}, {"action": "EAST", "reward": 8, "info": {}, "observation": {"remainingOverageTime": 12, "index": 2}, "status": "ACTIVE"}, {"action": "SOUTH", "reward": 10, "info": {}, "observation": {"remainingOverageTime": 12, "index": 3}, "status": "ACTIVE"}], [{"action": "EAST", "reward": 10, "info": {}, "observation": {"remainingOverageTime": 12, "step": 8, "geese": [[30, 29], [10, 9, 75], [43], [13, 14, 3]], "food": [32, 11], "index": 0}, "status": "ACTIVE"}, {"action": "EAST", "reward": 11, "info": {}, "observation": {"remainingOverageTime": 12, "index": 1}, "status": "ACTIVE"}, {"action": "NORTH", "reward": 9, "info": {}, "observation": {"remainingOverageTime": 12, "index": 2}, "status": "ACTIVE"}, {"action": "WEST", "reward": 11, "info": {}, "observation": {"remainingOverageTime": 12, "index": 3}, "status": "ACTIVE"}], [{"action": "EAST", "reward": 11, "info": {}, "observation": {"remainingOverageTime": 12, "step": 9, "geese": [[31, 30], [21, 10, 9], [32, 43], [12, 13, 14]], "food": [11, 73], "index": 0}, "status": "ACTIVE"}, {"action": "SOUTH", "reward": 12, "info": {}, "observation": {"remainingOverageTime": 12, "index": 1}, "status": "ACTIVE"}, {"action": "NORTH", "reward": 10, "info": {}, "observation": {"remainingOverageTime": 12, "index": 2}, "status": "ACTIVE"}, {"action": "WEST", "reward": 12, "info": {}, "observation": {"remainingOverageTime": 12, "index": 3}, "status": "ACTIVE"}], [{"action": "SOUTH", "reward": 12, "info": {}, "observation": {"remainingOverageTime": 12, "step": 10, "geese": [[42, 31], [20, 21, 10], [22, 32], [23, 12, 13]], "food": [11, 73], "index": 0}, "status": "ACTIVE"}, {"action": "WEST", "reward": 13, "info": {}, "observation": {"remainingOverageTime": 12, "index": 1}, "status": "ACTIVE"}, {"action": "EAST", "reward": 12, "info": {}, "observation": {"remainingOverageTime": 12, "index": 2}, "status": "ACTIVE"}, {"action": "SOUTH", "reward": 13, "info": {}, "observation": {"remainingOverageTime": 12, "index": 3}, "status": "ACTIVE"}], [{"action": "WEST", "reward": 13, "info": {}, "observation": {"remainingOverageTime": 12, "step": 11, "geese": [[41, 42], [9, 20, 21], [11, 22, 32], [24, 23, 12]], "food": [73, 33], "index": 0}, "status": "ACTIVE"}, {"action": "NORTH", "reward": 14, "info": {}, "observation": {"remainingOverageTime": 12, "index": 1}, "status": "ACTIVE"}, {"action": "NORTH", "reward": 13, "info": {}, "observation": {"remainingOverageTime": 12, "index": 2}, "status": "ACTIVE"}, {"action": "EAST", "reward": 14, "info": {}, "observation": {"remainingOverageTime": 12, "index": 3}, "status": "ACTIVE"}], [{"action": "WEST", "reward": 14, "info": {}, "observation": {"remainingOverageTime": 12, "step": 12, "geese": [[40, 41], [75, 9, 20], [21, 11, 22], [35, 24, 23]], "food": [73, 33], "index": 0}, "status": "ACTIVE"}, {"action": "NORTH", "reward": 15, "info": {}, "observation": {"remainingOverageTime": 12, "index": 1}, "status": "ACTIVE"}, {"action": "WEST", "reward": 15, "info": {}, "observation": {"remainingOverageTime": 12, "index": 2}, "status": "ACTIVE"}, {"action": "SOUTH", "reward": 15, "info": {}, "observation": {"remainingOverageTime": 12, "index": 3}, "status": "ACTIVE"}], [{"action": "SOUTH", "reward": 15, "info": {}, "observation": {"remainingOverageTime": 12, "step": 13, "geese": [[51, 40], [74, 75, 9], [32, 21, 11], [34, 35, 24]], "food": [73, 33], "index": 0}, "status": "ACTIVE"}, {"action": "WEST", "reward": 16, "info": {}, "observation": {"remainingOverageTime": 12, "index": 1}, "status": "ACTIVE"}, {"action": "SOUTH", "reward": 16, "info": {}, "observation": {"remainingOverageTime": 12, "index": 2}, "status": "ACTIVE"}, {"action": "WEST", "reward": 16, "info": {}, "observation": {"remainingOverageTime": 12, "index": 3}, "status": "ACTIVE"}], [{"action": "SOUTH", "reward": 16, "info": {}, "observation": {"remainingOverageTime": 12, "step": 14, "geese": [[62, 51], [73, 74, 75, 9], [22, 32, 21], [33, 34, 35, 24]], "food": [12, 7], "index": 0}, "status": "ACTIVE"}, {"action": "WEST", "reward": 17, "info": {}, "observation": {"remainingOverageTime": 12, "index": 1}, "status": "ACTIVE"}, {"action": "EAST", "reward": 17, "info": {}, "observation": {"remainingOverageTime": 12, "index": 2}, "status": "ACTIVE"}, {"action": "WEST", "reward": 17, "info": {}, "observation": {"remainingOverageTime": 12, "index": 3}, "status": "ACTIVE"}], [{"action": "WEST", "reward": 17, "info": {}, "observation": {"remainingOverageTime": 12, "step": 15, "geese": [[61, 62], [7, 73, 74, 75, 9], [11, 22, 32], [44, 33, 34, 35]], "food": [12, 63], "index": 0}, "status": "ACTIVE"}, {"action": "SOUTH", "reward": 19, "info": {}, "observation": {"remainingOverageTime": 12, "index": 1}, "status": "ACTIVE"}, {"action": "NORTH", "reward": 18, "info": {}, "observation": {"remainingOverageTime": 12, "index": 2}, "status": "ACTIVE"}, {"action": "SOUTH", "reward": 19, "info": {}, "observation": {"remainingOverageTime": 12, "index": 3}, "status": "ACTIVE"}], [{"action": "NORTH", "reward": 18, "info": {}, "observation": {"remainingOverageTime": 12, "step": 16, "geese": [[50, 61], [8, 7, 73, 74, 75], [12, 11, 22, 32], [54, 44, 33, 34]], "food": [63, 26], "index": 0}, "status": "ACTIVE"}, {"action": "EAST", "reward": 21, "info": {}, "observation": {"remainingOverageTime": 12, "index": 1}, "status": "ACTIVE"}, {"action": "EAST", "reward": 19, "info": {}, "observation": {"remainingOverageTime": 12, "index": 2}, "status": "ACTIVE"}, {"action": "WEST", "reward": 20, "info": {}, "observation": {"remainingOverageTime": 12, "index": 3}, "status": "ACTIVE"}], [{"action": "EAST", "reward": 19, "info": {}, "observation": {"remainingOverageTime": 12, "step": 17, "geese": [[51, 50], [9, 8, 7, 73, 74], [13, 12, 11, 22], [65, 54, 44, 33]], "food": [63, 26], "index": 0}, "status": "ACTIVE"}, {"action": "EAST", "reward": 22, "info": {}, "observation": {"remainingOverageTime": 12, "index": 1}, "status": "ACTIVE"}, {"action": "EAST", "reward": 21, "info": {}, "observation": {"remainingOverageTime": 12, "index": 2}, "status": "ACTIVE"}, {"action": "SOUTH", "reward": 21, "info": {}, "observation": {"remainingOverageTime": 12, "index": 3}, "status": "ACTIVE"}], [{"action": "SOUTH", "reward": 20, "info": {}, "observation": {"remainingOverageTime": 12, "step": 18, "geese": [[62, 51], [75, 9, 8, 7, 73], [14, 13, 12, 11], [64, 65, 54, 44]], "food": [63, 26], "index": 0}, "status": "ACTIVE"}, {"action": "NORTH", "reward": 23, "info": {}, "observation": {"remainingOverageTime": 12, "index": 1}, "status": "ACTIVE"}, {"action": "EAST", "reward": 22, "info": {}, "observation": {"remainingOverageTime": 12, "index": 2}, "status": "ACTIVE"}, {"action": "WEST", "reward": 22, "info": {}, "observation": {"remainingOverageTime": 12, "index": 3}, "status": "ACTIVE"}], [{"action": "WEST", "reward": 21, "info": {}, "observation": {"remainingOverageTime": 12, "step": 19, "geese": [[61, 62], [74, 75, 9, 8, 7], [25, 14, 13, 12], [53, 64, 65, 54]], "food": [63, 26], "index": 0}, "status": "ACTIVE"}, {"action": "WEST", "reward": 24, "info": {}, "observation": {"remainingOverageTime": 12, "index": 1}, "status": "ACTIVE"}, {"action": "SOUTH", "reward": 23, "info": {}, "observation": {"remainingOverageTime": 12, "index": 2}, "status": "ACTIVE"}, {"action": "NORTH", "reward": 23, "info": {}, "observation": {"remainingOverageTime": 12, "index": 3}, "status": "ACTIVE"}], [{"action": "NORTH", "reward": 22, "info": {}, "observation": {"remainingOverageTime": 12, "step": 20, "geese": [[50, 61], [63, 74, 75, 9, 8, 7], [26, 25, 14, 13, 12], [52, 53, 64, 65]], "food": [39, 33], "index": 0}, "status": "ACTIVE"}, {"action": "NORTH", "reward": 25, "info": {}, "observation": {"remainingOverageTime": 12, "index": 1}, "status": "ACTIVE"}, {"action": "EAST", "reward": 24, "info": {}, "observation": {"remainingOverageTime": 12, "index": 2}, "status": "ACTIVE"}, {"action": "WEST", "reward": 24, "info": {}, "observation": {"remainingOverageTime": 12, "index": 3}, "status": "ACTIVE"}], [{"action": "NORTH", "reward": 23, "info": {}, "observation": {"remainingOverageTime": 12, "step": 21, "geese": [[39, 50, 61], [62, 63, 74, 75, 9, 8], [27, 26, 25, 14, 13], [41, 52, 53, 64]], "food": [33, 66], "index": 0}, "status": "ACTIVE"}, {"action": "WEST", "reward": 27, "info": {}, "observation": {"remainingOverageTime": 12, "index": 1}, "status": "ACTIVE"}, {"action": "EAST", "reward": 26, "info": {}, "observation": {"remainingOverageTime": 12, "index": 2}, "status": "ACTIVE"}, {"action": "NORTH", "reward": 25, "info": {}, "observation": {"remainingOverageTime": 12, "index": 3}, "status": "ACTIVE"}], [{"action": "EAST", "reward": 25, "info": {}, "observation": {"remainingOverageTime": 12, "step": 22, "geese": [[40, 39, 50], [61, 62, 63, 74, 75, 9], [16, 27, 26, 25, 14], [42, 41, 52, 53]], "food": [33, 66], "index": 0}, "status": "ACTIVE"}, {"action": "WEST", "reward": 28, "info": {}, "observation": {"remainingOverageTime": 12, "index": 1}, "status": "ACTIVE"}, {"action": "NORTH", "reward": 27, "info": {}, "observation": {"remainingOverageTime": 12, "index": 2}, "status": "ACTIVE"}, {"action": "EAST", "reward": 26, "info": {}, "observation": {"remainingOverageTime": 12, "index": 3}, "status": "ACTIVE"}], [{"action": "NORTH", "reward": 26, "info": {}, "observation": {"remainingOverageTime": 12, "step": 23, "geese": [[29, 40, 39], [60, 61, 62, 63, 74, 75], [5, 16, 27, 26, 25], [43, 42, 41, 52]], "food": [33, 66], "index": 0}, "status": "ACTIVE"}, {"action": "WEST", "reward": 29, "info": {}, "observation": {"remainingOverageTime": 12, "index": 1}, "status": "ACTIVE"}, {"action": "NORTH", "reward": 28, "info": {}, "observation": {"remainingOverageTime": 12, "index": 2}, "status": "ACTIVE"}, {"action": "EAST", "reward": 27, "info": {}, "observation": {"remainingOverageTime": 12, "index": 3}, "status": "ACTIVE"}], [{"action": "EAST", "reward": 27, "info": {}, "observation": {"remainingOverageTime": 12, "step": 24, "geese": [[30, 29, 40], [59, 60, 61, 62, 63, 74], [4, 5, 16, 27, 26], [33, 43, 42, 41, 52]], "food": [66, 66], "index": 0}, "status": "ACTIVE"}, {"action": "WEST", "reward": 30, "info": {}, "observation": {"remainingOverageTime": 12, "index": 1}, "status": "ACTIVE"}, {"action": "WEST", "reward": 29, "info": {}, "observation": {"remainingOverageTime": 12, "index": 2}, "status": "ACTIVE"}, {"action": "EAST", "reward": 28, "info": {}, "observation": {"remainingOverageTime": 12, "index": 3}, "status": "ACTIVE"}], [{"action": "NORTH", "reward": 28, "info": {}, "observation": {"remainingOverageTime": 12, "step": 25, "geese": [[19, 30, 29], [48, 59, 60, 61, 62, 63], [15, 4, 5, 16, 27], [44, 33, 43, 42, 41]], "food": [66, 66], "index": 0}, "status": "ACTIVE"}, {"action": "NORTH", "reward": 31, "info": {}, "observation": {"remainingOverageTime": 12, "index": 1}, "status": "ACTIVE"}, {"action": "SOUTH", "reward": 30, "info": {}, "observation": {"remainingOverageTime": 12, "index": 2}, "status": "ACTIVE"}, {"action": "SOUTH", "reward": 30, "info": {}, "observation": {"remainingOverageTime": 12, "index": 3}, "status": "ACTIVE"}], [{"action": "NORTH", "reward": 29, "info": {}, "observation": {"remainingOverageTime": 12, "step": 26, "geese": [[8, 19, 30], [47, 48, 59, 60, 61, 62], [14, 15, 4, 5, 16], [55, 44, 33, 43, 42]], "food": [66, 66], "index": 0}, "status": "ACTIVE"}, {"action": "WEST", "reward": 32, "info": {}, "observation": {"remainingOverageTime": 12, "index": 1}, "status": "ACTIVE"}, {"action": "WEST", "reward": 31, "info": {}, "observation": {"remainingOverageTime": 12, "index": 2}, "status": "ACTIVE"}, {"action": "SOUTH", "reward": 31, "info": {}, "observation": {"remainingOverageTime": 12, "index": 3}, "status": "ACTIVE"}], [{"action": "EAST", "reward": 30, "info": {}, "observation": {"remainingOverageTime": 12, "step": 27, "geese": [[9, 8, 19], [46, 47, 48, 59, 60, 61], [13, 14, 15, 4, 5], [66, 55, 44, 33, 43, 42]], "food": [66, 50], "index": 0}, "status": "ACTIVE"}, {"action": "WEST", "reward": 33, "info": {}, "observation": {"remainingOverageTime": 12, "index": 1}, "status": "ACTIVE"}, {"action": "WEST", "reward": 32, "info": {}, "observation": {"remainingOverageTime": 12, "index": 2}, "status": "ACTIVE"}, {"action": "SOUTH", "reward": 32, "info": {}, "observation": {"remainingOverageTime": 12, "index": 3}, "status": "ACTIVE"}], [{"action": "NORTH", "reward": 31, "info": {}, "observation": {"remainingOverageTime": 12, "step": 28, "geese": [[75, 9, 8], [35, 46, 47, 48, 59, 60], [24, 13, 14, 15, 4], [76, 66, 55, 44, 33, 43]], "food": [66, 50], "index": 0}, "status": "ACTIVE"}, {"action": "NORTH", "reward": 34, "info": {}, "observation": {"remainingOverageTime": 12, "index": 1}, "status": "ACTIVE"}, {"action": "SOUTH", "reward": 33, "info": {}, "observation": {"remainingOverageTime": 12, "index": 2}, "status": "ACTIVE"}, {"action": "WEST", "reward": 34, "info": {}, "observation": {"remainingOverageTime": 12, "index": 3}, "status": "ACTIVE"}], [{"action": "NORTH", "reward": 32, "info": {}, "observation": {"remainingOverageTime": 12, "step": 29, "geese": [[64, 75, 9], [36, 35, 46, 47, 48, 59], [25, 24, 13, 14, 15], [65, 76, 66, 55, 44, 33]], "food": [66, 50], "index": 0}, "status": "ACTIVE"}, {"action": "EAST", "reward": 35, "info": {}, "observation": {"remainingOverageTime": 12, "index": 1}, "status": "ACTIVE"}, {"action": "EAST", "reward": 34, "info": {}, "observation": {"remainingOverageTime": 12, "index": 2}, "status": "ACTIVE"}, {"action": "NORTH", "reward": 35, "info": {}, "observation": {"remainingOverageTime": 12, "index": 3}, "status": "ACTIVE"}], [{"action": "NORTH", "reward": 33, "info": {}, "observation": {"remainingOverageTime": 12, "step": 30, "geese": [[53, 64, 75], [37, 36, 35, 46, 47, 48], [26, 25, 24, 13, 14], [54, 65, 76, 66, 55, 44]], "food": [66, 50], "index": 0}, "status": "ACTIVE"}, {"action": "EAST", "reward": 36, "info": {}, "observation": {"remainingOverageTime": 12, "index": 1}, "status": "ACTIVE"}, {"action": "EAST", "reward": 35, "info": {}, "observation": {"remainingOverageTime": 12, "index": 2}, "status": "ACTIVE"}, {"action": "NORTH", "reward": 36, "info": {}, "observation": {"remainingOverageTime": 12, "index": 3}, "status": "ACTIVE"}], [{"action": "WEST", "reward": 34, "info": {}, "observation": {"remainingOverageTime": 12, "step": 31, "geese": [[52, 53, 64], [48, 37, 36, 35, 46, 47], [27, 26, 25, 24, 13], [43, 54, 65, 76, 66, 55]], "food": [66, 50], "index": 0}, "status": "ACTIVE"}, {"action": "SOUTH", "reward": 37, "info": {}, "observation": {"remainingOverageTime": 12, "index": 1}, "status": "ACTIVE"}, {"action": "EAST", "reward": 36, "info": {}, "observation": {"remainingOverageTime": 12, "index": 2}, "status": "ACTIVE"}, {"action": "NORTH", "reward": 37, "info": {}, "observation": {"remainingOverageTime": 12, "index": 3}, "status": "ACTIVE"}], [{"action": "WEST", "reward": 35, "info": {}, "observation": {"remainingOverageTime": 12, "step": 32, "geese": [[51, 52, 53], [49, 48, 37, 36, 35, 46], [28, 27, 26, 25, 24], [42, 43, 54, 65, 76, 66]], "food": [66, 50], "index": 0}, "status": "ACTIVE"}, {"action": "EAST", "reward": 38, "info": {}, "observation": {"remainingOverageTime": 12, "index": 1}, "status": "ACTIVE"}, {"action": "EAST", "reward": 37, "info": {}, "observation": {"remainingOverageTime": 12, "index": 2}, "status": "ACTIVE"}, {"action": "WEST", "reward": 38, "info": {}, "observation": {"remainingOverageTime": 12, "index": 3}, "status": "ACTIVE"}], [{"action": "NORTH", "reward": 36, "info": {}, "observation": {"remainingOverageTime": 12, "step": 33, "geese": [[40, 51, 52], [38, 49, 48, 37, 36, 35], [39, 28, 27, 26, 25], [41, 42, 43, 54, 65, 76]], "food": [66, 50], "index": 0}, "status": "ACTIVE"}, {"action": "NORTH", "reward": 39, "info": {}, "observation": {"remainingOverageTime": 12, "index": 1}, "status": "ACTIVE"}, {"action": "SOUTH", "reward": 38, "info": {}, "observation": {"remainingOverageTime": 12, "index": 2}, "status": "ACTIVE"}, {"action": "WEST", "reward": 39, "info": {}, "observation": {"remainingOverageTime": 12, "index": 3}, "status": "ACTIVE"}], [{"action": "NORTH", "reward": 37, "info": {}, "observation": {"remainingOverageTime": 12, "step": 34, "geese": [[29, 40, 51], [], [50, 39, 28, 27, 26, 25], [52, 41, 42, 43, 54, 65]], "food": [66, 19], "index": 0}, "status": "ACTIVE"}, {"action": "WEST", "reward": 40, "info": {}, "observation": {"remainingOverageTime": 12, "index": 1}, "status": "DONE"}, {"action": "SOUTH", "reward": 39, "info": {}, "observation": {"remainingOverageTime": 12, "index": 2}, "status": "ACTIVE"}, {"action": "SOUTH", "reward": 40, "info": {}, "observation": {"remainingOverageTime": 12, "index": 3}, "status": "ACTIVE"}], [{"action": "EAST", "reward": 38, "info": {}, "observation": {"remainingOverageTime": 12, "step": 35, "geese": [[30, 29, 40], [], [61, 50, 39, 28, 27, 26], [63, 52, 41, 42, 43, 54]], "food": [66, 19], "index": 0}, "status": "ACTIVE"}, {"action": "NORTH", "reward": 40, "info": {}, "observation": {"remainingOverageTime": 12, "index": 1}, "status": "DONE"}, {"action": "SOUTH", "reward": 41, "info": {}, "observation": {"remainingOverageTime": 12, "index": 2}, "status": "ACTIVE"}, {"action": "SOUTH", "reward": 41, "info": {}, "observation": {"remainingOverageTime": 12, "index": 3}, "status": "ACTIVE"}], [{"action": "NORTH", "reward": 39, "info": {}, "observation": {"remainingOverageTime": 12, "step": 36, "geese": [[19, 30, 29, 40], [], [60, 61, 50, 39, 28, 27], [74, 63, 52, 41, 42, 43]], "food": [66, 20], "index": 0}, "status": "ACTIVE"}, {"action": "NORTH", "reward": 40, "info": {}, "observation": {"remainingOverageTime": 12, "index": 1}, "status": "DONE"}, {"action": "WEST", "reward": 42, "info": {}, "observation": {"remainingOverageTime": 12, "index": 2}, "status": "ACTIVE"}, {"action": "SOUTH", "reward": 42, "info": {}, "observation": {"remainingOverageTime": 12, "index": 3}, "status": "ACTIVE"}], [{"action": "EAST", "reward": 41, "info": {}, "observation": {"remainingOverageTime": 12, "step": 37, "geese": [[20, 19, 30, 29, 40], [], [59, 60, 61, 50, 39, 28], [75, 74, 63, 52, 41, 42]], "food": [66, 18], "index": 0}, "status": "ACTIVE"}, {"action": "NORTH", "reward": 40, "info": {}, "observation": {"remainingOverageTime": 12, "index": 1}, "status": "DONE"}, {"action": "WEST", "reward": 43, "info": {}, "observation": {"remainingOverageTime": 12, "index": 2}, "status": "ACTIVE"}, {"action": "EAST", "reward": 43, "info": {}, "observation": {"remainingOverageTime": 12, "index": 3}, "status": "ACTIVE"}], [{"action": "EAST", "reward": 43, "info": {}, "observation": {"remainingOverageTime": 12, "step": 38, "geese": [[21, 20, 19, 30, 29], [], [70, 59, 60, 61, 50, 39], [76, 75, 74, 63, 52, 41]], "food": [66, 18], "index": 0}, "status": "ACTIVE"}, {"action": "NORTH", "reward": 40, "info": {}, "observation": {"remainingOverageTime": 12, "index": 1}, "status": "DONE"}, {"action": "SOUTH", "reward": 44, "info": {}, "observation": {"remainingOverageTime": 12, "index": 2}, "status": "ACTIVE"}, {"action": "EAST", "reward": 44, "info": {}, "observation": {"remainingOverageTime": 12, "index": 3}, "status": "ACTIVE"}], [{"action": "EAST", "reward": 44, "info": {}, "observation": {"remainingOverageTime": 12, "step": 39, "geese": [[11, 21, 20, 19, 30], [], [69, 70, 59, 60, 61, 50], [66, 76, 75, 74, 63, 52, 41]], "food": [18, 43], "index": 0}, "status": "ACTIVE"}, {"action": "NORTH", "reward": 40, "info": {}, "observation": {"remainingOverageTime": 12, "index": 1}, "status": "DONE"}, {"action": "WEST", "reward": 45, "info": {}, "observation": {"remainingOverageTime": 12, "index": 2}, "status": "ACTIVE"}, {"action": "EAST", "reward": 45, "info": {}, "observation": {"remainingOverageTime": 12, "index": 3}, "status": "ACTIVE"}], [{"action": "SOUTH", "reward": 45, "info": {}, "observation": {"remainingOverageTime": 12, "step": 40, "geese": [[22, 11, 21, 20], [], [3, 69, 70, 59, 60], [55, 66, 76, 75, 74, 63]], "food": [18, 43], "index": 0}, "status": "ACTIVE"}, {"action": "NORTH", "reward": 40, "info": {}, "observation": {"remainingOverageTime": 12, "index": 1}, "status": "DONE"}, {"action": "SOUTH", "reward": 46, "info": {}, "observation": {"remainingOverageTime": 12, "index": 2}, "status": "ACTIVE"}, {"action": "NORTH", "reward": 47, "info": {}, "observation": {"remainingOverageTime": 12, "index": 3}, "status": "ACTIVE"}], [{"action": "SOUTH", "reward": 45, "info": {}, "observation": {"remainingOverageTime": 12, "step": 41, "geese": [[33, 22, 11, 21], [], [14, 3, 69, 70, 59], [65, 55, 66, 76, 75, 74]], "food": [18, 43], "index": 0}, "status": "ACTIVE"}, {"action": "NORTH", "reward": 40, "info": {}, "observation": {"remainingOverageTime": 12, "index": 1}, "status": "DONE"}, {"action": "SOUTH", "reward": 46, "info": {}, "observation": {"remainingOverageTime": 12, "index": 2}, "status": "ACTIVE"}, {"action": "WEST", "reward": 47, "info": {}, "observation": {"remainingOverageTime": 12, "index": 3}, "status": "ACTIVE"}], [{"action": "WEST", "reward": 46, "info": {}, "observation": {"remainingOverageTime": 12, "step": 42, "geese": [[43, 33, 22, 11, 21], [], [15, 14, 3, 69, 70], [54, 65, 55, 66, 76, 75]], "food": [18, 62], "index": 0}, "status": "ACTIVE"}, {"action": "NORTH", "reward": 40, "info": {}, "observation": {"remainingOverageTime": 12, "index": 1}, "status": "DONE"}, {"action": "EAST", "reward": 47, "info": {}, "observation": {"remainingOverageTime": 12, "index": 2}, "status": "ACTIVE"}, {"action": "NORTH", "reward": 48, "info": {}, "observation": {"remainingOverageTime": 12, "index": 3}, "status": "ACTIVE"}], [{"action": "WEST", "reward": 48, "info": {}, "observation": {"remainingOverageTime": 12, "step": 43, "geese": [[42, 43, 33, 22, 11], [], [16, 15, 14, 3, 69], [53, 54, 65, 55, 66, 76]], "food": [18, 62], "index": 0}, "status": "ACTIVE"}, {"action": "NORTH", "reward": 40, "info": {}, "observation": {"remainingOverageTime": 12, "index": 1}, "status": "DONE"}, {"action": "EAST", "reward": 48, "info": {}, "observation": {"remainingOverageTime": 12, "index": 2}, "status": "ACTIVE"}, {"action": "WEST", "reward": 49, "info": {}, "observation": {"remainingOverageTime": 12, "index": 3}, "status": "ACTIVE"}], [{"action": "WEST", "reward": 49, "info": {}, "observation": {"remainingOverageTime": 12, "step": 44, "geese": [[41, 42, 43, 33, 22], [], [17, 16, 15, 14, 3], [64, 53, 54, 65, 55, 66]], "food": [18, 62], "index": 0}, "status": "ACTIVE"}, {"action": "NORTH", "reward": 40, "info": {}, "observation": {"remainingOverageTime": 12, "index": 1}, "status": "DONE"}, {"action": "EAST", "reward": 49, "info": {}, "observation": {"remainingOverageTime": 12, "index": 2}, "status": "ACTIVE"}, {"action": "SOUTH", "reward": 50, "info": {}, "observation": {"remainingOverageTime": 12, "index": 3}, "status": "ACTIVE"}], [{"action": "WEST", "reward": 50, "info": {}, "observation": {"remainingOverageTime": 12, "step": 45, "geese": [[40, 41, 42, 43, 33], [], [18, 17, 16, 15, 14, 3], [63, 64, 53, 54, 65, 55]], "food": [62, 39], "index": 0}, "status": "ACTIVE"}, {"action": "NORTH", "reward": 40, "info": {}, "observation": {"remainingOverageTime": 12, "index": 1}, "status": "DONE"}, {"action": "EAST", "reward": 50, "info": {}, "observation": {"remainingOverageTime": 12, "index": 2}, "status": "ACTIVE"}, {"action": "WEST", "reward": 51, "info": {}, "observation": {"remainingOverageTime": 12, "index": 3}, "status": "ACTIVE"}], [{"action": "WEST", "reward": 51, "info": {}, "observation": {"remainingOverageTime": 12, "step": 46, "geese": [[39, 40, 41, 42, 43, 33], [], [7, 18, 17, 16, 15, 14], [62, 63, 64, 53, 54, 65, 55]], "food": [0, 61], "index": 0}, "status": "ACTIVE"}, {"action": "NORTH", "reward": 40, "info": {}, "observation": {"remainingOverageTime": 12, "index": 1}, "status": "DONE"}, {"action": "NORTH", "reward": 52, "info": {}, "observation": {"remainingOverageTime": 12, "index": 2}, "status": "ACTIVE"}, {"action": "WEST", "reward": 52, "info": {}, "observation": {"remainingOverageTime": 12, "index": 3}, "status": "ACTIVE"}], [{"action": "SOUTH", "reward": 53, "info": {}, "observation": {"remainingOverageTime": 12, "step": 47, "geese": [[50, 39, 40, 41, 42, 43], [], [6, 7, 18, 17, 16, 15], [61, 62, 63, 64, 53, 54, 65, 55]], "food": [0, 57], "index": 0}, "status": "ACTIVE"}, {"action": "NORTH", "reward": 40, "info": {}, "observation": {"remainingOverageTime": 12, "index": 1}, "status": "DONE"}, {"action": "WEST", "reward": 53, "info": {}, "observation": {"remainingOverageTime": 12, "index": 2}, "status": "ACTIVE"}, {"action": "WEST", "reward": 54, "info": {}, "observation": {"remainingOverageTime": 12, "index": 3}, "status": "ACTIVE"}], [{"action": "WEST", "reward": 54, "info": {}, "observation": {"remainingOverageTime": 12, "step": 48, "geese": [[49, 50, 39, 40, 41, 42], [], [5, 6, 7, 18, 17, 16], [60, 61, 62, 63, 64, 53, 54, 65]], "food": [0, 57], "index": 0}, "status": "ACTIVE"}, {"action": "NORTH", "reward": 40, "info": {}, "observation": {"remainingOverageTime": 12, "index": 1}, "status": "DONE"}, {"action": "WEST", "reward": 54, "info": {}, "observation": {"remainingOverageTime": 12, "index": 2}, "status": "ACTIVE"}, {"action": "WEST", "reward": 56, "info": {}, "observation": {"remainingOverageTime": 12, "index": 3}, "status": "ACTIVE"}], [{"action": "WEST", "reward": 55, "info": {}, "observation": {"remainingOverageTime": 12, "step": 49, "geese": [[48, 49, 50, 39, 40, 41], [], [16, 5, 6, 7, 18, 17], [59, 60, 61, 62, 63, 64, 53, 54]], "food": [0, 57], "index": 0}, "status": "ACTIVE"}, {"action": "NORTH", "reward": 40, "info": {}, "observation": {"remainingOverageTime": 12, "index": 1}, "status": "DONE"}, {"action": "SOUTH", "reward": 55, "info": {}, "observation": {"remainingOverageTime": 12, "index": 2}, "status": "ACTIVE"}, {"action": "WEST", "reward": 57, "info": {}, "observation": {"remainingOverageTime": 12, "index": 3}, "status": "ACTIVE"}], [{"action": "WEST", "reward": 56, "info": {}, "observation": {"remainingOverageTime": 12, "step": 50, "geese": [[47, 48, 49, 50, 39, 40], [], [15, 16, 5, 6, 7, 18], [58, 59, 60, 61, 62, 63, 64, 53]], "food": [0, 57], "index": 0}, "status": "ACTIVE"}, {"action": "NORTH", "reward": 40, "info": {}, "observation": {"remainingOverageTime": 12, "index": 1}, "status": "DONE"}, {"action": "WEST", "reward": 56, "info": {}, "observation": {"remainingOverageTime": 12, "index": 2}, "status": "ACTIVE"}, {"action": "WEST", "reward": 58, "info": {}, "observation": {"remainingOverageTime": 12, "index": 3}, "status": "ACTIVE"}], [{"action": "WEST", "reward": 57, "info": {}, "observation": {"remainingOverageTime": 12, "step": 51, "geese": [[46, 47, 48, 49, 50, 39], [], [14, 15, 16, 5, 6, 7], [57, 58, 59, 60, 61, 62, 63, 64, 53]], "food": [0, 68], "index": 0}, "status": "ACTIVE"}, {"action": "NORTH", "reward": 40, "info": {}, "observation": {"remainingOverageTime": 12, "index": 1}, "status": "DONE"}, {"action": "WEST", "reward": 57, "info": {}, "observation": {"remainingOverageTime": 12, "index": 2}, "status": "ACTIVE"}, {"action": "WEST", "reward": 59, "info": {}, "observation": {"remainingOverageTime": 12, "index": 3}, "status": "ACTIVE"}], [{"action": "WEST", "reward": 58, "info": {}, "observation": {"remainingOverageTime": 12, "step": 52, "geese": [[45, 46, 47, 48, 49, 50], [], [13, 14, 15, 16, 5, 6], [68, 57, 58, 59, 60, 61, 62, 63, 64, 53]], "food": [0, 32], "index": 0}, "status": "ACTIVE"}, {"action": "NORTH", "reward": 40, "info": {}, "observation": {"remainingOverageTime": 12, "index": 1}, "status": "DONE"}, {"action": "WEST", "reward": 58, "info": {}, "observation": {"remainingOverageTime": 12, "index": 2}, "status": "ACTIVE"}, {"action": "SOUTH", "reward": 61, "info": {}, "observation": {"remainingOverageTime": 12, "index": 3}, "status": "ACTIVE"}], [{"action": "SOUTH", "reward": 59, "info": {}, "observation": {"remainingOverageTime": 12, "step": 53, "geese": [[56, 45, 46, 47, 48, 49], [], [12, 13, 14, 15, 16, 5], [67, 68, 57, 58, 59, 60, 61, 62, 63, 64]], "food": [0, 32], "index": 0}, "status": "ACTIVE"}, {"action": "NORTH", "reward": 40, "info": {}, "observation": {"remainingOverageTime": 12, "index": 1}, "status": "DONE"}, {"action": "WEST", "reward": 59, "info": {}, "observation": {"remainingOverageTime": 12, "index": 2}, "status": "ACTIVE"}, {"action": "WEST", "reward": 63, "info": {}, "observation": {"remainingOverageTime": 12, "index": 3}, "status": "ACTIVE"}], [{"action": "WEST", "reward": 60, "info": {}, "observation": {"remainingOverageTime": 12, "step": 54, "geese": [[55, 56, 45, 46, 47, 48], [], [23, 12, 13, 14, 15, 16], [66, 67, 68, 57, 58, 59, 60, 61, 62, 63]], "food": [0, 32], "index": 0}, "status": "ACTIVE"}, {"action": "NORTH", "reward": 40, "info": {}, "observation": {"remainingOverageTime": 12, "index": 1}, "status": "DONE"}, {"action": "SOUTH", "reward": 60, "info": {}, "observation": {"remainingOverageTime": 12, "index": 2}, "status": "ACTIVE"}, {"action": "WEST", "reward": 64, "info": {}, "observation": {"remainingOverageTime": 12, "index": 3}, "status": "ACTIVE"}], [{"action": "WEST", "reward": 61, "info": {}, "observation": {"remainingOverageTime": 12, "step": 55, "geese": [[65, 55, 56, 45, 46, 47], [], [22, 23, 12, 13, 14, 15], [0, 66, 67, 68, 57, 58, 59, 60, 61, 62, 63]], "food": [32, 50], "index": 0}, "status": "ACTIVE"}, {"action": "NORTH", "reward": 40, "info": {}, "observation": {"remainingOverageTime": 12, "index": 1}, "status": "DONE"}, {"action": "WEST", "reward": 61, "info": {}, "observation": {"remainingOverageTime": 12, "index": 2}, "status": "ACTIVE"}, {"action": "SOUTH", "reward": 65, "info": {}, "observation": {"remainingOverageTime": 12, "index": 3}, "status": "ACTIVE"}], [{"action": "NORTH", "reward": 62, "info": {}, "observation": {"remainingOverageTime": 12, "step": 56, "geese": [[54, 65, 55, 56, 45, 46], [], [32, 22, 23, 12, 13, 14, 15], [1, 0, 66, 67, 68, 57, 58, 59, 60, 61, 62]], "food": [50, 17], "index": 0}, "status": "ACTIVE"}, {"action": "NORTH", "reward": 40, "info": {}, "observation": {"remainingOverageTime": 12, "index": 1}, "status": "DONE"}, {"action": "WEST", "reward": 62, "info": {}, "observation": {"remainingOverageTime": 12, "index": 2}, "status": "ACTIVE"}, {"action": "EAST", "reward": 67, "info": {}, "observation": {"remainingOverageTime": 12, "index": 3}, "status": "ACTIVE"}], [{"action": "WEST", "reward": 63, "info": {}, "observation": {"remainingOverageTime": 12, "step": 57, "geese": [[53, 54, 65, 55, 56, 45], [], [21, 32, 22, 23, 12, 13, 14], [2, 1, 0, 66, 67, 68, 57, 58, 59, 60, 61]], "food": [50, 17], "index": 0}, "status": "ACTIVE"}, {"action": "NORTH", "reward": 40, "info": {}, "observation": {"remainingOverageTime": 12, "index": 1}, "status": "DONE"}, {"action": "NORTH", "reward": 64, "info": {}, "observation": {"remainingOverageTime": 12, "index": 2}, "status": "ACTIVE"}, {"action": "EAST", "reward": 68, "info": {}, "observation": {"remainingOverageTime": 12, "index": 3}, "status": "ACTIVE"}], [{"action": "WEST", "reward": 64, "info": {}, "observation": {"remainingOverageTime": 12, "step": 58, "geese": [[52, 53, 54, 65, 55, 56], [], [20, 21, 32, 22, 23, 12, 13], [3, 2, 1, 0, 66, 67, 68, 57, 58, 59, 60]], "food": [50, 17], "index": 0}, "status": "ACTIVE"}, {"action": "NORTH", "reward": 40, "info": {}, "observation": {"remainingOverageTime": 12, "index": 1}, "status": "DONE"}, {"action": "WEST", "reward": 65, "info": {}, "observation": {"remainingOverageTime": 12, "index": 2}, "status": "ACTIVE"}, {"action": "EAST", "reward": 69, "info": {}, "observation": {"remainingOverageTime": 12, "index": 3}, "status": "ACTIVE"}], [{"action": "WEST", "reward": 65, "info": {}, "observation": {"remainingOverageTime": 12, "step": 59, "geese": [[51, 52, 53, 54, 65, 55], [], [19, 20, 21, 32, 22, 23, 12], [14, 3, 2, 1, 0, 66, 67, 68, 57, 58, 59]], "food": [50, 17], "index": 0}, "status": "ACTIVE"}, {"action": "NORTH", "reward": 40, "info": {}, "observation": {"remainingOverageTime": 12, "index": 1}, "status": "DONE"}, {"action": "WEST", "reward": 66, "info": {}, "observation": {"remainingOverageTime": 12, "index": 2}, "status": "ACTIVE"}, {"action": "SOUTH", "reward": 70, "info": {}, "observation": {"remainingOverageTime": 12, "index": 3}, "status": "ACTIVE"}], [{"action": "WEST", "reward": 66, "info": {}, "observation": {"remainingOverageTime": 12, "step": 60, "geese": [[50, 51, 52, 53, 54, 65, 55], [], [18, 19, 20, 21, 32, 22, 23], [15, 14, 3, 2, 1, 0, 66, 67, 68, 57, 58]], "food": [17, 45], "index": 0}, "status": "ACTIVE"}, {"action": "NORTH", "reward": 40, "info": {}, "observation": {"remainingOverageTime": 12, "index": 1}, "status": "DONE"}, {"action": "WEST", "reward": 67, "info": {}, "observation": {"remainingOverageTime": 12, "index": 2}, "status": "ACTIVE"}, {"action": "EAST", "reward": 71, "info": {}, "observation": {"remainingOverageTime": 12, "index": 3}, "status": "ACTIVE"}], [{"action": "NORTH", "reward": 68, "info": {}, "observation": {"remainingOverageTime": 12, "step": 61, "geese": [[39, 50, 51, 52, 53, 54, 65], [], [17, 18, 19, 20, 21, 32, 22, 23], [16, 15, 14, 3, 2, 1, 0, 66, 67, 68, 57]], "food": [45, 69], "index": 0}, "status": "ACTIVE"}, {"action": "NORTH", "reward": 40, "info": {}, "observation": {"remainingOverageTime": 12, "index": 1}, "status": "DONE"}, {"action": "WEST", "reward": 68, "info": {}, "observation": {"remainingOverageTime": 12, "index": 2}, "status": "ACTIVE"}, {"action": "EAST", "reward": 72, "info": {}, "observation": {"remainingOverageTime": 12, "index": 3}, "status": "ACTIVE"}], [{"action": "WEST", "reward": 69, "info": {}, "observation": {"remainingOverageTime": 12, "step": 62, "geese": [[38, 39, 50, 51, 52, 53, 54], [], [6, 17, 18, 19, 20, 21, 32, 22], [5, 16, 15, 14, 3, 2, 1, 0, 66, 67, 68]], "food": [45, 69], "index": 0}, "status": "ACTIVE"}, {"action": "NORTH", "reward": 40, "info": {}, "observation": {"remainingOverageTime": 12, "index": 1}, "status": "DONE"}, {"action": "NORTH", "reward": 70, "info": {}, "observation": {"remainingOverageTime": 12, "index": 2}, "status": "ACTIVE"}, {"action": "NORTH", "reward": 73, "info": {}, "observation": {"remainingOverageTime": 12, "index": 3}, "status": "ACTIVE"}], [{"action": "SOUTH", "reward": 70, "info": {}, "observation": {"remainingOverageTime": 12, "step": 63, "geese": [[49, 38, 39, 50, 51, 52, 53], [], [72, 6, 17, 18, 19, 20, 21, 32], [71, 5, 16, 15, 14, 3, 2, 1, 0, 66, 67]], "food": [45, 69], "index": 0}, "status": "ACTIVE"}, {"action": "NORTH", "reward": 40, "info": {}, "observation": {"remainingOverageTime": 12, "index": 1}, "status": "DONE"}, {"action": "NORTH", "reward": 71, "info": {}, "observation": {"remainingOverageTime": 12, "index": 2}, "status": "ACTIVE"}, {"action": "NORTH", "reward": 74, "info": {}, "observation": {"remainingOverageTime": 12, "index": 3}, "status": "ACTIVE"}], [{"action": "WEST", "reward": 71, "info": {}, "observation": {"remainingOverageTime": 12, "step": 64, "geese": [[48, 49, 38, 39, 50, 51, 52], [], [61, 72, 6, 17, 18, 19, 20, 21], [70, 71, 5, 16, 15, 14, 3, 2, 1, 0, 66]], "food": [45, 69], "index": 0}, "status": "ACTIVE"}, {"action": "NORTH", "reward": 40, "info": {}, "observation": {"remainingOverageTime": 12, "index": 1}, "status": "DONE"}, {"action": "NORTH", "reward": 72, "info": {}, "observation": {"remainingOverageTime": 12, "index": 2}, "status": "ACTIVE"}, {"action": "WEST", "reward": 75, "info": {}, "observation": {"remainingOverageTime": 12, "index": 3}, "status": "ACTIVE"}], [{"action": "WEST", "reward": 72, "info": {}, "observation": {"remainingOverageTime": 12, "step": 65, "geese": [[47, 48, 49, 38, 39, 50, 51], [], [60, 61, 72, 6, 17, 18, 19, 20], [69, 70, 71, 5, 16, 15, 14, 3, 2, 1, 0, 66]], "food": [45, 21], "index": 0}, "status": "ACTIVE"}, {"action": "NORTH", "reward": 40, "info": {}, "observation": {"remainingOverageTime": 12, "index": 1}, "status": "DONE"}, {"action": "WEST", "reward": 73, "info": {}, "observation": {"remainingOverageTime": 12, "index": 2}, "status": "ACTIVE"}, {"action": "WEST", "reward": 76, "info": {}, "observation": {"remainingOverageTime": 12, "index": 3}, "status": "ACTIVE"}], [{"action": "WEST", "reward": 73, "info": {}, "observation": {"remainingOverageTime": 12, "step": 66, "geese": [[46, 47, 48, 49, 38, 39, 50], [], [59, 60, 61, 72, 6, 17, 18, 19], [68, 69, 70, 71, 5, 16, 15, 14, 3, 2, 1, 0]], "food": [45, 21], "index": 0}, "status": "ACTIVE"}, {"action": "NORTH", "reward": 40, "info": {}, "observation": {"remainingOverageTime": 12, "index": 1}, "status": "DONE"}, {"action": "WEST", "reward": 74, "info": {}, "observation": {"remainingOverageTime": 12, "index": 2}, "status": "ACTIVE"}, {"action": "WEST", "reward": 78, "info": {}, "observation": {"remainingOverageTime": 12, "index": 3}, "status": "ACTIVE"}], [{"action": "WEST", "reward": 74, "info": {}, "observation": {"remainingOverageTime": 12, "step": 67, "geese": [[45, 46, 47, 48, 49, 38, 39, 50], [], [58, 59, 60, 61, 72, 6, 17, 18], [67, 68, 69, 70, 71, 5, 16, 15, 14, 3, 2, 1]], "food": [21, 37], "index": 0}, "status": "ACTIVE"}, {"action": "NORTH", "reward": 40, "info": {}, "observation": {"remainingOverageTime": 12, "index": 1}, "status": "DONE"}, {"action": "WEST", "reward": 75, "info": {}, "observation": {"remainingOverageTime": 12, "index": 2}, "status": "ACTIVE"}, {"action": "WEST", "reward": 79, "info": {}, "observation": {"remainingOverageTime": 12, "index": 3}, "status": "ACTIVE"}], [{"action": "NORTH", "reward": 76, "info": {}, "observation": {"remainingOverageTime": 12, "step": 68, "geese": [[34, 45, 46, 47, 48, 49, 38, 39], [], [57, 58, 59, 60, 61, 72, 6, 17], [1, 67, 68, 69, 70, 71, 5, 16, 15, 14, 3, 2]], "food": [21, 37], "index": 0}, "status": "ACTIVE"}, {"action": "NORTH", "reward": 40, "info": {}, "observation": {"remainingOverageTime": 12, "index": 1}, "status": "DONE"}, {"action": "WEST", "reward": 76, "info": {}, "observation": {"remainingOverageTime": 12, "index": 2}, "status": "ACTIVE"}, {"action": "SOUTH", "reward": 80, "info": {}, "observation": {"remainingOverageTime": 12, "index": 3}, "status": "ACTIVE"}], [{"action": "EAST", "reward": 77, "info": {}, "observation": {"remainingOverageTime": 12, "step": 69, "geese": [[35, 34, 45, 46, 47, 48, 49, 38], [], [56, 57, 58, 59, 60, 61, 72, 6], [0, 1, 67, 68, 69, 70, 71, 5, 16, 15, 14, 3]], "food": [21, 37], "index": 0}, "status": "ACTIVE"}, {"action": "NORTH", "reward": 40, "info": {}, "observation": {"remainingOverageTime": 12, "index": 1}, "status": "DONE"}, {"action": "WEST", "reward": 77, "info": {}, "observation": {"remainingOverageTime": 12, "index": 2}, "status": "ACTIVE"}, {"action": "WEST", "reward": 81, "info": {}, "observation": {"remainingOverageTime": 12, "index": 3}, "status": "ACTIVE"}], [{"action": "EAST", "reward": 78, "info": {}, "observation": {"remainingOverageTime": 12, "step": 70, "geese": [[36, 35, 34, 45, 46, 47, 48, 49], [], [55, 56, 57, 58, 59, 60, 61, 72], [11, 0, 1, 67, 68, 69, 70, 71, 5, 16, 15, 14]], "food": [21, 37], "index": 0}, "status": "ACTIVE"}, {"action": "NORTH", "reward": 40, "info": {}, "observation": {"remainingOverageTime": 12, "index": 1}, "status": "DONE"}, {"action": "WEST", "reward": 78, "info": {}, "observation": {"remainingOverageTime": 12, "index": 2}, "status": "ACTIVE"}, {"action": "SOUTH", "reward": 82, "info": {}, "observation": {"remainingOverageTime": 12, "index": 3}, "status": "ACTIVE"}], [{"action": "EAST", "reward": 79, "info": {}, "observation": {"remainingOverageTime": 12, "step": 71, "geese": [[37, 36, 35, 34, 45, 46, 47, 48, 49], [], [65, 55, 56, 57, 58, 59, 60, 61], [21, 11, 0, 1, 67, 68, 69, 70, 71, 5, 16, 15, 14]], "food": [43, 13], "index": 0}, "status": "ACTIVE"}, {"action": "NORTH", "reward": 40, "info": {}, "observation": {"remainingOverageTime": 12, "index": 1}, "status": "DONE"}, {"action": "WEST", "reward": 79, "info": {}, "observation": {"remainingOverageTime": 12, "index": 2}, "status": "ACTIVE"}, {"action": "WEST", "reward": 83, "info": {}, "observation": {"remainingOverageTime": 12, "index": 3}, "status": "ACTIVE"}], [{"action": "NORTH", "reward": 81, "info": {}, "observation": {"remainingOverageTime": 12, "step": 72, "geese": [[26, 37, 36, 35, 34, 45, 46, 47, 48], [], [54, 65, 55, 56, 57, 58, 59, 60], [32, 21, 11, 0, 1, 67, 68, 69, 70, 71, 5, 16, 15]], "food": [43, 13], "index": 0}, "status": "ACTIVE"}, {"action": "NORTH", "reward": 40, "info": {}, "observation": {"remainingOverageTime": 12, "index": 1}, "status": "DONE"}, {"action": "NORTH", "reward": 80, "info": {}, "observation": {"remainingOverageTime": 12, "index": 2}, "status": "ACTIVE"}, {"action": "SOUTH", "reward": 85, "info": {}, "observation": {"remainingOverageTime": 12, "index": 3}, "status": "ACTIVE"}], [{"action": "WEST", "reward": 82, "info": {}, "observation": {"remainingOverageTime": 12, "step": 73, "geese": [[25, 26, 37, 36, 35, 34, 45, 46, 47], [], [53, 54, 65, 55, 56, 57, 58, 59], [31, 32, 21, 11, 0, 1, 67, 68, 69, 70, 71, 5, 16]], "food": [43, 13], "index": 0}, "status": "ACTIVE"}, {"action": "NORTH", "reward": 40, "info": {}, "observation": {"remainingOverageTime": 12, "index": 1}, "status": "DONE"}, {"action": "WEST", "reward": 81, "info": {}, "observation": {"remainingOverageTime": 12, "index": 2}, "status": "ACTIVE"}, {"action": "WEST", "reward": 86, "info": {}, "observation": {"remainingOverageTime": 12, "index": 3}, "status": "ACTIVE"}], [{"action": "NORTH", "reward": 83, "info": {}, "observation": {"remainingOverageTime": 12, "step": 74, "geese": [[14, 25, 26, 37, 36, 35, 34, 45, 46], [], [52, 53, 54, 65, 55, 56, 57, 58], [30, 31, 32, 21, 11, 0, 1, 67, 68, 69, 70, 71, 5]], "food": [43, 13], "index": 0}, "status": "ACTIVE"}, {"action": "NORTH", "reward": 40, "info": {}, "observation": {"remainingOverageTime": 12, "index": 1}, "status": "DONE"}, {"action": "WEST", "reward": 82, "info": {}, "observation": {"remainingOverageTime": 12, "index": 2}, "status": "ACTIVE"}, {"action": "WEST", "reward": 87, "info": {}, "observation": {"remainingOverageTime": 12, "index": 3}, "status": "ACTIVE"}], [{"action": "WEST", "reward": 84, "info": {}, "observation": {"remainingOverageTime": 12, "step": 75, "geese": [[13, 14, 25, 26, 37, 36, 35, 34, 45, 46], [], [51, 52, 53, 54, 65, 55, 56, 57], [19, 30, 31, 32, 21, 11, 0, 1, 67, 68, 69, 70, 71]], "food": [43, 47], "index": 0}, "status": "ACTIVE"}, {"action": "NORTH", "reward": 40, "info": {}, "observation": {"remainingOverageTime": 12, "index": 1}, "status": "DONE"}, {"action": "WEST", "reward": 83, "info": {}, "observation": {"remainingOverageTime": 12, "index": 2}, "status": "ACTIVE"}, {"action": "NORTH", "reward": 88, "info": {}, "observation": {"remainingOverageTime": 12, "index": 3}, "status": "ACTIVE"}], [{"action": "WEST", "reward": 86, "info": {}, "observation": {"remainingOverageTime": 12, "step": 76, "geese": [[12, 13, 14, 25, 26, 37, 36, 35, 34, 45], [], [40, 51, 52, 53, 54, 65, 55, 56], [8, 19, 30, 31, 32, 21, 11, 0, 1, 67, 68, 69, 70]], "food": [43, 47], "index": 0}, "status": "ACTIVE"}, {"action": "NORTH", "reward": 40, "info": {}, "observation": {"remainingOverageTime": 12, "index": 1}, "status": "DONE"}, {"action": "NORTH", "reward": 84, "info": {}, "observation": {"remainingOverageTime": 12, "index": 2}, "status": "ACTIVE"}, {"action": "NORTH", "reward": 89, "info": {}, "observation": {"remainingOverageTime": 12, "index": 3}, "status": "ACTIVE"}], [{"action": "SOUTH", "reward": 87, "info": {}, "observation": {"remainingOverageTime": 12, "step": 77, "geese": [[23, 12, 13, 14, 25, 26, 37, 36, 35, 34], [], [41, 40, 51, 52, 53, 54, 65, 55], [74, 8, 19, 30, 31, 32, 21, 11, 0, 1, 67, 68, 69]], "food": [43, 47], "index": 0}, "status": "ACTIVE"}, {"action": "NORTH", "reward": 40, "info": {}, "observation": {"remainingOverageTime": 12, "index": 1}, "status": "DONE"}, {"action": "EAST", "reward": 85, "info": {}, "observation": {"remainingOverageTime": 12, "index": 2}, "status": "ACTIVE"}, {"action": "NORTH", "reward": 90, "info": {}, "observation": {"remainingOverageTime": 12, "index": 3}, "status": "ACTIVE"}], [{"action": "WEST", "reward": 88, "info": {}, "observation": {"remainingOverageTime": 12, "step": 78, "geese": [[22, 23, 12, 13, 14, 25, 26, 37, 36, 35], [], [42, 41, 40, 51, 52, 53, 54, 65], [73, 74, 8, 19, 30, 31, 32, 21, 11, 0, 1, 67, 68]], "food": [43, 47], "index": 0}, "status": "ACTIVE"}, {"action": "NORTH", "reward": 40, "info": {}, "observation": {"remainingOverageTime": 12, "index": 1}, "status": "DONE"}, {"action": "EAST", "reward": 86, "info": {}, "observation": {"remainingOverageTime": 12, "index": 2}, "status": "ACTIVE"}, {"action": "WEST", "reward": 91, "info": {}, "observation": {"remainingOverageTime": 12, "index": 3}, "status": "ACTIVE"}], [{"action": "SOUTH", "reward": 89, "info": {}, "observation": {"remainingOverageTime": 12, "step": 79, "geese": [[33, 22, 23, 12, 13, 14, 25, 26, 37, 36], [], [43, 42, 41, 40, 51, 52, 53, 54, 65], [72, 73, 74, 8, 19, 30, 31, 32, 21, 11, 0, 1, 67]], "food": [47, 70], "index": 0}, "status": "ACTIVE"}, {"action": "NORTH", "reward": 40, "info": {}, "observation": {"remainingOverageTime": 12, "index": 1}, "status": "DONE"}, {"action": "EAST", "reward": 87, "info": {}, "observation": {"remainingOverageTime": 12, "index": 2}, "status": "ACTIVE"}, {"action": "WEST", "reward": 92, "info": {}, "observation": {"remainingOverageTime": 12, "index": 3}, "status": "ACTIVE"}], [{"action": "EAST", "reward": 90, "info": {}, "observation": {"remainingOverageTime": 12, "step": 80, "geese": [[], [], [], [71, 72, 73, 74, 8, 19, 30, 31, 32, 21, 11, 0]], "food": [47, 70], "index": 0}, "status": "DONE"}, {"action": "NORTH", "reward": 40, "info": {}, "observation": {"remainingOverageTime": 12, "index": 1}, "status": "DONE"}, {"action": "EAST", "reward": 89, "info": {}, "observation": {"remainingOverageTime": 12, "index": 2}, "status": "DONE"}, {"action": "WEST", "reward": 93, "info": {}, "observation": {"remainingOverageTime": 12, "index": 3}, "status": "DONE"}]], "rewards": [90, 40, 89, 93], "statuses": ["DONE", "DONE", "DONE", "DONE"], "schema_version": 1, "info": {}}