{"id": "f3ae7450-da82-11ee-b31f-0242ac130202", "name": "hungry_geese", "title": "Hungry Geese", "description": "Similar to the classic snake game with multiple players", "version": "1.0.0", "configuration": {"episodeSteps": 200, "actTimeout": 6, "runTimeout": 1200, "columns": 11, "rows": 7, "hunger_rate": 40, "min_food": 2}, "specification": {"action": {"description": "Direction to move the head of your players goose.", "type": "string", "enum": ["NORTH", "EAST", "SOUTH", "WEST"], "default": "NORTH"}, "agents": [2, 3, 4, 5, 6, 7, 8], "configuration": {"episodeSteps": {"description": "Maximum number of steps in the episode.", "type": "integer", "minimum": 1, "default": 200}, "actTimeout": {"description": "Maximum runtime (seconds) to obtain an action from an agent.", "type": "number", "minimum": 0, "default": 6}, "runTimeout": {"description": "Maximum runtime (seconds) of an episode (not necessarily DONE).", "type": "number", "minimum": 0, "default": 1200}, "columns": {"description": "Horizontal number of cells on the board.", "type": "integer", "default": 11, "minimum": 3}, "rows": {"description": "Vertical number of cells on the board.", "type": "integer", "default": 7, "minimum": 3}, "hunger_rate": {"description": "The number of steps before the goose shrinks a cell.", "type": "integer", "minimum": 1, "default": 40}, "min_food": {"description": "The minimum amount of food present for all steps.", "type": "integer", "default": 2, "minimum": 1}}, "info": {}, "observation": {"remainingOverageTime": {"description": "Total remaining banked time (seconds) that can be used in excess of per-step actTimeouts -- agent is disqualified with TIMEOUT status when this drops below 0.", "shared": false, "type": "number", "minimum": 0, "default": 12}, "step": {"description": "Current step within the episode.", "type": "integer", "shared": true, "minimum": 0, "default": 0}, "geese": {"description": "List of geese in order by the agent index.", "type": "array", "default": [], "shared": true}, "food": {"description": "Positions on the board where food is present.", "type": "array", "default": [], "shared": true}, "index": {"description": "Index of the current agent's goose in the list of geese.", "type": "integer", "minimum": 0, "defaults": [0, 1, 2, 3, 4, 5, 6, 7]}}, "reward": {"description": "The number of steps the goose has moved plus its length.", "type": ["number", "null"], "default": 0, "minimum": 0}}, "steps": [[{"action": "NORTH", "reward": 0, "info": {}, "observation": {"remainingOverageTime": 12, "step": 0, "geese": [[13], [17], [43], [41]], "food": [0, 48], "index": 0}, "status": "ACTIVE"}, {"action": "NORTH", "reward": 0, "info": {}, "observation": {"remainingOverageTime": 12, "index": 1}, "status": "ACTIVE"}, {"action": "NORTH", "reward": 0, "info": {}, "observation": {"remainingOverageTime": 12, "index": 2}, "status": "ACTIVE"}, {"action": "NORTH", "reward": 0, "info": {}, "observation": {"remainingOverageTime": 12, "index": 3}, "status": "ACTIVE"}], [{"action": "NORTH", "reward": 2, "info": {}, "observation": {"remainingOverageTime": 12, "step": 1, "geese": [[2], [16], [33], [40]], "food": [0, 48], "index": 0}, "status": "ACTIVE"}, {"action": "WEST", "reward": 2, "info": {}, "observation": {"remainingOverageTime": 12, "index": 1}, "status": "ACTIVE"}, {"action": "EAST", "reward": 2, "info": {}, "observation": {"remainingOverageTime": 12, "index": 2}, "status": "ACTIVE"}, {"action": "WEST", "reward": 2, "info": {}, "observation": {"remainingOverageTime": 12, "index": 3}, "status": "ACTIVE"}], [{"action": "WEST", "reward": 3, "info": {}, "observation": {"remainingOverageTime": 12, "step": 2, "geese": [[1], [27], [22], [51]], "food": [0, 48], "index": 0}, "status": "ACTIVE"}, {"action": "SOUTH", "reward": 3, "info": {}, "observation": {"remainingOverageTime": 12, "index": 1}, "status": "ACTIVE"}, {"action": "NORTH", "reward": 3, "info": {}, "observation": {"remainingOverageTime": 12, "index": 2}, "status": "ACTIVE"}, {"action": "SOUTH", "reward": 3, "info": {}, "observation": {"remainingOverageTime": 12, "index": 3}, "status": "ACTIVE"}], [{"action": "WEST", "reward": 4, "info": {}, "observation": {"remainingOverageTime": 12, "step": 3, "geese": [[0, 1], [26], [11], [50]], "food": [48, 35], "index": 0}, "status": "ACTIVE"}, {"action": "WEST", "reward": 4, "info": {}, "observation": {"remainingOverageTime": 12, "index": 1}, "status": "ACTIVE"}, {"action": "NORTH", "reward": 4, "info": {}, "observation": {"remainingOverageTime": 12, "index": 2}, "status": "ACTIVE"}, {"action": "WEST", "reward": 4, "info": {}, "observation": {"remainingOverageTime": 12, "index": 3}, "status": "ACTIVE"}], [{"action": "SOUTH", "reward": 6, "info": {}, "observation": {"remainingOverageTime": 12, "step": 4, "geese": [[11, 0], [37], [12], [49]], "food": [48, 35], "index": 0}, "status": "ACTIVE"}, {"action": "SOUTH", "reward": 5, "info": {}, "observation": {"remainingOverageTime": 12, "index": 1}, "status": "ACTIVE"}, {"action": "EAST", "reward": 5, "info": {}, "observation": {"remainingOverageTime": 12, "index": 2}, "status": "ACTIVE"}, {"action": "WEST", "reward": 5, "info": {}, "observation": {"remainingOverageTime": 12, "index": 3}, "status": "ACTIVE"}], [{"action": "SOUTH", "reward": 7, "info": {}, "observation": {"remainingOverageTime": 12, "step": 5, "geese": [[22, 11], [36], [13], [60]], "food": [48, 35], "index": 0}, "status": "ACTIVE"}, {"action": "WEST", "reward": 6, "info": {}, "observation": {"remainingOverageTime": 12, "index": 1}, "status": "ACTIVE"}, {"action": "EAST", "reward": 6, "info": {}, "observation": {"remainingOverageTime": 12, "index": 2}, "status": "ACTIVE"}, {"action": "SOUTH", "reward": 6, "info": {}, "observation": {"remainingOverageTime": 12, "index": 3}, "status": "ACTIVE"}], [{"action": "SOUTH", "reward": 8, "info": {}, "observation": {"remainingOverageTime": 12, "step": 6, "geese": [[33, 22], [35, 36], [24], [59]], "food": [48, 53], "index": 0}, "status": "ACTIVE"}, {"action": "WEST", "reward": 7, "info": {}, "observation": {"remainingOverageTime": 12, "index": 1}, "status": "ACTIVE"}, {"action": "SOUTH", "reward": 7, "info": {}, "observation": {"remainingOverageTime": 12, "index": 2}, "status": "ACTIVE"}, {"action": "WEST", "reward": 7, "info": {}, "observation": {"remainingOverageTime": 12, "index": 3}, "status": "ACTIVE"}], [{"action": "WEST", "reward": 9, "info": {}, "observation": {"remainingOverageTime": 12, "step": 7, "geese": [[43, 33], [46, 35], [25], [48, 59]], "food": [53, 14], "index": 0}, "status": "ACTIVE"}, {"action": "SOUTH", "reward": 9, "info": {}, "observation": {"remainingOverageTime": 12, "index": 1}, "status": "ACTIVE"}, {"action": "EAST", "reward": 8, "info": {}, "observation": {"remainingOverageTime": 12, "index": 2}, "status": "ACTIVE"}, {"action": "NORTH", "reward": 8, "info": {}, "observation": {"remainingOverageTime": 12, "index": 3}, "status": "ACTIVE"}], [{"action": "SOUTH", "reward": 10, "info": {}, "observation": {"remainingOverageTime": 12, "step": 8, "geese": [[54, 43], [45, 46], [14, 25], [37, 48]], "food": [53, 47], "index": 0}, "status": "ACTIVE"}, {"action": "WEST", "reward": 10, "info": {}, "observation": {"remainingOverageTime": 12, "index": 1}, "status": "ACTIVE"}, {"action": "NORTH", "reward": 9, "info": {}, "observation": {"remainingOverageTime": 12, "index": 2}, "status": "ACTIVE"}, {"action": "NORTH", "reward": 10, "info": {}, "observation": {"remainingOverageTime": 12, "index": 3}, "status": "ACTIVE"}], [{"action": "WEST", "reward": 11, "info": {}, "observation": {"remainingOverageTime": 12, "step": 9, "geese": [[53, 54, 43], [56, 45], [3, 14], [36, 37]], "food": [47, 20], "index": 0}, "status": "ACTIVE"}, {"action": "SOUTH", "reward": 11, "info": {}, "observation": {"remainingOverageTime": 12, "index": 1}, "status": "ACTIVE"}, {"action": "NORTH", "reward": 11, "info": {}, "observation": {"remainingOverageTime": 12, "index": 2}, "status": "ACTIVE"}, {"action": "WEST", "reward": 11, "info": {}, "observation": {"remainingOverageTime": 12, "index": 3}, "status": "ACTIVE"}], [{"action": "NORTH", "reward": 13, "info": {}, "observation": {"remainingOverageTime": 12, "step": 10, "geese": [[42, 53, 54], [57, 56], [69, 3], [47, 36, 37]], "food": [20, 22], "index": 0}, "status": "ACTIVE"}, {"action": "EAST", "reward": 12, "info": {}, "observation": {"remainingOverageTime": 12, "index": 1}, "status": "ACTIVE"}, {"action": "NORTH", "reward": 12, "info": {}, "observation": {"remainingOverageTime": 12, "index": 2}, "status": "ACTIVE"}, {"action": "SOUTH", "reward": 12, "info": {}, "observation": {"remainingOverageTime": 12, "index": 3}, "status": "ACTIVE"}], [{"action": "NORTH", "reward": 14, "info": {}, "observation": {"remainingOverageTime": 12, "step": 11, "geese": [[31, 42, 53], [68, 57], [70, 69], [48, 47, 36]], "food": [20, 22], "index": 0}, "status": "ACTIVE"}, {"action": "SOUTH", "reward": 13, "info": {}, "observation": {"remainingOverageTime": 12, "index": 1}, "status": "ACTIVE"}, {"action": "EAST", "reward": 13, "info": {}, "observation": {"remainingOverageTime": 12, "index": 2}, "status": "ACTIVE"}, {"action": "EAST", "reward": 14, "info": {}, "observation": {"remainingOverageTime": 12, "index": 3}, "status": "ACTIVE"}], [{"action": "NORTH", "reward": 15, "info": {}, "observation": {"remainingOverageTime": 12, "step": 12, "geese": [[20, 31, 42, 53], [67, 68], [71, 70], [37, 48, 47]], "food": [22, 10], "index": 0}, "status": "ACTIVE"}, {"action": "WEST", "reward": 14, "info": {}, "observation": {"remainingOverageTime": 12, "index": 1}, "status": "ACTIVE"}, {"action": "EAST", "reward": 14, "info": {}, "observation": {"remainingOverageTime": 12, "index": 2}, "status": "ACTIVE"}, {"action": "NORTH", "reward": 15, "info": {}, "observation": {"remainingOverageTime": 12, "index": 3}, "status": "ACTIVE"}], [{"action": "EAST", "reward": 17, "info": {}, "observation": {"remainingOverageTime": 12, "step": 13, "geese": [[21, 20, 31, 42], [1, 67], [5, 71], [26, 37, 48]], "food": [22, 10], "index": 0}, "status": "ACTIVE"}, {"action": "SOUTH", "reward": 15, "info": {}, "observation": {"remainingOverageTime": 12, "index": 1}, "status": "ACTIVE"}, {"action": "SOUTH", "reward": 15, "info": {}, "observation": {"remainingOverageTime": 12, "index": 2}, "status": "ACTIVE"}, {"action": "NORTH", "reward": 16, "info": {}, "observation": {"remainingOverageTime": 12, "index": 3}, "status": "ACTIVE"}], [{"action": "NORTH", "reward": 18, "info": {}, "observation": {"remainingOverageTime": 12, "step": 14, "geese": [[10, 21, 20, 31, 42], [0, 1], [6, 5], [25, 26, 37]], "food": [22, 46], "index": 0}, "status": "ACTIVE"}, {"action": "WEST", "reward": 16, "info": {}, "observation": {"remainingOverageTime": 12, "index": 1}, "status": "ACTIVE"}, {"action": "EAST", "reward": 16, "info": {}, "observation": {"remainingOverageTime": 12, "index": 2}, "status": "ACTIVE"}, {"action": "WEST", "reward": 17, "info": {}, "observation": {"remainingOverageTime": 12, "index": 3}, "status": "ACTIVE"}], [{"action": "NORTH", "reward": 20, "info": {}, "observation": {"remainingOverageTime": 12, "step": 15, "geese": [[76, 10, 21, 20, 31], [11, 0], [72, 6], [36, 25, 26]], "food": [22, 46], "index": 0}, "status": "ACTIVE"}, {"action": "SOUTH", "reward": 17, "info": {}, "observation": {"remainingOverageTime": 12, "index": 1}, "status": "ACTIVE"}, {"action": "NORTH", "reward": 17, "info": {}, "observation": {"remainingOverageTime": 12, "index": 2}, "status": "ACTIVE"}, {"action": "SOUTH", "reward": 18, "info": {}, "observation": {"remainingOverageTime": 12, "index": 3}, "status": "ACTIVE"}], [{"action": "NORTH", "reward": 21, "info": {}, "observation": {"remainingOverageTime": 12, "step": 16, "geese": [[65, 76, 10, 21, 20], [22, 11, 0], [61, 72], [35, 36, 25]], "food": [46, 47], "index": 0}, "status": "ACTIVE"}, {"action": "SOUTH", "reward": 18, "info": {}, "observation": {"remainingOverageTime": 12, "index": 1}, "status": "ACTIVE"}, {"action": "NORTH", "reward": 18, "info": {}, "observation": {"remainingOverageTime": 12, "index": 2}, "status": "ACTIVE"}, {"action": "WEST", "reward": 19, "info": {}, "observation": {"remainingOverageTime": 12, "index": 3}, "status": "ACTIVE"}], [{"action": "NORTH", "reward": 22, "info": {}, "observation": {"remainingOverageTime": 12, "step": 17, "geese": [[54, 65, 76, 10, 21], [33, 22, 11], [50, 61], [46, 35, 36, 25]], "food": [47, 52], "index": 0}, "status": "ACTIVE"}, {"action": "SOUTH", "reward": 20, "info": {}, "observation": {"remainingOverageTime": 12, "index": 1}, "status": "ACTIVE"}, {"action": "NORTH", "reward": 19, "info": {}, "observation": {"remainingOverageTime": 12, "index": 2}, "status": "ACTIVE"}, {"action": "SOUTH", "reward": 20, "info": {}, "observation": {"remainingOverageTime": 12, "index": 3}, "status": "ACTIVE"}], [{"action": "WEST", "reward": 23, "info": {}, "observation": {"remainingOverageTime": 12, "step": 18, "geese": [[53, 54, 65, 76, 10], [34, 33, 22], [51, 50], [47, 46, 35, 36, 25]], "food": [52, 0], "index": 0}, "status": "ACTIVE"}, {"action": "EAST", "reward": 21, "info": {}, "observation": {"remainingOverageTime": 12, "index": 1}, "status": "ACTIVE"}, {"action": "EAST", "reward": 20, "info": {}, "observation": {"remainingOverageTime": 12, "index": 2}, "status": "ACTIVE"}, {"action": "EAST", "reward": 22, "info": {}, "observation": {"remainingOverageTime": 12, "index": 3}, "status": "ACTIVE"}], [{"action": "NORTH", "reward": 24, "info": {}, "observation": {"remainingOverageTime": 12, "step": 19, "geese": [[42, 53, 54, 65, 76], [23, 34, 33], [40, 51], [58, 47, 46, 35, 36]], "food": [52, 0], "index": 0}, "status": "ACTIVE"}, {"action": "NORTH", "reward": 22, "info": {}, "observation": {"remainingOverageTime": 12, "index": 1}, "status": "ACTIVE"}, {"action": "NORTH", "reward": 21, "info": {}, "observation": {"remainingOverageTime": 12, "index": 2}, "status": "ACTIVE"}, {"action": "SOUTH", "reward": 24, "info": {}, "observation": {"remainingOverageTime": 12, "index": 3}, "status": "ACTIVE"}], [{"action": "EAST", "reward": 25, "info": {}, "observation": {"remainingOverageTime": 12, "step": 20, "geese": [[43, 42, 53, 54, 65], [22, 23, 34], [39, 40], [69, 58, 47, 46, 35]], "food": [52, 0], "index": 0}, "status": "ACTIVE"}, {"action": "WEST", "reward": 23, "info": {}, "observation": {"remainingOverageTime": 12, "index": 1}, "status": "ACTIVE"}, {"action": "WEST", "reward": 22, "info": {}, "observation": {"remainingOverageTime": 12, "index": 2}, "status": "ACTIVE"}, {"action": "SOUTH", "reward": 25, "info": {}, "observation": {"remainingOverageTime": 12, "index": 3}, "status": "ACTIVE"}], [{"action": "NORTH", "reward": 26, "info": {}, "observation": {"remainingOverageTime": 12, "step": 21, "geese": [[32, 43, 42, 53, 54], [11, 22, 23], [50, 39], [3, 69, 58, 47, 46]], "food": [52, 0], "index": 0}, "status": "ACTIVE"}, {"action": "NORTH", "reward": 24, "info": {}, "observation": {"remainingOverageTime": 12, "index": 1}, "status": "ACTIVE"}, {"action": "SOUTH", "reward": 23, "info": {}, "observation": {"remainingOverageTime": 12, "index": 2}, "status": "ACTIVE"}, {"action": "SOUTH", "reward": 26, "info": {}, "observation": {"remainingOverageTime": 12, "index": 3}, "status": "ACTIVE"}], [{"action": "WEST", "reward": 27, "info": {}, "observation": {"remainingOverageTime": 12, "step": 22, "geese": [[31, 32, 43, 42, 53], [0, 11, 22, 23], [51, 50], [2, 3, 69, 58, 47]], "food": [52, 1], "index": 0}, "status": "ACTIVE"}, {"action": "NORTH", "reward": 25, "info": {}, "observation": {"remainingOverageTime": 12, "index": 1}, "status": "ACTIVE"}, {"action": "EAST", "reward": 24, "info": {}, "observation": {"remainingOverageTime": 12, "index": 2}, "status": "ACTIVE"}, {"action": "WEST", "reward": 27, "info": {}, "observation": {"remainingOverageTime": 12, "index": 3}, "status": "ACTIVE"}], [{"action": "WEST", "reward": 28, "info": {}, "observation": {"remainingOverageTime": 12, "step": 23, "geese": [[30, 31, 32, 43, 42], [10, 0, 11, 22], [52, 51, 50], [68, 2, 3, 69, 58]], "food": [1, 8], "index": 0}, "status": "ACTIVE"}, {"action": "WEST", "reward": 27, "info": {}, "observation": {"remainingOverageTime": 12, "index": 1}, "status": "ACTIVE"}, {"action": "EAST", "reward": 25, "info": {}, "observation": {"remainingOverageTime": 12, "index": 2}, "status": "ACTIVE"}, {"action": "NORTH", "reward": 28, "info": {}, "observation": {"remainingOverageTime": 12, "index": 3}, "status": "ACTIVE"}], [{"action": "NORTH", "reward": 29, "info": {}, "observation": {"remainingOverageTime": 12, "step": 24, "geese": [[19, 30, 31, 32, 43], [9, 10, 0, 11], [63, 52, 51], [67, 68, 2, 3, 69]], "food": [1, 8], "index": 0}, "status": "ACTIVE"}, {"action": "WEST", "reward": 28, "info": {}, "observation": {"remainingOverageTime": 12, "index": 1}, "status": "ACTIVE"}, {"action": "SOUTH", "reward": 27, "info": {}, "observation": {"remainingOverageTime": 12, "index": 2}, "status": "ACTIVE"}, {"action": "WEST", "reward": 29, "info": {}, "observation": {"remainingOverageTime": 12, "index": 3}, "status": "ACTIVE"}], [{"action": "WEST", "reward": 30, "info": {}, "observation": {"remainingOverageTime": 12, "step": 25, "geese": [[18, 19, 30, 31, 32], [75, 9, 10, 0], [74, 63, 52], [1, 67, 68, 2, 3, 69]], "food": [8, 55], "index": 0}, "status": "ACTIVE"}, {"action": "NORTH", "reward": 29, "info": {}, "observation": {"remainingOverageTime": 12, "index": 1}, "status": "ACTIVE"}, {"action": "SOUTH", "reward": 28, "info": {}, "observation": {"remainingOverageTime": 12, "index": 2}, "status": "ACTIVE"}, {"action": "SOUTH", "reward": 30, "info": {}, "observation": {"remainingOverageTime": 12, "index": 3}, "status": "ACTIVE"}], [{"action": "NORTH", "reward": 31, "info": {}, "observation": {"remainingOverageTime": 12, "step": 26, "geese": [[7, 18, 19, 30, 31], [64, 75, 9, 10], [8, 74, 63, 52], [0, 1, 67, 68, 2, 3]], "food": [55, 24], "index": 0}, "status": "ACTIVE"}, {"action": "NORTH", "reward": 30, "info": {}, "observation": {"remainingOverageTime": 12, "index": 1}, "status": "ACTIVE"}, {"action": "SOUTH", "reward": 29, "info": {}, "observation": {"remainingOverageTime": 12, "index": 2}, "status": "ACTIVE"}, {"action": "WEST", "reward": 32, "info": {}, "observation": {"remainingOverageTime": 12, "index": 3}, "status": "ACTIVE"}], [{"action": "WEST", "reward": 32, "info": {}, "observation": {"remainingOverageTime": 12, "step": 27, "geese": [[6, 7, 18, 19, 30], [], [], [66, 0, 1, 67, 68, 2]], "food": [55, 24], "index": 0}, "status": "ACTIVE"}, {"action": "EAST", "reward": 31, "info": {}, "observation": {"remainingOverageTime": 12, "index": 1}, "status": "DONE"}, {"action": "EAST", "reward": 31, "info": {}, "observation": {"remainingOverageTime": 12, "index": 2}, "status": "DONE"}, {"action": "NORTH", "reward": 33, "info": {}, "observation": {"remainingOverageTime": 12, "index": 3}, "status": "ACTIVE"}], [{"action": "WEST", "reward": 33, "info": {}, "observation": {"remainingOverageTime": 12, "step": 28, "geese": [[5, 6, 7, 18, 19], [], [], [55, 66, 0, 1, 67, 68, 2]], "food": [24, 60], "index": 0}, "status": "ACTIVE"}, {"action": "NORTH", "reward": 31, "info": {}, "observation": {"remainingOverageTime": 12, "index": 1}, "status": "DONE"}, {"action": "NORTH", "reward": 31, "info": {}, "observation": {"remainingOverageTime": 12, "index": 2}, "status": "DONE"}, {"action": "NORTH", "reward": 34, "info": {}, "observation": {"remainingOverageTime": 12, "index": 3}, "status": "ACTIVE"}], [{"action": "NORTH", "reward": 34, "info": {}, "observation": {"remainingOverageTime": 12, "step": 29, "geese": [[71, 5, 6, 7, 18], [], [], [56, 55, 66, 0, 1, 67, 68]], "food": [24, 60], "index": 0}, "status": "ACTIVE"}, {"action": "NORTH", "reward": 31, "info": {}, "observation": {"remainingOverageTime": 12, "index": 1}, "status": "DONE"}, {"action": "NORTH", "reward": 31, "info": {}, "observation": {"remainingOverageTime": 12, "index": 2}, "status": "DONE"}, {"action": "EAST", "reward": 36, "info": {}, "observation": {"remainingOverageTime": 12, "index": 3}, "status": "ACTIVE"}], [{"action": "NORTH", "reward": 35, "info": {}, "observation": {"remainingOverageTime": 12, "step": 30, "geese": [[60, 71, 5, 6, 7, 18], [], [], [45, 56, 55, 66, 0, 1, 67]], "food": [24, 39], "index": 0}, "status": "ACTIVE"}, {"action": "NORTH", "reward": 31, "info": {}, "observation": {"remainingOverageTime": 12, "index": 1}, "status": "DONE"}, {"action": "NORTH", "reward": 31, "info": {}, "observation": {"remainingOverageTime": 12, "index": 2}, "status": "DONE"}, {"action": "NORTH", "reward": 37, "info": {}, "observation": {"remainingOverageTime": 12, "index": 3}, "status": "ACTIVE"}], [{"action": "EAST", "reward": 37, "info": {}, "observation": {"remainingOverageTime": 12, "step": 31, "geese": [[61, 60, 71, 5, 6, 7], [], [], [46, 45, 56, 55, 66, 0, 1]], "food": [24, 39], "index": 0}, "status": "ACTIVE"}, {"action": "NORTH", "reward": 31, "info": {}, "observation": {"remainingOverageTime": 12, "index": 1}, "status": "DONE"}, {"action": "NORTH", "reward": 31, "info": {}, "observation": {"remainingOverageTime": 12, "index": 2}, "status": "DONE"}, {"action": "EAST", "reward": 38, "info": {}, "observation": {"remainingOverageTime": 12, "index": 3}, "status": "ACTIVE"}], [{"action": "NORTH", "reward": 38, "info": {}, "observation": {"remainingOverageTime": 12, "step": 32, "geese": [[50, 61, 60, 71, 5, 6], [], [], [35, 46, 45, 56, 55, 66, 0]], "food": [24, 39], "index": 0}, "status": "ACTIVE"}, {"action": "NORTH", "reward": 31, "info": {}, "observation": {"remainingOverageTime": 12, "index": 1}, "status": "DONE"}, {"action": "NORTH", "reward": 31, "info": {}, "observation": {"remainingOverageTime": 12, "index": 2}, "status": "DONE"}, {"action": "NORTH", "reward": 39, "info": {}, "observation": {"remainingOverageTime": 12, "index": 3}, "status": "ACTIVE"}], [{"action": "NORTH", "reward": 39, "info": {}, "observation": {"remainingOverageTime": 12, "step": 33, "geese": [[39, 50, 61, 60, 71, 5, 6], [], [], [24, 35, 46, 45, 56, 55, 66, 0]], "food": [37, 21], "index": 0}, "status": "ACTIVE"}, {"action": "NORTH", "reward": 31, "info": {}, "observation": {"remainingOverageTime": 12, "index": 1}, "status": "DONE"}, {"action": "NORTH", "reward": 31, "info": {}, "observation": {"remainingOverageTime": 12, "index": 2}, "status": "DONE"}, {"action": "NORTH", "reward": 40, "info": {}, "observation": {"remainingOverageTime": 12, "index": 3}, "status": "ACTIVE"}], [{"action": "WEST", "reward": 41, "info": {}, "observation": {"remainingOverageTime": 12, "step": 34, "geese": [[38, 39, 50, 61, 60, 71, 5], [], [], [25, 24, 35, 46, 45, 56, 55, 66]], "food": [37, 21], "index": 0}, "status": "ACTIVE"}, {"action": "NORTH", "reward": 31, "info": {}, "observation": {"remainingOverageTime": 12, "index": 1}, "status": "DONE"}, {"action": "NORTH", "reward": 31, "info": {}, "observation": {"remainingOverageTime": 12, "index": 2}, "status": "DONE"}, {"action": "EAST", "reward": 42, "info": {}, "observation": {"remainingOverageTime": 12, "index": 3}, "status": "ACTIVE"}], [{"action": "WEST", "reward": 42, "info": {}, "observation": {"remainingOverageTime": 12, "step": 35, "geese": [[37, 38, 39, 50, 61, 60, 71, 5], [], [], [26, 25, 24, 35, 46, 45, 56, 55]], "food": [21, 62], "index": 0}, "status": "ACTIVE"}, {"action": "NORTH", "reward": 31, "info": {}, "observation": {"remainingOverageTime": 12, "index": 1}, "status": "DONE"}, {"action": "NORTH", "reward": 31, "info": {}, "observation": {"remainingOverageTime": 12, "index": 2}, "status": "DONE"}, {"action": "EAST", "reward": 43, "info": {}, "observation": {"remainingOverageTime": 12, "index": 3}, "status": "ACTIVE"}], [{"action": "SOUTH", "reward": 44, "info": {}, "observation": {"remainingOverageTime": 12, "step": 36, "geese": [[48, 37, 38, 39, 50, 61, 60, 71], [], [], [27, 26, 25, 24, 35, 46, 45, 56]], "food": [21, 62], "index": 0}, "status": "ACTIVE"}, {"action": "NORTH", "reward": 31, "info": {}, "observation": {"remainingOverageTime": 12, "index": 1}, "status": "DONE"}, {"action": "NORTH", "reward": 31, "info": {}, "observation": {"remainingOverageTime": 12, "index": 2}, "status": "DONE"}, {"action": "EAST", "reward": 44, "info": {}, "observation": {"remainingOverageTime": 12, "index": 3}, "status": "ACTIVE"}], [{"action": "SOUTH", "reward": 45, "info": {}, "observation": {"remainingOverageTime": 12, "step": 37, "geese": [[59, 48, 37, 38, 39, 50, 61, 60], [], [], [28, 27, 26, 25, 24, 35, 46, 45]], "food": [21, 62], "index": 0}, "status": "ACTIVE"}, {"action": "NORTH", "reward": 31, "info": {}, "observation": {"remainingOverageTime": 12, "index": 1}, "status": "DONE"}, {"action": "NORTH", "reward": 31, "info": {}, "observation": {"remainingOverageTime": 12, "index": 2}, "status": "DONE"}, {"action": "EAST", "reward": 45, "info": {}, "observation": {"remainingOverageTime": 12, "index": 3}, "status": "ACTIVE"}], [{"action": "SOUTH", "reward": 46, "info": {}, "observation": {"remainingOverageTime": 12, "step": 38, "geese": [[70, 59, 48, 37, 38, 39, 50, 61], [], [], [29, 28, 27, 26, 25, 24, 35, 46]], "food": [21, 62], "index": 0}, "status": "ACTIVE"}, {"action": "NORTH", "reward": 31, "info": {}, "observation": {"remainingOverageTime": 12, "index": 1}, "status": "DONE"}, {"action": "NORTH", "reward": 31, "info": {}, "observation": {"remainingOverageTime": 12, "index": 2}, "status": "DONE"}, {"action": "EAST", "reward": 46, "info": {}, "observation": {"remainingOverageTime": 12, "index": 3}, "status": "ACTIVE"}], [{"action": "EAST", "reward": 47, "info": {}, "observation": {"remainingOverageTime": 12, "step": 39, "geese": [[71, 70, 59, 48, 37, 38, 39, 50], [], [], [40, 29, 28, 27, 26, 25, 24, 35]], "food": [21, 62], "index": 0}, "status": "ACTIVE"}, {"action": "NORTH", "reward": 31, "info": {}, "observation": {"remainingOverageTime": 12, "index": 1}, "status": "DONE"}, {"action": "NORTH", "reward": 31, "info": {}, "observation": {"remainingOverageTime": 12, "index": 2}, "status": "DONE"}, {"action": "SOUTH", "reward": 47, "info": {}, "observation": {"remainingOverageTime": 12, "index": 3}, "status": "ACTIVE"}], [{"action": "NORTH", "reward": 48, "info": {}, "observation": {"remainingOverageTime": 12, "step": 40, "geese": [[60, 71, 70, 59, 48, 37, 38], [], [], [51, 40, 29, 28, 27, 26, 25]], "food": [21, 62], "index": 0}, "status": "ACTIVE"}, {"action": "NORTH", "reward": 31, "info": {}, "observation": {"remainingOverageTime": 12, "index": 1}, "status": "DONE"}, {"action": "NORTH", "reward": 31, "info": {}, "observation": {"remainingOverageTime": 12, "index": 2}, "status": "DONE"}, {"action": "SOUTH", "reward": 48, "info": {}, "observation": {"remainingOverageTime": 12, "index": 3}, "status": "ACTIVE"}], [{"action": "EAST", "reward": 48, "info": {}, "observation": {"remainingOverageTime": 12, "step": 41, "geese": [[61, 60, 71, 70, 59, 48, 37], [], [], [62, 51, 40, 29, 28, 27, 26, 25]], "food": [21, 44], "index": 0}, "status": "ACTIVE"}, {"action": "NORTH", "reward": 31, "info": {}, "observation": {"remainingOverageTime": 12, "index": 1}, "status": "DONE"}, {"action": "NORTH", "reward": 31, "info": {}, "observation": {"remainingOverageTime": 12, "index": 2}, "status": "DONE"}, {"action": "SOUTH", "reward": 48, "info": {}, "observation": {"remainingOverageTime": 12, "index": 3}, "status": "ACTIVE"}], [{"action": "SOUTH", "reward": 49, "info": {}, "observation": {"remainingOverageTime": 12, "step": 42, "geese": [[72, 61, 60, 71, 70, 59, 48], [], [], [63, 62, 51, 40, 29, 28, 27, 26]], "food": [21, 44], "index": 0}, "status": "ACTIVE"}, {"action": "NORTH", "reward": 31, "info": {}, "observation": {"remainingOverageTime": 12, "index": 1}, "status": "DONE"}, {"action": "NORTH", "reward": 31, "info": {}, "observation": {"remainingOverageTime": 12, "index": 2}, "status": "DONE"}, {"action": "EAST", "reward": 50, "info": {}, "observation": {"remainingOverageTime": 12, "index": 3}, "status": "ACTIVE"}], [{"action": "SOUTH", "reward": 50, "info": {}, "observation": {"remainingOverageTime": 12, "step": 43, "geese": [[6, 72, 61, 60, 71, 70, 59], [], [], [64, 63, 62, 51, 40, 29, 28, 27]], "food": [21, 44], "index": 0}, "status": "ACTIVE"}, {"action": "NORTH", "reward": 31, "info": {}, "observation": {"remainingOverageTime": 12, "index": 1}, "status": "DONE"}, {"action": "NORTH", "reward": 31, "info": {}, "observation": {"remainingOverageTime": 12, "index": 2}, "status": "DONE"}, {"action": "EAST", "reward": 51, "info": {}, "observation": {"remainingOverageTime": 12, "index": 3}, "status": "ACTIVE"}], [{"action": "SOUTH", "reward": 51, "info": {}, "observation": {"remainingOverageTime": 12, "step": 44, "geese": [[17, 6, 72, 61, 60, 71, 70], [], [], [65, 64, 63, 62, 51, 40, 29, 28]], "food": [21, 44], "index": 0}, "status": "ACTIVE"}, {"action": "NORTH", "reward": 31, "info": {}, "observation": {"remainingOverageTime": 12, "index": 1}, "status": "DONE"}, {"action": "NORTH", "reward": 31, "info": {}, "observation": {"remainingOverageTime": 12, "index": 2}, "status": "DONE"}, {"action": "EAST", "reward": 52, "info": {}, "observation": {"remainingOverageTime": 12, "index": 3}, "status": "ACTIVE"}], [{"action": "EAST", "reward": 52, "info": {}, "observation": {"remainingOverageTime": 12, "step": 45, "geese": [[18, 17, 6, 72, 61, 60, 71], [], [], [54, 65, 64, 63, 62, 51, 40, 29]], "food": [21, 44], "index": 0}, "status": "ACTIVE"}, {"action": "NORTH", "reward": 31, "info": {}, "observation": {"remainingOverageTime": 12, "index": 1}, "status": "DONE"}, {"action": "NORTH", "reward": 31, "info": {}, "observation": {"remainingOverageTime": 12, "index": 2}, "status": "DONE"}, {"action": "NORTH", "reward": 53, "info": {}, "observation": {"remainingOverageTime": 12, "index": 3}, "status": "ACTIVE"}], [{"action": "EAST", "reward": 53, "info": {}, "observation": {"remainingOverageTime": 12, "step": 46, "geese": [[19, 18, 17, 6, 72, 61, 60], [], [], [44, 54, 65, 64, 63, 62, 51, 40, 29]], "food": [21, 55], "index": 0}, "status": "ACTIVE"}, {"action": "NORTH", "reward": 31, "info": {}, "observation": {"remainingOverageTime": 12, "index": 1}, "status": "DONE"}, {"action": "NORTH", "reward": 31, "info": {}, "observation": {"remainingOverageTime": 12, "index": 2}, "status": "DONE"}, {"action": "EAST", "reward": 54, "info": {}, "observation": {"remainingOverageTime": 12, "index": 3}, "status": "ACTIVE"}], [{"action": "EAST", "reward": 54, "info": {}, "observation": {"remainingOverageTime": 12, "step": 47, "geese": [[20, 19, 18, 17, 6, 72, 61], [], [], [55, 44, 54, 65, 64, 63, 62, 51, 40, 29]], "food": [21, 7], "index": 0}, "status": "ACTIVE"}, {"action": "NORTH", "reward": 31, "info": {}, "observation": {"remainingOverageTime": 12, "index": 1}, "status": "DONE"}, {"action": "NORTH", "reward": 31, "info": {}, "observation": {"remainingOverageTime": 12, "index": 2}, "status": "DONE"}, {"action": "SOUTH", "reward": 56, "info": {}, "observation": {"remainingOverageTime": 12, "index": 3}, "status": "ACTIVE"}], [{"action": "EAST", "reward": 55, "info": {}, "observation": {"remainingOverageTime": 12, "step": 48, "geese": [[21, 20, 19, 18, 17, 6, 72, 61], [], [], [66, 55, 44, 54, 65, 64, 63, 62, 51, 40]], "food": [7, 48], "index": 0}, "status": "ACTIVE"}, {"action": "NORTH", "reward": 31, "info": {}, "observation": {"remainingOverageTime": 12, "index": 1}, "status": "DONE"}, {"action": "NORTH", "reward": 31, "info": {}, "observation": {"remainingOverageTime": 12, "index": 2}, "status": "DONE"}, {"action": "SOUTH", "reward": 58, "info": {}, "observation": {"remainingOverageTime": 12, "index": 3}, "status": "ACTIVE"}], [{"action": "NORTH", "reward": 57, "info": {}, "observation": {"remainingOverageTime": 12, "step": 49, "geese": [[10, 21, 20, 19, 18, 17, 6, 72], [], [], [76, 66, 55, 44, 54, 65, 64, 63, 62, 51]], "food": [7, 48], "index": 0}, "status": "ACTIVE"}, {"action": "NORTH", "reward": 31, "info": {}, "observation": {"remainingOverageTime": 12, "index": 1}, "status": "DONE"}, {"action": "NORTH", "reward": 31, "info": {}, "observation": {"remainingOverageTime": 12, "index": 2}, "status": "DONE"}, {"action": "WEST", "reward": 59, "info": {}, "observation": {"remainingOverageTime": 12, "index": 3}, "status": "ACTIVE"}], [{"action": "WEST", "reward": 58, "info": {}, "observation": {"remainingOverageTime": 12, "step": 50, "geese": [[9, 10, 21, 20, 19, 18, 17, 6], [], [], [75, 76, 66, 55, 44, 54, 65, 64, 63, 62]], "food": [7, 48], "index": 0}, "status": "ACTIVE"}, {"action": "NORTH", "reward": 31, "info": {}, "observation": {"remainingOverageTime": 12, "index": 1}, "status": "DONE"}, {"action": "NORTH", "reward": 31, "info": {}, "observation": {"remainingOverageTime": 12, "index": 2}, "status": "DONE"}, {"action": "WEST", "reward": 60, "info": {}, "observation": {"remainingOverageTime": 12, "index": 3}, "status": "ACTIVE"}], [{"action": "WEST", "reward": 59, "info": {}, "observation": {"remainingOverageTime": 12, "step": 51, "geese": [[8, 9, 10, 21, 20, 19, 18, 17], [], [], [74, 75, 76, 66, 55, 44, 54, 65, 64, 63]], "food": [7, 48], "index": 0}, "status": "ACTIVE"}, {"action": "NORTH", "reward": 31, "info": {}, "observation": {"remainingOverageTime": 12, "index": 1}, "status": "DONE"}, {"action": "NORTH", "reward": 31, "info": {}, "observation": {"remainingOverageTime": 12, "index": 2}, "status": "DONE"}, {"action": "WEST", "reward": 61, "info": {}, "observation": {"remainingOverageTime": 12, "index": 3}, "status": "ACTIVE"}], [{"action": "WEST", "reward": 60, "info": {}, "observation": {"remainingOverageTime": 12, "step": 52, "geese": [[7, 8, 9, 10, 21, 20, 19, 18, 17], [], [], [73, 74, 75, 76, 66, 55, 44, 54, 65, 64]], "food": [48, 11], "index": 0}, "status": "ACTIVE"}, {"action": "NORTH", "reward": 31, "info": {}, "observation": {"remainingOverageTime": 12, "index": 1}, "status": "DONE"}, {"action": "NORTH", "reward": 31, "info": {}, "observation": {"remainingOverageTime": 12, "index": 2}, "status": "DONE"}, {"action": "WEST", "reward": 62, "info": {}, "observation": {"remainingOverageTime": 12, "index": 3}, "status": "ACTIVE"}], [{"action": "WEST", "reward": 62, "info": {}, "observation": {"remainingOverageTime": 12, "step": 53, "geese": [[6, 7, 8, 9, 10, 21, 20, 19, 18], [], [], [62, 73, 74, 75, 76, 66, 55, 44, 54, 65]], "food": [48, 11], "index": 0}, "status": "ACTIVE"}, {"action": "NORTH", "reward": 31, "info": {}, "observation": {"remainingOverageTime": 12, "index": 1}, "status": "DONE"}, {"action": "NORTH", "reward": 31, "info": {}, "observation": {"remainingOverageTime": 12, "index": 2}, "status": "DONE"}, {"action": "NORTH", "reward": 63, "info": {}, "observation": {"remainingOverageTime": 12, "index": 3}, "status": "ACTIVE"}], [{"action": "WEST", "reward": 63, "info": {}, "observation": {"remainingOverageTime": 12, "step": 54, "geese": [[5, 6, 7, 8, 9, 10, 21, 20, 19], [], [], [61, 62, 73, 74, 75, 76, 66, 55, 44, 54]], "food": [48, 11], "index": 0}, "status": "ACTIVE"}, {"action": "NORTH", "reward": 31, "info": {}, "observation": {"remainingOverageTime": 12, "index": 1}, "status": "DONE"}, {"action": "NORTH", "reward": 31, "info": {}, "observation": {"remainingOverageTime": 12, "index": 2}, "status": "DONE"}, {"action": "WEST", "reward": 64, "info": {}, "observation": {"remainingOverageTime": 12, "index": 3}, "status": "ACTIVE"}], [{"action": "NORTH", "reward": 64, "info": {}, "observation": {"remainingOverageTime": 12, "step": 55, "geese": [[71, 5, 6, 7, 8, 9, 10, 21, 20], [], [], [60, 61, 62, 73, 74, 75, 76, 66, 55, 44]], "food": [48, 11], "index": 0}, "status": "ACTIVE"}, {"action": "NORTH", "reward": 31, "info": {}, "observation": {"remainingOverageTime": 12, "index": 1}, "status": "DONE"}, {"action": "NORTH", "reward": 31, "info": {}, "observation": {"remainingOverageTime": 12, "index": 2}, "status": "DONE"}, {"action": "WEST", "reward": 65, "info": {}, "observation": {"remainingOverageTime": 12, "index": 3}, "status": "ACTIVE"}], [{"action": "WEST", "reward": 65, "info": {}, "observation": {"remainingOverageTime": 12, "step": 56, "geese": [[70, 71, 5, 6, 7, 8, 9, 10, 21], [], [], [49, 60, 61, 62, 73, 74, 75, 76, 66, 55]], "food": [48, 11], "index": 0}, "status": "ACTIVE"}, {"action": "NORTH", "reward": 31, "info": {}, "observation": {"remainingOverageTime": 12, "index": 1}, "status": "DONE"}, {"action": "NORTH", "reward": 31, "info": {}, "observation": {"remainingOverageTime": 12, "index": 2}, "status": "DONE"}, {"action": "NORTH", "reward": 66, "info": {}, "observation": {"remainingOverageTime": 12, "index": 3}, "status": "ACTIVE"}], [{"action": "NORTH", "reward": 66, "info": {}, "observation": {"remainingOverageTime": 12, "step": 57, "geese": [[59, 70, 71, 5, 6, 7, 8, 9, 10], [], [], [48, 49, 60, 61, 62, 73, 74, 75, 76, 66, 55]], "food": [11, 50], "index": 0}, "status": "ACTIVE"}, {"action": "NORTH", "reward": 31, "info": {}, "observation": {"remainingOverageTime": 12, "index": 1}, "status": "DONE"}, {"action": "NORTH", "reward": 31, "info": {}, "observation": {"remainingOverageTime": 12, "index": 2}, "status": "DONE"}, {"action": "WEST", "reward": 67, "info": {}, "observation": {"remainingOverageTime": 12, "index": 3}, "status": "ACTIVE"}], [{"action": "WEST", "reward": 67, "info": {}, "observation": {"remainingOverageTime": 12, "step": 58, "geese": [[58, 59, 70, 71, 5, 6, 7, 8, 9], [], [], [37, 48, 49, 60, 61, 62, 73, 74, 75, 76, 66]], "food": [11, 50], "index": 0}, "status": "ACTIVE"}, {"action": "NORTH", "reward": 31, "info": {}, "observation": {"remainingOverageTime": 12, "index": 1}, "status": "DONE"}, {"action": "NORTH", "reward": 31, "info": {}, "observation": {"remainingOverageTime": 12, "index": 2}, "status": "DONE"}, {"action": "NORTH", "reward": 69, "info": {}, "observation": {"remainingOverageTime": 12, "index": 3}, "status": "ACTIVE"}], [{"action": "SOUTH", "reward": 68, "info": {}, "observation": {"remainingOverageTime": 12, "step": 59, "geese": [[69, 58, 59, 70, 71, 5, 6, 7, 8], [], [], [38, 37, 48, 49, 60, 61, 62, 73, 74, 75, 76]], "food": [11, 50], "index": 0}, "status": "ACTIVE"}, {"action": "NORTH", "reward": 31, "info": {}, "observation": {"remainingOverageTime": 12, "index": 1}, "status": "DONE"}, {"action": "NORTH", "reward": 31, "info": {}, "observation": {"remainingOverageTime": 12, "index": 2}, "status": "DONE"}, {"action": "EAST", "reward": 70, "info": {}, "observation": {"remainingOverageTime": 12, "index": 3}, "status": "ACTIVE"}], [{"action": "SOUTH", "reward": 69, "info": {}, "observation": {"remainingOverageTime": 12, "step": 60, "geese": [[3, 69, 58, 59, 70, 71, 5, 6, 7], [], [], [39, 38, 37, 48, 49, 60, 61, 62, 73, 74, 75]], "food": [11, 50], "index": 0}, "status": "ACTIVE"}, {"action": "NORTH", "reward": 31, "info": {}, "observation": {"remainingOverageTime": 12, "index": 1}, "status": "DONE"}, {"action": "NORTH", "reward": 31, "info": {}, "observation": {"remainingOverageTime": 12, "index": 2}, "status": "DONE"}, {"action": "EAST", "reward": 71, "info": {}, "observation": {"remainingOverageTime": 12, "index": 3}, "status": "ACTIVE"}], [{"action": "SOUTH", "reward": 70, "info": {}, "observation": {"remainingOverageTime": 12, "step": 61, "geese": [[14, 3, 69, 58, 59, 70, 71, 5, 6], [], [], [50, 39, 38, 37, 48, 49, 60, 61, 62, 73, 74, 75]], "food": [11, 31], "index": 0}, "status": "ACTIVE"}, {"action": "NORTH", "reward": 31, "info": {}, "observation": {"remainingOverageTime": 12, "index": 1}, "status": "DONE"}, {"action": "NORTH", "reward": 31, "info": {}, "observation": {"remainingOverageTime": 12, "index": 2}, "status": "DONE"}, {"action": "SOUTH", "reward": 72, "info": {}, "observation": {"remainingOverageTime": 12, "index": 3}, "status": "ACTIVE"}], [{"action": "WEST", "reward": 71, "info": {}, "observation": {"remainingOverageTime": 12, "step": 62, "geese": [[13, 14, 3, 69, 58, 59, 70, 71, 5], [], [], [51, 50, 39, 38, 37, 48, 49, 60, 61, 62, 73, 74]], "food": [11, 31], "index": 0}, "status": "ACTIVE"}, {"action": "NORTH", "reward": 31, "info": {}, "observation": {"remainingOverageTime": 12, "index": 1}, "status": "DONE"}, {"action": "NORTH", "reward": 31, "info": {}, "observation": {"remainingOverageTime": 12, "index": 2}, "status": "DONE"}, {"action": "EAST", "reward": 74, "info": {}, "observation": {"remainingOverageTime": 12, "index": 3}, "status": "ACTIVE"}], [{"action": "WEST", "reward": 72, "info": {}, "observation": {"remainingOverageTime": 12, "step": 63, "geese": [[12, 13, 14, 3, 69, 58, 59, 70, 71], [], [], [40, 51, 50, 39, 38, 37, 48, 49, 60, 61, 62, 73]], "food": [11, 31], "index": 0}, "status": "ACTIVE"}, {"action": "NORTH", "reward": 31, "info": {}, "observation": {"remainingOverageTime": 12, "index": 1}, "status": "DONE"}, {"action": "NORTH", "reward": 31, "info": {}, "observation": {"remainingOverageTime": 12, "index": 2}, "status": "DONE"}, {"action": "NORTH", "reward": 75, "info": {}, "observation": {"remainingOverageTime": 12, "index": 3}, "status": "ACTIVE"}], [{"action": "WEST", "reward": 73, "info": {}, "observation": {"remainingOverageTime": 12, "step": 64, "geese": [[11, 12, 13, 14, 3, 69, 58, 59, 70, 71], [], [], [41, 40, 51, 50, 39, 38, 37, 48, 49, 60, 61, 62]], "food": [31, 6], "index": 0}, "status": "ACTIVE"}, {"action": "NORTH", "reward": 31, "info": {}, "observation": {"remainingOverageTime": 12, "index": 1}, "status": "DONE"}, {"action": "NORTH", "reward": 31, "info": {}, "observation": {"remainingOverageTime": 12, "index": 2}, "status": "DONE"}, {"action": "EAST", "reward": 76, "info": {}, "observation": {"remainingOverageTime": 12, "index": 3}, "status": "ACTIVE"}], [{"action": "WEST", "reward": 75, "info": {}, "observation": {"remainingOverageTime": 12, "step": 65, "geese": [[21, 11, 12, 13, 14, 3, 69, 58, 59, 70], [], [], [30, 41, 40, 51, 50, 39, 38, 37, 48, 49, 60, 61]], "food": [31, 6], "index": 0}, "status": "ACTIVE"}, {"action": "NORTH", "reward": 31, "info": {}, "observation": {"remainingOverageTime": 12, "index": 1}, "status": "DONE"}, {"action": "NORTH", "reward": 31, "info": {}, "observation": {"remainingOverageTime": 12, "index": 2}, "status": "DONE"}, {"action": "NORTH", "reward": 77, "info": {}, "observation": {"remainingOverageTime": 12, "index": 3}, "status": "ACTIVE"}], [{"action": "WEST", "reward": 76, "info": {}, "observation": {"remainingOverageTime": 12, "step": 66, "geese": [[20, 21, 11, 12, 13, 14, 3, 69, 58, 59], [], [], [31, 30, 41, 40, 51, 50, 39, 38, 37, 48, 49, 60, 61]], "food": [6, 23], "index": 0}, "status": "ACTIVE"}, {"action": "NORTH", "reward": 31, "info": {}, "observation": {"remainingOverageTime": 12, "index": 1}, "status": "DONE"}, {"action": "NORTH", "reward": 31, "info": {}, "observation": {"remainingOverageTime": 12, "index": 2}, "status": "DONE"}, {"action": "EAST", "reward": 78, "info": {}, "observation": {"remainingOverageTime": 12, "index": 3}, "status": "ACTIVE"}], [{"action": "NORTH", "reward": 77, "info": {}, "observation": {"remainingOverageTime": 12, "step": 67, "geese": [[9, 20, 21, 11, 12, 13, 14, 3, 69, 58], [], [], [42, 31, 30, 41, 40, 51, 50, 39, 38, 37, 48, 49, 60]], "food": [6, 23], "index": 0}, "status": "ACTIVE"}, {"action": "NORTH", "reward": 31, "info": {}, "observation": {"remainingOverageTime": 12, "index": 1}, "status": "DONE"}, {"action": "NORTH", "reward": 31, "info": {}, "observation": {"remainingOverageTime": 12, "index": 2}, "status": "DONE"}, {"action": "SOUTH", "reward": 80, "info": {}, "observation": {"remainingOverageTime": 12, "index": 3}, "status": "ACTIVE"}], [{"action": "WEST", "reward": 78, "info": {}, "observation": {"remainingOverageTime": 12, "step": 68, "geese": [[8, 9, 20, 21, 11, 12, 13, 14, 3, 69], [], [], [53, 42, 31, 30, 41, 40, 51, 50, 39, 38, 37, 48, 49]], "food": [6, 23], "index": 0}, "status": "ACTIVE"}, {"action": "NORTH", "reward": 31, "info": {}, "observation": {"remainingOverageTime": 12, "index": 1}, "status": "DONE"}, {"action": "NORTH", "reward": 31, "info": {}, "observation": {"remainingOverageTime": 12, "index": 2}, "status": "DONE"}, {"action": "SOUTH", "reward": 81, "info": {}, "observation": {"remainingOverageTime": 12, "index": 3}, "status": "ACTIVE"}], [{"action": "WEST", "reward": 79, "info": {}, "observation": {"remainingOverageTime": 12, "step": 69, "geese": [[7, 8, 9, 20, 21, 11, 12, 13, 14, 3], [], [], [64, 53, 42, 31, 30, 41, 40, 51, 50, 39, 38, 37, 48]], "food": [6, 23], "index": 0}, "status": "ACTIVE"}, {"action": "NORTH", "reward": 31, "info": {}, "observation": {"remainingOverageTime": 12, "index": 1}, "status": "DONE"}, {"action": "NORTH", "reward": 31, "info": {}, "observation": {"remainingOverageTime": 12, "index": 2}, "status": "DONE"}, {"action": "SOUTH", "reward": 82, "info": {}, "observation": {"remainingOverageTime": 12, "index": 3}, "status": "ACTIVE"}], [{"action": "WEST", "reward": 80, "info": {}, "observation": {"remainingOverageTime": 12, "step": 70, "geese": [[6, 7, 8, 9, 20, 21, 11, 12, 13, 14, 3], [], [], [63, 64, 53, 42, 31, 30, 41, 40, 51, 50, 39, 38, 37]], "food": [23, 73], "index": 0}, "status": "ACTIVE"}, {"action": "NORTH", "reward": 31, "info": {}, "observation": {"remainingOverageTime": 12, "index": 1}, "status": "DONE"}, {"action": "NORTH", "reward": 31, "info": {}, "observation": {"remainingOverageTime": 12, "index": 2}, "status": "DONE"}, {"action": "WEST", "reward": 83, "info": {}, "observation": {"remainingOverageTime": 12, "index": 3}, "status": "ACTIVE"}], [{"action": "NORTH", "reward": 82, "info": {}, "observation": {"remainingOverageTime": 12, "step": 71, "geese": [[72, 6, 7, 8, 9, 20, 21, 11, 12, 13, 14], [], [], [62, 63, 64, 53, 42, 31, 30, 41, 40, 51, 50, 39, 38]], "food": [23, 73], "index": 0}, "status": "ACTIVE"}, {"action": "NORTH", "reward": 31, "info": {}, "observation": {"remainingOverageTime": 12, "index": 1}, "status": "DONE"}, {"action": "NORTH", "reward": 31, "info": {}, "observation": {"remainingOverageTime": 12, "index": 2}, "status": "DONE"}, {"action": "WEST", "reward": 84, "info": {}, "observation": {"remainingOverageTime": 12, "index": 3}, "status": "ACTIVE"}], [{"action": "WEST", "reward": 83, "info": {}, "observation": {"remainingOverageTime": 12, "step": 72, "geese": [[71, 72, 6, 7, 8, 9, 20, 21, 11, 12, 13], [], [], [61, 62, 63, 64, 53, 42, 31, 30, 41, 40, 51, 50, 39]], "food": [23, 73], "index": 0}, "status": "ACTIVE"}, {"action": "NORTH", "reward": 31, "info": {}, "observation": {"remainingOverageTime": 12, "index": 1}, "status": "DONE"}, {"action": "NORTH", "reward": 31, "info": {}, "observation": {"remainingOverageTime": 12, "index": 2}, "status": "DONE"}, {"action": "WEST", "reward": 85, "info": {}, "observation": {"remainingOverageTime": 12, "index": 3}, "status": "ACTIVE"}], [{"action": "WEST", "reward": 84, "info": {}, "observation": {"remainingOverageTime": 12, "step": 73, "geese": [[70, 71, 72, 6, 7, 8, 9, 20, 21, 11, 12], [], [], [60, 61, 62, 63, 64, 53, 42, 31, 30, 41, 40, 51, 50]], "food": [23, 73], "index": 0}, "status": "ACTIVE"}, {"action": "NORTH", "reward": 31, "info": {}, "observation": {"remainingOverageTime": 12, "index": 1}, "status": "DONE"}, {"action": "NORTH", "reward": 31, "info": {}, "observation": {"remainingOverageTime": 12, "index": 2}, "status": "DONE"}, {"action": "WEST", "reward": 86, "info": {}, "observation": {"remainingOverageTime": 12, "index": 3}, "status": "ACTIVE"}], [{"action": "WEST", "reward": 85, "info": {}, "observation": {"remainingOverageTime": 12, "step": 74, "geese": [[69, 70, 71, 72, 6, 7, 8, 9, 20, 21, 11], [], [], [49, 60, 61, 62, 63, 64, 53, 42, 31, 30, 41, 40, 51]], "food": [23, 73], "index": 0}, "status": "ACTIVE"}, {"action": "NORTH", "reward": 31, "info": {}, "observation": {"remainingOverageTime": 12, "index": 1}, "status": "DONE"}, {"action": "NORTH", "reward": 31, "info": {}, "observation": {"remainingOverageTime": 12, "index": 2}, "status": "DONE"}, {"action": "NORTH", "reward": 87, "info": {}, "observation": {"remainingOverageTime": 12, "index": 3}, "status": "ACTIVE"}], [{"action": "SOUTH", "reward": 86, "info": {}, "observation": {"remainingOverageTime": 12, "step": 75, "geese": [[3, 69, 70, 71, 72, 6, 7, 8, 9, 20, 21], [], [], [50, 49, 60, 61, 62, 63, 64, 53, 42, 31, 30, 41, 40]], "food": [23, 73], "index": 0}, "status": "ACTIVE"}, {"action": "NORTH", "reward": 31, "info": {}, "observation": {"remainingOverageTime": 12, "index": 1}, "status": "DONE"}, {"action": "NORTH", "reward": 31, "info": {}, "observation": {"remainingOverageTime": 12, "index": 2}, "status": "DONE"}, {"action": "EAST", "reward": 88, "info": {}, "observation": {"remainingOverageTime": 12, "index": 3}, "status": "ACTIVE"}], [{"action": "SOUTH", "reward": 87, "info": {}, "observation": {"remainingOverageTime": 12, "step": 76, "geese": [[14, 3, 69, 70, 71, 72, 6, 7, 8, 9, 20], [], [], [51, 50, 49, 60, 61, 62, 63, 64, 53, 42, 31, 30, 41]], "food": [23, 73], "index": 0}, "status": "ACTIVE"}, {"action": "NORTH", "reward": 31, "info": {}, "observation": {"remainingOverageTime": 12, "index": 1}, "status": "DONE"}, {"action": "NORTH", "reward": 31, "info": {}, "observation": {"remainingOverageTime": 12, "index": 2}, "status": "DONE"}, {"action": "EAST", "reward": 89, "info": {}, "observation": {"remainingOverageTime": 12, "index": 3}, "status": "ACTIVE"}], [{"action": "WEST", "reward": 88, "info": {}, "observation": {"remainingOverageTime": 12, "step": 77, "geese": [[13, 14, 3, 69, 70, 71, 72, 6, 7, 8, 9], [], [], [40, 51, 50, 49, 60, 61, 62, 63, 64, 53, 42, 31, 30]], "food": [23, 73], "index": 0}, "status": "ACTIVE"}, {"action": "NORTH", "reward": 31, "info": {}, "observation": {"remainingOverageTime": 12, "index": 1}, "status": "DONE"}, {"action": "NORTH", "reward": 31, "info": {}, "observation": {"remainingOverageTime": 12, "index": 2}, "status": "DONE"}, {"action": "NORTH", "reward": 90, "info": {}, "observation": {"remainingOverageTime": 12, "index": 3}, "status": "ACTIVE"}], [{"action": "WEST", "reward": 89, "info": {}, "observation": {"remainingOverageTime": 12, "step": 78, "geese": [[12, 13, 14, 3, 69, 70, 71, 72, 6, 7, 8], [], [], [41, 40, 51, 50, 49, 60, 61, 62, 63, 64, 53, 42, 31]], "food": [23, 73], "index": 0}, "status": "ACTIVE"}, {"action": "NORTH", "reward": 31, "info": {}, "observation": {"remainingOverageTime": 12, "index": 1}, "status": "DONE"}, {"action": "NORTH", "reward": 31, "info": {}, "observation": {"remainingOverageTime": 12, "index": 2}, "status": "DONE"}, {"action": "EAST", "reward": 91, "info": {}, "observation": {"remainingOverageTime": 12, "index": 3}, "status": "ACTIVE"}], [{"action": "SOUTH", "reward": 90, "info": {}, "observation": {"remainingOverageTime": 12, "step": 79, "geese": [[23, 12, 13, 14, 3, 69, 70, 71, 72, 6, 7, 8], [], [], [30, 41, 40, 51, 50, 49, 60, 61, 62, 63, 64, 53, 42]], "food": [73, 9], "index": 0}, "status": "ACTIVE"}, {"action": "NORTH", "reward": 31, "info": {}, "observation": {"remainingOverageTime": 12, "index": 1}, "status": "DONE"}, {"action": "NORTH", "reward": 31, "info": {}, "observation": {"remainingOverageTime": 12, "index": 2}, "status": "DONE"}, {"action": "NORTH", "reward": 92, "info": {}, "observation": {"remainingOverageTime": 12, "index": 3}, "status": "ACTIVE"}], [{"action": "WEST", "reward": 92, "info": {}, "observation": {"remainingOverageTime": 12, "step": 80, "geese": [[22, 23, 12, 13, 14, 3, 69, 70, 71, 72, 6], [], [], [31, 30, 41, 40, 51, 50, 49, 60, 61, 62, 63, 64]], "food": [73, 9], "index": 0}, "status": "ACTIVE"}, {"action": "NORTH", "reward": 31, "info": {}, "observation": {"remainingOverageTime": 12, "index": 1}, "status": "DONE"}, {"action": "NORTH", "reward": 31, "info": {}, "observation": {"remainingOverageTime": 12, "index": 2}, "status": "DONE"}, {"action": "EAST", "reward": 93, "info": {}, "observation": {"remainingOverageTime": 12, "index": 3}, "status": "ACTIVE"}], [{"action": "NORTH", "reward": 92, "info": {}, "observation": {"remainingOverageTime": 12, "step": 81, "geese": [[11, 22, 23, 12, 13, 14, 3, 69, 70, 71, 72], [], [], [20, 31, 30, 41, 40, 51, 50, 49, 60, 61, 62, 63]], "food": [73, 9], "index": 0}, "status": "ACTIVE"}, {"action": "NORTH", "reward": 31, "info": {}, "observation": {"remainingOverageTime": 12, "index": 1}, "status": "DONE"}, {"action": "NORTH", "reward": 31, "info": {}, "observation": {"remainingOverageTime": 12, "index": 2}, "status": "DONE"}, {"action": "NORTH", "reward": 93, "info": {}, "observation": {"remainingOverageTime": 12, "index": 3}, "status": "ACTIVE"}], [{"action": "NORTH", "reward": 93, "info": {}, "observation": {"remainingOverageTime": 12, "step": 82, "geese": [[0, 11, 22, 23, 12, 13, 14, 3, 69, 70, 71], [], [], [9, 20, 31, 30, 41, 40, 51, 50, 49, 60, 61, 62, 63]], "food": [73, 42], "index": 0}, "status": "ACTIVE"}, {"action": "NORTH", "reward": 31, "info": {}, "observation": {"remainingOverageTime": 12, "index": 1}, "status": "DONE"}, {"action": "NORTH", "reward": 31, "info": {}, "observation": {"remainingOverageTime": 12, "index": 2}, "status": "DONE"}, {"action": "NORTH", "reward": 94, "info": {}, "observation": {"remainingOverageTime": 12, "index": 3}, "status": "ACTIVE"}], [{"action": "NORTH", "reward": 94, "info": {}, "observation": {"remainingOverageTime": 12, "step": 83, "geese": [[66, 0, 11, 22, 23, 12, 13, 14, 3, 69, 70], [], [], [75, 9, 20, 31, 30, 41, 40, 51, 50, 49, 60, 61, 62]], "food": [73, 42], "index": 0}, "status": "ACTIVE"}, {"action": "NORTH", "reward": 31, "info": {}, "observation": {"remainingOverageTime": 12, "index": 1}, "status": "DONE"}, {"action": "NORTH", "reward": 31, "info": {}, "observation": {"remainingOverageTime": 12, "index": 2}, "status": "DONE"}, {"action": "NORTH", "reward": 96, "info": {}, "observation": {"remainingOverageTime": 12, "index": 3}, "status": "ACTIVE"}], [{"action": "EAST", "reward": 95, "info": {}, "observation": {"remainingOverageTime": 12, "step": 84, "geese": [[67, 66, 0, 11, 22, 23, 12, 13, 14, 3, 69], [], [], [64, 75, 9, 20, 31, 30, 41, 40, 51, 50, 49, 60, 61]], "food": [73, 42], "index": 0}, "status": "ACTIVE"}, {"action": "NORTH", "reward": 31, "info": {}, "observation": {"remainingOverageTime": 12, "index": 1}, "status": "DONE"}, {"action": "NORTH", "reward": 31, "info": {}, "observation": {"remainingOverageTime": 12, "index": 2}, "status": "DONE"}, {"action": "NORTH", "reward": 97, "info": {}, "observation": {"remainingOverageTime": 12, "index": 3}, "status": "ACTIVE"}], [{"action": "NORTH", "reward": 96, "info": {}, "observation": {"remainingOverageTime": 12, "step": 85, "geese": [[56, 67, 66, 0, 11, 22, 23, 12, 13, 14, 3], [], [], [63, 64, 75, 9, 20, 31, 30, 41, 40, 51, 50, 49, 60]], "food": [73, 42], "index": 0}, "status": "ACTIVE"}, {"action": "NORTH", "reward": 31, "info": {}, "observation": {"remainingOverageTime": 12, "index": 1}, "status": "DONE"}, {"action": "NORTH", "reward": 31, "info": {}, "observation": {"remainingOverageTime": 12, "index": 2}, "status": "DONE"}, {"action": "WEST", "reward": 98, "info": {}, "observation": {"remainingOverageTime": 12, "index": 3}, "status": "ACTIVE"}], [{"action": "NORTH", "reward": 97, "info": {}, "observation": {"remainingOverageTime": 12, "step": 86, "geese": [[45, 56, 67, 66, 0, 11, 22, 23, 12, 13, 14], [], [], [62, 63, 64, 75, 9, 20, 31, 30, 41, 40, 51, 50, 49]], "food": [73, 42], "index": 0}, "status": "ACTIVE"}, {"action": "NORTH", "reward": 31, "info": {}, "observation": {"remainingOverageTime": 12, "index": 1}, "status": "DONE"}, {"action": "NORTH", "reward": 31, "info": {}, "observation": {"remainingOverageTime": 12, "index": 2}, "status": "DONE"}, {"action": "WEST", "reward": 99, "info": {}, "observation": {"remainingOverageTime": 12, "index": 3}, "status": "ACTIVE"}], [{"action": "NORTH", "reward": 98, "info": {}, "observation": {"remainingOverageTime": 12, "step": 87, "geese": [[34, 45, 56, 67, 66, 0, 11, 22, 23, 12, 13], [], [], [61, 62, 63, 64, 75, 9, 20, 31, 30, 41, 40, 51, 50]], "food": [73, 42], "index": 0}, "status": "ACTIVE"}, {"action": "NORTH", "reward": 31, "info": {}, "observation": {"remainingOverageTime": 12, "index": 1}, "status": "DONE"}, {"action": "NORTH", "reward": 31, "info": {}, "observation": {"remainingOverageTime": 12, "index": 2}, "status": "DONE"}, {"action": "WEST", "reward": 100, "info": {}, "observation": {"remainingOverageTime": 12, "index": 3}, "status": "ACTIVE"}], [{"action": "WEST", "reward": 99, "info": {}, "observation": {"remainingOverageTime": 12, "step": 88, "geese": [[33, 34, 45, 56, 67, 66, 0, 11, 22, 23, 12], [], [], [50, 61, 62, 63, 64, 75, 9, 20, 31, 30, 41, 40, 51]], "food": [73, 42], "index": 0}, "status": "ACTIVE"}, {"action": "NORTH", "reward": 31, "info": {}, "observation": {"remainingOverageTime": 12, "index": 1}, "status": "DONE"}, {"action": "NORTH", "reward": 31, "info": {}, "observation": {"remainingOverageTime": 12, "index": 2}, "status": "DONE"}, {"action": "NORTH", "reward": 101, "info": {}, "observation": {"remainingOverageTime": 12, "index": 3}, "status": "ACTIVE"}], [{"action": "WEST", "reward": 100, "info": {}, "observation": {"remainingOverageTime": 12, "step": 89, "geese": [[43, 33, 34, 45, 56, 67, 66, 0, 11, 22, 23], [], [], [51, 50, 61, 62, 63, 64, 75, 9, 20, 31, 30, 41, 40]], "food": [73, 42], "index": 0}, "status": "ACTIVE"}, {"action": "NORTH", "reward": 31, "info": {}, "observation": {"remainingOverageTime": 12, "index": 1}, "status": "DONE"}, {"action": "NORTH", "reward": 31, "info": {}, "observation": {"remainingOverageTime": 12, "index": 2}, "status": "DONE"}, {"action": "EAST", "reward": 102, "info": {}, "observation": {"remainingOverageTime": 12, "index": 3}, "status": "ACTIVE"}], [{"action": "WEST", "reward": 101, "info": {}, "observation": {"remainingOverageTime": 12, "step": 90, "geese": [[42, 43, 33, 34, 45, 56, 67, 66, 0, 11, 22, 23], [], [], [40, 51, 50, 61, 62, 63, 64, 75, 9, 20, 31, 30, 41]], "food": [73, 36], "index": 0}, "status": "ACTIVE"}, {"action": "NORTH", "reward": 31, "info": {}, "observation": {"remainingOverageTime": 12, "index": 1}, "status": "DONE"}, {"action": "NORTH", "reward": 31, "info": {}, "observation": {"remainingOverageTime": 12, "index": 2}, "status": "DONE"}, {"action": "NORTH", "reward": 103, "info": {}, "observation": {"remainingOverageTime": 12, "index": 3}, "status": "ACTIVE"}], [{"action": "SOUTH", "reward": 103, "info": {}, "observation": {"remainingOverageTime": 12, "step": 91, "geese": [[53, 42, 43, 33, 34, 45, 56, 67, 66, 0, 11, 22], [], [], [39, 40, 51, 50, 61, 62, 63, 64, 75, 9, 20, 31, 30]], "food": [73, 36], "index": 0}, "status": "ACTIVE"}, {"action": "NORTH", "reward": 31, "info": {}, "observation": {"remainingOverageTime": 12, "index": 1}, "status": "DONE"}, {"action": "NORTH", "reward": 31, "info": {}, "observation": {"remainingOverageTime": 12, "index": 2}, "status": "DONE"}, {"action": "WEST", "reward": 104, "info": {}, "observation": {"remainingOverageTime": 12, "index": 3}, "status": "ACTIVE"}], [{"action": "WEST", "reward": 104, "info": {}, "observation": {"remainingOverageTime": 12, "step": 92, "geese": [[52, 53, 42, 43, 33, 34, 45, 56, 67, 66, 0, 11], [], [], [28, 39, 40, 51, 50, 61, 62, 63, 64, 75, 9, 20, 31]], "food": [73, 36], "index": 0}, "status": "ACTIVE"}, {"action": "NORTH", "reward": 31, "info": {}, "observation": {"remainingOverageTime": 12, "index": 1}, "status": "DONE"}, {"action": "NORTH", "reward": 31, "info": {}, "observation": {"remainingOverageTime": 12, "index": 2}, "status": "DONE"}, {"action": "NORTH", "reward": 105, "info": {}, "observation": {"remainingOverageTime": 12, "index": 3}, "status": "ACTIVE"}], [{"action": "NORTH", "reward": 105, "info": {}, "observation": {"remainingOverageTime": 12, "step": 93, "geese": [[41, 52, 53, 42, 43, 33, 34, 45, 56, 67, 66, 0], [], [], [29, 28, 39, 40, 51, 50, 61, 62, 63, 64, 75, 9, 20]], "food": [73, 36], "index": 0}, "status": "ACTIVE"}, {"action": "NORTH", "reward": 31, "info": {}, "observation": {"remainingOverageTime": 12, "index": 1}, "status": "DONE"}, {"action": "NORTH", "reward": 31, "info": {}, "observation": {"remainingOverageTime": 12, "index": 2}, "status": "DONE"}, {"action": "EAST", "reward": 106, "info": {}, "observation": {"remainingOverageTime": 12, "index": 3}, "status": "ACTIVE"}], [{"action": "NORTH", "reward": 106, "info": {}, "observation": {"remainingOverageTime": 12, "step": 94, "geese": [[30, 41, 52, 53, 42, 43, 33, 34, 45, 56, 67, 66], [], [], [18, 29, 28, 39, 40, 51, 50, 61, 62, 63, 64, 75, 9]], "food": [73, 36], "index": 0}, "status": "ACTIVE"}, {"action": "NORTH", "reward": 31, "info": {}, "observation": {"remainingOverageTime": 12, "index": 1}, "status": "DONE"}, {"action": "NORTH", "reward": 31, "info": {}, "observation": {"remainingOverageTime": 12, "index": 2}, "status": "DONE"}, {"action": "NORTH", "reward": 107, "info": {}, "observation": {"remainingOverageTime": 12, "index": 3}, "status": "ACTIVE"}], [{"action": "EAST", "reward": 107, "info": {}, "observation": {"remainingOverageTime": 12, "step": 95, "geese": [[31, 30, 41, 52, 53, 42, 43, 33, 34, 45, 56, 67], [], [], [7, 18, 29, 28, 39, 40, 51, 50, 61, 62, 63, 64, 75]], "food": [73, 36], "index": 0}, "status": "ACTIVE"}, {"action": "NORTH", "reward": 31, "info": {}, "observation": {"remainingOverageTime": 12, "index": 1}, "status": "DONE"}, {"action": "NORTH", "reward": 31, "info": {}, "observation": {"remainingOverageTime": 12, "index": 2}, "status": "DONE"}, {"action": "NORTH", "reward": 108, "info": {}, "observation": {"remainingOverageTime": 12, "index": 3}, "status": "ACTIVE"}], [{"action": "NORTH", "reward": 108, "info": {}, "observation": {"remainingOverageTime": 12, "step": 96, "geese": [[20, 31, 30, 41, 52, 53, 42, 43, 33, 34, 45, 56], [], [], [6, 7, 18, 29, 28, 39, 40, 51, 50, 61, 62, 63, 64]], "food": [73, 36], "index": 0}, "status": "ACTIVE"}, {"action": "NORTH", "reward": 31, "info": {}, "observation": {"remainingOverageTime": 12, "index": 1}, "status": "DONE"}, {"action": "NORTH", "reward": 31, "info": {}, "observation": {"remainingOverageTime": 12, "index": 2}, "status": "DONE"}, {"action": "WEST", "reward": 109, "info": {}, "observation": {"remainingOverageTime": 12, "index": 3}, "status": "ACTIVE"}], [{"action": "WEST", "reward": 109, "info": {}, "observation": {"remainingOverageTime": 12, "step": 97, "geese": [[19, 20, 31, 30, 41, 52, 53, 42, 43, 33, 34, 45], [], [], [72, 6, 7, 18, 29, 28, 39, 40, 51, 50, 61, 62, 63]], "food": [73, 36], "index": 0}, "status": "ACTIVE"}, {"action": "NORTH", "reward": 31, "info": {}, "observation": {"remainingOverageTime": 12, "index": 1}, "status": "DONE"}, {"action": "NORTH", "reward": 31, "info": {}, "observation": {"remainingOverageTime": 12, "index": 2}, "status": "DONE"}, {"action": "NORTH", "reward": 110, "info": {}, "observation": {"remainingOverageTime": 12, "index": 3}, "status": "ACTIVE"}], [{"action": "NORTH", "reward": 110, "info": {}, "observation": {"remainingOverageTime": 12, "step": 98, "geese": [[8, 19, 20, 31, 30, 41, 52, 53, 42, 43, 33, 34], [], [], [71, 72, 6, 7, 18, 29, 28, 39, 40, 51, 50, 61, 62]], "food": [73, 36], "index": 0}, "status": "ACTIVE"}, {"action": "NORTH", "reward": 31, "info": {}, "observation": {"remainingOverageTime": 12, "index": 1}, "status": "DONE"}, {"action": "NORTH", "reward": 31, "info": {}, "observation": {"remainingOverageTime": 12, "index": 2}, "status": "DONE"}, {"action": "WEST", "reward": 111, "info": {}, "observation": {"remainingOverageTime": 12, "index": 3}, "status": "ACTIVE"}], [{"action": "NORTH", "reward": 111, "info": {}, "observation": {"remainingOverageTime": 12, "step": 99, "geese": [[74, 8, 19, 20, 31, 30, 41, 52, 53, 42, 43, 33], [], [], [70, 71, 72, 6, 7, 18, 29, 28, 39, 40, 51, 50, 61]], "food": [73, 36], "index": 0}, "status": "ACTIVE"}, {"action": "NORTH", "reward": 31, "info": {}, "observation": {"remainingOverageTime": 12, "index": 1}, "status": "DONE"}, {"action": "NORTH", "reward": 31, "info": {}, "observation": {"remainingOverageTime": 12, "index": 2}, "status": "DONE"}, {"action": "WEST", "reward": 112, "info": {}, "observation": {"remainingOverageTime": 12, "index": 3}, "status": "ACTIVE"}], [{"action": "WEST", "reward": 112, "info": {}, "observation": {"remainingOverageTime": 12, "step": 100, "geese": [[73, 74, 8, 19, 20, 31, 30, 41, 52, 53, 42, 43, 33], [], [], [59, 70, 71, 72, 6, 7, 18, 29, 28, 39, 40, 51, 50]], "food": [36, 61], "index": 0}, "status": "ACTIVE"}, {"action": "NORTH", "reward": 31, "info": {}, "observation": {"remainingOverageTime": 12, "index": 1}, "status": "DONE"}, {"action": "NORTH", "reward": 31, "info": {}, "observation": {"remainingOverageTime": 12, "index": 2}, "status": "DONE"}, {"action": "NORTH", "reward": 113, "info": {}, "observation": {"remainingOverageTime": 12, "index": 3}, "status": "ACTIVE"}], [{"action": "NORTH", "reward": 114, "info": {}, "observation": {"remainingOverageTime": 12, "step": 101, "geese": [[62, 73, 74, 8, 19, 20, 31, 30, 41, 52, 53, 42, 43], [], [], [48, 59, 70, 71, 72, 6, 7, 18, 29, 28, 39, 40, 51]], "food": [36, 61], "index": 0}, "status": "ACTIVE"}, {"action": "NORTH", "reward": 31, "info": {}, "observation": {"remainingOverageTime": 12, "index": 1}, "status": "DONE"}, {"action": "NORTH", "reward": 31, "info": {}, "observation": {"remainingOverageTime": 12, "index": 2}, "status": "DONE"}, {"action": "NORTH", "reward": 114, "info": {}, "observation": {"remainingOverageTime": 12, "index": 3}, "status": "ACTIVE"}], [{"action": "NORTH", "reward": 115, "info": {}, "observation": {"remainingOverageTime": 12, "step": 102, "geese": [[51, 62, 73, 74, 8, 19, 20, 31, 30, 41, 52, 53, 42], [], [], [49, 48, 59, 70, 71, 72, 6, 7, 18, 29, 28, 39, 40]], "food": [36, 61], "index": 0}, "status": "ACTIVE"}, {"action": "NORTH", "reward": 31, "info": {}, "observation": {"remainingOverageTime": 12, "index": 1}, "status": "DONE"}, {"action": "NORTH", "reward": 31, "info": {}, "observation": {"remainingOverageTime": 12, "index": 2}, "status": "DONE"}, {"action": "EAST", "reward": 115, "info": {}, "observation": {"remainingOverageTime": 12, "index": 3}, "status": "ACTIVE"}], [{"action": "NORTH", "reward": 116, "info": {}, "observation": {"remainingOverageTime": 12, "step": 103, "geese": [[40, 51, 62, 73, 74, 8, 19, 20, 31, 30, 41, 52, 53], [], [], [60, 49, 48, 59, 70, 71, 72, 6, 7, 18, 29, 28, 39]], "food": [36, 61], "index": 0}, "status": "ACTIVE"}, {"action": "NORTH", "reward": 31, "info": {}, "observation": {"remainingOverageTime": 12, "index": 1}, "status": "DONE"}, {"action": "NORTH", "reward": 31, "info": {}, "observation": {"remainingOverageTime": 12, "index": 2}, "status": "DONE"}, {"action": "SOUTH", "reward": 116, "info": {}, "observation": {"remainingOverageTime": 12, "index": 3}, "status": "ACTIVE"}], [{"action": "WEST", "reward": 117, "info": {}, "observation": {"remainingOverageTime": 12, "step": 104, "geese": [[], [], [], []], "food": [36, 8], "index": 0}, "status": "DONE"}, {"action": "NORTH", "reward": 31, "info": {}, "observation": {"remainingOverageTime": 12, "index": 1}, "status": "DONE"}, {"action": "NORTH", "reward": 31, "info": {}, "observation": {"remainingOverageTime": 12, "index": 2}, "status": "DONE"}, {"action": "EAST", "reward": 117, "info": {}, "observation": {"remainingOverageTime": 12, "index": 3}, "status": "DONE"}]], "rewards": [117, 31, 31, 117], "statuses": ["DONE", "DONE", "DONE", "DONE"], "schema_version": 1, "info": {}}