{"id": "582315a0-db08-11ee-b332-0242ac1c000c", "name": "hungry_geese", "title": "Hungry Geese", "description": "Similar to the classic snake game with multiple players", "version": "1.0.0", "configuration": {"episodeSteps": 200, "actTimeout": 1, "runTimeout": 1200, "columns": 11, "rows": 7, "hunger_rate": 40, "min_food": 2, "max_length": 99}, "specification": {"action": {"description": "Direction to move the head of your players goose.", "type": "string", "enum": ["NORTH", "EAST", "SOUTH", "WEST"], "default": "NORTH"}, "agents": [1, 2, 3, 4, 5, 6, 7, 8], "configuration": {"episodeSteps": {"description": "Maximum number of steps in the episode.", "type": "integer", "minimum": 1, "default": 200}, "actTimeout": {"description": "Maximum runtime (seconds) to obtain an action from an agent.", "type": "number", "minimum": 0, "default": 1}, "runTimeout": {"description": "Maximum runtime (seconds) of an episode (not necessarily DONE).", "type": "number", "minimum": 0, "default": 1200}, "columns": {"description": "Horizontal number of cells on the board.", "type": "integer", "default": 11, "minimum": 3}, "rows": {"description": "Vertical number of cells on the board.", "type": "integer", "default": 7, "minimum": 3}, "hunger_rate": {"description": "The number of steps before the goose shrinks a cell.", "type": "integer", "minimum": 1, "default": 40}, "min_food": {"description": "The minimum amount of food present for all steps.", "type": "integer", "default": 2, "minimum": 1}, "max_length": {"description": "The max length any goose can be. Total reward = (max length + 1) * steps survived + goose length.", "type": "integer", "default": 99}}, "info": {}, "observation": {"remainingOverageTime": {"description": "Total remaining banked time (seconds) that can be used in excess of per-step actTimeouts -- agent is disqualified with TIMEOUT status when this drops below 0.", "shared": false, "type": "number", "minimum": 0, "default": 60}, "step": {"description": "Current step within the episode.", "type": "integer", "shared": true, "minimum": 0, "default": 0}, "geese": {"description": "List of geese in order by the agent index.", "type": "array", "default": [], "shared": true}, "food": {"description": "Positions on the board where food is present.", "type": "array", "default": [], "shared": true}, "index": {"description": "Index of the current agent's goose in the list of geese.", "type": "integer", "minimum": 0, "defaults": [0, 1, 2, 3, 4, 5, 6, 7]}}, "reward": {"description": "steps survived * (max goose length + 1) + current goose length.", "type": ["number", "null"], "default": 0, "minimum": 0}}, "steps": [[{"action": "NORTH", "reward": 0, "info": {}, "observation": {"remainingOverageTime": 60, "step": 0, "geese": [[43], [0], [54], [4]], "food": [47, 52], "index": 0}, "status": "ACTIVE"}, {"action": "NORTH", "reward": 0, "info": {}, "observation": {"remainingOverageTime": 60, "index": 1}, "status": "ACTIVE"}, {"action": "NORTH", "reward": 0, "info": {}, "observation": {"remainingOverageTime": 60, "index": 2}, "status": "ACTIVE"}, {"action": "NORTH", "reward": 0, "info": {}, "observation": {"remainingOverageTime": 60, "index": 3}, "status": "ACTIVE"}], [{"action": "WEST", "reward": 201, "info": {}, "observation": {"remainingOverageTime": 60, "step": 1, "geese": [[42], [66], [53], [15]], "food": [47, 52], "index": 0}, "status": "ACTIVE"}, {"action": "NORTH", "reward": 201, "info": {}, "observation": {"remainingOverageTime": 60, "index": 1}, "status": "ACTIVE"}, {"action": "WEST", "reward": 201, "info": {}, "observation": {"remainingOverageTime": 60, "index": 2}, "status": "ACTIVE"}, {"action": "SOUTH", "reward": 201, "info": {}, "observation": {"remainingOverageTime": 60, "index": 3}, "status": "ACTIVE"}], [{"action": "WEST", "reward": 301, "info": {}, "observation": {"remainingOverageTime": 60, "step": 2, "geese": [[41], [55], [52, 53], [26]], "food": [47, 73], "index": 0}, "status": "ACTIVE"}, {"action": "NORTH", "reward": 301, "info": {}, "observation": {"remainingOverageTime": 60, "index": 1}, "status": "ACTIVE"}, {"action": "WEST", "reward": 302, "info": {}, "observation": {"remainingOverageTime": 60, "index": 2}, "status": "ACTIVE"}, {"action": "SOUTH", "reward": 301, "info": {}, "observation": {"remainingOverageTime": 60, "index": 3}, "status": "ACTIVE"}], [{"action": "WEST", "reward": 401, "info": {}, "observation": {"remainingOverageTime": 60, "step": 3, "geese": [[40], [44], [63, 52], [37]], "food": [47, 73], "index": 0}, "status": "ACTIVE"}, {"action": "NORTH", "reward": 401, "info": {}, "observation": {"remainingOverageTime": 60, "index": 1}, "status": "ACTIVE"}, {"action": "SOUTH", "reward": 402, "info": {}, "observation": {"remainingOverageTime": 60, "index": 2}, "status": "ACTIVE"}, {"action": "SOUTH", "reward": 401, "info": {}, "observation": {"remainingOverageTime": 60, "index": 3}, "status": "ACTIVE"}], [{"action": "NORTH", "reward": 501, "info": {}, "observation": {"remainingOverageTime": 60, "step": 4, "geese": [[29], [45], [74, 63], [48]], "food": [47, 73], "index": 0}, "status": "ACTIVE"}, {"action": "EAST", "reward": 501, "info": {}, "observation": {"remainingOverageTime": 60, "index": 1}, "status": "ACTIVE"}, {"action": "SOUTH", "reward": 502, "info": {}, "observation": {"remainingOverageTime": 60, "index": 2}, "status": "ACTIVE"}, {"action": "SOUTH", "reward": 501, "info": {}, "observation": {"remainingOverageTime": 60, "index": 3}, "status": "ACTIVE"}], [{"action": "SOUTH", "reward": 501, "info": {}, "observation": {"remainingOverageTime": 60, "step": 5, "geese": [[], [46], [73, 74, 63], [47, 48]], "food": [75, 8], "index": 0}, "status": "DONE"}, {"action": "EAST", "reward": 601, "info": {}, "observation": {"remainingOverageTime": 60, "index": 1}, "status": "ACTIVE"}, {"action": "WEST", "reward": 603, "info": {}, "observation": {"remainingOverageTime": 60, "index": 2}, "status": "ACTIVE"}, {"action": "WEST", "reward": 602, "info": {}, "observation": {"remainingOverageTime": 60, "index": 3}, "status": "ACTIVE"}], [{"action": "NORTH", "reward": 501, "info": {}, "observation": {"remainingOverageTime": 60, "step": 6, "geese": [[], [57], [7, 73, 74], []], "food": [75, 8], "index": 0}, "status": "DONE"}, {"action": "SOUTH", "reward": 701, "info": {}, "observation": {"remainingOverageTime": 60, "index": 1}, "status": "ACTIVE"}, {"action": "SOUTH", "reward": 703, "info": {}, "observation": {"remainingOverageTime": 60, "index": 2}, "status": "ACTIVE"}, {"action": "EAST", "reward": 602, "info": {}, "observation": {"remainingOverageTime": 60, "index": 3}, "status": "DONE"}], [{"action": "NORTH", "reward": 501, "info": {}, "observation": {"remainingOverageTime": 60, "step": 7, "geese": [[], [58], [8, 7, 73, 74], []], "food": [75, 60], "index": 0}, "status": "DONE"}, {"action": "EAST", "reward": 801, "info": {}, "observation": {"remainingOverageTime": 60, "index": 1}, "status": "ACTIVE"}, {"action": "EAST", "reward": 804, "info": {}, "observation": {"remainingOverageTime": 60, "index": 2}, "status": "ACTIVE"}, {"action": "NORTH", "reward": 602, "info": {}, "observation": {"remainingOverageTime": 60, "index": 3}, "status": "DONE"}], [{"action": "NORTH", "reward": 501, "info": {}, "observation": {"remainingOverageTime": 60, "step": 8, "geese": [[], [59], [74, 8, 7, 73], []], "food": [75, 60], "index": 0}, "status": "DONE"}, {"action": "EAST", "reward": 901, "info": {}, "observation": {"remainingOverageTime": 60, "index": 1}, "status": "ACTIVE"}, {"action": "NORTH", "reward": 904, "info": {}, "observation": {"remainingOverageTime": 60, "index": 2}, "status": "ACTIVE"}, {"action": "NORTH", "reward": 602, "info": {}, "observation": {"remainingOverageTime": 60, "index": 3}, "status": "DONE"}], [{"action": "NORTH", "reward": 501, "info": {}, "observation": {"remainingOverageTime": 60, "step": 9, "geese": [[], [60, 59], [75, 74, 8, 7, 73], []], "food": [6, 27], "index": 0}, "status": "DONE"}, {"action": "EAST", "reward": 1002, "info": {}, "observation": {"remainingOverageTime": 60, "index": 1}, "status": "ACTIVE"}, {"action": "EAST", "reward": 1005, "info": {}, "observation": {"remainingOverageTime": 60, "index": 2}, "status": "ACTIVE"}, {"action": "NORTH", "reward": 602, "info": {}, "observation": {"remainingOverageTime": 60, "index": 3}, "status": "DONE"}], [{"action": "NORTH", "reward": 501, "info": {}, "observation": {"remainingOverageTime": 60, "step": 10, "geese": [[], [49, 60], [9, 75, 74, 8, 7], []], "food": [6, 27], "index": 0}, "status": "DONE"}, {"action": "NORTH", "reward": 1102, "info": {}, "observation": {"remainingOverageTime": 60, "index": 1}, "status": "ACTIVE"}, {"action": "SOUTH", "reward": 1105, "info": {}, "observation": {"remainingOverageTime": 60, "index": 2}, "status": "ACTIVE"}, {"action": "NORTH", "reward": 602, "info": {}, "observation": {"remainingOverageTime": 60, "index": 3}, "status": "DONE"}], [{"action": "NORTH", "reward": 501, "info": {}, "observation": {"remainingOverageTime": 60, "step": 11, "geese": [[], [38, 49], [10, 9, 75, 74, 8], []], "food": [6, 27], "index": 0}, "status": "DONE"}, {"action": "NORTH", "reward": 1202, "info": {}, "observation": {"remainingOverageTime": 60, "index": 1}, "status": "ACTIVE"}, {"action": "EAST", "reward": 1205, "info": {}, "observation": {"remainingOverageTime": 60, "index": 2}, "status": "ACTIVE"}, {"action": "NORTH", "reward": 602, "info": {}, "observation": {"remainingOverageTime": 60, "index": 3}, "status": "DONE"}], [{"action": "NORTH", "reward": 501, "info": {}, "observation": {"remainingOverageTime": 60, "step": 12, "geese": [[], [27, 38, 49], [21, 10, 9, 75, 74], []], "food": [6, 32], "index": 0}, "status": "DONE"}, {"action": "NORTH", "reward": 1303, "info": {}, "observation": {"remainingOverageTime": 60, "index": 1}, "status": "ACTIVE"}, {"action": "SOUTH", "reward": 1305, "info": {}, "observation": {"remainingOverageTime": 60, "index": 2}, "status": "ACTIVE"}, {"action": "NORTH", "reward": 602, "info": {}, "observation": {"remainingOverageTime": 60, "index": 3}, "status": "DONE"}], [{"action": "NORTH", "reward": 501, "info": {}, "observation": {"remainingOverageTime": 60, "step": 13, "geese": [[], [16, 27, 38], [32, 21, 10, 9, 75, 74], []], "food": [6, 64], "index": 0}, "status": "DONE"}, {"action": "NORTH", "reward": 1403, "info": {}, "observation": {"remainingOverageTime": 60, "index": 1}, "status": "ACTIVE"}, {"action": "SOUTH", "reward": 1406, "info": {}, "observation": {"remainingOverageTime": 60, "index": 2}, "status": "ACTIVE"}, {"action": "NORTH", "reward": 602, "info": {}, "observation": {"remainingOverageTime": 60, "index": 3}, "status": "DONE"}], [{"action": "NORTH", "reward": 501, "info": {}, "observation": {"remainingOverageTime": 60, "step": 14, "geese": [[], [5, 16, 27], [43, 32, 21, 10, 9, 75], []], "food": [6, 64], "index": 0}, "status": "DONE"}, {"action": "NORTH", "reward": 1503, "info": {}, "observation": {"remainingOverageTime": 60, "index": 1}, "status": "ACTIVE"}, {"action": "SOUTH", "reward": 1506, "info": {}, "observation": {"remainingOverageTime": 60, "index": 2}, "status": "ACTIVE"}, {"action": "NORTH", "reward": 602, "info": {}, "observation": {"remainingOverageTime": 60, "index": 3}, "status": "DONE"}], [{"action": "NORTH", "reward": 501, "info": {}, "observation": {"remainingOverageTime": 60, "step": 15, "geese": [[], [6, 5, 16, 27], [54, 43, 32, 21, 10, 9], []], "food": [64, 63], "index": 0}, "status": "DONE"}, {"action": "EAST", "reward": 1604, "info": {}, "observation": {"remainingOverageTime": 60, "index": 1}, "status": "ACTIVE"}, {"action": "SOUTH", "reward": 1606, "info": {}, "observation": {"remainingOverageTime": 60, "index": 2}, "status": "ACTIVE"}, {"action": "NORTH", "reward": 602, "info": {}, "observation": {"remainingOverageTime": 60, "index": 3}, "status": "DONE"}], [{"action": "NORTH", "reward": 501, "info": {}, "observation": {"remainingOverageTime": 60, "step": 16, "geese": [[], [72, 6, 5, 16], [65, 54, 43, 32, 21, 10], []], "food": [64, 63], "index": 0}, "status": "DONE"}, {"action": "NORTH", "reward": 1704, "info": {}, "observation": {"remainingOverageTime": 60, "index": 1}, "status": "ACTIVE"}, {"action": "SOUTH", "reward": 1706, "info": {}, "observation": {"remainingOverageTime": 60, "index": 2}, "status": "ACTIVE"}, {"action": "NORTH", "reward": 602, "info": {}, "observation": {"remainingOverageTime": 60, "index": 3}, "status": "DONE"}], [{"action": "NORTH", "reward": 501, "info": {}, "observation": {"remainingOverageTime": 60, "step": 17, "geese": [[], [61, 72, 6, 5], [64, 65, 54, 43, 32, 21, 10], []], "food": [63, 26], "index": 0}, "status": "DONE"}, {"action": "NORTH", "reward": 1804, "info": {}, "observation": {"remainingOverageTime": 60, "index": 1}, "status": "ACTIVE"}, {"action": "WEST", "reward": 1807, "info": {}, "observation": {"remainingOverageTime": 60, "index": 2}, "status": "ACTIVE"}, {"action": "NORTH", "reward": 602, "info": {}, "observation": {"remainingOverageTime": 60, "index": 3}, "status": "DONE"}], [{"action": "NORTH", "reward": 501, "info": {}, "observation": {"remainingOverageTime": 60, "step": 18, "geese": [[], [62, 61, 72, 6], [63, 64, 65, 54, 43, 32, 21, 10], []], "food": [26, 25], "index": 0}, "status": "DONE"}, {"action": "EAST", "reward": 1904, "info": {}, "observation": {"remainingOverageTime": 60, "index": 1}, "status": "ACTIVE"}, {"action": "WEST", "reward": 1908, "info": {}, "observation": {"remainingOverageTime": 60, "index": 2}, "status": "ACTIVE"}, {"action": "NORTH", "reward": 602, "info": {}, "observation": {"remainingOverageTime": 60, "index": 3}, "status": "DONE"}], [{"action": "NORTH", "reward": 501, "info": {}, "observation": {"remainingOverageTime": 60, "step": 19, "geese": [[], [51, 62, 61, 72], [52, 63, 64, 65, 54, 43, 32, 21], []], "food": [26, 25], "index": 0}, "status": "DONE"}, {"action": "NORTH", "reward": 2004, "info": {}, "observation": {"remainingOverageTime": 60, "index": 1}, "status": "ACTIVE"}, {"action": "NORTH", "reward": 2008, "info": {}, "observation": {"remainingOverageTime": 60, "index": 2}, "status": "ACTIVE"}, {"action": "NORTH", "reward": 602, "info": {}, "observation": {"remainingOverageTime": 60, "index": 3}, "status": "DONE"}], [{"action": "NORTH", "reward": 501, "info": {}, "observation": {"remainingOverageTime": 60, "step": 20, "geese": [[], [40, 51, 62, 61], [41, 52, 63, 64, 65, 54, 43, 32], []], "food": [26, 25], "index": 0}, "status": "DONE"}, {"action": "NORTH", "reward": 2104, "info": {}, "observation": {"remainingOverageTime": 60, "index": 1}, "status": "ACTIVE"}, {"action": "NORTH", "reward": 2108, "info": {}, "observation": {"remainingOverageTime": 60, "index": 2}, "status": "ACTIVE"}, {"action": "NORTH", "reward": 602, "info": {}, "observation": {"remainingOverageTime": 60, "index": 3}, "status": "DONE"}], [{"action": "NORTH", "reward": 501, "info": {}, "observation": {"remainingOverageTime": 60, "step": 21, "geese": [[], [29, 40, 51, 62], [30, 41, 52, 63, 64, 65, 54, 43], []], "food": [26, 25], "index": 0}, "status": "DONE"}, {"action": "NORTH", "reward": 2204, "info": {}, "observation": {"remainingOverageTime": 60, "index": 1}, "status": "ACTIVE"}, {"action": "NORTH", "reward": 2208, "info": {}, "observation": {"remainingOverageTime": 60, "index": 2}, "status": "ACTIVE"}, {"action": "NORTH", "reward": 602, "info": {}, "observation": {"remainingOverageTime": 60, "index": 3}, "status": "DONE"}], [{"action": "NORTH", "reward": 501, "info": {}, "observation": {"remainingOverageTime": 60, "step": 22, "geese": [[], [28, 29, 40, 51], [19, 30, 41, 52, 63, 64, 65, 54], []], "food": [26, 25], "index": 0}, "status": "DONE"}, {"action": "WEST", "reward": 2304, "info": {}, "observation": {"remainingOverageTime": 60, "index": 1}, "status": "ACTIVE"}, {"action": "NORTH", "reward": 2308, "info": {}, "observation": {"remainingOverageTime": 60, "index": 2}, "status": "ACTIVE"}, {"action": "NORTH", "reward": 602, "info": {}, "observation": {"remainingOverageTime": 60, "index": 3}, "status": "DONE"}], [{"action": "NORTH", "reward": 501, "info": {}, "observation": {"remainingOverageTime": 60, "step": 23, "geese": [[], [27, 28, 29, 40], [18, 19, 30, 41, 52, 63, 64, 65], []], "food": [26, 25], "index": 0}, "status": "DONE"}, {"action": "WEST", "reward": 2404, "info": {}, "observation": {"remainingOverageTime": 60, "index": 1}, "status": "ACTIVE"}, {"action": "WEST", "reward": 2408, "info": {}, "observation": {"remainingOverageTime": 60, "index": 2}, "status": "ACTIVE"}, {"action": "NORTH", "reward": 602, "info": {}, "observation": {"remainingOverageTime": 60, "index": 3}, "status": "DONE"}], [{"action": "NORTH", "reward": 501, "info": {}, "observation": {"remainingOverageTime": 60, "step": 24, "geese": [[], [26, 27, 28, 29, 40], [17, 18, 19, 30, 41, 52, 63, 64], []], "food": [25, 47], "index": 0}, "status": "DONE"}, {"action": "WEST", "reward": 2505, "info": {}, "observation": {"remainingOverageTime": 60, "index": 1}, "status": "ACTIVE"}, {"action": "WEST", "reward": 2508, "info": {}, "observation": {"remainingOverageTime": 60, "index": 2}, "status": "ACTIVE"}, {"action": "NORTH", "reward": 602, "info": {}, "observation": {"remainingOverageTime": 60, "index": 3}, "status": "DONE"}], [{"action": "NORTH", "reward": 501, "info": {}, "observation": {"remainingOverageTime": 60, "step": 25, "geese": [[], [25, 26, 27, 28, 29, 40], [16, 17, 18, 19, 30, 41, 52, 63], []], "food": [47, 1], "index": 0}, "status": "DONE"}, {"action": "WEST", "reward": 2606, "info": {}, "observation": {"remainingOverageTime": 60, "index": 1}, "status": "ACTIVE"}, {"action": "WEST", "reward": 2608, "info": {}, "observation": {"remainingOverageTime": 60, "index": 2}, "status": "ACTIVE"}, {"action": "NORTH", "reward": 602, "info": {}, "observation": {"remainingOverageTime": 60, "index": 3}, "status": "DONE"}], [{"action": "NORTH", "reward": 501, "info": {}, "observation": {"remainingOverageTime": 60, "step": 26, "geese": [[], [36, 25, 26, 27, 28, 29], [5, 16, 17, 18, 19, 30, 41, 52], []], "food": [47, 1], "index": 0}, "status": "DONE"}, {"action": "SOUTH", "reward": 2706, "info": {}, "observation": {"remainingOverageTime": 60, "index": 1}, "status": "ACTIVE"}, {"action": "NORTH", "reward": 2708, "info": {}, "observation": {"remainingOverageTime": 60, "index": 2}, "status": "ACTIVE"}, {"action": "NORTH", "reward": 602, "info": {}, "observation": {"remainingOverageTime": 60, "index": 3}, "status": "DONE"}], [{"action": "NORTH", "reward": 501, "info": {}, "observation": {"remainingOverageTime": 60, "step": 27, "geese": [[], [47, 36, 25, 26, 27, 28, 29], [4, 5, 16, 17, 18, 19, 30, 41], []], "food": [1, 6], "index": 0}, "status": "DONE"}, {"action": "SOUTH", "reward": 2807, "info": {}, "observation": {"remainingOverageTime": 60, "index": 1}, "status": "ACTIVE"}, {"action": "WEST", "reward": 2808, "info": {}, "observation": {"remainingOverageTime": 60, "index": 2}, "status": "ACTIVE"}, {"action": "NORTH", "reward": 602, "info": {}, "observation": {"remainingOverageTime": 60, "index": 3}, "status": "DONE"}], [{"action": "NORTH", "reward": 501, "info": {}, "observation": {"remainingOverageTime": 60, "step": 28, "geese": [[], [46, 47, 36, 25, 26, 27, 28], [3, 4, 5, 16, 17, 18, 19, 30], []], "food": [1, 6], "index": 0}, "status": "DONE"}, {"action": "WEST", "reward": 2907, "info": {}, "observation": {"remainingOverageTime": 60, "index": 1}, "status": "ACTIVE"}, {"action": "WEST", "reward": 2908, "info": {}, "observation": {"remainingOverageTime": 60, "index": 2}, "status": "ACTIVE"}, {"action": "NORTH", "reward": 602, "info": {}, "observation": {"remainingOverageTime": 60, "index": 3}, "status": "DONE"}], [{"action": "NORTH", "reward": 501, "info": {}, "observation": {"remainingOverageTime": 60, "step": 29, "geese": [[], [35, 46, 47, 36, 25, 26, 27], [2, 3, 4, 5, 16, 17, 18, 19], []], "food": [1, 6], "index": 0}, "status": "DONE"}, {"action": "NORTH", "reward": 3007, "info": {}, "observation": {"remainingOverageTime": 60, "index": 1}, "status": "ACTIVE"}, {"action": "WEST", "reward": 3008, "info": {}, "observation": {"remainingOverageTime": 60, "index": 2}, "status": "ACTIVE"}, {"action": "NORTH", "reward": 602, "info": {}, "observation": {"remainingOverageTime": 60, "index": 3}, "status": "DONE"}], [{"action": "NORTH", "reward": 501, "info": {}, "observation": {"remainingOverageTime": 60, "step": 30, "geese": [[], [24, 35, 46, 47, 36, 25, 26], [1, 2, 3, 4, 5, 16, 17, 18, 19], []], "food": [6, 48], "index": 0}, "status": "DONE"}, {"action": "NORTH", "reward": 3107, "info": {}, "observation": {"remainingOverageTime": 60, "index": 1}, "status": "ACTIVE"}, {"action": "WEST", "reward": 3109, "info": {}, "observation": {"remainingOverageTime": 60, "index": 2}, "status": "ACTIVE"}, {"action": "NORTH", "reward": 602, "info": {}, "observation": {"remainingOverageTime": 60, "index": 3}, "status": "DONE"}], [{"action": "NORTH", "reward": 501, "info": {}, "observation": {"remainingOverageTime": 60, "step": 31, "geese": [[], [13, 24, 35, 46, 47, 36, 25], [67, 1, 2, 3, 4, 5, 16, 17, 18], []], "food": [6, 48], "index": 0}, "status": "DONE"}, {"action": "NORTH", "reward": 3207, "info": {}, "observation": {"remainingOverageTime": 60, "index": 1}, "status": "ACTIVE"}, {"action": "NORTH", "reward": 3209, "info": {}, "observation": {"remainingOverageTime": 60, "index": 2}, "status": "ACTIVE"}, {"action": "NORTH", "reward": 602, "info": {}, "observation": {"remainingOverageTime": 60, "index": 3}, "status": "DONE"}], [{"action": "NORTH", "reward": 501, "info": {}, "observation": {"remainingOverageTime": 60, "step": 32, "geese": [[], [14, 13, 24, 35, 46, 47, 36], [56, 67, 1, 2, 3, 4, 5, 16, 17], []], "food": [6, 48], "index": 0}, "status": "DONE"}, {"action": "EAST", "reward": 3307, "info": {}, "observation": {"remainingOverageTime": 60, "index": 1}, "status": "ACTIVE"}, {"action": "NORTH", "reward": 3309, "info": {}, "observation": {"remainingOverageTime": 60, "index": 2}, "status": "ACTIVE"}, {"action": "NORTH", "reward": 602, "info": {}, "observation": {"remainingOverageTime": 60, "index": 3}, "status": "DONE"}], [{"action": "NORTH", "reward": 501, "info": {}, "observation": {"remainingOverageTime": 60, "step": 33, "geese": [[], [15, 14, 13, 24, 35, 46, 47], [45, 56, 67, 1, 2, 3, 4, 5, 16], []], "food": [6, 48], "index": 0}, "status": "DONE"}, {"action": "EAST", "reward": 3407, "info": {}, "observation": {"remainingOverageTime": 60, "index": 1}, "status": "ACTIVE"}, {"action": "NORTH", "reward": 3409, "info": {}, "observation": {"remainingOverageTime": 60, "index": 2}, "status": "ACTIVE"}, {"action": "NORTH", "reward": 602, "info": {}, "observation": {"remainingOverageTime": 60, "index": 3}, "status": "DONE"}], [{"action": "NORTH", "reward": 501, "info": {}, "observation": {"remainingOverageTime": 60, "step": 34, "geese": [[], [16, 15, 14, 13, 24, 35, 46], [34, 45, 56, 67, 1, 2, 3, 4, 5], []], "food": [6, 48], "index": 0}, "status": "DONE"}, {"action": "EAST", "reward": 3507, "info": {}, "observation": {"remainingOverageTime": 60, "index": 1}, "status": "ACTIVE"}, {"action": "NORTH", "reward": 3509, "info": {}, "observation": {"remainingOverageTime": 60, "index": 2}, "status": "ACTIVE"}, {"action": "NORTH", "reward": 602, "info": {}, "observation": {"remainingOverageTime": 60, "index": 3}, "status": "DONE"}], [{"action": "NORTH", "reward": 501, "info": {}, "observation": {"remainingOverageTime": 60, "step": 35, "geese": [[], [5, 16, 15, 14, 13, 24, 35], [33, 34, 45, 56, 67, 1, 2, 3, 4], []], "food": [6, 48], "index": 0}, "status": "DONE"}, {"action": "NORTH", "reward": 3607, "info": {}, "observation": {"remainingOverageTime": 60, "index": 1}, "status": "ACTIVE"}, {"action": "WEST", "reward": 3609, "info": {}, "observation": {"remainingOverageTime": 60, "index": 2}, "status": "ACTIVE"}, {"action": "NORTH", "reward": 602, "info": {}, "observation": {"remainingOverageTime": 60, "index": 3}, "status": "DONE"}], [{"action": "NORTH", "reward": 501, "info": {}, "observation": {"remainingOverageTime": 60, "step": 36, "geese": [[], [6, 5, 16, 15, 14, 13, 24, 35], [44, 33, 34, 45, 56, 67, 1, 2, 3], []], "food": [48, 42], "index": 0}, "status": "DONE"}, {"action": "EAST", "reward": 3708, "info": {}, "observation": {"remainingOverageTime": 60, "index": 1}, "status": "ACTIVE"}, {"action": "SOUTH", "reward": 3709, "info": {}, "observation": {"remainingOverageTime": 60, "index": 2}, "status": "ACTIVE"}, {"action": "NORTH", "reward": 602, "info": {}, "observation": {"remainingOverageTime": 60, "index": 3}, "status": "DONE"}], [{"action": "NORTH", "reward": 501, "info": {}, "observation": {"remainingOverageTime": 60, "step": 37, "geese": [[], [72, 6, 5, 16, 15, 14, 13, 24], [54, 44, 33, 34, 45, 56, 67, 1, 2], []], "food": [48, 42], "index": 0}, "status": "DONE"}, {"action": "NORTH", "reward": 3808, "info": {}, "observation": {"remainingOverageTime": 60, "index": 1}, "status": "ACTIVE"}, {"action": "WEST", "reward": 3809, "info": {}, "observation": {"remainingOverageTime": 60, "index": 2}, "status": "ACTIVE"}, {"action": "NORTH", "reward": 602, "info": {}, "observation": {"remainingOverageTime": 60, "index": 3}, "status": "DONE"}], [{"action": "NORTH", "reward": 501, "info": {}, "observation": {"remainingOverageTime": 60, "step": 38, "geese": [[], [71, 72, 6, 5, 16, 15, 14, 13], [43, 54, 44, 33, 34, 45, 56, 67, 1], []], "food": [48, 42], "index": 0}, "status": "DONE"}, {"action": "WEST", "reward": 3908, "info": {}, "observation": {"remainingOverageTime": 60, "index": 1}, "status": "ACTIVE"}, {"action": "NORTH", "reward": 3909, "info": {}, "observation": {"remainingOverageTime": 60, "index": 2}, "status": "ACTIVE"}, {"action": "NORTH", "reward": 602, "info": {}, "observation": {"remainingOverageTime": 60, "index": 3}, "status": "DONE"}], [{"action": "NORTH", "reward": 501, "info": {}, "observation": {"remainingOverageTime": 60, "step": 39, "geese": [[], [60, 71, 72, 6, 5, 16, 15, 14], [42, 43, 54, 44, 33, 34, 45, 56, 67, 1], []], "food": [48, 51], "index": 0}, "status": "DONE"}, {"action": "NORTH", "reward": 4008, "info": {}, "observation": {"remainingOverageTime": 60, "index": 1}, "status": "ACTIVE"}, {"action": "WEST", "reward": 4010, "info": {}, "observation": {"remainingOverageTime": 60, "index": 2}, "status": "ACTIVE"}, {"action": "NORTH", "reward": 602, "info": {}, "observation": {"remainingOverageTime": 60, "index": 3}, "status": "DONE"}], [{"action": "NORTH", "reward": 501, "info": {}, "observation": {"remainingOverageTime": 60, "step": 40, "geese": [[], [59, 60, 71, 72, 6, 5, 16], [41, 42, 43, 54, 44, 33, 34, 45, 56], []], "food": [48, 51], "index": 0}, "status": "DONE"}, {"action": "WEST", "reward": 4107, "info": {}, "observation": {"remainingOverageTime": 60, "index": 1}, "status": "ACTIVE"}, {"action": "WEST", "reward": 4109, "info": {}, "observation": {"remainingOverageTime": 60, "index": 2}, "status": "ACTIVE"}, {"action": "NORTH", "reward": 602, "info": {}, "observation": {"remainingOverageTime": 60, "index": 3}, "status": "DONE"}], [{"action": "NORTH", "reward": 501, "info": {}, "observation": {"remainingOverageTime": 60, "step": 41, "geese": [[], [70, 59, 60, 71, 72, 6, 5], [40, 41, 42, 43, 54, 44, 33, 34, 45], []], "food": [48, 51], "index": 0}, "status": "DONE"}, {"action": "SOUTH", "reward": 4207, "info": {}, "observation": {"remainingOverageTime": 60, "index": 1}, "status": "ACTIVE"}, {"action": "WEST", "reward": 4209, "info": {}, "observation": {"remainingOverageTime": 60, "index": 2}, "status": "ACTIVE"}, {"action": "NORTH", "reward": 602, "info": {}, "observation": {"remainingOverageTime": 60, "index": 3}, "status": "DONE"}], [{"action": "NORTH", "reward": 501, "info": {}, "observation": {"remainingOverageTime": 60, "step": 42, "geese": [[], [69, 70, 59, 60, 71, 72, 6], [51, 40, 41, 42, 43, 54, 44, 33, 34, 45], []], "food": [48, 65], "index": 0}, "status": "DONE"}, {"action": "WEST", "reward": 4307, "info": {}, "observation": {"remainingOverageTime": 60, "index": 1}, "status": "ACTIVE"}, {"action": "SOUTH", "reward": 4310, "info": {}, "observation": {"remainingOverageTime": 60, "index": 2}, "status": "ACTIVE"}, {"action": "NORTH", "reward": 602, "info": {}, "observation": {"remainingOverageTime": 60, "index": 3}, "status": "DONE"}], [{"action": "NORTH", "reward": 501, "info": {}, "observation": {"remainingOverageTime": 60, "step": 43, "geese": [[], [68, 69, 70, 59, 60, 71, 72], [50, 51, 40, 41, 42, 43, 54, 44, 33, 34], []], "food": [48, 65], "index": 0}, "status": "DONE"}, {"action": "WEST", "reward": 4407, "info": {}, "observation": {"remainingOverageTime": 60, "index": 1}, "status": "ACTIVE"}, {"action": "WEST", "reward": 4410, "info": {}, "observation": {"remainingOverageTime": 60, "index": 2}, "status": "ACTIVE"}, {"action": "NORTH", "reward": 602, "info": {}, "observation": {"remainingOverageTime": 60, "index": 3}, "status": "DONE"}], [{"action": "NORTH", "reward": 501, "info": {}, "observation": {"remainingOverageTime": 60, "step": 44, "geese": [[], [67, 68, 69, 70, 59, 60, 71], [49, 50, 51, 40, 41, 42, 43, 54, 44, 33], []], "food": [48, 65], "index": 0}, "status": "DONE"}, {"action": "WEST", "reward": 4507, "info": {}, "observation": {"remainingOverageTime": 60, "index": 1}, "status": "ACTIVE"}, {"action": "WEST", "reward": 4510, "info": {}, "observation": {"remainingOverageTime": 60, "index": 2}, "status": "ACTIVE"}, {"action": "NORTH", "reward": 602, "info": {}, "observation": {"remainingOverageTime": 60, "index": 3}, "status": "DONE"}], [{"action": "NORTH", "reward": 501, "info": {}, "observation": {"remainingOverageTime": 60, "step": 45, "geese": [[], [66, 67, 68, 69, 70, 59, 60], [48, 49, 50, 51, 40, 41, 42, 43, 54, 44, 33], []], "food": [65, 57], "index": 0}, "status": "DONE"}, {"action": "WEST", "reward": 4607, "info": {}, "observation": {"remainingOverageTime": 60, "index": 1}, "status": "ACTIVE"}, {"action": "WEST", "reward": 4611, "info": {}, "observation": {"remainingOverageTime": 60, "index": 2}, "status": "ACTIVE"}, {"action": "NORTH", "reward": 602, "info": {}, "observation": {"remainingOverageTime": 60, "index": 3}, "status": "DONE"}], [{"action": "NORTH", "reward": 501, "info": {}, "observation": {"remainingOverageTime": 60, "step": 46, "geese": [[], [76, 66, 67, 68, 69, 70, 59], [47, 48, 49, 50, 51, 40, 41, 42, 43, 54, 44], []], "food": [65, 57], "index": 0}, "status": "DONE"}, {"action": "WEST", "reward": 4707, "info": {}, "observation": {"remainingOverageTime": 60, "index": 1}, "status": "ACTIVE"}, {"action": "WEST", "reward": 4711, "info": {}, "observation": {"remainingOverageTime": 60, "index": 2}, "status": "ACTIVE"}, {"action": "NORTH", "reward": 602, "info": {}, "observation": {"remainingOverageTime": 60, "index": 3}, "status": "DONE"}], [{"action": "NORTH", "reward": 501, "info": {}, "observation": {"remainingOverageTime": 60, "step": 47, "geese": [[], [65, 76, 66, 67, 68, 69, 70, 59], [58, 47, 48, 49, 50, 51, 40, 41, 42, 43, 54], []], "food": [57, 14], "index": 0}, "status": "DONE"}, {"action": "NORTH", "reward": 4808, "info": {}, "observation": {"remainingOverageTime": 60, "index": 1}, "status": "ACTIVE"}, {"action": "SOUTH", "reward": 4811, "info": {}, "observation": {"remainingOverageTime": 60, "index": 2}, "status": "ACTIVE"}, {"action": "NORTH", "reward": 602, "info": {}, "observation": {"remainingOverageTime": 60, "index": 3}, "status": "DONE"}], [{"action": "NORTH", "reward": 501, "info": {}, "observation": {"remainingOverageTime": 60, "step": 48, "geese": [[], [55, 65, 76, 66, 67, 68, 69, 70], [57, 58, 47, 48, 49, 50, 51, 40, 41, 42, 43, 54], []], "food": [14, 8], "index": 0}, "status": "DONE"}, {"action": "EAST", "reward": 4908, "info": {}, "observation": {"remainingOverageTime": 60, "index": 1}, "status": "ACTIVE"}, {"action": "WEST", "reward": 4912, "info": {}, "observation": {"remainingOverageTime": 60, "index": 2}, "status": "ACTIVE"}, {"action": "NORTH", "reward": 602, "info": {}, "observation": {"remainingOverageTime": 60, "index": 3}, "status": "DONE"}], [{"action": "NORTH", "reward": 501, "info": {}, "observation": {"remainingOverageTime": 60, "step": 49, "geese": [[], [44, 55, 65, 76, 66, 67, 68, 69], [46, 57, 58, 47, 48, 49, 50, 51, 40, 41, 42, 43], []], "food": [14, 8], "index": 0}, "status": "DONE"}, {"action": "NORTH", "reward": 5008, "info": {}, "observation": {"remainingOverageTime": 60, "index": 1}, "status": "ACTIVE"}, {"action": "NORTH", "reward": 5012, "info": {}, "observation": {"remainingOverageTime": 60, "index": 2}, "status": "ACTIVE"}, {"action": "NORTH", "reward": 602, "info": {}, "observation": {"remainingOverageTime": 60, "index": 3}, "status": "DONE"}], [{"action": "NORTH", "reward": 501, "info": {}, "observation": {"remainingOverageTime": 60, "step": 50, "geese": [[], [33, 44, 55, 65, 76, 66, 67, 68], [35, 46, 57, 58, 47, 48, 49, 50, 51, 40, 41, 42], []], "food": [14, 8], "index": 0}, "status": "DONE"}, {"action": "NORTH", "reward": 5108, "info": {}, "observation": {"remainingOverageTime": 60, "index": 1}, "status": "ACTIVE"}, {"action": "NORTH", "reward": 5112, "info": {}, "observation": {"remainingOverageTime": 60, "index": 2}, "status": "ACTIVE"}, {"action": "NORTH", "reward": 602, "info": {}, "observation": {"remainingOverageTime": 60, "index": 3}, "status": "DONE"}], [{"action": "NORTH", "reward": 501, "info": {}, "observation": {"remainingOverageTime": 60, "step": 51, "geese": [[], [22, 33, 44, 55, 65, 76, 66, 67], [24, 35, 46, 57, 58, 47, 48, 49, 50, 51, 40, 41], []], "food": [14, 8], "index": 0}, "status": "DONE"}, {"action": "NORTH", "reward": 5208, "info": {}, "observation": {"remainingOverageTime": 60, "index": 1}, "status": "ACTIVE"}, {"action": "NORTH", "reward": 5212, "info": {}, "observation": {"remainingOverageTime": 60, "index": 2}, "status": "ACTIVE"}, {"action": "NORTH", "reward": 602, "info": {}, "observation": {"remainingOverageTime": 60, "index": 3}, "status": "DONE"}], [{"action": "NORTH", "reward": 501, "info": {}, "observation": {"remainingOverageTime": 60, "step": 52, "geese": [[], [11, 22, 33, 44, 55, 65, 76, 66], [13, 24, 35, 46, 57, 58, 47, 48, 49, 50, 51, 40], []], "food": [14, 8], "index": 0}, "status": "DONE"}, {"action": "NORTH", "reward": 5308, "info": {}, "observation": {"remainingOverageTime": 60, "index": 1}, "status": "ACTIVE"}, {"action": "NORTH", "reward": 5312, "info": {}, "observation": {"remainingOverageTime": 60, "index": 2}, "status": "ACTIVE"}, {"action": "NORTH", "reward": 602, "info": {}, "observation": {"remainingOverageTime": 60, "index": 3}, "status": "DONE"}], [{"action": "NORTH", "reward": 501, "info": {}, "observation": {"remainingOverageTime": 60, "step": 53, "geese": [[], [21, 11, 22, 33, 44, 55, 65, 76], [14, 13, 24, 35, 46, 57, 58, 47, 48, 49, 50, 51, 40], []], "food": [8, 37], "index": 0}, "status": "DONE"}, {"action": "WEST", "reward": 5408, "info": {}, "observation": {"remainingOverageTime": 60, "index": 1}, "status": "ACTIVE"}, {"action": "EAST", "reward": 5413, "info": {}, "observation": {"remainingOverageTime": 60, "index": 2}, "status": "ACTIVE"}, {"action": "NORTH", "reward": 602, "info": {}, "observation": {"remainingOverageTime": 60, "index": 3}, "status": "DONE"}], [{"action": "NORTH", "reward": 501, "info": {}, "observation": {"remainingOverageTime": 60, "step": 54, "geese": [[], [10, 21, 11, 22, 33, 44, 55, 65], [15, 14, 13, 24, 35, 46, 57, 58, 47, 48, 49, 50, 51], []], "food": [8, 37], "index": 0}, "status": "DONE"}, {"action": "NORTH", "reward": 5508, "info": {}, "observation": {"remainingOverageTime": 60, "index": 1}, "status": "ACTIVE"}, {"action": "EAST", "reward": 5513, "info": {}, "observation": {"remainingOverageTime": 60, "index": 2}, "status": "ACTIVE"}, {"action": "NORTH", "reward": 602, "info": {}, "observation": {"remainingOverageTime": 60, "index": 3}, "status": "DONE"}], [{"action": "NORTH", "reward": 501, "info": {}, "observation": {"remainingOverageTime": 60, "step": 55, "geese": [[], [9, 10, 21, 11, 22, 33, 44, 55], [26, 15, 14, 13, 24, 35, 46, 57, 58, 47, 48, 49, 50], []], "food": [8, 37], "index": 0}, "status": "DONE"}, {"action": "WEST", "reward": 5608, "info": {}, "observation": {"remainingOverageTime": 60, "index": 1}, "status": "ACTIVE"}, {"action": "SOUTH", "reward": 5613, "info": {}, "observation": {"remainingOverageTime": 60, "index": 2}, "status": "ACTIVE"}, {"action": "NORTH", "reward": 602, "info": {}, "observation": {"remainingOverageTime": 60, "index": 3}, "status": "DONE"}], [{"action": "NORTH", "reward": 501, "info": {}, "observation": {"remainingOverageTime": 60, "step": 56, "geese": [[], [8, 9, 10, 21, 11, 22, 33, 44, 55], [37, 26, 15, 14, 13, 24, 35, 46, 57, 58, 47, 48, 49, 50], []], "food": [6, 45], "index": 0}, "status": "DONE"}, {"action": "WEST", "reward": 5709, "info": {}, "observation": {"remainingOverageTime": 60, "index": 1}, "status": "ACTIVE"}, {"action": "SOUTH", "reward": 5714, "info": {}, "observation": {"remainingOverageTime": 60, "index": 2}, "status": "ACTIVE"}, {"action": "NORTH", "reward": 602, "info": {}, "observation": {"remainingOverageTime": 60, "index": 3}, "status": "DONE"}], [{"action": "NORTH", "reward": 501, "info": {}, "observation": {"remainingOverageTime": 60, "step": 57, "geese": [[], [7, 8, 9, 10, 21, 11, 22, 33, 44], [36, 37, 26, 15, 14, 13, 24, 35, 46, 57, 58, 47, 48, 49], []], "food": [6, 45], "index": 0}, "status": "DONE"}, {"action": "WEST", "reward": 5809, "info": {}, "observation": {"remainingOverageTime": 60, "index": 1}, "status": "ACTIVE"}, {"action": "WEST", "reward": 5814, "info": {}, "observation": {"remainingOverageTime": 60, "index": 2}, "status": "ACTIVE"}, {"action": "NORTH", "reward": 602, "info": {}, "observation": {"remainingOverageTime": 60, "index": 3}, "status": "DONE"}], [{"action": "NORTH", "reward": 501, "info": {}, "observation": {"remainingOverageTime": 60, "step": 58, "geese": [[], [6, 7, 8, 9, 10, 21, 11, 22, 33, 44], [25, 36, 37, 26, 15, 14, 13, 24, 35, 46, 57, 58, 47, 48], []], "food": [45, 65], "index": 0}, "status": "DONE"}, {"action": "WEST", "reward": 5910, "info": {}, "observation": {"remainingOverageTime": 60, "index": 1}, "status": "ACTIVE"}, {"action": "NORTH", "reward": 5914, "info": {}, "observation": {"remainingOverageTime": 60, "index": 2}, "status": "ACTIVE"}, {"action": "NORTH", "reward": 602, "info": {}, "observation": {"remainingOverageTime": 60, "index": 3}, "status": "DONE"}], [{"action": "NORTH", "reward": 501, "info": {}, "observation": {"remainingOverageTime": 60, "step": 59, "geese": [[], [72, 6, 7, 8, 9, 10, 21, 11, 22, 33], [], []], "food": [45, 65], "index": 0}, "status": "DONE"}, {"action": "NORTH", "reward": 6010, "info": {}, "observation": {"remainingOverageTime": 60, "index": 1}, "status": "DONE"}, {"action": "SOUTH", "reward": 5914, "info": {}, "observation": {"remainingOverageTime": 60, "index": 2}, "status": "DONE"}, {"action": "NORTH", "reward": 602, "info": {}, "observation": {"remainingOverageTime": 60, "index": 3}, "status": "DONE"}]], "rewards": [501, 6010, 5914, 602], "statuses": ["DONE", "DONE", "DONE", "DONE"], "schema_version": 1, "info": {}}