{"id": "582315a0-db08-11ee-b332-0242ac1c000c", "name": "hungry_geese", "title": "Hungry Geese", "description": "Similar to the classic snake game with multiple players", "version": "1.0.0", "configuration": {"episodeSteps": 200, "actTimeout": 1, "runTimeout": 1200, "columns": 11, "rows": 7, "hunger_rate": 40, "min_food": 2, "max_length": 99}, "specification": {"action": {"description": "Direction to move the head of your players goose.", "type": "string", "enum": ["NORTH", "EAST", "SOUTH", "WEST"], "default": "NORTH"}, "agents": [1, 2, 3, 4, 5, 6, 7, 8], "configuration": {"episodeSteps": {"description": "Maximum number of steps in the episode.", "type": "integer", "minimum": 1, "default": 200}, "actTimeout": {"description": "Maximum runtime (seconds) to obtain an action from an agent.", "type": "number", "minimum": 0, "default": 1}, "runTimeout": {"description": "Maximum runtime (seconds) of an episode (not necessarily DONE).", "type": "number", "minimum": 0, "default": 1200}, "columns": {"description": "Horizontal number of cells on the board.", "type": "integer", "default": 11, "minimum": 3}, "rows": {"description": "Vertical number of cells on the board.", "type": "integer", "default": 7, "minimum": 3}, "hunger_rate": {"description": "The number of steps before the goose shrinks a cell.", "type": "integer", "minimum": 1, "default": 40}, "min_food": {"description": "The minimum amount of food present for all steps.", "type": "integer", "default": 2, "minimum": 1}, "max_length": {"description": "The max length any goose can be. Total reward = (max length + 1) * steps survived + goose length.", "type": "integer", "default": 99}}, "info": {}, "observation": {"remainingOverageTime": {"description": "Total remaining banked time (seconds) that can be used in excess of per-step actTimeouts -- agent is disqualified with TIMEOUT status when this drops below 0.", "shared": false, "type": "number", "minimum": 0, "default": 60}, "step": {"description": "Current step within the episode.", "type": "integer", "shared": true, "minimum": 0, "default": 0}, "geese": {"description": "List of geese in order by the agent index.", "type": "array", "default": [], "shared": true}, "food": {"description": "Positions on the board where food is present.", "type": "array", "default": [], "shared": true}, "index": {"description": "Index of the current agent's goose in the list of geese.", "type": "integer", "minimum": 0, "defaults": [0, 1, 2, 3, 4, 5, 6, 7]}}, "reward": {"description": "steps survived * (max goose length + 1) + current goose length.", "type": ["number", "null"], "default": 0, "minimum": 0}}, "steps": [[{"action": "NORTH", "reward": 0, "info": {}, "observation": {"remainingOverageTime": 60, "step": 0, "geese": [[56], [51], [35], [54]], "food": [42, 47], "index": 0}, "status": "ACTIVE"}, {"action": "NORTH", "reward": 0, "info": {}, "observation": {"remainingOverageTime": 60, "index": 1}, "status": "ACTIVE"}, {"action": "NORTH", "reward": 0, "info": {}, "observation": {"remainingOverageTime": 60, "index": 2}, "status": "ACTIVE"}, {"action": "NORTH", "reward": 0, "info": {}, "observation": {"remainingOverageTime": 60, "index": 3}, "status": "ACTIVE"}], [{"action": "NORTH", "reward": 201, "info": {}, "observation": {"remainingOverageTime": 60, "step": 1, "geese": [[45], [40], [36], [43]], "food": [42, 47], "index": 0}, "status": "ACTIVE"}, {"action": "NORTH", "reward": 201, "info": {}, "observation": {"remainingOverageTime": 60, "index": 1}, "status": "ACTIVE"}, {"action": "EAST", "reward": 201, "info": {}, "observation": {"remainingOverageTime": 60, "index": 2}, "status": "ACTIVE"}, {"action": "NORTH", "reward": 201, "info": {}, "observation": {"remainingOverageTime": 60, "index": 3}, "status": "ACTIVE"}], [{"action": "EAST", "reward": 301, "info": {}, "observation": {"remainingOverageTime": 60, "step": 2, "geese": [[46], [41], [25], [42, 43]], "food": [47, 64], "index": 0}, "status": "ACTIVE"}, {"action": "EAST", "reward": 301, "info": {}, "observation": {"remainingOverageTime": 60, "index": 1}, "status": "ACTIVE"}, {"action": "NORTH", "reward": 301, "info": {}, "observation": {"remainingOverageTime": 60, "index": 2}, "status": "ACTIVE"}, {"action": "WEST", "reward": 302, "info": {}, "observation": {"remainingOverageTime": 60, "index": 3}, "status": "ACTIVE"}], [{"action": "EAST", "reward": 402, "info": {}, "observation": {"remainingOverageTime": 60, "step": 3, "geese": [[47, 46], [52], [], [31, 42]], "food": [64, 63], "index": 0}, "status": "ACTIVE"}, {"action": "SOUTH", "reward": 401, "info": {}, "observation": {"remainingOverageTime": 60, "index": 1}, "status": "ACTIVE"}, {"action": "SOUTH", "reward": 301, "info": {}, "observation": {"remainingOverageTime": 60, "index": 2}, "status": "DONE"}, {"action": "NORTH", "reward": 402, "info": {}, "observation": {"remainingOverageTime": 60, "index": 3}, "status": "ACTIVE"}], [{"action": "EAST", "reward": 502, "info": {}, "observation": {"remainingOverageTime": 60, "step": 4, "geese": [[48, 47], [63, 52], [], []], "food": [64, 62], "index": 0}, "status": "ACTIVE"}, {"action": "SOUTH", "reward": 502, "info": {}, "observation": {"remainingOverageTime": 60, "index": 1}, "status": "ACTIVE"}, {"action": "NORTH", "reward": 301, "info": {}, "observation": {"remainingOverageTime": 60, "index": 2}, "status": "DONE"}, {"action": "SOUTH", "reward": 402, "info": {}, "observation": {"remainingOverageTime": 60, "index": 3}, "status": "DONE"}], [{"action": "EAST", "reward": 602, "info": {}, "observation": {"remainingOverageTime": 60, "step": 5, "geese": [[49, 48], [64, 63, 52], [], []], "food": [62, 17], "index": 0}, "status": "ACTIVE"}, {"action": "EAST", "reward": 603, "info": {}, "observation": {"remainingOverageTime": 60, "index": 1}, "status": "ACTIVE"}, {"action": "NORTH", "reward": 301, "info": {}, "observation": {"remainingOverageTime": 60, "index": 2}, "status": "DONE"}, {"action": "NORTH", "reward": 402, "info": {}, "observation": {"remainingOverageTime": 60, "index": 3}, "status": "DONE"}], [{"action": "EAST", "reward": 702, "info": {}, "observation": {"remainingOverageTime": 60, "step": 6, "geese": [[50, 49], [53, 64, 63], [], []], "food": [62, 17], "index": 0}, "status": "ACTIVE"}, {"action": "NORTH", "reward": 703, "info": {}, "observation": {"remainingOverageTime": 60, "index": 1}, "status": "ACTIVE"}, {"action": "NORTH", "reward": 301, "info": {}, "observation": {"remainingOverageTime": 60, "index": 2}, "status": "DONE"}, {"action": "NORTH", "reward": 402, "info": {}, "observation": {"remainingOverageTime": 60, "index": 3}, "status": "DONE"}], [{"action": "EAST", "reward": 802, "info": {}, "observation": {"remainingOverageTime": 60, "step": 7, "geese": [[51, 50], [52, 53, 64], [], []], "food": [62, 17], "index": 0}, "status": "ACTIVE"}, {"action": "WEST", "reward": 803, "info": {}, "observation": {"remainingOverageTime": 60, "index": 1}, "status": "ACTIVE"}, {"action": "NORTH", "reward": 301, "info": {}, "observation": {"remainingOverageTime": 60, "index": 2}, "status": "DONE"}, {"action": "NORTH", "reward": 402, "info": {}, "observation": {"remainingOverageTime": 60, "index": 3}, "status": "DONE"}], [{"action": "SOUTH", "reward": 903, "info": {}, "observation": {"remainingOverageTime": 60, "step": 8, "geese": [[62, 51, 50], [63, 52, 53], [], []], "food": [17, 58], "index": 0}, "status": "ACTIVE"}, {"action": "SOUTH", "reward": 903, "info": {}, "observation": {"remainingOverageTime": 60, "index": 1}, "status": "ACTIVE"}, {"action": "NORTH", "reward": 301, "info": {}, "observation": {"remainingOverageTime": 60, "index": 2}, "status": "DONE"}, {"action": "NORTH", "reward": 402, "info": {}, "observation": {"remainingOverageTime": 60, "index": 3}, "status": "DONE"}], [{"action": "WEST", "reward": 1003, "info": {}, "observation": {"remainingOverageTime": 60, "step": 9, "geese": [[61, 62, 51], [64, 63, 52], [], []], "food": [17, 58], "index": 0}, "status": "ACTIVE"}, {"action": "EAST", "reward": 1003, "info": {}, "observation": {"remainingOverageTime": 60, "index": 1}, "status": "ACTIVE"}, {"action": "NORTH", "reward": 301, "info": {}, "observation": {"remainingOverageTime": 60, "index": 2}, "status": "DONE"}, {"action": "NORTH", "reward": 402, "info": {}, "observation": {"remainingOverageTime": 60, "index": 3}, "status": "DONE"}], [{"action": "WEST", "reward": 1103, "info": {}, "observation": {"remainingOverageTime": 60, "step": 10, "geese": [[60, 61, 62], [53, 64, 63], [], []], "food": [17, 58], "index": 0}, "status": "ACTIVE"}, {"action": "NORTH", "reward": 1103, "info": {}, "observation": {"remainingOverageTime": 60, "index": 1}, "status": "ACTIVE"}, {"action": "NORTH", "reward": 301, "info": {}, "observation": {"remainingOverageTime": 60, "index": 2}, "status": "DONE"}, {"action": "NORTH", "reward": 402, "info": {}, "observation": {"remainingOverageTime": 60, "index": 3}, "status": "DONE"}], [{"action": "WEST", "reward": 1203, "info": {}, "observation": {"remainingOverageTime": 60, "step": 11, "geese": [[59, 60, 61], [42, 53, 64], [], []], "food": [17, 58], "index": 0}, "status": "ACTIVE"}, {"action": "NORTH", "reward": 1203, "info": {}, "observation": {"remainingOverageTime": 60, "index": 1}, "status": "ACTIVE"}, {"action": "NORTH", "reward": 301, "info": {}, "observation": {"remainingOverageTime": 60, "index": 2}, "status": "DONE"}, {"action": "NORTH", "reward": 402, "info": {}, "observation": {"remainingOverageTime": 60, "index": 3}, "status": "DONE"}], [{"action": "WEST", "reward": 1304, "info": {}, "observation": {"remainingOverageTime": 60, "step": 12, "geese": [[58, 59, 60, 61], [31, 42, 53], [], []], "food": [17, 50], "index": 0}, "status": "ACTIVE"}, {"action": "NORTH", "reward": 1303, "info": {}, "observation": {"remainingOverageTime": 60, "index": 1}, "status": "ACTIVE"}, {"action": "NORTH", "reward": 301, "info": {}, "observation": {"remainingOverageTime": 60, "index": 2}, "status": "DONE"}, {"action": "NORTH", "reward": 402, "info": {}, "observation": {"remainingOverageTime": 60, "index": 3}, "status": "DONE"}], [{"action": "NORTH", "reward": 1404, "info": {}, "observation": {"remainingOverageTime": 60, "step": 13, "geese": [[47, 58, 59, 60], [20, 31, 42], [], []], "food": [17, 50], "index": 0}, "status": "ACTIVE"}, {"action": "NORTH", "reward": 1403, "info": {}, "observation": {"remainingOverageTime": 60, "index": 1}, "status": "ACTIVE"}, {"action": "NORTH", "reward": 301, "info": {}, "observation": {"remainingOverageTime": 60, "index": 2}, "status": "DONE"}, {"action": "NORTH", "reward": 402, "info": {}, "observation": {"remainingOverageTime": 60, "index": 3}, "status": "DONE"}], [{"action": "EAST", "reward": 1504, "info": {}, "observation": {"remainingOverageTime": 60, "step": 14, "geese": [[48, 47, 58, 59], [19, 20, 31], [], []], "food": [17, 50], "index": 0}, "status": "ACTIVE"}, {"action": "WEST", "reward": 1503, "info": {}, "observation": {"remainingOverageTime": 60, "index": 1}, "status": "ACTIVE"}, {"action": "NORTH", "reward": 301, "info": {}, "observation": {"remainingOverageTime": 60, "index": 2}, "status": "DONE"}, {"action": "NORTH", "reward": 402, "info": {}, "observation": {"remainingOverageTime": 60, "index": 3}, "status": "DONE"}], [{"action": "EAST", "reward": 1604, "info": {}, "observation": {"remainingOverageTime": 60, "step": 15, "geese": [[49, 48, 47, 58], [18, 19, 20], [], []], "food": [17, 50], "index": 0}, "status": "ACTIVE"}, {"action": "WEST", "reward": 1603, "info": {}, "observation": {"remainingOverageTime": 60, "index": 1}, "status": "ACTIVE"}, {"action": "NORTH", "reward": 301, "info": {}, "observation": {"remainingOverageTime": 60, "index": 2}, "status": "DONE"}, {"action": "NORTH", "reward": 402, "info": {}, "observation": {"remainingOverageTime": 60, "index": 3}, "status": "DONE"}], [{"action": "EAST", "reward": 1705, "info": {}, "observation": {"remainingOverageTime": 60, "step": 16, "geese": [[50, 49, 48, 47, 58], [17, 18, 19, 20], [], []], "food": [54, 9], "index": 0}, "status": "ACTIVE"}, {"action": "WEST", "reward": 1704, "info": {}, "observation": {"remainingOverageTime": 60, "index": 1}, "status": "ACTIVE"}, {"action": "NORTH", "reward": 301, "info": {}, "observation": {"remainingOverageTime": 60, "index": 2}, "status": "DONE"}, {"action": "NORTH", "reward": 402, "info": {}, "observation": {"remainingOverageTime": 60, "index": 3}, "status": "DONE"}], [{"action": "EAST", "reward": 1805, "info": {}, "observation": {"remainingOverageTime": 60, "step": 17, "geese": [[51, 50, 49, 48, 47], [6, 17, 18, 19], [], []], "food": [54, 9], "index": 0}, "status": "ACTIVE"}, {"action": "NORTH", "reward": 1804, "info": {}, "observation": {"remainingOverageTime": 60, "index": 1}, "status": "ACTIVE"}, {"action": "NORTH", "reward": 301, "info": {}, "observation": {"remainingOverageTime": 60, "index": 2}, "status": "DONE"}, {"action": "NORTH", "reward": 402, "info": {}, "observation": {"remainingOverageTime": 60, "index": 3}, "status": "DONE"}], [{"action": "EAST", "reward": 1905, "info": {}, "observation": {"remainingOverageTime": 60, "step": 18, "geese": [[52, 51, 50, 49, 48], [7, 6, 17, 18], [], []], "food": [54, 9], "index": 0}, "status": "ACTIVE"}, {"action": "EAST", "reward": 1904, "info": {}, "observation": {"remainingOverageTime": 60, "index": 1}, "status": "ACTIVE"}, {"action": "NORTH", "reward": 301, "info": {}, "observation": {"remainingOverageTime": 60, "index": 2}, "status": "DONE"}, {"action": "NORTH", "reward": 402, "info": {}, "observation": {"remainingOverageTime": 60, "index": 3}, "status": "DONE"}], [{"action": "EAST", "reward": 2005, "info": {}, "observation": {"remainingOverageTime": 60, "step": 19, "geese": [[53, 52, 51, 50, 49], [8, 7, 6, 17], [], []], "food": [54, 9], "index": 0}, "status": "ACTIVE"}, {"action": "EAST", "reward": 2004, "info": {}, "observation": {"remainingOverageTime": 60, "index": 1}, "status": "ACTIVE"}, {"action": "NORTH", "reward": 301, "info": {}, "observation": {"remainingOverageTime": 60, "index": 2}, "status": "DONE"}, {"action": "NORTH", "reward": 402, "info": {}, "observation": {"remainingOverageTime": 60, "index": 3}, "status": "DONE"}], [{"action": "EAST", "reward": 2106, "info": {}, "observation": {"remainingOverageTime": 60, "step": 20, "geese": [[54, 53, 52, 51, 50, 49], [9, 8, 7, 6, 17], [], []], "food": [26, 19], "index": 0}, "status": "ACTIVE"}, {"action": "EAST", "reward": 2105, "info": {}, "observation": {"remainingOverageTime": 60, "index": 1}, "status": "ACTIVE"}, {"action": "NORTH", "reward": 301, "info": {}, "observation": {"remainingOverageTime": 60, "index": 2}, "status": "DONE"}, {"action": "NORTH", "reward": 402, "info": {}, "observation": {"remainingOverageTime": 60, "index": 3}, "status": "DONE"}], [{"action": "NORTH", "reward": 2206, "info": {}, "observation": {"remainingOverageTime": 60, "step": 21, "geese": [[43, 54, 53, 52, 51, 50], [20, 9, 8, 7, 6], [], []], "food": [26, 19], "index": 0}, "status": "ACTIVE"}, {"action": "SOUTH", "reward": 2205, "info": {}, "observation": {"remainingOverageTime": 60, "index": 1}, "status": "ACTIVE"}, {"action": "NORTH", "reward": 301, "info": {}, "observation": {"remainingOverageTime": 60, "index": 2}, "status": "DONE"}, {"action": "NORTH", "reward": 402, "info": {}, "observation": {"remainingOverageTime": 60, "index": 3}, "status": "DONE"}], [{"action": "NORTH", "reward": 2306, "info": {}, "observation": {"remainingOverageTime": 60, "step": 22, "geese": [[32, 43, 54, 53, 52, 51], [19, 20, 9, 8, 7, 6], [], []], "food": [26, 5], "index": 0}, "status": "ACTIVE"}, {"action": "WEST", "reward": 2306, "info": {}, "observation": {"remainingOverageTime": 60, "index": 1}, "status": "ACTIVE"}, {"action": "NORTH", "reward": 301, "info": {}, "observation": {"remainingOverageTime": 60, "index": 2}, "status": "DONE"}, {"action": "NORTH", "reward": 402, "info": {}, "observation": {"remainingOverageTime": 60, "index": 3}, "status": "DONE"}], [{"action": "EAST", "reward": 2406, "info": {}, "observation": {"remainingOverageTime": 60, "step": 23, "geese": [[22, 32, 43, 54, 53, 52], [18, 19, 20, 9, 8, 7], [], []], "food": [26, 5], "index": 0}, "status": "ACTIVE"}, {"action": "WEST", "reward": 2406, "info": {}, "observation": {"remainingOverageTime": 60, "index": 1}, "status": "ACTIVE"}, {"action": "NORTH", "reward": 301, "info": {}, "observation": {"remainingOverageTime": 60, "index": 2}, "status": "DONE"}, {"action": "NORTH", "reward": 402, "info": {}, "observation": {"remainingOverageTime": 60, "index": 3}, "status": "DONE"}], [{"action": "EAST", "reward": 2506, "info": {}, "observation": {"remainingOverageTime": 60, "step": 24, "geese": [[23, 22, 32, 43, 54, 53], [7, 18, 19, 20, 9, 8], [], []], "food": [26, 5], "index": 0}, "status": "ACTIVE"}, {"action": "NORTH", "reward": 2506, "info": {}, "observation": {"remainingOverageTime": 60, "index": 1}, "status": "ACTIVE"}, {"action": "NORTH", "reward": 301, "info": {}, "observation": {"remainingOverageTime": 60, "index": 2}, "status": "DONE"}, {"action": "NORTH", "reward": 402, "info": {}, "observation": {"remainingOverageTime": 60, "index": 3}, "status": "DONE"}], [{"action": "EAST", "reward": 2606, "info": {}, "observation": {"remainingOverageTime": 60, "step": 25, "geese": [[24, 23, 22, 32, 43, 54], [6, 7, 18, 19, 20, 9], [], []], "food": [26, 5], "index": 0}, "status": "ACTIVE"}, {"action": "WEST", "reward": 2606, "info": {}, "observation": {"remainingOverageTime": 60, "index": 1}, "status": "ACTIVE"}, {"action": "NORTH", "reward": 301, "info": {}, "observation": {"remainingOverageTime": 60, "index": 2}, "status": "DONE"}, {"action": "NORTH", "reward": 402, "info": {}, "observation": {"remainingOverageTime": 60, "index": 3}, "status": "DONE"}], [{"action": "EAST", "reward": 2706, "info": {}, "observation": {"remainingOverageTime": 60, "step": 26, "geese": [[25, 24, 23, 22, 32, 43], [5, 6, 7, 18, 19, 20, 9], [], []], "food": [26, 71], "index": 0}, "status": "ACTIVE"}, {"action": "WEST", "reward": 2707, "info": {}, "observation": {"remainingOverageTime": 60, "index": 1}, "status": "ACTIVE"}, {"action": "NORTH", "reward": 301, "info": {}, "observation": {"remainingOverageTime": 60, "index": 2}, "status": "DONE"}, {"action": "NORTH", "reward": 402, "info": {}, "observation": {"remainingOverageTime": 60, "index": 3}, "status": "DONE"}], [{"action": "EAST", "reward": 2807, "info": {}, "observation": {"remainingOverageTime": 60, "step": 27, "geese": [[26, 25, 24, 23, 22, 32, 43], [71, 5, 6, 7, 18, 19, 20, 9], [], []], "food": [59, 55], "index": 0}, "status": "ACTIVE"}, {"action": "NORTH", "reward": 2808, "info": {}, "observation": {"remainingOverageTime": 60, "index": 1}, "status": "ACTIVE"}, {"action": "NORTH", "reward": 301, "info": {}, "observation": {"remainingOverageTime": 60, "index": 2}, "status": "DONE"}, {"action": "NORTH", "reward": 402, "info": {}, "observation": {"remainingOverageTime": 60, "index": 3}, "status": "DONE"}], [{"action": "SOUTH", "reward": 2907, "info": {}, "observation": {"remainingOverageTime": 60, "step": 28, "geese": [[37, 26, 25, 24, 23, 22, 32], [60, 71, 5, 6, 7, 18, 19, 20], [], []], "food": [59, 55], "index": 0}, "status": "ACTIVE"}, {"action": "NORTH", "reward": 2908, "info": {}, "observation": {"remainingOverageTime": 60, "index": 1}, "status": "ACTIVE"}, {"action": "NORTH", "reward": 301, "info": {}, "observation": {"remainingOverageTime": 60, "index": 2}, "status": "DONE"}, {"action": "NORTH", "reward": 402, "info": {}, "observation": {"remainingOverageTime": 60, "index": 3}, "status": "DONE"}], [{"action": "SOUTH", "reward": 3007, "info": {}, "observation": {"remainingOverageTime": 60, "step": 29, "geese": [[48, 37, 26, 25, 24, 23, 22], [59, 60, 71, 5, 6, 7, 18, 19, 20], [], []], "food": [55, 72], "index": 0}, "status": "ACTIVE"}, {"action": "WEST", "reward": 3009, "info": {}, "observation": {"remainingOverageTime": 60, "index": 1}, "status": "ACTIVE"}, {"action": "NORTH", "reward": 301, "info": {}, "observation": {"remainingOverageTime": 60, "index": 2}, "status": "DONE"}, {"action": "NORTH", "reward": 402, "info": {}, "observation": {"remainingOverageTime": 60, "index": 3}, "status": "DONE"}], [{"action": "EAST", "reward": 3107, "info": {}, "observation": {"remainingOverageTime": 60, "step": 30, "geese": [[49, 48, 37, 26, 25, 24, 23], [70, 59, 60, 71, 5, 6, 7, 18, 19], [], []], "food": [55, 72], "index": 0}, "status": "ACTIVE"}, {"action": "SOUTH", "reward": 3109, "info": {}, "observation": {"remainingOverageTime": 60, "index": 1}, "status": "ACTIVE"}, {"action": "NORTH", "reward": 301, "info": {}, "observation": {"remainingOverageTime": 60, "index": 2}, "status": "DONE"}, {"action": "NORTH", "reward": 402, "info": {}, "observation": {"remainingOverageTime": 60, "index": 3}, "status": "DONE"}], [{"action": "EAST", "reward": 3207, "info": {}, "observation": {"remainingOverageTime": 60, "step": 31, "geese": [[50, 49, 48, 37, 26, 25, 24], [69, 70, 59, 60, 71, 5, 6, 7, 18], [], []], "food": [55, 72], "index": 0}, "status": "ACTIVE"}, {"action": "WEST", "reward": 3209, "info": {}, "observation": {"remainingOverageTime": 60, "index": 1}, "status": "ACTIVE"}, {"action": "NORTH", "reward": 301, "info": {}, "observation": {"remainingOverageTime": 60, "index": 2}, "status": "DONE"}, {"action": "NORTH", "reward": 402, "info": {}, "observation": {"remainingOverageTime": 60, "index": 3}, "status": "DONE"}], [{"action": "SOUTH", "reward": 3307, "info": {}, "observation": {"remainingOverageTime": 60, "step": 32, "geese": [[61, 50, 49, 48, 37, 26, 25], [58, 69, 70, 59, 60, 71, 5, 6, 7], [], []], "food": [55, 72], "index": 0}, "status": "ACTIVE"}, {"action": "NORTH", "reward": 3309, "info": {}, "observation": {"remainingOverageTime": 60, "index": 1}, "status": "ACTIVE"}, {"action": "NORTH", "reward": 301, "info": {}, "observation": {"remainingOverageTime": 60, "index": 2}, "status": "DONE"}, {"action": "NORTH", "reward": 402, "info": {}, "observation": {"remainingOverageTime": 60, "index": 3}, "status": "DONE"}], [{"action": "SOUTH", "reward": 3408, "info": {}, "observation": {"remainingOverageTime": 60, "step": 33, "geese": [[72, 61, 50, 49, 48, 37, 26, 25], [57, 58, 69, 70, 59, 60, 71, 5, 6], [], []], "food": [55, 11], "index": 0}, "status": "ACTIVE"}, {"action": "WEST", "reward": 3409, "info": {}, "observation": {"remainingOverageTime": 60, "index": 1}, "status": "ACTIVE"}, {"action": "NORTH", "reward": 301, "info": {}, "observation": {"remainingOverageTime": 60, "index": 2}, "status": "DONE"}, {"action": "NORTH", "reward": 402, "info": {}, "observation": {"remainingOverageTime": 60, "index": 3}, "status": "DONE"}], [{"action": "SOUTH", "reward": 3508, "info": {}, "observation": {"remainingOverageTime": 60, "step": 34, "geese": [[6, 72, 61, 50, 49, 48, 37, 26], [56, 57, 58, 69, 70, 59, 60, 71, 5], [], []], "food": [55, 11], "index": 0}, "status": "ACTIVE"}, {"action": "WEST", "reward": 3509, "info": {}, "observation": {"remainingOverageTime": 60, "index": 1}, "status": "ACTIVE"}, {"action": "NORTH", "reward": 301, "info": {}, "observation": {"remainingOverageTime": 60, "index": 2}, "status": "DONE"}, {"action": "NORTH", "reward": 402, "info": {}, "observation": {"remainingOverageTime": 60, "index": 3}, "status": "DONE"}], [{"action": "SOUTH", "reward": 3608, "info": {}, "observation": {"remainingOverageTime": 60, "step": 35, "geese": [[17, 6, 72, 61, 50, 49, 48, 37], [55, 56, 57, 58, 69, 70, 59, 60, 71, 5], [], []], "food": [11, 16], "index": 0}, "status": "ACTIVE"}, {"action": "WEST", "reward": 3610, "info": {}, "observation": {"remainingOverageTime": 60, "index": 1}, "status": "ACTIVE"}, {"action": "NORTH", "reward": 301, "info": {}, "observation": {"remainingOverageTime": 60, "index": 2}, "status": "DONE"}, {"action": "NORTH", "reward": 402, "info": {}, "observation": {"remainingOverageTime": 60, "index": 3}, "status": "DONE"}], [{"action": "WEST", "reward": 3709, "info": {}, "observation": {"remainingOverageTime": 60, "step": 36, "geese": [[16, 17, 6, 72, 61, 50, 49, 48, 37], [44, 55, 56, 57, 58, 69, 70, 59, 60, 71], [], []], "food": [11, 23], "index": 0}, "status": "ACTIVE"}, {"action": "NORTH", "reward": 3710, "info": {}, "observation": {"remainingOverageTime": 60, "index": 1}, "status": "ACTIVE"}, {"action": "NORTH", "reward": 301, "info": {}, "observation": {"remainingOverageTime": 60, "index": 2}, "status": "DONE"}, {"action": "NORTH", "reward": 402, "info": {}, "observation": {"remainingOverageTime": 60, "index": 3}, "status": "DONE"}], [{"action": "SOUTH", "reward": 3809, "info": {}, "observation": {"remainingOverageTime": 60, "step": 37, "geese": [[27, 16, 17, 6, 72, 61, 50, 49, 48], [33, 44, 55, 56, 57, 58, 69, 70, 59, 60], [], []], "food": [11, 23], "index": 0}, "status": "ACTIVE"}, {"action": "NORTH", "reward": 3810, "info": {}, "observation": {"remainingOverageTime": 60, "index": 1}, "status": "ACTIVE"}, {"action": "NORTH", "reward": 301, "info": {}, "observation": {"remainingOverageTime": 60, "index": 2}, "status": "DONE"}, {"action": "NORTH", "reward": 402, "info": {}, "observation": {"remainingOverageTime": 60, "index": 3}, "status": "DONE"}], [{"action": "EAST", "reward": 3909, "info": {}, "observation": {"remainingOverageTime": 60, "step": 38, "geese": [[28, 27, 16, 17, 6, 72, 61, 50, 49], [22, 33, 44, 55, 56, 57, 58, 69, 70, 59], [], []], "food": [11, 23], "index": 0}, "status": "ACTIVE"}, {"action": "NORTH", "reward": 3910, "info": {}, "observation": {"remainingOverageTime": 60, "index": 1}, "status": "ACTIVE"}, {"action": "NORTH", "reward": 301, "info": {}, "observation": {"remainingOverageTime": 60, "index": 2}, "status": "DONE"}, {"action": "NORTH", "reward": 402, "info": {}, "observation": {"remainingOverageTime": 60, "index": 3}, "status": "DONE"}], [{"action": "SOUTH", "reward": 4009, "info": {}, "observation": {"remainingOverageTime": 60, "step": 39, "geese": [[39, 28, 27, 16, 17, 6, 72, 61, 50], [11, 22, 33, 44, 55, 56, 57, 58, 69, 70, 59], [], []], "food": [23, 10], "index": 0}, "status": "ACTIVE"}, {"action": "NORTH", "reward": 4011, "info": {}, "observation": {"remainingOverageTime": 60, "index": 1}, "status": "ACTIVE"}, {"action": "NORTH", "reward": 301, "info": {}, "observation": {"remainingOverageTime": 60, "index": 2}, "status": "DONE"}, {"action": "NORTH", "reward": 402, "info": {}, "observation": {"remainingOverageTime": 60, "index": 3}, "status": "DONE"}], [{"action": "WEST", "reward": 4108, "info": {}, "observation": {"remainingOverageTime": 60, "step": 40, "geese": [[38, 39, 28, 27, 16, 17, 6, 72], [12, 11, 22, 33, 44, 55, 56, 57, 58, 69], [], []], "food": [23, 10], "index": 0}, "status": "ACTIVE"}, {"action": "EAST", "reward": 4110, "info": {}, "observation": {"remainingOverageTime": 60, "index": 1}, "status": "ACTIVE"}, {"action": "NORTH", "reward": 301, "info": {}, "observation": {"remainingOverageTime": 60, "index": 2}, "status": "DONE"}, {"action": "NORTH", "reward": 402, "info": {}, "observation": {"remainingOverageTime": 60, "index": 3}, "status": "DONE"}], [{"action": "WEST", "reward": 4208, "info": {}, "observation": {"remainingOverageTime": 60, "step": 41, "geese": [[37, 38, 39, 28, 27, 16, 17, 6], [23, 12, 11, 22, 33, 44, 55, 56, 57, 58, 69], [], []], "food": [10, 42], "index": 0}, "status": "ACTIVE"}, {"action": "SOUTH", "reward": 4211, "info": {}, "observation": {"remainingOverageTime": 60, "index": 1}, "status": "ACTIVE"}, {"action": "NORTH", "reward": 301, "info": {}, "observation": {"remainingOverageTime": 60, "index": 2}, "status": "DONE"}, {"action": "NORTH", "reward": 402, "info": {}, "observation": {"remainingOverageTime": 60, "index": 3}, "status": "DONE"}], [{"action": "NORTH", "reward": 4308, "info": {}, "observation": {"remainingOverageTime": 60, "step": 42, "geese": [[26, 37, 38, 39, 28, 27, 16, 17], [24, 23, 12, 11, 22, 33, 44, 55, 56, 57, 58], [], []], "food": [10, 42], "index": 0}, "status": "ACTIVE"}, {"action": "EAST", "reward": 4311, "info": {}, "observation": {"remainingOverageTime": 60, "index": 1}, "status": "ACTIVE"}, {"action": "NORTH", "reward": 301, "info": {}, "observation": {"remainingOverageTime": 60, "index": 2}, "status": "DONE"}, {"action": "NORTH", "reward": 402, "info": {}, "observation": {"remainingOverageTime": 60, "index": 3}, "status": "DONE"}], [{"action": "NORTH", "reward": 4408, "info": {}, "observation": {"remainingOverageTime": 60, "step": 43, "geese": [[15, 26, 37, 38, 39, 28, 27, 16], [35, 24, 23, 12, 11, 22, 33, 44, 55, 56, 57], [], []], "food": [10, 42], "index": 0}, "status": "ACTIVE"}, {"action": "SOUTH", "reward": 4411, "info": {}, "observation": {"remainingOverageTime": 60, "index": 1}, "status": "ACTIVE"}, {"action": "NORTH", "reward": 301, "info": {}, "observation": {"remainingOverageTime": 60, "index": 2}, "status": "DONE"}, {"action": "NORTH", "reward": 402, "info": {}, "observation": {"remainingOverageTime": 60, "index": 3}, "status": "DONE"}], [{"action": "NORTH", "reward": 4508, "info": {}, "observation": {"remainingOverageTime": 60, "step": 44, "geese": [[4, 15, 26, 37, 38, 39, 28, 27], [36, 35, 24, 23, 12, 11, 22, 33, 44, 55, 56], [], []], "food": [10, 42], "index": 0}, "status": "ACTIVE"}, {"action": "EAST", "reward": 4511, "info": {}, "observation": {"remainingOverageTime": 60, "index": 1}, "status": "ACTIVE"}, {"action": "NORTH", "reward": 301, "info": {}, "observation": {"remainingOverageTime": 60, "index": 2}, "status": "DONE"}, {"action": "NORTH", "reward": 402, "info": {}, "observation": {"remainingOverageTime": 60, "index": 3}, "status": "DONE"}], [{"action": "EAST", "reward": 4608, "info": {}, "observation": {"remainingOverageTime": 60, "step": 45, "geese": [[5, 4, 15, 26, 37, 38, 39, 28], [25, 36, 35, 24, 23, 12, 11, 22, 33, 44, 55], [], []], "food": [10, 42], "index": 0}, "status": "ACTIVE"}, {"action": "NORTH", "reward": 4611, "info": {}, "observation": {"remainingOverageTime": 60, "index": 1}, "status": "ACTIVE"}, {"action": "NORTH", "reward": 301, "info": {}, "observation": {"remainingOverageTime": 60, "index": 2}, "status": "DONE"}, {"action": "NORTH", "reward": 402, "info": {}, "observation": {"remainingOverageTime": 60, "index": 3}, "status": "DONE"}], [{"action": "EAST", "reward": 4708, "info": {}, "observation": {"remainingOverageTime": 60, "step": 46, "geese": [[6, 5, 4, 15, 26, 37, 38, 39], [14, 25, 36, 35, 24, 23, 12, 11, 22, 33, 44], [], []], "food": [10, 42], "index": 0}, "status": "ACTIVE"}, {"action": "NORTH", "reward": 4711, "info": {}, "observation": {"remainingOverageTime": 60, "index": 1}, "status": "ACTIVE"}, {"action": "NORTH", "reward": 301, "info": {}, "observation": {"remainingOverageTime": 60, "index": 2}, "status": "DONE"}, {"action": "NORTH", "reward": 402, "info": {}, "observation": {"remainingOverageTime": 60, "index": 3}, "status": "DONE"}], [{"action": "SOUTH", "reward": 4808, "info": {}, "observation": {"remainingOverageTime": 60, "step": 47, "geese": [[17, 6, 5, 4, 15, 26, 37, 38], [3, 14, 25, 36, 35, 24, 23, 12, 11, 22, 33], [], []], "food": [10, 42], "index": 0}, "status": "ACTIVE"}, {"action": "NORTH", "reward": 4811, "info": {}, "observation": {"remainingOverageTime": 60, "index": 1}, "status": "ACTIVE"}, {"action": "NORTH", "reward": 301, "info": {}, "observation": {"remainingOverageTime": 60, "index": 2}, "status": "DONE"}, {"action": "NORTH", "reward": 402, "info": {}, "observation": {"remainingOverageTime": 60, "index": 3}, "status": "DONE"}], [{"action": "EAST", "reward": 4908, "info": {}, "observation": {"remainingOverageTime": 60, "step": 48, "geese": [[18, 17, 6, 5, 4, 15, 26, 37], [2, 3, 14, 25, 36, 35, 24, 23, 12, 11, 22], [], []], "food": [10, 42], "index": 0}, "status": "ACTIVE"}, {"action": "WEST", "reward": 4911, "info": {}, "observation": {"remainingOverageTime": 60, "index": 1}, "status": "ACTIVE"}, {"action": "NORTH", "reward": 301, "info": {}, "observation": {"remainingOverageTime": 60, "index": 2}, "status": "DONE"}, {"action": "NORTH", "reward": 402, "info": {}, "observation": {"remainingOverageTime": 60, "index": 3}, "status": "DONE"}], [{"action": "NORTH", "reward": 5008, "info": {}, "observation": {"remainingOverageTime": 60, "step": 49, "geese": [[7, 18, 17, 6, 5, 4, 15, 26], [13, 2, 3, 14, 25, 36, 35, 24, 23, 12, 11], [], []], "food": [10, 42], "index": 0}, "status": "ACTIVE"}, {"action": "SOUTH", "reward": 5011, "info": {}, "observation": {"remainingOverageTime": 60, "index": 1}, "status": "ACTIVE"}, {"action": "NORTH", "reward": 301, "info": {}, "observation": {"remainingOverageTime": 60, "index": 2}, "status": "DONE"}, {"action": "NORTH", "reward": 402, "info": {}, "observation": {"remainingOverageTime": 60, "index": 3}, "status": "DONE"}], [{"action": "EAST", "reward": 5108, "info": {}, "observation": {"remainingOverageTime": 60, "step": 50, "geese": [[8, 7, 18, 17, 6, 5, 4, 15], [], [], []], "food": [10, 42], "index": 0}, "status": "DONE"}, {"action": "SOUTH", "reward": 5011, "info": {}, "observation": {"remainingOverageTime": 60, "index": 1}, "status": "DONE"}, {"action": "NORTH", "reward": 301, "info": {}, "observation": {"remainingOverageTime": 60, "index": 2}, "status": "DONE"}, {"action": "NORTH", "reward": 402, "info": {}, "observation": {"remainingOverageTime": 60, "index": 3}, "status": "DONE"}]], "rewards": [5108, 5011, 301, 402], "statuses": ["DONE", "DONE", "DONE", "DONE"], "schema_version": 1, "info": {}}