{"id": "582315a0-db08-11ee-b332-0242ac1c000c", "name": "hungry_geese", "title": "Hungry Geese", "description": "Similar to the classic snake game with multiple players", "version": "1.0.0", "configuration": {"episodeSteps": 200, "actTimeout": 1, "runTimeout": 1200, "columns": 11, "rows": 7, "hunger_rate": 40, "min_food": 2, "max_length": 99}, "specification": {"action": {"description": "Direction to move the head of your players goose.", "type": "string", "enum": ["NORTH", "EAST", "SOUTH", "WEST"], "default": "NORTH"}, "agents": [1, 2, 3, 4, 5, 6, 7, 8], "configuration": {"episodeSteps": {"description": "Maximum number of steps in the episode.", "type": "integer", "minimum": 1, "default": 200}, "actTimeout": {"description": "Maximum runtime (seconds) to obtain an action from an agent.", "type": "number", "minimum": 0, "default": 1}, "runTimeout": {"description": "Maximum runtime (seconds) of an episode (not necessarily DONE).", "type": "number", "minimum": 0, "default": 1200}, "columns": {"description": "Horizontal number of cells on the board.", "type": "integer", "default": 11, "minimum": 3}, "rows": {"description": "Vertical number of cells on the board.", "type": "integer", "default": 7, "minimum": 3}, "hunger_rate": {"description": "The number of steps before the goose shrinks a cell.", "type": "integer", "minimum": 1, "default": 40}, "min_food": {"description": "The minimum amount of food present for all steps.", "type": "integer", "default": 2, "minimum": 1}, "max_length": {"description": "The max length any goose can be. Total reward = (max length + 1) * steps survived + goose length.", "type": "integer", "default": 99}}, "info": {}, "observation": {"remainingOverageTime": {"description": "Total remaining banked time (seconds) that can be used in excess of per-step actTimeouts -- agent is disqualified with TIMEOUT status when this drops below 0.", "shared": false, "type": "number", "minimum": 0, "default": 60}, "step": {"description": "Current step within the episode.", "type": "integer", "shared": true, "minimum": 0, "default": 0}, "geese": {"description": "List of geese in order by the agent index.", "type": "array", "default": [], "shared": true}, "food": {"description": "Positions on the board where food is present.", "type": "array", "default": [], "shared": true}, "index": {"description": "Index of the current agent's goose in the list of geese.", "type": "integer", "minimum": 0, "defaults": [0, 1, 2, 3, 4, 5, 6, 7]}}, "reward": {"description": "steps survived * (max goose length + 1) + current goose length.", "type": ["number", "null"], "default": 0, "minimum": 0}}, "steps": [[{"action": "NORTH", "reward": 0, "info": {}, "observation": {"remainingOverageTime": 60, "step": 0, "geese": [[29], [6], [38], [63]], "food": [24, 75], "index": 0}, "status": "ACTIVE"}, {"action": "NORTH", "reward": 0, "info": {}, "observation": {"remainingOverageTime": 60, "index": 1}, "status": "ACTIVE"}, {"action": "NORTH", "reward": 0, "info": {}, "observation": {"remainingOverageTime": 60, "index": 2}, "status": "ACTIVE"}, {"action": "NORTH", "reward": 0, "info": {}, "observation": {"remainingOverageTime": 60, "index": 3}, "status": "ACTIVE"}], [{"action": "WEST", "reward": 201, "info": {}, "observation": {"remainingOverageTime": 60, "step": 1, "geese": [[28], [72], [27], [64]], "food": [24, 75], "index": 0}, "status": "ACTIVE"}, {"action": "NORTH", "reward": 201, "info": {}, "observation": {"remainingOverageTime": 60, "index": 1}, "status": "ACTIVE"}, {"action": "NORTH", "reward": 201, "info": {}, "observation": {"remainingOverageTime": 60, "index": 2}, "status": "ACTIVE"}, {"action": "EAST", "reward": 201, "info": {}, "observation": {"remainingOverageTime": 60, "index": 3}, "status": "ACTIVE"}], [{"action": "WEST", "reward": 301, "info": {}, "observation": {"remainingOverageTime": 60, "step": 2, "geese": [[27], [73], [26], [75, 64]], "food": [24, 76], "index": 0}, "status": "ACTIVE"}, {"action": "EAST", "reward": 301, "info": {}, "observation": {"remainingOverageTime": 60, "index": 1}, "status": "ACTIVE"}, {"action": "WEST", "reward": 301, "info": {}, "observation": {"remainingOverageTime": 60, "index": 2}, "status": "ACTIVE"}, {"action": "SOUTH", "reward": 302, "info": {}, "observation": {"remainingOverageTime": 60, "index": 3}, "status": "ACTIVE"}], [{"action": "WEST", "reward": 401, "info": {}, "observation": {"remainingOverageTime": 60, "step": 3, "geese": [[26], [62], [25], [76, 75, 64]], "food": [24, 59], "index": 0}, "status": "ACTIVE"}, {"action": "NORTH", "reward": 401, "info": {}, "observation": {"remainingOverageTime": 60, "index": 1}, "status": "ACTIVE"}, {"action": "WEST", "reward": 401, "info": {}, "observation": {"remainingOverageTime": 60, "index": 2}, "status": "ACTIVE"}, {"action": "EAST", "reward": 403, "info": {}, "observation": {"remainingOverageTime": 60, "index": 3}, "status": "ACTIVE"}], [{"action": "SOUTH", "reward": 501, "info": {}, "observation": {"remainingOverageTime": 60, "step": 4, "geese": [[37], [61], [24, 25], [66, 76, 75]], "food": [59, 57], "index": 0}, "status": "ACTIVE"}, {"action": "WEST", "reward": 501, "info": {}, "observation": {"remainingOverageTime": 60, "index": 1}, "status": "ACTIVE"}, {"action": "WEST", "reward": 502, "info": {}, "observation": {"remainingOverageTime": 60, "index": 2}, "status": "ACTIVE"}, {"action": "EAST", "reward": 503, "info": {}, "observation": {"remainingOverageTime": 60, "index": 3}, "status": "ACTIVE"}], [{"action": "SOUTH", "reward": 601, "info": {}, "observation": {"remainingOverageTime": 60, "step": 5, "geese": [[48], [60], [35, 24], [55, 66, 76]], "food": [59, 57], "index": 0}, "status": "ACTIVE"}, {"action": "WEST", "reward": 601, "info": {}, "observation": {"remainingOverageTime": 60, "index": 1}, "status": "ACTIVE"}, {"action": "SOUTH", "reward": 602, "info": {}, "observation": {"remainingOverageTime": 60, "index": 2}, "status": "ACTIVE"}, {"action": "NORTH", "reward": 603, "info": {}, "observation": {"remainingOverageTime": 60, "index": 3}, "status": "ACTIVE"}], [{"action": "NORTH", "reward": 601, "info": {}, "observation": {"remainingOverageTime": 60, "step": 6, "geese": [[], [59, 60], [46, 35], [56, 55, 66]], "food": [57, 43], "index": 0}, "status": "DONE"}, {"action": "WEST", "reward": 702, "info": {}, "observation": {"remainingOverageTime": 60, "index": 1}, "status": "ACTIVE"}, {"action": "SOUTH", "reward": 702, "info": {}, "observation": {"remainingOverageTime": 60, "index": 2}, "status": "ACTIVE"}, {"action": "EAST", "reward": 703, "info": {}, "observation": {"remainingOverageTime": 60, "index": 3}, "status": "ACTIVE"}], [{"action": "NORTH", "reward": 601, "info": {}, "observation": {"remainingOverageTime": 60, "step": 7, "geese": [[], [58, 59], [], [57, 56, 55, 66]], "food": [43, 40], "index": 0}, "status": "DONE"}, {"action": "WEST", "reward": 802, "info": {}, "observation": {"remainingOverageTime": 60, "index": 1}, "status": "ACTIVE"}, {"action": "NORTH", "reward": 702, "info": {}, "observation": {"remainingOverageTime": 60, "index": 2}, "status": "DONE"}, {"action": "EAST", "reward": 804, "info": {}, "observation": {"remainingOverageTime": 60, "index": 3}, "status": "ACTIVE"}], [{"action": "NORTH", "reward": 601, "info": {}, "observation": {"remainingOverageTime": 60, "step": 8, "geese": [[], [47, 58], [], [46, 57, 56, 55]], "food": [43, 40], "index": 0}, "status": "DONE"}, {"action": "NORTH", "reward": 902, "info": {}, "observation": {"remainingOverageTime": 60, "index": 1}, "status": "ACTIVE"}, {"action": "NORTH", "reward": 702, "info": {}, "observation": {"remainingOverageTime": 60, "index": 2}, "status": "DONE"}, {"action": "NORTH", "reward": 904, "info": {}, "observation": {"remainingOverageTime": 60, "index": 3}, "status": "ACTIVE"}], [{"action": "NORTH", "reward": 601, "info": {}, "observation": {"remainingOverageTime": 60, "step": 9, "geese": [[], [36, 47], [], [35, 46, 57, 56]], "food": [43, 40], "index": 0}, "status": "DONE"}, {"action": "NORTH", "reward": 1002, "info": {}, "observation": {"remainingOverageTime": 60, "index": 1}, "status": "ACTIVE"}, {"action": "NORTH", "reward": 702, "info": {}, "observation": {"remainingOverageTime": 60, "index": 2}, "status": "DONE"}, {"action": "NORTH", "reward": 1004, "info": {}, "observation": {"remainingOverageTime": 60, "index": 3}, "status": "ACTIVE"}], [{"action": "NORTH", "reward": 601, "info": {}, "observation": {"remainingOverageTime": 60, "step": 10, "geese": [[], [37, 36], [], [24, 35, 46, 57]], "food": [43, 40], "index": 0}, "status": "DONE"}, {"action": "EAST", "reward": 1102, "info": {}, "observation": {"remainingOverageTime": 60, "index": 1}, "status": "ACTIVE"}, {"action": "NORTH", "reward": 702, "info": {}, "observation": {"remainingOverageTime": 60, "index": 2}, "status": "DONE"}, {"action": "NORTH", "reward": 1104, "info": {}, "observation": {"remainingOverageTime": 60, "index": 3}, "status": "ACTIVE"}], [{"action": "NORTH", "reward": 601, "info": {}, "observation": {"remainingOverageTime": 60, "step": 11, "geese": [[], [38, 37], [], [25, 24, 35, 46]], "food": [43, 40], "index": 0}, "status": "DONE"}, {"action": "EAST", "reward": 1202, "info": {}, "observation": {"remainingOverageTime": 60, "index": 1}, "status": "ACTIVE"}, {"action": "NORTH", "reward": 702, "info": {}, "observation": {"remainingOverageTime": 60, "index": 2}, "status": "DONE"}, {"action": "EAST", "reward": 1204, "info": {}, "observation": {"remainingOverageTime": 60, "index": 3}, "status": "ACTIVE"}], [{"action": "NORTH", "reward": 601, "info": {}, "observation": {"remainingOverageTime": 60, "step": 12, "geese": [[], [39, 38], [], [26, 25, 24, 35]], "food": [43, 40], "index": 0}, "status": "DONE"}, {"action": "EAST", "reward": 1302, "info": {}, "observation": {"remainingOverageTime": 60, "index": 1}, "status": "ACTIVE"}, {"action": "NORTH", "reward": 702, "info": {}, "observation": {"remainingOverageTime": 60, "index": 2}, "status": "DONE"}, {"action": "EAST", "reward": 1304, "info": {}, "observation": {"remainingOverageTime": 60, "index": 3}, "status": "ACTIVE"}], [{"action": "NORTH", "reward": 601, "info": {}, "observation": {"remainingOverageTime": 60, "step": 13, "geese": [[], [40, 39, 38], [], [27, 26, 25, 24]], "food": [43, 61], "index": 0}, "status": "DONE"}, {"action": "EAST", "reward": 1403, "info": {}, "observation": {"remainingOverageTime": 60, "index": 1}, "status": "ACTIVE"}, {"action": "NORTH", "reward": 702, "info": {}, "observation": {"remainingOverageTime": 60, "index": 2}, "status": "DONE"}, {"action": "EAST", "reward": 1404, "info": {}, "observation": {"remainingOverageTime": 60, "index": 3}, "status": "ACTIVE"}], [{"action": "NORTH", "reward": 601, "info": {}, "observation": {"remainingOverageTime": 60, "step": 14, "geese": [[], [41, 40, 39], [], [28, 27, 26, 25]], "food": [43, 61], "index": 0}, "status": "DONE"}, {"action": "EAST", "reward": 1503, "info": {}, "observation": {"remainingOverageTime": 60, "index": 1}, "status": "ACTIVE"}, {"action": "NORTH", "reward": 702, "info": {}, "observation": {"remainingOverageTime": 60, "index": 2}, "status": "DONE"}, {"action": "EAST", "reward": 1504, "info": {}, "observation": {"remainingOverageTime": 60, "index": 3}, "status": "ACTIVE"}], [{"action": "NORTH", "reward": 601, "info": {}, "observation": {"remainingOverageTime": 60, "step": 15, "geese": [[], [42, 41, 40], [], [39, 28, 27, 26]], "food": [43, 61], "index": 0}, "status": "DONE"}, {"action": "EAST", "reward": 1603, "info": {}, "observation": {"remainingOverageTime": 60, "index": 1}, "status": "ACTIVE"}, {"action": "NORTH", "reward": 702, "info": {}, "observation": {"remainingOverageTime": 60, "index": 2}, "status": "DONE"}, {"action": "SOUTH", "reward": 1604, "info": {}, "observation": {"remainingOverageTime": 60, "index": 3}, "status": "ACTIVE"}], [{"action": "NORTH", "reward": 601, "info": {}, "observation": {"remainingOverageTime": 60, "step": 16, "geese": [[], [43, 42, 41, 40], [], [50, 39, 28, 27]], "food": [61, 14], "index": 0}, "status": "DONE"}, {"action": "EAST", "reward": 1704, "info": {}, "observation": {"remainingOverageTime": 60, "index": 1}, "status": "ACTIVE"}, {"action": "NORTH", "reward": 702, "info": {}, "observation": {"remainingOverageTime": 60, "index": 2}, "status": "DONE"}, {"action": "SOUTH", "reward": 1704, "info": {}, "observation": {"remainingOverageTime": 60, "index": 3}, "status": "ACTIVE"}], [{"action": "NORTH", "reward": 601, "info": {}, "observation": {"remainingOverageTime": 60, "step": 17, "geese": [[], [33, 43, 42, 41], [], [61, 50, 39, 28, 27]], "food": [14, 58], "index": 0}, "status": "DONE"}, {"action": "EAST", "reward": 1804, "info": {}, "observation": {"remainingOverageTime": 60, "index": 1}, "status": "ACTIVE"}, {"action": "NORTH", "reward": 702, "info": {}, "observation": {"remainingOverageTime": 60, "index": 2}, "status": "DONE"}, {"action": "SOUTH", "reward": 1805, "info": {}, "observation": {"remainingOverageTime": 60, "index": 3}, "status": "ACTIVE"}], [{"action": "NORTH", "reward": 601, "info": {}, "observation": {"remainingOverageTime": 60, "step": 18, "geese": [[], [22, 33, 43, 42], [], [60, 61, 50, 39, 28]], "food": [14, 58], "index": 0}, "status": "DONE"}, {"action": "NORTH", "reward": 1904, "info": {}, "observation": {"remainingOverageTime": 60, "index": 1}, "status": "ACTIVE"}, {"action": "NORTH", "reward": 702, "info": {}, "observation": {"remainingOverageTime": 60, "index": 2}, "status": "DONE"}, {"action": "WEST", "reward": 1905, "info": {}, "observation": {"remainingOverageTime": 60, "index": 3}, "status": "ACTIVE"}], [{"action": "NORTH", "reward": 601, "info": {}, "observation": {"remainingOverageTime": 60, "step": 19, "geese": [[], [11, 22, 33, 43], [], [59, 60, 61, 50, 39]], "food": [14, 58], "index": 0}, "status": "DONE"}, {"action": "NORTH", "reward": 2004, "info": {}, "observation": {"remainingOverageTime": 60, "index": 1}, "status": "ACTIVE"}, {"action": "NORTH", "reward": 702, "info": {}, "observation": {"remainingOverageTime": 60, "index": 2}, "status": "DONE"}, {"action": "WEST", "reward": 2005, "info": {}, "observation": {"remainingOverageTime": 60, "index": 3}, "status": "ACTIVE"}], [{"action": "NORTH", "reward": 601, "info": {}, "observation": {"remainingOverageTime": 60, "step": 20, "geese": [[], [12, 11, 22, 33], [], [58, 59, 60, 61, 50, 39]], "food": [14, 75], "index": 0}, "status": "DONE"}, {"action": "EAST", "reward": 2104, "info": {}, "observation": {"remainingOverageTime": 60, "index": 1}, "status": "ACTIVE"}, {"action": "NORTH", "reward": 702, "info": {}, "observation": {"remainingOverageTime": 60, "index": 2}, "status": "DONE"}, {"action": "WEST", "reward": 2106, "info": {}, "observation": {"remainingOverageTime": 60, "index": 3}, "status": "ACTIVE"}], [{"action": "NORTH", "reward": 601, "info": {}, "observation": {"remainingOverageTime": 60, "step": 21, "geese": [[], [13, 12, 11, 22], [], [47, 58, 59, 60, 61, 50]], "food": [14, 75], "index": 0}, "status": "DONE"}, {"action": "EAST", "reward": 2204, "info": {}, "observation": {"remainingOverageTime": 60, "index": 1}, "status": "ACTIVE"}, {"action": "NORTH", "reward": 702, "info": {}, "observation": {"remainingOverageTime": 60, "index": 2}, "status": "DONE"}, {"action": "NORTH", "reward": 2206, "info": {}, "observation": {"remainingOverageTime": 60, "index": 3}, "status": "ACTIVE"}], [{"action": "NORTH", "reward": 601, "info": {}, "observation": {"remainingOverageTime": 60, "step": 22, "geese": [[], [14, 13, 12, 11, 22], [], [36, 47, 58, 59, 60, 61]], "food": [75, 71], "index": 0}, "status": "DONE"}, {"action": "EAST", "reward": 2305, "info": {}, "observation": {"remainingOverageTime": 60, "index": 1}, "status": "ACTIVE"}, {"action": "NORTH", "reward": 702, "info": {}, "observation": {"remainingOverageTime": 60, "index": 2}, "status": "DONE"}, {"action": "NORTH", "reward": 2306, "info": {}, "observation": {"remainingOverageTime": 60, "index": 3}, "status": "ACTIVE"}], [{"action": "NORTH", "reward": 601, "info": {}, "observation": {"remainingOverageTime": 60, "step": 23, "geese": [[], [15, 14, 13, 12, 11], [], [37, 36, 47, 58, 59, 60]], "food": [75, 71], "index": 0}, "status": "DONE"}, {"action": "EAST", "reward": 2405, "info": {}, "observation": {"remainingOverageTime": 60, "index": 1}, "status": "ACTIVE"}, {"action": "NORTH", "reward": 702, "info": {}, "observation": {"remainingOverageTime": 60, "index": 2}, "status": "DONE"}, {"action": "EAST", "reward": 2406, "info": {}, "observation": {"remainingOverageTime": 60, "index": 3}, "status": "ACTIVE"}], [{"action": "NORTH", "reward": 601, "info": {}, "observation": {"remainingOverageTime": 60, "step": 24, "geese": [[], [16, 15, 14, 13, 12], [], [38, 37, 36, 47, 58, 59]], "food": [75, 71], "index": 0}, "status": "DONE"}, {"action": "EAST", "reward": 2505, "info": {}, "observation": {"remainingOverageTime": 60, "index": 1}, "status": "ACTIVE"}, {"action": "NORTH", "reward": 702, "info": {}, "observation": {"remainingOverageTime": 60, "index": 2}, "status": "DONE"}, {"action": "EAST", "reward": 2506, "info": {}, "observation": {"remainingOverageTime": 60, "index": 3}, "status": "ACTIVE"}], [{"action": "NORTH", "reward": 601, "info": {}, "observation": {"remainingOverageTime": 60, "step": 25, "geese": [[], [27, 16, 15, 14, 13], [], [49, 38, 37, 36, 47, 58]], "food": [75, 71], "index": 0}, "status": "DONE"}, {"action": "SOUTH", "reward": 2605, "info": {}, "observation": {"remainingOverageTime": 60, "index": 1}, "status": "ACTIVE"}, {"action": "NORTH", "reward": 702, "info": {}, "observation": {"remainingOverageTime": 60, "index": 2}, "status": "DONE"}, {"action": "SOUTH", "reward": 2606, "info": {}, "observation": {"remainingOverageTime": 60, "index": 3}, "status": "ACTIVE"}], [{"action": "NORTH", "reward": 601, "info": {}, "observation": {"remainingOverageTime": 60, "step": 26, "geese": [[], [28, 27, 16, 15, 14], [], [60, 49, 38, 37, 36, 47]], "food": [75, 71], "index": 0}, "status": "DONE"}, {"action": "EAST", "reward": 2705, "info": {}, "observation": {"remainingOverageTime": 60, "index": 1}, "status": "ACTIVE"}, {"action": "NORTH", "reward": 702, "info": {}, "observation": {"remainingOverageTime": 60, "index": 2}, "status": "DONE"}, {"action": "SOUTH", "reward": 2706, "info": {}, "observation": {"remainingOverageTime": 60, "index": 3}, "status": "ACTIVE"}], [{"action": "NORTH", "reward": 601, "info": {}, "observation": {"remainingOverageTime": 60, "step": 27, "geese": [[], [39, 28, 27, 16, 15], [], [71, 60, 49, 38, 37, 36, 47]], "food": [75, 10], "index": 0}, "status": "DONE"}, {"action": "SOUTH", "reward": 2805, "info": {}, "observation": {"remainingOverageTime": 60, "index": 1}, "status": "ACTIVE"}, {"action": "NORTH", "reward": 702, "info": {}, "observation": {"remainingOverageTime": 60, "index": 2}, "status": "DONE"}, {"action": "SOUTH", "reward": 2807, "info": {}, "observation": {"remainingOverageTime": 60, "index": 3}, "status": "ACTIVE"}], [{"action": "NORTH", "reward": 601, "info": {}, "observation": {"remainingOverageTime": 60, "step": 28, "geese": [[], [40, 39, 28, 27, 16], [], [72, 71, 60, 49, 38, 37, 36]], "food": [75, 10], "index": 0}, "status": "DONE"}, {"action": "EAST", "reward": 2905, "info": {}, "observation": {"remainingOverageTime": 60, "index": 1}, "status": "ACTIVE"}, {"action": "NORTH", "reward": 702, "info": {}, "observation": {"remainingOverageTime": 60, "index": 2}, "status": "DONE"}, {"action": "EAST", "reward": 2907, "info": {}, "observation": {"remainingOverageTime": 60, "index": 3}, "status": "ACTIVE"}], [{"action": "NORTH", "reward": 601, "info": {}, "observation": {"remainingOverageTime": 60, "step": 29, "geese": [[], [41, 40, 39, 28, 27], [], [73, 72, 71, 60, 49, 38, 37]], "food": [75, 10], "index": 0}, "status": "DONE"}, {"action": "EAST", "reward": 3005, "info": {}, "observation": {"remainingOverageTime": 60, "index": 1}, "status": "ACTIVE"}, {"action": "NORTH", "reward": 702, "info": {}, "observation": {"remainingOverageTime": 60, "index": 2}, "status": "DONE"}, {"action": "EAST", "reward": 3007, "info": {}, "observation": {"remainingOverageTime": 60, "index": 3}, "status": "ACTIVE"}], [{"action": "NORTH", "reward": 601, "info": {}, "observation": {"remainingOverageTime": 60, "step": 30, "geese": [[], [42, 41, 40, 39, 28], [], [74, 73, 72, 71, 60, 49, 38]], "food": [75, 10], "index": 0}, "status": "DONE"}, {"action": "EAST", "reward": 3105, "info": {}, "observation": {"remainingOverageTime": 60, "index": 1}, "status": "ACTIVE"}, {"action": "NORTH", "reward": 702, "info": {}, "observation": {"remainingOverageTime": 60, "index": 2}, "status": "DONE"}, {"action": "EAST", "reward": 3107, "info": {}, "observation": {"remainingOverageTime": 60, "index": 3}, "status": "ACTIVE"}], [{"action": "NORTH", "reward": 601, "info": {}, "observation": {"remainingOverageTime": 60, "step": 31, "geese": [[], [53, 42, 41, 40, 39], [], [75, 74, 73, 72, 71, 60, 49, 38]], "food": [10, 76], "index": 0}, "status": "DONE"}, {"action": "SOUTH", "reward": 3205, "info": {}, "observation": {"remainingOverageTime": 60, "index": 1}, "status": "ACTIVE"}, {"action": "NORTH", "reward": 702, "info": {}, "observation": {"remainingOverageTime": 60, "index": 2}, "status": "DONE"}, {"action": "EAST", "reward": 3208, "info": {}, "observation": {"remainingOverageTime": 60, "index": 3}, "status": "ACTIVE"}], [{"action": "NORTH", "reward": 601, "info": {}, "observation": {"remainingOverageTime": 60, "step": 32, "geese": [[], [54, 53, 42, 41, 40], [], [76, 75, 74, 73, 72, 71, 60, 49, 38]], "food": [10, 26], "index": 0}, "status": "DONE"}, {"action": "EAST", "reward": 3305, "info": {}, "observation": {"remainingOverageTime": 60, "index": 1}, "status": "ACTIVE"}, {"action": "NORTH", "reward": 702, "info": {}, "observation": {"remainingOverageTime": 60, "index": 2}, "status": "DONE"}, {"action": "EAST", "reward": 3309, "info": {}, "observation": {"remainingOverageTime": 60, "index": 3}, "status": "ACTIVE"}], [{"action": "NORTH", "reward": 601, "info": {}, "observation": {"remainingOverageTime": 60, "step": 33, "geese": [[], [43, 54, 53, 42, 41], [], [10, 76, 75, 74, 73, 72, 71, 60, 49, 38]], "food": [26, 14], "index": 0}, "status": "DONE"}, {"action": "NORTH", "reward": 3405, "info": {}, "observation": {"remainingOverageTime": 60, "index": 1}, "status": "ACTIVE"}, {"action": "NORTH", "reward": 702, "info": {}, "observation": {"remainingOverageTime": 60, "index": 2}, "status": "DONE"}, {"action": "SOUTH", "reward": 3410, "info": {}, "observation": {"remainingOverageTime": 60, "index": 3}, "status": "ACTIVE"}], [{"action": "NORTH", "reward": 601, "info": {}, "observation": {"remainingOverageTime": 60, "step": 34, "geese": [[], [33, 43, 54, 53, 42], [], [0, 10, 76, 75, 74, 73, 72, 71, 60, 49]], "food": [26, 14], "index": 0}, "status": "DONE"}, {"action": "EAST", "reward": 3505, "info": {}, "observation": {"remainingOverageTime": 60, "index": 1}, "status": "ACTIVE"}, {"action": "NORTH", "reward": 702, "info": {}, "observation": {"remainingOverageTime": 60, "index": 2}, "status": "DONE"}, {"action": "EAST", "reward": 3510, "info": {}, "observation": {"remainingOverageTime": 60, "index": 3}, "status": "ACTIVE"}], [{"action": "NORTH", "reward": 601, "info": {}, "observation": {"remainingOverageTime": 60, "step": 35, "geese": [[], [22, 33, 43, 54, 53], [], [1, 0, 10, 76, 75, 74, 73, 72, 71, 60]], "food": [26, 14], "index": 0}, "status": "DONE"}, {"action": "NORTH", "reward": 3605, "info": {}, "observation": {"remainingOverageTime": 60, "index": 1}, "status": "ACTIVE"}, {"action": "NORTH", "reward": 702, "info": {}, "observation": {"remainingOverageTime": 60, "index": 2}, "status": "DONE"}, {"action": "EAST", "reward": 3610, "info": {}, "observation": {"remainingOverageTime": 60, "index": 3}, "status": "ACTIVE"}], [{"action": "NORTH", "reward": 601, "info": {}, "observation": {"remainingOverageTime": 60, "step": 36, "geese": [[], [11, 22, 33, 43, 54], [], [2, 1, 0, 10, 76, 75, 74, 73, 72, 71]], "food": [26, 14], "index": 0}, "status": "DONE"}, {"action": "NORTH", "reward": 3705, "info": {}, "observation": {"remainingOverageTime": 60, "index": 1}, "status": "ACTIVE"}, {"action": "NORTH", "reward": 702, "info": {}, "observation": {"remainingOverageTime": 60, "index": 2}, "status": "DONE"}, {"action": "EAST", "reward": 3710, "info": {}, "observation": {"remainingOverageTime": 60, "index": 3}, "status": "ACTIVE"}], [{"action": "NORTH", "reward": 601, "info": {}, "observation": {"remainingOverageTime": 60, "step": 37, "geese": [[], [12, 11, 22, 33, 43], [], [3, 2, 1, 0, 10, 76, 75, 74, 73, 72]], "food": [26, 14], "index": 0}, "status": "DONE"}, {"action": "EAST", "reward": 3805, "info": {}, "observation": {"remainingOverageTime": 60, "index": 1}, "status": "ACTIVE"}, {"action": "NORTH", "reward": 702, "info": {}, "observation": {"remainingOverageTime": 60, "index": 2}, "status": "DONE"}, {"action": "EAST", "reward": 3810, "info": {}, "observation": {"remainingOverageTime": 60, "index": 3}, "status": "ACTIVE"}], [{"action": "NORTH", "reward": 601, "info": {}, "observation": {"remainingOverageTime": 60, "step": 38, "geese": [[], [13, 12, 11, 22, 33], [], [14, 3, 2, 1, 0, 10, 76, 75, 74, 73, 72]], "food": [26, 62], "index": 0}, "status": "DONE"}, {"action": "EAST", "reward": 3905, "info": {}, "observation": {"remainingOverageTime": 60, "index": 1}, "status": "ACTIVE"}, {"action": "NORTH", "reward": 702, "info": {}, "observation": {"remainingOverageTime": 60, "index": 2}, "status": "DONE"}, {"action": "SOUTH", "reward": 3911, "info": {}, "observation": {"remainingOverageTime": 60, "index": 3}, "status": "ACTIVE"}], [{"action": "NORTH", "reward": 601, "info": {}, "observation": {"remainingOverageTime": 60, "step": 39, "geese": [[], [24, 13, 12, 11, 22], [], [15, 14, 3, 2, 1, 0, 10, 76, 75, 74, 73]], "food": [26, 62], "index": 0}, "status": "DONE"}, {"action": "SOUTH", "reward": 4005, "info": {}, "observation": {"remainingOverageTime": 60, "index": 1}, "status": "ACTIVE"}, {"action": "NORTH", "reward": 702, "info": {}, "observation": {"remainingOverageTime": 60, "index": 2}, "status": "DONE"}, {"action": "EAST", "reward": 4011, "info": {}, "observation": {"remainingOverageTime": 60, "index": 3}, "status": "ACTIVE"}], [{"action": "NORTH", "reward": 601, "info": {}, "observation": {"remainingOverageTime": 60, "step": 40, "geese": [[], [25, 24, 13, 12], [], [26, 15, 14, 3, 2, 1, 0, 10, 76, 75, 74]], "food": [62, 56], "index": 0}, "status": "DONE"}, {"action": "EAST", "reward": 4104, "info": {}, "observation": {"remainingOverageTime": 60, "index": 1}, "status": "ACTIVE"}, {"action": "NORTH", "reward": 702, "info": {}, "observation": {"remainingOverageTime": 60, "index": 2}, "status": "DONE"}, {"action": "SOUTH", "reward": 4111, "info": {}, "observation": {"remainingOverageTime": 60, "index": 3}, "status": "ACTIVE"}], [{"action": "NORTH", "reward": 601, "info": {}, "observation": {"remainingOverageTime": 60, "step": 41, "geese": [[], [36, 25, 24, 13], [], [27, 26, 15, 14, 3, 2, 1, 0, 10, 76, 75]], "food": [62, 56], "index": 0}, "status": "DONE"}, {"action": "SOUTH", "reward": 4204, "info": {}, "observation": {"remainingOverageTime": 60, "index": 1}, "status": "ACTIVE"}, {"action": "NORTH", "reward": 702, "info": {}, "observation": {"remainingOverageTime": 60, "index": 2}, "status": "DONE"}, {"action": "EAST", "reward": 4211, "info": {}, "observation": {"remainingOverageTime": 60, "index": 3}, "status": "ACTIVE"}], [{"action": "NORTH", "reward": 601, "info": {}, "observation": {"remainingOverageTime": 60, "step": 42, "geese": [[], [47, 36, 25, 24], [], [28, 27, 26, 15, 14, 3, 2, 1, 0, 10, 76]], "food": [62, 56], "index": 0}, "status": "DONE"}, {"action": "SOUTH", "reward": 4304, "info": {}, "observation": {"remainingOverageTime": 60, "index": 1}, "status": "ACTIVE"}, {"action": "NORTH", "reward": 702, "info": {}, "observation": {"remainingOverageTime": 60, "index": 2}, "status": "DONE"}, {"action": "EAST", "reward": 4311, "info": {}, "observation": {"remainingOverageTime": 60, "index": 3}, "status": "ACTIVE"}], [{"action": "NORTH", "reward": 601, "info": {}, "observation": {"remainingOverageTime": 60, "step": 43, "geese": [[], [58, 47, 36, 25], [], [29, 28, 27, 26, 15, 14, 3, 2, 1, 0, 10]], "food": [62, 56], "index": 0}, "status": "DONE"}, {"action": "SOUTH", "reward": 4404, "info": {}, "observation": {"remainingOverageTime": 60, "index": 1}, "status": "ACTIVE"}, {"action": "NORTH", "reward": 702, "info": {}, "observation": {"remainingOverageTime": 60, "index": 2}, "status": "DONE"}, {"action": "EAST", "reward": 4411, "info": {}, "observation": {"remainingOverageTime": 60, "index": 3}, "status": "ACTIVE"}], [{"action": "NORTH", "reward": 601, "info": {}, "observation": {"remainingOverageTime": 60, "step": 44, "geese": [[], [57, 58, 47, 36], [], [40, 29, 28, 27, 26, 15, 14, 3, 2, 1, 0]], "food": [62, 56], "index": 0}, "status": "DONE"}, {"action": "WEST", "reward": 4504, "info": {}, "observation": {"remainingOverageTime": 60, "index": 1}, "status": "ACTIVE"}, {"action": "NORTH", "reward": 702, "info": {}, "observation": {"remainingOverageTime": 60, "index": 2}, "status": "DONE"}, {"action": "SOUTH", "reward": 4511, "info": {}, "observation": {"remainingOverageTime": 60, "index": 3}, "status": "ACTIVE"}], [{"action": "NORTH", "reward": 601, "info": {}, "observation": {"remainingOverageTime": 60, "step": 45, "geese": [[], [56, 57, 58, 47, 36], [], [51, 40, 29, 28, 27, 26, 15, 14, 3, 2, 1]], "food": [62, 6], "index": 0}, "status": "DONE"}, {"action": "WEST", "reward": 4605, "info": {}, "observation": {"remainingOverageTime": 60, "index": 1}, "status": "ACTIVE"}, {"action": "NORTH", "reward": 702, "info": {}, "observation": {"remainingOverageTime": 60, "index": 2}, "status": "DONE"}, {"action": "SOUTH", "reward": 4611, "info": {}, "observation": {"remainingOverageTime": 60, "index": 3}, "status": "ACTIVE"}], [{"action": "NORTH", "reward": 601, "info": {}, "observation": {"remainingOverageTime": 60, "step": 46, "geese": [[], [45, 56, 57, 58, 47], [], [52, 51, 40, 29, 28, 27, 26, 15, 14, 3, 2]], "food": [62, 6], "index": 0}, "status": "DONE"}, {"action": "NORTH", "reward": 4705, "info": {}, "observation": {"remainingOverageTime": 60, "index": 1}, "status": "ACTIVE"}, {"action": "NORTH", "reward": 702, "info": {}, "observation": {"remainingOverageTime": 60, "index": 2}, "status": "DONE"}, {"action": "EAST", "reward": 4711, "info": {}, "observation": {"remainingOverageTime": 60, "index": 3}, "status": "ACTIVE"}], [{"action": "NORTH", "reward": 601, "info": {}, "observation": {"remainingOverageTime": 60, "step": 47, "geese": [[], [46, 45, 56, 57, 58], [], [63, 52, 51, 40, 29, 28, 27, 26, 15, 14, 3]], "food": [62, 6], "index": 0}, "status": "DONE"}, {"action": "EAST", "reward": 4805, "info": {}, "observation": {"remainingOverageTime": 60, "index": 1}, "status": "ACTIVE"}, {"action": "NORTH", "reward": 702, "info": {}, "observation": {"remainingOverageTime": 60, "index": 2}, "status": "DONE"}, {"action": "SOUTH", "reward": 4811, "info": {}, "observation": {"remainingOverageTime": 60, "index": 3}, "status": "ACTIVE"}], [{"action": "NORTH", "reward": 601, "info": {}, "observation": {"remainingOverageTime": 60, "step": 48, "geese": [[], [47, 46, 45, 56, 57], [], [62, 63, 52, 51, 40, 29, 28, 27, 26, 15, 14, 3]], "food": [6, 30], "index": 0}, "status": "DONE"}, {"action": "EAST", "reward": 4905, "info": {}, "observation": {"remainingOverageTime": 60, "index": 1}, "status": "ACTIVE"}, {"action": "NORTH", "reward": 702, "info": {}, "observation": {"remainingOverageTime": 60, "index": 2}, "status": "DONE"}, {"action": "WEST", "reward": 4912, "info": {}, "observation": {"remainingOverageTime": 60, "index": 3}, "status": "ACTIVE"}], [{"action": "NORTH", "reward": 601, "info": {}, "observation": {"remainingOverageTime": 60, "step": 49, "geese": [[], [36, 47, 46, 45, 56], [], [73, 62, 63, 52, 51, 40, 29, 28, 27, 26, 15, 14]], "food": [6, 30], "index": 0}, "status": "DONE"}, {"action": "NORTH", "reward": 5005, "info": {}, "observation": {"remainingOverageTime": 60, "index": 1}, "status": "ACTIVE"}, {"action": "NORTH", "reward": 702, "info": {}, "observation": {"remainingOverageTime": 60, "index": 2}, "status": "DONE"}, {"action": "SOUTH", "reward": 5012, "info": {}, "observation": {"remainingOverageTime": 60, "index": 3}, "status": "ACTIVE"}], [{"action": "NORTH", "reward": 601, "info": {}, "observation": {"remainingOverageTime": 60, "step": 50, "geese": [[], [25, 36, 47, 46, 45], [], [7, 73, 62, 63, 52, 51, 40, 29, 28, 27, 26, 15]], "food": [6, 30], "index": 0}, "status": "DONE"}, {"action": "NORTH", "reward": 5105, "info": {}, "observation": {"remainingOverageTime": 60, "index": 1}, "status": "ACTIVE"}, {"action": "NORTH", "reward": 702, "info": {}, "observation": {"remainingOverageTime": 60, "index": 2}, "status": "DONE"}, {"action": "SOUTH", "reward": 5112, "info": {}, "observation": {"remainingOverageTime": 60, "index": 3}, "status": "ACTIVE"}], [{"action": "NORTH", "reward": 601, "info": {}, "observation": {"remainingOverageTime": 60, "step": 51, "geese": [[], [24, 25, 36, 47, 46], [], [6, 7, 73, 62, 63, 52, 51, 40, 29, 28, 27, 26, 15]], "food": [30, 35], "index": 0}, "status": "DONE"}, {"action": "WEST", "reward": 5205, "info": {}, "observation": {"remainingOverageTime": 60, "index": 1}, "status": "ACTIVE"}, {"action": "NORTH", "reward": 702, "info": {}, "observation": {"remainingOverageTime": 60, "index": 2}, "status": "DONE"}, {"action": "WEST", "reward": 5213, "info": {}, "observation": {"remainingOverageTime": 60, "index": 3}, "status": "ACTIVE"}], [{"action": "NORTH", "reward": 601, "info": {}, "observation": {"remainingOverageTime": 60, "step": 52, "geese": [[], [35, 24, 25, 36, 47, 46], [], [5, 6, 7, 73, 62, 63, 52, 51, 40, 29, 28, 27, 26]], "food": [30, 37], "index": 0}, "status": "DONE"}, {"action": "SOUTH", "reward": 5306, "info": {}, "observation": {"remainingOverageTime": 60, "index": 1}, "status": "ACTIVE"}, {"action": "NORTH", "reward": 702, "info": {}, "observation": {"remainingOverageTime": 60, "index": 2}, "status": "DONE"}, {"action": "WEST", "reward": 5313, "info": {}, "observation": {"remainingOverageTime": 60, "index": 3}, "status": "ACTIVE"}], [{"action": "NORTH", "reward": 601, "info": {}, "observation": {"remainingOverageTime": 60, "step": 53, "geese": [[], [46, 35, 24, 25, 36, 47], [], [16, 5, 6, 7, 73, 62, 63, 52, 51, 40, 29, 28, 27]], "food": [30, 37], "index": 0}, "status": "DONE"}, {"action": "SOUTH", "reward": 5406, "info": {}, "observation": {"remainingOverageTime": 60, "index": 1}, "status": "ACTIVE"}, {"action": "NORTH", "reward": 702, "info": {}, "observation": {"remainingOverageTime": 60, "index": 2}, "status": "DONE"}, {"action": "SOUTH", "reward": 5413, "info": {}, "observation": {"remainingOverageTime": 60, "index": 3}, "status": "ACTIVE"}], [{"action": "NORTH", "reward": 601, "info": {}, "observation": {"remainingOverageTime": 60, "step": 54, "geese": [[], [47, 46, 35, 24, 25, 36], [], [27, 16, 5, 6, 7, 73, 62, 63, 52, 51, 40, 29, 28]], "food": [30, 37], "index": 0}, "status": "DONE"}, {"action": "EAST", "reward": 5506, "info": {}, "observation": {"remainingOverageTime": 60, "index": 1}, "status": "ACTIVE"}, {"action": "NORTH", "reward": 702, "info": {}, "observation": {"remainingOverageTime": 60, "index": 2}, "status": "DONE"}, {"action": "SOUTH", "reward": 5513, "info": {}, "observation": {"remainingOverageTime": 60, "index": 3}, "status": "ACTIVE"}], [{"action": "NORTH", "reward": 601, "info": {}, "observation": {"remainingOverageTime": 60, "step": 55, "geese": [[], [36, 47, 46, 35, 24, 25], [], [38, 27, 16, 5, 6, 7, 73, 62, 63, 52, 51, 40, 29]], "food": [30, 37], "index": 0}, "status": "DONE"}, {"action": "NORTH", "reward": 5606, "info": {}, "observation": {"remainingOverageTime": 60, "index": 1}, "status": "ACTIVE"}, {"action": "NORTH", "reward": 702, "info": {}, "observation": {"remainingOverageTime": 60, "index": 2}, "status": "DONE"}, {"action": "SOUTH", "reward": 5613, "info": {}, "observation": {"remainingOverageTime": 60, "index": 3}, "status": "ACTIVE"}], [{"action": "NORTH", "reward": 601, "info": {}, "observation": {"remainingOverageTime": 60, "step": 56, "geese": [[], [25, 36, 47, 46, 35, 24], [], [39, 38, 27, 16, 5, 6, 7, 73, 62, 63, 52, 51, 40]], "food": [30, 37], "index": 0}, "status": "DONE"}, {"action": "NORTH", "reward": 5706, "info": {}, "observation": {"remainingOverageTime": 60, "index": 1}, "status": "ACTIVE"}, {"action": "NORTH", "reward": 702, "info": {}, "observation": {"remainingOverageTime": 60, "index": 2}, "status": "DONE"}, {"action": "EAST", "reward": 5713, "info": {}, "observation": {"remainingOverageTime": 60, "index": 3}, "status": "ACTIVE"}], [{"action": "NORTH", "reward": 601, "info": {}, "observation": {"remainingOverageTime": 60, "step": 57, "geese": [[], [26, 25, 36, 47, 46, 35], [], [28, 39, 38, 27, 16, 5, 6, 7, 73, 62, 63, 52, 51]], "food": [30, 37], "index": 0}, "status": "DONE"}, {"action": "EAST", "reward": 5806, "info": {}, "observation": {"remainingOverageTime": 60, "index": 1}, "status": "ACTIVE"}, {"action": "NORTH", "reward": 702, "info": {}, "observation": {"remainingOverageTime": 60, "index": 2}, "status": "DONE"}, {"action": "NORTH", "reward": 5813, "info": {}, "observation": {"remainingOverageTime": 60, "index": 3}, "status": "ACTIVE"}], [{"action": "NORTH", "reward": 601, "info": {}, "observation": {"remainingOverageTime": 60, "step": 58, "geese": [[], [37, 26, 25, 36, 47, 46, 35], [], [29, 28, 39, 38, 27, 16, 5, 6, 7, 73, 62, 63, 52]], "food": [30, 2], "index": 0}, "status": "DONE"}, {"action": "SOUTH", "reward": 5907, "info": {}, "observation": {"remainingOverageTime": 60, "index": 1}, "status": "ACTIVE"}, {"action": "NORTH", "reward": 702, "info": {}, "observation": {"remainingOverageTime": 60, "index": 2}, "status": "DONE"}, {"action": "EAST", "reward": 5913, "info": {}, "observation": {"remainingOverageTime": 60, "index": 3}, "status": "ACTIVE"}], [{"action": "NORTH", "reward": 601, "info": {}, "observation": {"remainingOverageTime": 60, "step": 59, "geese": [[], [48, 37, 26, 25, 36, 47, 46], [], [18, 29, 28, 39, 38, 27, 16, 5, 6, 7, 73, 62, 63]], "food": [30, 2], "index": 0}, "status": "DONE"}, {"action": "SOUTH", "reward": 6007, "info": {}, "observation": {"remainingOverageTime": 60, "index": 1}, "status": "ACTIVE"}, {"action": "NORTH", "reward": 702, "info": {}, "observation": {"remainingOverageTime": 60, "index": 2}, "status": "DONE"}, {"action": "NORTH", "reward": 6013, "info": {}, "observation": {"remainingOverageTime": 60, "index": 3}, "status": "ACTIVE"}], [{"action": "NORTH", "reward": 601, "info": {}, "observation": {"remainingOverageTime": 60, "step": 60, "geese": [[], [49, 48, 37, 26, 25, 36, 47], [], [19, 18, 29, 28, 39, 38, 27, 16, 5, 6, 7, 73, 62]], "food": [30, 2], "index": 0}, "status": "DONE"}, {"action": "EAST", "reward": 6107, "info": {}, "observation": {"remainingOverageTime": 60, "index": 1}, "status": "ACTIVE"}, {"action": "NORTH", "reward": 702, "info": {}, "observation": {"remainingOverageTime": 60, "index": 2}, "status": "DONE"}, {"action": "EAST", "reward": 6113, "info": {}, "observation": {"remainingOverageTime": 60, "index": 3}, "status": "ACTIVE"}], [{"action": "NORTH", "reward": 601, "info": {}, "observation": {"remainingOverageTime": 60, "step": 61, "geese": [[], [50, 49, 48, 37, 26, 25, 36], [], [30, 19, 18, 29, 28, 39, 38, 27, 16, 5, 6, 7, 73, 62]], "food": [2, 47], "index": 0}, "status": "DONE"}, {"action": "EAST", "reward": 6207, "info": {}, "observation": {"remainingOverageTime": 60, "index": 1}, "status": "ACTIVE"}, {"action": "NORTH", "reward": 702, "info": {}, "observation": {"remainingOverageTime": 60, "index": 2}, "status": "DONE"}, {"action": "SOUTH", "reward": 6214, "info": {}, "observation": {"remainingOverageTime": 60, "index": 3}, "status": "ACTIVE"}], [{"action": "NORTH", "reward": 601, "info": {}, "observation": {"remainingOverageTime": 60, "step": 62, "geese": [[], [51, 50, 49, 48, 37, 26, 25], [], [41, 30, 19, 18, 29, 28, 39, 38, 27, 16, 5, 6, 7, 73]], "food": [2, 47], "index": 0}, "status": "DONE"}, {"action": "EAST", "reward": 6307, "info": {}, "observation": {"remainingOverageTime": 60, "index": 1}, "status": "ACTIVE"}, {"action": "NORTH", "reward": 702, "info": {}, "observation": {"remainingOverageTime": 60, "index": 2}, "status": "DONE"}, {"action": "SOUTH", "reward": 6314, "info": {}, "observation": {"remainingOverageTime": 60, "index": 3}, "status": "ACTIVE"}], [{"action": "NORTH", "reward": 601, "info": {}, "observation": {"remainingOverageTime": 60, "step": 63, "geese": [[], [52, 51, 50, 49, 48, 37, 26], [], [40, 41, 30, 19, 18, 29, 28, 39, 38, 27, 16, 5, 6, 7]], "food": [2, 47], "index": 0}, "status": "DONE"}, {"action": "EAST", "reward": 6407, "info": {}, "observation": {"remainingOverageTime": 60, "index": 1}, "status": "ACTIVE"}, {"action": "NORTH", "reward": 702, "info": {}, "observation": {"remainingOverageTime": 60, "index": 2}, "status": "DONE"}, {"action": "WEST", "reward": 6414, "info": {}, "observation": {"remainingOverageTime": 60, "index": 3}, "status": "ACTIVE"}], [{"action": "NORTH", "reward": 601, "info": {}, "observation": {"remainingOverageTime": 60, "step": 64, "geese": [[], [53, 52, 51, 50, 49, 48, 37], [], []], "food": [2, 47], "index": 0}, "status": "DONE"}, {"action": "EAST", "reward": 6507, "info": {}, "observation": {"remainingOverageTime": 60, "index": 1}, "status": "DONE"}, {"action": "NORTH", "reward": 702, "info": {}, "observation": {"remainingOverageTime": 60, "index": 2}, "status": "DONE"}, {"action": "WEST", "reward": 6414, "info": {}, "observation": {"remainingOverageTime": 60, "index": 3}, "status": "DONE"}]], "rewards": [601, 6507, 702, 6414], "statuses": ["DONE", "DONE", "DONE", "DONE"], "schema_version": 1, "info": {}}