{"id": "582315a0-db08-11ee-b332-0242ac1c000c", "name": "hungry_geese", "title": "Hungry Geese", "description": "Similar to the classic snake game with multiple players", "version": "1.0.0", "configuration": {"episodeSteps": 200, "actTimeout": 1, "runTimeout": 1200, "columns": 11, "rows": 7, "hunger_rate": 40, "min_food": 2, "max_length": 99}, "specification": {"action": {"description": "Direction to move the head of your players goose.", "type": "string", "enum": ["NORTH", "EAST", "SOUTH", "WEST"], "default": "NORTH"}, "agents": [1, 2, 3, 4, 5, 6, 7, 8], "configuration": {"episodeSteps": {"description": "Maximum number of steps in the episode.", "type": "integer", "minimum": 1, "default": 200}, "actTimeout": {"description": "Maximum runtime (seconds) to obtain an action from an agent.", "type": "number", "minimum": 0, "default": 1}, "runTimeout": {"description": "Maximum runtime (seconds) of an episode (not necessarily DONE).", "type": "number", "minimum": 0, "default": 1200}, "columns": {"description": "Horizontal number of cells on the board.", "type": "integer", "default": 11, "minimum": 3}, "rows": {"description": "Vertical number of cells on the board.", "type": "integer", "default": 7, "minimum": 3}, "hunger_rate": {"description": "The number of steps before the goose shrinks a cell.", "type": "integer", "minimum": 1, "default": 40}, "min_food": {"description": "The minimum amount of food present for all steps.", "type": "integer", "default": 2, "minimum": 1}, "max_length": {"description": "The max length any goose can be. Total reward = (max length + 1) * steps survived + goose length.", "type": "integer", "default": 99}}, "info": {}, "observation": {"remainingOverageTime": {"description": "Total remaining banked time (seconds) that can be used in excess of per-step actTimeouts -- agent is disqualified with TIMEOUT status when this drops below 0.", "shared": false, "type": "number", "minimum": 0, "default": 60}, "step": {"description": "Current step within the episode.", "type": "integer", "shared": true, "minimum": 0, "default": 0}, "geese": {"description": "List of geese in order by the agent index.", "type": "array", "default": [], "shared": true}, "food": {"description": "Positions on the board where food is present.", "type": "array", "default": [], "shared": true}, "index": {"description": "Index of the current agent's goose in the list of geese.", "type": "integer", "minimum": 0, "defaults": [0, 1, 2, 3, 4, 5, 6, 7]}}, "reward": {"description": "steps survived * (max goose length + 1) + current goose length.", "type": ["number", "null"], "default": 0, "minimum": 0}}, "steps": [[{"action": "NORTH", "reward": 0, "info": {}, "observation": {"remainingOverageTime": 60, "step": 0, "geese": [[63], [30], [46], [29]], "food": [73, 71], "index": 0}, "status": "ACTIVE"}, {"action": "NORTH", "reward": 0, "info": {}, "observation": {"remainingOverageTime": 60, "index": 1}, "status": "ACTIVE"}, {"action": "NORTH", "reward": 0, "info": {}, "observation": {"remainingOverageTime": 60, "index": 2}, "status": "ACTIVE"}, {"action": "NORTH", "reward": 0, "info": {}, "observation": {"remainingOverageTime": 60, "index": 3}, "status": "ACTIVE"}], [{"action": "SOUTH", "reward": 201, "info": {}, "observation": {"remainingOverageTime": 60, "step": 1, "geese": [[74], [41], [47], [40]], "food": [73, 71], "index": 0}, "status": "ACTIVE"}, {"action": "SOUTH", "reward": 201, "info": {}, "observation": {"remainingOverageTime": 60, "index": 1}, "status": "ACTIVE"}, {"action": "EAST", "reward": 201, "info": {}, "observation": {"remainingOverageTime": 60, "index": 2}, "status": "ACTIVE"}, {"action": "SOUTH", "reward": 201, "info": {}, "observation": {"remainingOverageTime": 60, "index": 3}, "status": "ACTIVE"}], [{"action": "WEST", "reward": 302, "info": {}, "observation": {"remainingOverageTime": 60, "step": 2, "geese": [[73, 74], [52], [58], [51]], "food": [71, 13], "index": 0}, "status": "ACTIVE"}, {"action": "SOUTH", "reward": 301, "info": {}, "observation": {"remainingOverageTime": 60, "index": 1}, "status": "ACTIVE"}, {"action": "SOUTH", "reward": 301, "info": {}, "observation": {"remainingOverageTime": 60, "index": 2}, "status": "ACTIVE"}, {"action": "SOUTH", "reward": 301, "info": {}, "observation": {"remainingOverageTime": 60, "index": 3}, "status": "ACTIVE"}], [{"action": "WEST", "reward": 402, "info": {}, "observation": {"remainingOverageTime": 60, "step": 3, "geese": [[72, 73], [63], [69], [62]], "food": [71, 13], "index": 0}, "status": "ACTIVE"}, {"action": "SOUTH", "reward": 401, "info": {}, "observation": {"remainingOverageTime": 60, "index": 1}, "status": "ACTIVE"}, {"action": "SOUTH", "reward": 401, "info": {}, "observation": {"remainingOverageTime": 60, "index": 2}, "status": "ACTIVE"}, {"action": "SOUTH", "reward": 401, "info": {}, "observation": {"remainingOverageTime": 60, "index": 3}, "status": "ACTIVE"}], [{"action": "WEST", "reward": 503, "info": {}, "observation": {"remainingOverageTime": 60, "step": 4, "geese": [[71, 72, 73], [74], [3], [61]], "food": [13, 32], "index": 0}, "status": "ACTIVE"}, {"action": "SOUTH", "reward": 501, "info": {}, "observation": {"remainingOverageTime": 60, "index": 1}, "status": "ACTIVE"}, {"action": "SOUTH", "reward": 501, "info": {}, "observation": {"remainingOverageTime": 60, "index": 2}, "status": "ACTIVE"}, {"action": "WEST", "reward": 501, "info": {}, "observation": {"remainingOverageTime": 60, "index": 3}, "status": "ACTIVE"}], [{"action": "SOUTH", "reward": 603, "info": {}, "observation": {"remainingOverageTime": 60, "step": 5, "geese": [[5, 71, 72], [8], [14], [50]], "food": [13, 32], "index": 0}, "status": "ACTIVE"}, {"action": "SOUTH", "reward": 601, "info": {}, "observation": {"remainingOverageTime": 60, "index": 1}, "status": "ACTIVE"}, {"action": "SOUTH", "reward": 601, "info": {}, "observation": {"remainingOverageTime": 60, "index": 2}, "status": "ACTIVE"}, {"action": "NORTH", "reward": 601, "info": {}, "observation": {"remainingOverageTime": 60, "index": 3}, "status": "ACTIVE"}], [{"action": "SOUTH", "reward": 703, "info": {}, "observation": {"remainingOverageTime": 60, "step": 6, "geese": [[16, 5, 71], [9], [13, 14], [39]], "food": [32, 67], "index": 0}, "status": "ACTIVE"}, {"action": "EAST", "reward": 701, "info": {}, "observation": {"remainingOverageTime": 60, "index": 1}, "status": "ACTIVE"}, {"action": "WEST", "reward": 702, "info": {}, "observation": {"remainingOverageTime": 60, "index": 2}, "status": "ACTIVE"}, {"action": "NORTH", "reward": 701, "info": {}, "observation": {"remainingOverageTime": 60, "index": 3}, "status": "ACTIVE"}], [{"action": "EAST", "reward": 803, "info": {}, "observation": {"remainingOverageTime": 60, "step": 7, "geese": [[17, 16, 5], [10], [24, 13], [28]], "food": [32, 67], "index": 0}, "status": "ACTIVE"}, {"action": "EAST", "reward": 801, "info": {}, "observation": {"remainingOverageTime": 60, "index": 1}, "status": "ACTIVE"}, {"action": "SOUTH", "reward": 802, "info": {}, "observation": {"remainingOverageTime": 60, "index": 2}, "status": "ACTIVE"}, {"action": "NORTH", "reward": 801, "info": {}, "observation": {"remainingOverageTime": 60, "index": 3}, "status": "ACTIVE"}], [{"action": "EAST", "reward": 903, "info": {}, "observation": {"remainingOverageTime": 60, "step": 8, "geese": [[18, 17, 16], [], [23, 24], [29]], "food": [32, 67], "index": 0}, "status": "ACTIVE"}, {"action": "WEST", "reward": 801, "info": {}, "observation": {"remainingOverageTime": 60, "index": 1}, "status": "DONE"}, {"action": "WEST", "reward": 902, "info": {}, "observation": {"remainingOverageTime": 60, "index": 2}, "status": "ACTIVE"}, {"action": "EAST", "reward": 901, "info": {}, "observation": {"remainingOverageTime": 60, "index": 3}, "status": "ACTIVE"}], [{"action": "EAST", "reward": 1003, "info": {}, "observation": {"remainingOverageTime": 60, "step": 9, "geese": [[19, 18, 17], [], [34, 23], [40]], "food": [32, 67], "index": 0}, "status": "ACTIVE"}, {"action": "NORTH", "reward": 801, "info": {}, "observation": {"remainingOverageTime": 60, "index": 1}, "status": "DONE"}, {"action": "SOUTH", "reward": 1002, "info": {}, "observation": {"remainingOverageTime": 60, "index": 2}, "status": "ACTIVE"}, {"action": "SOUTH", "reward": 1001, "info": {}, "observation": {"remainingOverageTime": 60, "index": 3}, "status": "ACTIVE"}], [{"action": "EAST", "reward": 1103, "info": {}, "observation": {"remainingOverageTime": 60, "step": 10, "geese": [[20, 19, 18], [], [45, 34], []], "food": [32, 67], "index": 0}, "status": "ACTIVE"}, {"action": "NORTH", "reward": 801, "info": {}, "observation": {"remainingOverageTime": 60, "index": 1}, "status": "DONE"}, {"action": "SOUTH", "reward": 1102, "info": {}, "observation": {"remainingOverageTime": 60, "index": 2}, "status": "ACTIVE"}, {"action": "NORTH", "reward": 1001, "info": {}, "observation": {"remainingOverageTime": 60, "index": 3}, "status": "DONE"}], [{"action": "EAST", "reward": 1203, "info": {}, "observation": {"remainingOverageTime": 60, "step": 11, "geese": [[21, 20, 19], [], [56, 45], []], "food": [32, 67], "index": 0}, "status": "ACTIVE"}, {"action": "NORTH", "reward": 801, "info": {}, "observation": {"remainingOverageTime": 60, "index": 1}, "status": "DONE"}, {"action": "SOUTH", "reward": 1202, "info": {}, "observation": {"remainingOverageTime": 60, "index": 2}, "status": "ACTIVE"}, {"action": "NORTH", "reward": 1001, "info": {}, "observation": {"remainingOverageTime": 60, "index": 3}, "status": "DONE"}], [{"action": "SOUTH", "reward": 1304, "info": {}, "observation": {"remainingOverageTime": 60, "step": 12, "geese": [[32, 21, 20, 19], [], [67, 56, 45], []], "food": [11, 70], "index": 0}, "status": "ACTIVE"}, {"action": "NORTH", "reward": 801, "info": {}, "observation": {"remainingOverageTime": 60, "index": 1}, "status": "DONE"}, {"action": "SOUTH", "reward": 1303, "info": {}, "observation": {"remainingOverageTime": 60, "index": 2}, "status": "ACTIVE"}, {"action": "NORTH", "reward": 1001, "info": {}, "observation": {"remainingOverageTime": 60, "index": 3}, "status": "DONE"}], [{"action": "EAST", "reward": 1404, "info": {}, "observation": {"remainingOverageTime": 60, "step": 13, "geese": [[22, 32, 21, 20], [], [68, 67, 56], []], "food": [11, 70], "index": 0}, "status": "ACTIVE"}, {"action": "NORTH", "reward": 801, "info": {}, "observation": {"remainingOverageTime": 60, "index": 1}, "status": "DONE"}, {"action": "EAST", "reward": 1403, "info": {}, "observation": {"remainingOverageTime": 60, "index": 2}, "status": "ACTIVE"}, {"action": "NORTH", "reward": 1001, "info": {}, "observation": {"remainingOverageTime": 60, "index": 3}, "status": "DONE"}], [{"action": "NORTH", "reward": 1505, "info": {}, "observation": {"remainingOverageTime": 60, "step": 14, "geese": [[11, 22, 32, 21, 20], [], [69, 68, 67], []], "food": [70, 45], "index": 0}, "status": "ACTIVE"}, {"action": "NORTH", "reward": 801, "info": {}, "observation": {"remainingOverageTime": 60, "index": 1}, "status": "DONE"}, {"action": "EAST", "reward": 1503, "info": {}, "observation": {"remainingOverageTime": 60, "index": 2}, "status": "ACTIVE"}, {"action": "NORTH", "reward": 1001, "info": {}, "observation": {"remainingOverageTime": 60, "index": 3}, "status": "DONE"}], [{"action": "EAST", "reward": 1605, "info": {}, "observation": {"remainingOverageTime": 60, "step": 15, "geese": [[12, 11, 22, 32, 21], [], [70, 69, 68, 67], []], "food": [45, 17], "index": 0}, "status": "ACTIVE"}, {"action": "NORTH", "reward": 801, "info": {}, "observation": {"remainingOverageTime": 60, "index": 1}, "status": "DONE"}, {"action": "EAST", "reward": 1604, "info": {}, "observation": {"remainingOverageTime": 60, "index": 2}, "status": "ACTIVE"}, {"action": "NORTH", "reward": 1001, "info": {}, "observation": {"remainingOverageTime": 60, "index": 3}, "status": "DONE"}], [{"action": "SOUTH", "reward": 1705, "info": {}, "observation": {"remainingOverageTime": 60, "step": 16, "geese": [[23, 12, 11, 22, 32], [], [4, 70, 69, 68], []], "food": [45, 17], "index": 0}, "status": "ACTIVE"}, {"action": "NORTH", "reward": 801, "info": {}, "observation": {"remainingOverageTime": 60, "index": 1}, "status": "DONE"}, {"action": "SOUTH", "reward": 1704, "info": {}, "observation": {"remainingOverageTime": 60, "index": 2}, "status": "ACTIVE"}, {"action": "NORTH", "reward": 1001, "info": {}, "observation": {"remainingOverageTime": 60, "index": 3}, "status": "DONE"}], [{"action": "SOUTH", "reward": 1805, "info": {}, "observation": {"remainingOverageTime": 60, "step": 17, "geese": [[34, 23, 12, 11, 22], [], [5, 4, 70, 69], []], "food": [45, 17], "index": 0}, "status": "ACTIVE"}, {"action": "NORTH", "reward": 801, "info": {}, "observation": {"remainingOverageTime": 60, "index": 1}, "status": "DONE"}, {"action": "EAST", "reward": 1804, "info": {}, "observation": {"remainingOverageTime": 60, "index": 2}, "status": "ACTIVE"}, {"action": "NORTH", "reward": 1001, "info": {}, "observation": {"remainingOverageTime": 60, "index": 3}, "status": "DONE"}], [{"action": "SOUTH", "reward": 1906, "info": {}, "observation": {"remainingOverageTime": 60, "step": 18, "geese": [[45, 34, 23, 12, 11, 22], [], [6, 5, 4, 70], []], "food": [17, 9], "index": 0}, "status": "ACTIVE"}, {"action": "NORTH", "reward": 801, "info": {}, "observation": {"remainingOverageTime": 60, "index": 1}, "status": "DONE"}, {"action": "EAST", "reward": 1904, "info": {}, "observation": {"remainingOverageTime": 60, "index": 2}, "status": "ACTIVE"}, {"action": "NORTH", "reward": 1001, "info": {}, "observation": {"remainingOverageTime": 60, "index": 3}, "status": "DONE"}], [{"action": "EAST", "reward": 2006, "info": {}, "observation": {"remainingOverageTime": 60, "step": 19, "geese": [[46, 45, 34, 23, 12, 11], [], [17, 6, 5, 4, 70], []], "food": [9, 48], "index": 0}, "status": "ACTIVE"}, {"action": "NORTH", "reward": 801, "info": {}, "observation": {"remainingOverageTime": 60, "index": 1}, "status": "DONE"}, {"action": "SOUTH", "reward": 2005, "info": {}, "observation": {"remainingOverageTime": 60, "index": 2}, "status": "ACTIVE"}, {"action": "NORTH", "reward": 1001, "info": {}, "observation": {"remainingOverageTime": 60, "index": 3}, "status": "DONE"}], [{"action": "EAST", "reward": 2106, "info": {}, "observation": {"remainingOverageTime": 60, "step": 20, "geese": [[47, 46, 45, 34, 23, 12], [], [18, 17, 6, 5, 4], []], "food": [9, 48], "index": 0}, "status": "ACTIVE"}, {"action": "NORTH", "reward": 801, "info": {}, "observation": {"remainingOverageTime": 60, "index": 1}, "status": "DONE"}, {"action": "EAST", "reward": 2105, "info": {}, "observation": {"remainingOverageTime": 60, "index": 2}, "status": "ACTIVE"}, {"action": "NORTH", "reward": 1001, "info": {}, "observation": {"remainingOverageTime": 60, "index": 3}, "status": "DONE"}], [{"action": "EAST", "reward": 2207, "info": {}, "observation": {"remainingOverageTime": 60, "step": 21, "geese": [[48, 47, 46, 45, 34, 23, 12], [], [7, 18, 17, 6, 5], []], "food": [9, 37], "index": 0}, "status": "ACTIVE"}, {"action": "NORTH", "reward": 801, "info": {}, "observation": {"remainingOverageTime": 60, "index": 1}, "status": "DONE"}, {"action": "NORTH", "reward": 2205, "info": {}, "observation": {"remainingOverageTime": 60, "index": 2}, "status": "ACTIVE"}, {"action": "NORTH", "reward": 1001, "info": {}, "observation": {"remainingOverageTime": 60, "index": 3}, "status": "DONE"}], [{"action": "NORTH", "reward": 2308, "info": {}, "observation": {"remainingOverageTime": 60, "step": 22, "geese": [[37, 48, 47, 46, 45, 34, 23, 12], [], [8, 7, 18, 17, 6], []], "food": [9, 65], "index": 0}, "status": "ACTIVE"}, {"action": "NORTH", "reward": 801, "info": {}, "observation": {"remainingOverageTime": 60, "index": 1}, "status": "DONE"}, {"action": "EAST", "reward": 2305, "info": {}, "observation": {"remainingOverageTime": 60, "index": 2}, "status": "ACTIVE"}, {"action": "NORTH", "reward": 1001, "info": {}, "observation": {"remainingOverageTime": 60, "index": 3}, "status": "DONE"}], [{"action": "NORTH", "reward": 2408, "info": {}, "observation": {"remainingOverageTime": 60, "step": 23, "geese": [[26, 37, 48, 47, 46, 45, 34, 23], [], [9, 8, 7, 18, 17, 6], []], "food": [65, 64], "index": 0}, "status": "ACTIVE"}, {"action": "NORTH", "reward": 801, "info": {}, "observation": {"remainingOverageTime": 60, "index": 1}, "status": "DONE"}, {"action": "EAST", "reward": 2406, "info": {}, "observation": {"remainingOverageTime": 60, "index": 2}, "status": "ACTIVE"}, {"action": "NORTH", "reward": 1001, "info": {}, "observation": {"remainingOverageTime": 60, "index": 3}, "status": "DONE"}], [{"action": "EAST", "reward": 2508, "info": {}, "observation": {"remainingOverageTime": 60, "step": 24, "geese": [[27, 26, 37, 48, 47, 46, 45, 34], [], [75, 9, 8, 7, 18, 17], []], "food": [65, 64], "index": 0}, "status": "ACTIVE"}, {"action": "NORTH", "reward": 801, "info": {}, "observation": {"remainingOverageTime": 60, "index": 1}, "status": "DONE"}, {"action": "NORTH", "reward": 2506, "info": {}, "observation": {"remainingOverageTime": 60, "index": 2}, "status": "ACTIVE"}, {"action": "NORTH", "reward": 1001, "info": {}, "observation": {"remainingOverageTime": 60, "index": 3}, "status": "DONE"}], [{"action": "EAST", "reward": 2608, "info": {}, "observation": {"remainingOverageTime": 60, "step": 25, "geese": [[28, 27, 26, 37, 48, 47, 46, 45], [], [64, 75, 9, 8, 7, 18, 17], []], "food": [65, 13], "index": 0}, "status": "ACTIVE"}, {"action": "NORTH", "reward": 801, "info": {}, "observation": {"remainingOverageTime": 60, "index": 1}, "status": "DONE"}, {"action": "NORTH", "reward": 2607, "info": {}, "observation": {"remainingOverageTime": 60, "index": 2}, "status": "ACTIVE"}, {"action": "NORTH", "reward": 1001, "info": {}, "observation": {"remainingOverageTime": 60, "index": 3}, "status": "DONE"}], [{"action": "EAST", "reward": 2708, "info": {}, "observation": {"remainingOverageTime": 60, "step": 26, "geese": [[29, 28, 27, 26, 37, 48, 47, 46], [], [65, 64, 75, 9, 8, 7, 18, 17], []], "food": [13, 25], "index": 0}, "status": "ACTIVE"}, {"action": "NORTH", "reward": 801, "info": {}, "observation": {"remainingOverageTime": 60, "index": 1}, "status": "DONE"}, {"action": "EAST", "reward": 2708, "info": {}, "observation": {"remainingOverageTime": 60, "index": 2}, "status": "ACTIVE"}, {"action": "NORTH", "reward": 1001, "info": {}, "observation": {"remainingOverageTime": 60, "index": 3}, "status": "DONE"}], [{"action": "EAST", "reward": 2808, "info": {}, "observation": {"remainingOverageTime": 60, "step": 27, "geese": [[30, 29, 28, 27, 26, 37, 48, 47], [], [55, 65, 64, 75, 9, 8, 7, 18], []], "food": [13, 25], "index": 0}, "status": "ACTIVE"}, {"action": "NORTH", "reward": 801, "info": {}, "observation": {"remainingOverageTime": 60, "index": 1}, "status": "DONE"}, {"action": "EAST", "reward": 2808, "info": {}, "observation": {"remainingOverageTime": 60, "index": 2}, "status": "ACTIVE"}, {"action": "NORTH", "reward": 1001, "info": {}, "observation": {"remainingOverageTime": 60, "index": 3}, "status": "DONE"}], [{"action": "NORTH", "reward": 2908, "info": {}, "observation": {"remainingOverageTime": 60, "step": 28, "geese": [[19, 30, 29, 28, 27, 26, 37, 48], [], [44, 55, 65, 64, 75, 9, 8, 7], []], "food": [13, 25], "index": 0}, "status": "ACTIVE"}, {"action": "NORTH", "reward": 801, "info": {}, "observation": {"remainingOverageTime": 60, "index": 1}, "status": "DONE"}, {"action": "NORTH", "reward": 2908, "info": {}, "observation": {"remainingOverageTime": 60, "index": 2}, "status": "ACTIVE"}, {"action": "NORTH", "reward": 1001, "info": {}, "observation": {"remainingOverageTime": 60, "index": 3}, "status": "DONE"}], [{"action": "WEST", "reward": 3008, "info": {}, "observation": {"remainingOverageTime": 60, "step": 29, "geese": [[18, 19, 30, 29, 28, 27, 26, 37], [], [33, 44, 55, 65, 64, 75, 9, 8], []], "food": [13, 25], "index": 0}, "status": "ACTIVE"}, {"action": "NORTH", "reward": 801, "info": {}, "observation": {"remainingOverageTime": 60, "index": 1}, "status": "DONE"}, {"action": "NORTH", "reward": 3008, "info": {}, "observation": {"remainingOverageTime": 60, "index": 2}, "status": "ACTIVE"}, {"action": "NORTH", "reward": 1001, "info": {}, "observation": {"remainingOverageTime": 60, "index": 3}, "status": "DONE"}], [{"action": "WEST", "reward": 3108, "info": {}, "observation": {"remainingOverageTime": 60, "step": 30, "geese": [[17, 18, 19, 30, 29, 28, 27, 26], [], [22, 33, 44, 55, 65, 64, 75, 9], []], "food": [13, 25], "index": 0}, "status": "ACTIVE"}, {"action": "NORTH", "reward": 801, "info": {}, "observation": {"remainingOverageTime": 60, "index": 1}, "status": "DONE"}, {"action": "NORTH", "reward": 3108, "info": {}, "observation": {"remainingOverageTime": 60, "index": 2}, "status": "ACTIVE"}, {"action": "NORTH", "reward": 1001, "info": {}, "observation": {"remainingOverageTime": 60, "index": 3}, "status": "DONE"}], [{"action": "WEST", "reward": 3208, "info": {}, "observation": {"remainingOverageTime": 60, "step": 31, "geese": [[16, 17, 18, 19, 30, 29, 28, 27], [], [11, 22, 33, 44, 55, 65, 64, 75], []], "food": [13, 25], "index": 0}, "status": "ACTIVE"}, {"action": "NORTH", "reward": 801, "info": {}, "observation": {"remainingOverageTime": 60, "index": 1}, "status": "DONE"}, {"action": "NORTH", "reward": 3208, "info": {}, "observation": {"remainingOverageTime": 60, "index": 2}, "status": "ACTIVE"}, {"action": "NORTH", "reward": 1001, "info": {}, "observation": {"remainingOverageTime": 60, "index": 3}, "status": "DONE"}], [{"action": "SOUTH", "reward": 3308, "info": {}, "observation": {"remainingOverageTime": 60, "step": 32, "geese": [[27, 16, 17, 18, 19, 30, 29, 28], [], [12, 11, 22, 33, 44, 55, 65, 64], []], "food": [13, 25], "index": 0}, "status": "ACTIVE"}, {"action": "NORTH", "reward": 801, "info": {}, "observation": {"remainingOverageTime": 60, "index": 1}, "status": "DONE"}, {"action": "EAST", "reward": 3308, "info": {}, "observation": {"remainingOverageTime": 60, "index": 2}, "status": "ACTIVE"}, {"action": "NORTH", "reward": 1001, "info": {}, "observation": {"remainingOverageTime": 60, "index": 3}, "status": "DONE"}], [{"action": "WEST", "reward": 3408, "info": {}, "observation": {"remainingOverageTime": 60, "step": 33, "geese": [[26, 27, 16, 17, 18, 19, 30, 29], [], [13, 12, 11, 22, 33, 44, 55, 65, 64], []], "food": [25, 51], "index": 0}, "status": "ACTIVE"}, {"action": "NORTH", "reward": 801, "info": {}, "observation": {"remainingOverageTime": 60, "index": 1}, "status": "DONE"}, {"action": "EAST", "reward": 3409, "info": {}, "observation": {"remainingOverageTime": 60, "index": 2}, "status": "ACTIVE"}, {"action": "NORTH", "reward": 1001, "info": {}, "observation": {"remainingOverageTime": 60, "index": 3}, "status": "DONE"}], [{"action": "WEST", "reward": 3509, "info": {}, "observation": {"remainingOverageTime": 60, "step": 34, "geese": [[25, 26, 27, 16, 17, 18, 19, 30, 29], [], [14, 13, 12, 11, 22, 33, 44, 55, 65], []], "food": [51, 3], "index": 0}, "status": "ACTIVE"}, {"action": "NORTH", "reward": 801, "info": {}, "observation": {"remainingOverageTime": 60, "index": 1}, "status": "DONE"}, {"action": "EAST", "reward": 3509, "info": {}, "observation": {"remainingOverageTime": 60, "index": 2}, "status": "ACTIVE"}, {"action": "NORTH", "reward": 1001, "info": {}, "observation": {"remainingOverageTime": 60, "index": 3}, "status": "DONE"}], [{"action": "SOUTH", "reward": 3609, "info": {}, "observation": {"remainingOverageTime": 60, "step": 35, "geese": [[36, 25, 26, 27, 16, 17, 18, 19, 30], [], [3, 14, 13, 12, 11, 22, 33, 44, 55, 65], []], "food": [51, 20], "index": 0}, "status": "ACTIVE"}, {"action": "NORTH", "reward": 801, "info": {}, "observation": {"remainingOverageTime": 60, "index": 1}, "status": "DONE"}, {"action": "NORTH", "reward": 3610, "info": {}, "observation": {"remainingOverageTime": 60, "index": 2}, "status": "ACTIVE"}, {"action": "NORTH", "reward": 1001, "info": {}, "observation": {"remainingOverageTime": 60, "index": 3}, "status": "DONE"}], [{"action": "EAST", "reward": 3709, "info": {}, "observation": {"remainingOverageTime": 60, "step": 36, "geese": [[37, 36, 25, 26, 27, 16, 17, 18, 19], [], [69, 3, 14, 13, 12, 11, 22, 33, 44, 55], []], "food": [51, 20], "index": 0}, "status": "ACTIVE"}, {"action": "NORTH", "reward": 801, "info": {}, "observation": {"remainingOverageTime": 60, "index": 1}, "status": "DONE"}, {"action": "NORTH", "reward": 3710, "info": {}, "observation": {"remainingOverageTime": 60, "index": 2}, "status": "ACTIVE"}, {"action": "NORTH", "reward": 1001, "info": {}, "observation": {"remainingOverageTime": 60, "index": 3}, "status": "DONE"}], [{"action": "EAST", "reward": 3809, "info": {}, "observation": {"remainingOverageTime": 60, "step": 37, "geese": [[38, 37, 36, 25, 26, 27, 16, 17, 18], [], [58, 69, 3, 14, 13, 12, 11, 22, 33, 44], []], "food": [51, 20], "index": 0}, "status": "ACTIVE"}, {"action": "NORTH", "reward": 801, "info": {}, "observation": {"remainingOverageTime": 60, "index": 1}, "status": "DONE"}, {"action": "NORTH", "reward": 3810, "info": {}, "observation": {"remainingOverageTime": 60, "index": 2}, "status": "ACTIVE"}, {"action": "NORTH", "reward": 1001, "info": {}, "observation": {"remainingOverageTime": 60, "index": 3}, "status": "DONE"}], [{"action": "EAST", "reward": 3909, "info": {}, "observation": {"remainingOverageTime": 60, "step": 38, "geese": [[39, 38, 37, 36, 25, 26, 27, 16, 17], [], [47, 58, 69, 3, 14, 13, 12, 11, 22, 33], []], "food": [51, 20], "index": 0}, "status": "ACTIVE"}, {"action": "NORTH", "reward": 801, "info": {}, "observation": {"remainingOverageTime": 60, "index": 1}, "status": "DONE"}, {"action": "NORTH", "reward": 3910, "info": {}, "observation": {"remainingOverageTime": 60, "index": 2}, "status": "ACTIVE"}, {"action": "NORTH", "reward": 1001, "info": {}, "observation": {"remainingOverageTime": 60, "index": 3}, "status": "DONE"}], [{"action": "SOUTH", "reward": 4009, "info": {}, "observation": {"remainingOverageTime": 60, "step": 39, "geese": [[50, 39, 38, 37, 36, 25, 26, 27, 16], [], [48, 47, 58, 69, 3, 14, 13, 12, 11, 22], []], "food": [51, 20], "index": 0}, "status": "ACTIVE"}, {"action": "NORTH", "reward": 801, "info": {}, "observation": {"remainingOverageTime": 60, "index": 1}, "status": "DONE"}, {"action": "EAST", "reward": 4010, "info": {}, "observation": {"remainingOverageTime": 60, "index": 2}, "status": "ACTIVE"}, {"action": "NORTH", "reward": 1001, "info": {}, "observation": {"remainingOverageTime": 60, "index": 3}, "status": "DONE"}], [{"action": "EAST", "reward": 4109, "info": {}, "observation": {"remainingOverageTime": 60, "step": 40, "geese": [[51, 50, 39, 38, 37, 36, 25, 26, 27], [], [59, 48, 47, 58, 69, 3, 14, 13, 12], []], "food": [20, 65], "index": 0}, "status": "ACTIVE"}, {"action": "NORTH", "reward": 801, "info": {}, "observation": {"remainingOverageTime": 60, "index": 1}, "status": "DONE"}, {"action": "SOUTH", "reward": 4109, "info": {}, "observation": {"remainingOverageTime": 60, "index": 2}, "status": "ACTIVE"}, {"action": "NORTH", "reward": 1001, "info": {}, "observation": {"remainingOverageTime": 60, "index": 3}, "status": "DONE"}], [{"action": "SOUTH", "reward": 4209, "info": {}, "observation": {"remainingOverageTime": 60, "step": 41, "geese": [[62, 51, 50, 39, 38, 37, 36, 25, 26], [], [60, 59, 48, 47, 58, 69, 3, 14, 13], []], "food": [20, 65], "index": 0}, "status": "ACTIVE"}, {"action": "NORTH", "reward": 801, "info": {}, "observation": {"remainingOverageTime": 60, "index": 1}, "status": "DONE"}, {"action": "EAST", "reward": 4209, "info": {}, "observation": {"remainingOverageTime": 60, "index": 2}, "status": "ACTIVE"}, {"action": "NORTH", "reward": 1001, "info": {}, "observation": {"remainingOverageTime": 60, "index": 3}, "status": "DONE"}], [{"action": "EAST", "reward": 4309, "info": {}, "observation": {"remainingOverageTime": 60, "step": 42, "geese": [[63, 62, 51, 50, 39, 38, 37, 36, 25], [], [49, 60, 59, 48, 47, 58, 69, 3, 14], []], "food": [20, 65], "index": 0}, "status": "ACTIVE"}, {"action": "NORTH", "reward": 801, "info": {}, "observation": {"remainingOverageTime": 60, "index": 1}, "status": "DONE"}, {"action": "NORTH", "reward": 4309, "info": {}, "observation": {"remainingOverageTime": 60, "index": 2}, "status": "ACTIVE"}, {"action": "NORTH", "reward": 1001, "info": {}, "observation": {"remainingOverageTime": 60, "index": 3}, "status": "DONE"}], [{"action": "EAST", "reward": 4409, "info": {}, "observation": {"remainingOverageTime": 60, "step": 43, "geese": [[64, 63, 62, 51, 50, 39, 38, 37, 36], [], [], []], "food": [20, 65], "index": 0}, "status": "DONE"}, {"action": "NORTH", "reward": 801, "info": {}, "observation": {"remainingOverageTime": 60, "index": 1}, "status": "DONE"}, {"action": "WEST", "reward": 4309, "info": {}, "observation": {"remainingOverageTime": 60, "index": 2}, "status": "DONE"}, {"action": "NORTH", "reward": 1001, "info": {}, "observation": {"remainingOverageTime": 60, "index": 3}, "status": "DONE"}]], "rewards": [4409, 801, 4309, 1001], "statuses": ["DONE", "DONE", "DONE", "DONE"], "schema_version": 1, "info": {}}