{"id": "582315a0-db08-11ee-b332-0242ac1c000c", "name": "hungry_geese", "title": "Hungry Geese", "description": "Similar to the classic snake game with multiple players", "version": "1.0.0", "configuration": {"episodeSteps": 200, "actTimeout": 1, "runTimeout": 1200, "columns": 11, "rows": 7, "hunger_rate": 40, "min_food": 2, "max_length": 99}, "specification": {"action": {"description": "Direction to move the head of your players goose.", "type": "string", "enum": ["NORTH", "EAST", "SOUTH", "WEST"], "default": "NORTH"}, "agents": [1, 2, 3, 4, 5, 6, 7, 8], "configuration": {"episodeSteps": {"description": "Maximum number of steps in the episode.", "type": "integer", "minimum": 1, "default": 200}, "actTimeout": {"description": "Maximum runtime (seconds) to obtain an action from an agent.", "type": "number", "minimum": 0, "default": 1}, "runTimeout": {"description": "Maximum runtime (seconds) of an episode (not necessarily DONE).", "type": "number", "minimum": 0, "default": 1200}, "columns": {"description": "Horizontal number of cells on the board.", "type": "integer", "default": 11, "minimum": 3}, "rows": {"description": "Vertical number of cells on the board.", "type": "integer", "default": 7, "minimum": 3}, "hunger_rate": {"description": "The number of steps before the goose shrinks a cell.", "type": "integer", "minimum": 1, "default": 40}, "min_food": {"description": "The minimum amount of food present for all steps.", "type": "integer", "default": 2, "minimum": 1}, "max_length": {"description": "The max length any goose can be. Total reward = (max length + 1) * steps survived + goose length.", "type": "integer", "default": 99}}, "info": {}, "observation": {"remainingOverageTime": {"description": "Total remaining banked time (seconds) that can be used in excess of per-step actTimeouts -- agent is disqualified with TIMEOUT status when this drops below 0.", "shared": false, "type": "number", "minimum": 0, "default": 60}, "step": {"description": "Current step within the episode.", "type": "integer", "shared": true, "minimum": 0, "default": 0}, "geese": {"description": "List of geese in order by the agent index.", "type": "array", "default": [], "shared": true}, "food": {"description": "Positions on the board where food is present.", "type": "array", "default": [], "shared": true}, "index": {"description": "Index of the current agent's goose in the list of geese.", "type": "integer", "minimum": 0, "defaults": [0, 1, 2, 3, 4, 5, 6, 7]}}, "reward": {"description": "steps survived * (max goose length + 1) + current goose length.", "type": ["number", "null"], "default": 0, "minimum": 0}}, "steps": [[{"action": "NORTH", "reward": 0, "info": {}, "observation": {"remainingOverageTime": 60, "step": 0, "geese": [[73], [11], [41], [9]], "food": [46, 62], "index": 0}, "status": "ACTIVE"}, {"action": "NORTH", "reward": 0, "info": {}, "observation": {"remainingOverageTime": 60, "index": 1}, "status": "ACTIVE"}, {"action": "NORTH", "reward": 0, "info": {}, "observation": {"remainingOverageTime": 60, "index": 2}, "status": "ACTIVE"}, {"action": "NORTH", "reward": 0, "info": {}, "observation": {"remainingOverageTime": 60, "index": 3}, "status": "ACTIVE"}], [{"action": "NORTH", "reward": 202, "info": {}, "observation": {"remainingOverageTime": 60, "step": 1, "geese": [[62, 73], [12], [52], [75]], "food": [46, 76], "index": 0}, "status": "ACTIVE"}, {"action": "EAST", "reward": 201, "info": {}, "observation": {"remainingOverageTime": 60, "index": 1}, "status": "ACTIVE"}, {"action": "SOUTH", "reward": 201, "info": {}, "observation": {"remainingOverageTime": 60, "index": 2}, "status": "ACTIVE"}, {"action": "NORTH", "reward": 201, "info": {}, "observation": {"remainingOverageTime": 60, "index": 3}, "status": "ACTIVE"}], [{"action": "EAST", "reward": 302, "info": {}, "observation": {"remainingOverageTime": 60, "step": 2, "geese": [[63, 62], [13], [53], [76, 75]], "food": [46, 3], "index": 0}, "status": "ACTIVE"}, {"action": "EAST", "reward": 301, "info": {}, "observation": {"remainingOverageTime": 60, "index": 1}, "status": "ACTIVE"}, {"action": "EAST", "reward": 301, "info": {}, "observation": {"remainingOverageTime": 60, "index": 2}, "status": "ACTIVE"}, {"action": "EAST", "reward": 302, "info": {}, "observation": {"remainingOverageTime": 60, "index": 3}, "status": "ACTIVE"}], [{"action": "WEST", "reward": 302, "info": {}, "observation": {"remainingOverageTime": 60, "step": 3, "geese": [[], [2], [], [66, 76]], "food": [46, 3], "index": 0}, "status": "DONE"}, {"action": "NORTH", "reward": 401, "info": {}, "observation": {"remainingOverageTime": 60, "index": 1}, "status": "ACTIVE"}, {"action": "WEST", "reward": 301, "info": {}, "observation": {"remainingOverageTime": 60, "index": 2}, "status": "DONE"}, {"action": "EAST", "reward": 402, "info": {}, "observation": {"remainingOverageTime": 60, "index": 3}, "status": "ACTIVE"}], [{"action": "NORTH", "reward": 302, "info": {}, "observation": {"remainingOverageTime": 60, "step": 4, "geese": [[], [3, 2], [], [55, 66]], "food": [46, 28], "index": 0}, "status": "DONE"}, {"action": "EAST", "reward": 502, "info": {}, "observation": {"remainingOverageTime": 60, "index": 1}, "status": "ACTIVE"}, {"action": "NORTH", "reward": 301, "info": {}, "observation": {"remainingOverageTime": 60, "index": 2}, "status": "DONE"}, {"action": "NORTH", "reward": 502, "info": {}, "observation": {"remainingOverageTime": 60, "index": 3}, "status": "ACTIVE"}], [{"action": "NORTH", "reward": 302, "info": {}, "observation": {"remainingOverageTime": 60, "step": 5, "geese": [[], [69, 3], [], [44, 55]], "food": [46, 28], "index": 0}, "status": "DONE"}, {"action": "NORTH", "reward": 602, "info": {}, "observation": {"remainingOverageTime": 60, "index": 1}, "status": "ACTIVE"}, {"action": "NORTH", "reward": 301, "info": {}, "observation": {"remainingOverageTime": 60, "index": 2}, "status": "DONE"}, {"action": "NORTH", "reward": 602, "info": {}, "observation": {"remainingOverageTime": 60, "index": 3}, "status": "ACTIVE"}], [{"action": "NORTH", "reward": 302, "info": {}, "observation": {"remainingOverageTime": 60, "step": 6, "geese": [[], [58, 69], [], [45, 44]], "food": [46, 28], "index": 0}, "status": "DONE"}, {"action": "NORTH", "reward": 702, "info": {}, "observation": {"remainingOverageTime": 60, "index": 1}, "status": "ACTIVE"}, {"action": "NORTH", "reward": 301, "info": {}, "observation": {"remainingOverageTime": 60, "index": 2}, "status": "DONE"}, {"action": "EAST", "reward": 702, "info": {}, "observation": {"remainingOverageTime": 60, "index": 3}, "status": "ACTIVE"}], [{"action": "NORTH", "reward": 302, "info": {}, "observation": {"remainingOverageTime": 60, "step": 7, "geese": [[], [47, 58], [], [46, 45, 44]], "food": [28, 8], "index": 0}, "status": "DONE"}, {"action": "NORTH", "reward": 802, "info": {}, "observation": {"remainingOverageTime": 60, "index": 1}, "status": "ACTIVE"}, {"action": "NORTH", "reward": 301, "info": {}, "observation": {"remainingOverageTime": 60, "index": 2}, "status": "DONE"}, {"action": "EAST", "reward": 803, "info": {}, "observation": {"remainingOverageTime": 60, "index": 3}, "status": "ACTIVE"}], [{"action": "NORTH", "reward": 302, "info": {}, "observation": {"remainingOverageTime": 60, "step": 8, "geese": [[], [36, 47], [], [35, 46, 45]], "food": [28, 8], "index": 0}, "status": "DONE"}, {"action": "NORTH", "reward": 902, "info": {}, "observation": {"remainingOverageTime": 60, "index": 1}, "status": "ACTIVE"}, {"action": "NORTH", "reward": 301, "info": {}, "observation": {"remainingOverageTime": 60, "index": 2}, "status": "DONE"}, {"action": "NORTH", "reward": 903, "info": {}, "observation": {"remainingOverageTime": 60, "index": 3}, "status": "ACTIVE"}], [{"action": "NORTH", "reward": 302, "info": {}, "observation": {"remainingOverageTime": 60, "step": 9, "geese": [[], [25, 36], [], [24, 35, 46]], "food": [28, 8], "index": 0}, "status": "DONE"}, {"action": "NORTH", "reward": 1002, "info": {}, "observation": {"remainingOverageTime": 60, "index": 1}, "status": "ACTIVE"}, {"action": "NORTH", "reward": 301, "info": {}, "observation": {"remainingOverageTime": 60, "index": 2}, "status": "DONE"}, {"action": "NORTH", "reward": 1003, "info": {}, "observation": {"remainingOverageTime": 60, "index": 3}, "status": "ACTIVE"}], [{"action": "NORTH", "reward": 302, "info": {}, "observation": {"remainingOverageTime": 60, "step": 10, "geese": [[], [26, 25], [], [13, 24, 35]], "food": [28, 8], "index": 0}, "status": "DONE"}, {"action": "EAST", "reward": 1102, "info": {}, "observation": {"remainingOverageTime": 60, "index": 1}, "status": "ACTIVE"}, {"action": "NORTH", "reward": 301, "info": {}, "observation": {"remainingOverageTime": 60, "index": 2}, "status": "DONE"}, {"action": "NORTH", "reward": 1103, "info": {}, "observation": {"remainingOverageTime": 60, "index": 3}, "status": "ACTIVE"}], [{"action": "NORTH", "reward": 302, "info": {}, "observation": {"remainingOverageTime": 60, "step": 11, "geese": [[], [27, 26], [], [14, 13, 24]], "food": [28, 8], "index": 0}, "status": "DONE"}, {"action": "EAST", "reward": 1202, "info": {}, "observation": {"remainingOverageTime": 60, "index": 1}, "status": "ACTIVE"}, {"action": "NORTH", "reward": 301, "info": {}, "observation": {"remainingOverageTime": 60, "index": 2}, "status": "DONE"}, {"action": "EAST", "reward": 1203, "info": {}, "observation": {"remainingOverageTime": 60, "index": 3}, "status": "ACTIVE"}], [{"action": "NORTH", "reward": 302, "info": {}, "observation": {"remainingOverageTime": 60, "step": 12, "geese": [[], [28, 27, 26], [], [15, 14, 13]], "food": [8, 66], "index": 0}, "status": "DONE"}, {"action": "EAST", "reward": 1303, "info": {}, "observation": {"remainingOverageTime": 60, "index": 1}, "status": "ACTIVE"}, {"action": "NORTH", "reward": 301, "info": {}, "observation": {"remainingOverageTime": 60, "index": 2}, "status": "DONE"}, {"action": "EAST", "reward": 1303, "info": {}, "observation": {"remainingOverageTime": 60, "index": 3}, "status": "ACTIVE"}], [{"action": "NORTH", "reward": 302, "info": {}, "observation": {"remainingOverageTime": 60, "step": 13, "geese": [[], [17, 28, 27], [], [4, 15, 14]], "food": [8, 66], "index": 0}, "status": "DONE"}, {"action": "NORTH", "reward": 1403, "info": {}, "observation": {"remainingOverageTime": 60, "index": 1}, "status": "ACTIVE"}, {"action": "NORTH", "reward": 301, "info": {}, "observation": {"remainingOverageTime": 60, "index": 2}, "status": "DONE"}, {"action": "NORTH", "reward": 1403, "info": {}, "observation": {"remainingOverageTime": 60, "index": 3}, "status": "ACTIVE"}], [{"action": "NORTH", "reward": 302, "info": {}, "observation": {"remainingOverageTime": 60, "step": 14, "geese": [[], [6, 17, 28], [], [5, 4, 15]], "food": [8, 66], "index": 0}, "status": "DONE"}, {"action": "NORTH", "reward": 1503, "info": {}, "observation": {"remainingOverageTime": 60, "index": 1}, "status": "ACTIVE"}, {"action": "NORTH", "reward": 301, "info": {}, "observation": {"remainingOverageTime": 60, "index": 2}, "status": "DONE"}, {"action": "EAST", "reward": 1503, "info": {}, "observation": {"remainingOverageTime": 60, "index": 3}, "status": "ACTIVE"}], [{"action": "NORTH", "reward": 302, "info": {}, "observation": {"remainingOverageTime": 60, "step": 15, "geese": [[], [7, 6, 17], [], [16, 5, 4]], "food": [8, 66], "index": 0}, "status": "DONE"}, {"action": "EAST", "reward": 1603, "info": {}, "observation": {"remainingOverageTime": 60, "index": 1}, "status": "ACTIVE"}, {"action": "NORTH", "reward": 301, "info": {}, "observation": {"remainingOverageTime": 60, "index": 2}, "status": "DONE"}, {"action": "SOUTH", "reward": 1603, "info": {}, "observation": {"remainingOverageTime": 60, "index": 3}, "status": "ACTIVE"}], [{"action": "NORTH", "reward": 302, "info": {}, "observation": {"remainingOverageTime": 60, "step": 16, "geese": [[], [8, 7, 6, 17], [], [27, 16, 5]], "food": [66, 42], "index": 0}, "status": "DONE"}, {"action": "EAST", "reward": 1704, "info": {}, "observation": {"remainingOverageTime": 60, "index": 1}, "status": "ACTIVE"}, {"action": "NORTH", "reward": 301, "info": {}, "observation": {"remainingOverageTime": 60, "index": 2}, "status": "DONE"}, {"action": "SOUTH", "reward": 1703, "info": {}, "observation": {"remainingOverageTime": 60, "index": 3}, "status": "ACTIVE"}], [{"action": "NORTH", "reward": 302, "info": {}, "observation": {"remainingOverageTime": 60, "step": 17, "geese": [[], [9, 8, 7, 6], [], [28, 27, 16]], "food": [66, 42], "index": 0}, "status": "DONE"}, {"action": "EAST", "reward": 1804, "info": {}, "observation": {"remainingOverageTime": 60, "index": 1}, "status": "ACTIVE"}, {"action": "NORTH", "reward": 301, "info": {}, "observation": {"remainingOverageTime": 60, "index": 2}, "status": "DONE"}, {"action": "EAST", "reward": 1803, "info": {}, "observation": {"remainingOverageTime": 60, "index": 3}, "status": "ACTIVE"}], [{"action": "NORTH", "reward": 302, "info": {}, "observation": {"remainingOverageTime": 60, "step": 18, "geese": [[], [20, 9, 8, 7], [], [29, 28, 27]], "food": [66, 42], "index": 0}, "status": "DONE"}, {"action": "SOUTH", "reward": 1904, "info": {}, "observation": {"remainingOverageTime": 60, "index": 1}, "status": "ACTIVE"}, {"action": "NORTH", "reward": 301, "info": {}, "observation": {"remainingOverageTime": 60, "index": 2}, "status": "DONE"}, {"action": "EAST", "reward": 1903, "info": {}, "observation": {"remainingOverageTime": 60, "index": 3}, "status": "ACTIVE"}], [{"action": "NORTH", "reward": 302, "info": {}, "observation": {"remainingOverageTime": 60, "step": 19, "geese": [[], [31, 20, 9, 8], [], [30, 29, 28]], "food": [66, 42], "index": 0}, "status": "DONE"}, {"action": "SOUTH", "reward": 2004, "info": {}, "observation": {"remainingOverageTime": 60, "index": 1}, "status": "ACTIVE"}, {"action": "NORTH", "reward": 301, "info": {}, "observation": {"remainingOverageTime": 60, "index": 2}, "status": "DONE"}, {"action": "EAST", "reward": 2003, "info": {}, "observation": {"remainingOverageTime": 60, "index": 3}, "status": "ACTIVE"}], [{"action": "NORTH", "reward": 302, "info": {}, "observation": {"remainingOverageTime": 60, "step": 20, "geese": [[], [42, 31, 20, 9, 8], [], [41, 30, 29]], "food": [66, 32], "index": 0}, "status": "DONE"}, {"action": "SOUTH", "reward": 2105, "info": {}, "observation": {"remainingOverageTime": 60, "index": 1}, "status": "ACTIVE"}, {"action": "NORTH", "reward": 301, "info": {}, "observation": {"remainingOverageTime": 60, "index": 2}, "status": "DONE"}, {"action": "SOUTH", "reward": 2103, "info": {}, "observation": {"remainingOverageTime": 60, "index": 3}, "status": "ACTIVE"}], [{"action": "NORTH", "reward": 302, "info": {}, "observation": {"remainingOverageTime": 60, "step": 21, "geese": [[], [43, 42, 31, 20, 9], [], [52, 41, 30]], "food": [66, 32], "index": 0}, "status": "DONE"}, {"action": "EAST", "reward": 2205, "info": {}, "observation": {"remainingOverageTime": 60, "index": 1}, "status": "ACTIVE"}, {"action": "NORTH", "reward": 301, "info": {}, "observation": {"remainingOverageTime": 60, "index": 2}, "status": "DONE"}, {"action": "SOUTH", "reward": 2203, "info": {}, "observation": {"remainingOverageTime": 60, "index": 3}, "status": "ACTIVE"}], [{"action": "NORTH", "reward": 302, "info": {}, "observation": {"remainingOverageTime": 60, "step": 22, "geese": [[], [32, 43, 42, 31, 20, 9], [], [53, 52, 41]], "food": [66, 18], "index": 0}, "status": "DONE"}, {"action": "NORTH", "reward": 2306, "info": {}, "observation": {"remainingOverageTime": 60, "index": 1}, "status": "ACTIVE"}, {"action": "NORTH", "reward": 301, "info": {}, "observation": {"remainingOverageTime": 60, "index": 2}, "status": "DONE"}, {"action": "EAST", "reward": 2303, "info": {}, "observation": {"remainingOverageTime": 60, "index": 3}, "status": "ACTIVE"}], [{"action": "NORTH", "reward": 302, "info": {}, "observation": {"remainingOverageTime": 60, "step": 23, "geese": [[], [21, 32, 43, 42, 31, 20], [], [54, 53, 52]], "food": [66, 18], "index": 0}, "status": "DONE"}, {"action": "NORTH", "reward": 2406, "info": {}, "observation": {"remainingOverageTime": 60, "index": 1}, "status": "ACTIVE"}, {"action": "NORTH", "reward": 301, "info": {}, "observation": {"remainingOverageTime": 60, "index": 2}, "status": "DONE"}, {"action": "EAST", "reward": 2403, "info": {}, "observation": {"remainingOverageTime": 60, "index": 3}, "status": "ACTIVE"}], [{"action": "NORTH", "reward": 302, "info": {}, "observation": {"remainingOverageTime": 60, "step": 24, "geese": [[], [20, 21, 32, 43, 42, 31], [], [44, 54, 53]], "food": [66, 18], "index": 0}, "status": "DONE"}, {"action": "WEST", "reward": 2506, "info": {}, "observation": {"remainingOverageTime": 60, "index": 1}, "status": "ACTIVE"}, {"action": "NORTH", "reward": 301, "info": {}, "observation": {"remainingOverageTime": 60, "index": 2}, "status": "DONE"}, {"action": "EAST", "reward": 2503, "info": {}, "observation": {"remainingOverageTime": 60, "index": 3}, "status": "ACTIVE"}], [{"action": "NORTH", "reward": 302, "info": {}, "observation": {"remainingOverageTime": 60, "step": 25, "geese": [[], [19, 20, 21, 32, 43, 42], [], [55, 44, 54]], "food": [66, 18], "index": 0}, "status": "DONE"}, {"action": "WEST", "reward": 2606, "info": {}, "observation": {"remainingOverageTime": 60, "index": 1}, "status": "ACTIVE"}, {"action": "NORTH", "reward": 301, "info": {}, "observation": {"remainingOverageTime": 60, "index": 2}, "status": "DONE"}, {"action": "SOUTH", "reward": 2603, "info": {}, "observation": {"remainingOverageTime": 60, "index": 3}, "status": "ACTIVE"}], [{"action": "NORTH", "reward": 302, "info": {}, "observation": {"remainingOverageTime": 60, "step": 26, "geese": [[], [18, 19, 20, 21, 32, 43, 42], [], [66, 55, 44, 54]], "food": [7, 11], "index": 0}, "status": "DONE"}, {"action": "WEST", "reward": 2707, "info": {}, "observation": {"remainingOverageTime": 60, "index": 1}, "status": "ACTIVE"}, {"action": "NORTH", "reward": 301, "info": {}, "observation": {"remainingOverageTime": 60, "index": 2}, "status": "DONE"}, {"action": "SOUTH", "reward": 2704, "info": {}, "observation": {"remainingOverageTime": 60, "index": 3}, "status": "ACTIVE"}], [{"action": "NORTH", "reward": 302, "info": {}, "observation": {"remainingOverageTime": 60, "step": 27, "geese": [[], [7, 18, 19, 20, 21, 32, 43, 42], [], [0, 66, 55, 44]], "food": [11, 76], "index": 0}, "status": "DONE"}, {"action": "NORTH", "reward": 2808, "info": {}, "observation": {"remainingOverageTime": 60, "index": 1}, "status": "ACTIVE"}, {"action": "NORTH", "reward": 301, "info": {}, "observation": {"remainingOverageTime": 60, "index": 2}, "status": "DONE"}, {"action": "SOUTH", "reward": 2804, "info": {}, "observation": {"remainingOverageTime": 60, "index": 3}, "status": "ACTIVE"}], [{"action": "NORTH", "reward": 302, "info": {}, "observation": {"remainingOverageTime": 60, "step": 28, "geese": [[], [73, 7, 18, 19, 20, 21, 32, 43], [], [11, 0, 66, 55, 44]], "food": [76, 74], "index": 0}, "status": "DONE"}, {"action": "NORTH", "reward": 2908, "info": {}, "observation": {"remainingOverageTime": 60, "index": 1}, "status": "ACTIVE"}, {"action": "NORTH", "reward": 301, "info": {}, "observation": {"remainingOverageTime": 60, "index": 2}, "status": "DONE"}, {"action": "SOUTH", "reward": 2905, "info": {}, "observation": {"remainingOverageTime": 60, "index": 3}, "status": "ACTIVE"}], [{"action": "NORTH", "reward": 302, "info": {}, "observation": {"remainingOverageTime": 60, "step": 29, "geese": [[], [74, 73, 7, 18, 19, 20, 21, 32, 43], [], [12, 11, 0, 66, 55]], "food": [76, 40], "index": 0}, "status": "DONE"}, {"action": "EAST", "reward": 3009, "info": {}, "observation": {"remainingOverageTime": 60, "index": 1}, "status": "ACTIVE"}, {"action": "NORTH", "reward": 301, "info": {}, "observation": {"remainingOverageTime": 60, "index": 2}, "status": "DONE"}, {"action": "EAST", "reward": 3005, "info": {}, "observation": {"remainingOverageTime": 60, "index": 3}, "status": "ACTIVE"}], [{"action": "NORTH", "reward": 302, "info": {}, "observation": {"remainingOverageTime": 60, "step": 30, "geese": [[], [75, 74, 73, 7, 18, 19, 20, 21, 32], [], [13, 12, 11, 0, 66]], "food": [76, 40], "index": 0}, "status": "DONE"}, {"action": "EAST", "reward": 3109, "info": {}, "observation": {"remainingOverageTime": 60, "index": 1}, "status": "ACTIVE"}, {"action": "NORTH", "reward": 301, "info": {}, "observation": {"remainingOverageTime": 60, "index": 2}, "status": "DONE"}, {"action": "EAST", "reward": 3105, "info": {}, "observation": {"remainingOverageTime": 60, "index": 3}, "status": "ACTIVE"}], [{"action": "NORTH", "reward": 302, "info": {}, "observation": {"remainingOverageTime": 60, "step": 31, "geese": [[], [76, 75, 74, 73, 7, 18, 19, 20, 21, 32], [], [14, 13, 12, 11, 0]], "food": [40, 55], "index": 0}, "status": "DONE"}, {"action": "EAST", "reward": 3210, "info": {}, "observation": {"remainingOverageTime": 60, "index": 1}, "status": "ACTIVE"}, {"action": "NORTH", "reward": 301, "info": {}, "observation": {"remainingOverageTime": 60, "index": 2}, "status": "DONE"}, {"action": "EAST", "reward": 3205, "info": {}, "observation": {"remainingOverageTime": 60, "index": 3}, "status": "ACTIVE"}], [{"action": "NORTH", "reward": 302, "info": {}, "observation": {"remainingOverageTime": 60, "step": 32, "geese": [[], [66, 76, 75, 74, 73, 7, 18, 19, 20, 21], [], [15, 14, 13, 12, 11]], "food": [40, 55], "index": 0}, "status": "DONE"}, {"action": "EAST", "reward": 3310, "info": {}, "observation": {"remainingOverageTime": 60, "index": 1}, "status": "ACTIVE"}, {"action": "NORTH", "reward": 301, "info": {}, "observation": {"remainingOverageTime": 60, "index": 2}, "status": "DONE"}, {"action": "EAST", "reward": 3305, "info": {}, "observation": {"remainingOverageTime": 60, "index": 3}, "status": "ACTIVE"}], [{"action": "NORTH", "reward": 302, "info": {}, "observation": {"remainingOverageTime": 60, "step": 33, "geese": [[], [55, 66, 76, 75, 74, 73, 7, 18, 19, 20, 21], [], [16, 15, 14, 13, 12]], "food": [40, 38], "index": 0}, "status": "DONE"}, {"action": "NORTH", "reward": 3411, "info": {}, "observation": {"remainingOverageTime": 60, "index": 1}, "status": "ACTIVE"}, {"action": "NORTH", "reward": 301, "info": {}, "observation": {"remainingOverageTime": 60, "index": 2}, "status": "DONE"}, {"action": "EAST", "reward": 3405, "info": {}, "observation": {"remainingOverageTime": 60, "index": 3}, "status": "ACTIVE"}], [{"action": "NORTH", "reward": 302, "info": {}, "observation": {"remainingOverageTime": 60, "step": 34, "geese": [[], [65, 55, 66, 76, 75, 74, 73, 7, 18, 19, 20], [], [27, 16, 15, 14, 13]], "food": [40, 38], "index": 0}, "status": "DONE"}, {"action": "WEST", "reward": 3511, "info": {}, "observation": {"remainingOverageTime": 60, "index": 1}, "status": "ACTIVE"}, {"action": "NORTH", "reward": 301, "info": {}, "observation": {"remainingOverageTime": 60, "index": 2}, "status": "DONE"}, {"action": "SOUTH", "reward": 3505, "info": {}, "observation": {"remainingOverageTime": 60, "index": 3}, "status": "ACTIVE"}], [{"action": "NORTH", "reward": 302, "info": {}, "observation": {"remainingOverageTime": 60, "step": 35, "geese": [[], [54, 65, 55, 66, 76, 75, 74, 73, 7, 18, 19], [], [38, 27, 16, 15, 14, 13]], "food": [40, 1], "index": 0}, "status": "DONE"}, {"action": "NORTH", "reward": 3611, "info": {}, "observation": {"remainingOverageTime": 60, "index": 1}, "status": "ACTIVE"}, {"action": "NORTH", "reward": 301, "info": {}, "observation": {"remainingOverageTime": 60, "index": 2}, "status": "DONE"}, {"action": "SOUTH", "reward": 3606, "info": {}, "observation": {"remainingOverageTime": 60, "index": 3}, "status": "ACTIVE"}], [{"action": "NORTH", "reward": 302, "info": {}, "observation": {"remainingOverageTime": 60, "step": 36, "geese": [[], [43, 54, 65, 55, 66, 76, 75, 74, 73, 7, 18], [], [39, 38, 27, 16, 15, 14]], "food": [40, 1], "index": 0}, "status": "DONE"}, {"action": "NORTH", "reward": 3711, "info": {}, "observation": {"remainingOverageTime": 60, "index": 1}, "status": "ACTIVE"}, {"action": "NORTH", "reward": 301, "info": {}, "observation": {"remainingOverageTime": 60, "index": 2}, "status": "DONE"}, {"action": "EAST", "reward": 3706, "info": {}, "observation": {"remainingOverageTime": 60, "index": 3}, "status": "ACTIVE"}], [{"action": "NORTH", "reward": 302, "info": {}, "observation": {"remainingOverageTime": 60, "step": 37, "geese": [[], [42, 43, 54, 65, 55, 66, 76, 75, 74, 73, 7], [], [40, 39, 38, 27, 16, 15, 14]], "food": [1, 28], "index": 0}, "status": "DONE"}, {"action": "WEST", "reward": 3811, "info": {}, "observation": {"remainingOverageTime": 60, "index": 1}, "status": "ACTIVE"}, {"action": "NORTH", "reward": 301, "info": {}, "observation": {"remainingOverageTime": 60, "index": 2}, "status": "DONE"}, {"action": "EAST", "reward": 3807, "info": {}, "observation": {"remainingOverageTime": 60, "index": 3}, "status": "ACTIVE"}], [{"action": "NORTH", "reward": 302, "info": {}, "observation": {"remainingOverageTime": 60, "step": 38, "geese": [[], [31, 42, 43, 54, 65, 55, 66, 76, 75, 74, 73], [], [29, 40, 39, 38, 27, 16, 15]], "food": [1, 28], "index": 0}, "status": "DONE"}, {"action": "NORTH", "reward": 3911, "info": {}, "observation": {"remainingOverageTime": 60, "index": 1}, "status": "ACTIVE"}, {"action": "NORTH", "reward": 301, "info": {}, "observation": {"remainingOverageTime": 60, "index": 2}, "status": "DONE"}, {"action": "NORTH", "reward": 3907, "info": {}, "observation": {"remainingOverageTime": 60, "index": 3}, "status": "ACTIVE"}], [{"action": "NORTH", "reward": 302, "info": {}, "observation": {"remainingOverageTime": 60, "step": 39, "geese": [[], [20, 31, 42, 43, 54, 65, 55, 66, 76, 75, 74], [], [28, 29, 40, 39, 38, 27, 16, 15]], "food": [1, 61], "index": 0}, "status": "DONE"}, {"action": "NORTH", "reward": 4011, "info": {}, "observation": {"remainingOverageTime": 60, "index": 1}, "status": "ACTIVE"}, {"action": "NORTH", "reward": 301, "info": {}, "observation": {"remainingOverageTime": 60, "index": 2}, "status": "DONE"}, {"action": "WEST", "reward": 4008, "info": {}, "observation": {"remainingOverageTime": 60, "index": 3}, "status": "ACTIVE"}], [{"action": "NORTH", "reward": 302, "info": {}, "observation": {"remainingOverageTime": 60, "step": 40, "geese": [[], [19, 20, 31, 42, 43, 54, 65, 55, 66, 76], [], [17, 28, 29, 40, 39, 38, 27]], "food": [1, 61], "index": 0}, "status": "DONE"}, {"action": "WEST", "reward": 4110, "info": {}, "observation": {"remainingOverageTime": 60, "index": 1}, "status": "ACTIVE"}, {"action": "NORTH", "reward": 301, "info": {}, "observation": {"remainingOverageTime": 60, "index": 2}, "status": "DONE"}, {"action": "NORTH", "reward": 4107, "info": {}, "observation": {"remainingOverageTime": 60, "index": 3}, "status": "ACTIVE"}], [{"action": "NORTH", "reward": 302, "info": {}, "observation": {"remainingOverageTime": 60, "step": 41, "geese": [[], [30, 19, 20, 31, 42, 43, 54, 65, 55, 66], [], [6, 17, 28, 29, 40, 39, 38]], "food": [1, 61], "index": 0}, "status": "DONE"}, {"action": "SOUTH", "reward": 4210, "info": {}, "observation": {"remainingOverageTime": 60, "index": 1}, "status": "ACTIVE"}, {"action": "NORTH", "reward": 301, "info": {}, "observation": {"remainingOverageTime": 60, "index": 2}, "status": "DONE"}, {"action": "NORTH", "reward": 4207, "info": {}, "observation": {"remainingOverageTime": 60, "index": 3}, "status": "ACTIVE"}], [{"action": "NORTH", "reward": 302, "info": {}, "observation": {"remainingOverageTime": 60, "step": 42, "geese": [[], [41, 30, 19, 20, 31, 42, 43, 54, 65, 55], [], [72, 6, 17, 28, 29, 40, 39]], "food": [1, 61], "index": 0}, "status": "DONE"}, {"action": "SOUTH", "reward": 4310, "info": {}, "observation": {"remainingOverageTime": 60, "index": 1}, "status": "ACTIVE"}, {"action": "NORTH", "reward": 301, "info": {}, "observation": {"remainingOverageTime": 60, "index": 2}, "status": "DONE"}, {"action": "NORTH", "reward": 4307, "info": {}, "observation": {"remainingOverageTime": 60, "index": 3}, "status": "ACTIVE"}], [{"action": "NORTH", "reward": 302, "info": {}, "observation": {"remainingOverageTime": 60, "step": 43, "geese": [[], [52, 41, 30, 19, 20, 31, 42, 43, 54, 65], [], [61, 72, 6, 17, 28, 29, 40, 39]], "food": [1, 47], "index": 0}, "status": "DONE"}, {"action": "SOUTH", "reward": 4410, "info": {}, "observation": {"remainingOverageTime": 60, "index": 1}, "status": "ACTIVE"}, {"action": "NORTH", "reward": 301, "info": {}, "observation": {"remainingOverageTime": 60, "index": 2}, "status": "DONE"}, {"action": "NORTH", "reward": 4408, "info": {}, "observation": {"remainingOverageTime": 60, "index": 3}, "status": "ACTIVE"}], [{"action": "NORTH", "reward": 302, "info": {}, "observation": {"remainingOverageTime": 60, "step": 44, "geese": [[], [51, 52, 41, 30, 19, 20, 31, 42, 43, 54], [], [50, 61, 72, 6, 17, 28, 29, 40]], "food": [1, 47], "index": 0}, "status": "DONE"}, {"action": "WEST", "reward": 4510, "info": {}, "observation": {"remainingOverageTime": 60, "index": 1}, "status": "ACTIVE"}, {"action": "NORTH", "reward": 301, "info": {}, "observation": {"remainingOverageTime": 60, "index": 2}, "status": "DONE"}, {"action": "NORTH", "reward": 4508, "info": {}, "observation": {"remainingOverageTime": 60, "index": 3}, "status": "ACTIVE"}], [{"action": "NORTH", "reward": 302, "info": {}, "observation": {"remainingOverageTime": 60, "step": 45, "geese": [[], [40, 51, 52, 41, 30, 19, 20, 31, 42, 43], [], [49, 50, 61, 72, 6, 17, 28, 29]], "food": [1, 47], "index": 0}, "status": "DONE"}, {"action": "NORTH", "reward": 4610, "info": {}, "observation": {"remainingOverageTime": 60, "index": 1}, "status": "ACTIVE"}, {"action": "NORTH", "reward": 301, "info": {}, "observation": {"remainingOverageTime": 60, "index": 2}, "status": "DONE"}, {"action": "WEST", "reward": 4608, "info": {}, "observation": {"remainingOverageTime": 60, "index": 3}, "status": "ACTIVE"}], [{"action": "NORTH", "reward": 302, "info": {}, "observation": {"remainingOverageTime": 60, "step": 46, "geese": [[], [39, 40, 51, 52, 41, 30, 19, 20, 31, 42], [], [48, 49, 50, 61, 72, 6, 17, 28]], "food": [1, 47], "index": 0}, "status": "DONE"}, {"action": "WEST", "reward": 4710, "info": {}, "observation": {"remainingOverageTime": 60, "index": 1}, "status": "ACTIVE"}, {"action": "NORTH", "reward": 301, "info": {}, "observation": {"remainingOverageTime": 60, "index": 2}, "status": "DONE"}, {"action": "WEST", "reward": 4708, "info": {}, "observation": {"remainingOverageTime": 60, "index": 3}, "status": "ACTIVE"}], [{"action": "NORTH", "reward": 302, "info": {}, "observation": {"remainingOverageTime": 60, "step": 47, "geese": [[], [38, 39, 40, 51, 52, 41, 30, 19, 20, 31], [], [47, 48, 49, 50, 61, 72, 6, 17, 28]], "food": [1, 73], "index": 0}, "status": "DONE"}, {"action": "WEST", "reward": 4810, "info": {}, "observation": {"remainingOverageTime": 60, "index": 1}, "status": "ACTIVE"}, {"action": "NORTH", "reward": 301, "info": {}, "observation": {"remainingOverageTime": 60, "index": 2}, "status": "DONE"}, {"action": "WEST", "reward": 4809, "info": {}, "observation": {"remainingOverageTime": 60, "index": 3}, "status": "ACTIVE"}], [{"action": "NORTH", "reward": 302, "info": {}, "observation": {"remainingOverageTime": 60, "step": 48, "geese": [[], [27, 38, 39, 40, 51, 52, 41, 30, 19, 20], [], [36, 47, 48, 49, 50, 61, 72, 6, 17]], "food": [1, 73], "index": 0}, "status": "DONE"}, {"action": "NORTH", "reward": 4910, "info": {}, "observation": {"remainingOverageTime": 60, "index": 1}, "status": "ACTIVE"}, {"action": "NORTH", "reward": 301, "info": {}, "observation": {"remainingOverageTime": 60, "index": 2}, "status": "DONE"}, {"action": "NORTH", "reward": 4909, "info": {}, "observation": {"remainingOverageTime": 60, "index": 3}, "status": "ACTIVE"}], [{"action": "NORTH", "reward": 302, "info": {}, "observation": {"remainingOverageTime": 60, "step": 49, "geese": [[], [16, 27, 38, 39, 40, 51, 52, 41, 30, 19], [], [25, 36, 47, 48, 49, 50, 61, 72, 6]], "food": [1, 73], "index": 0}, "status": "DONE"}, {"action": "NORTH", "reward": 5010, "info": {}, "observation": {"remainingOverageTime": 60, "index": 1}, "status": "ACTIVE"}, {"action": "NORTH", "reward": 301, "info": {}, "observation": {"remainingOverageTime": 60, "index": 2}, "status": "DONE"}, {"action": "NORTH", "reward": 5009, "info": {}, "observation": {"remainingOverageTime": 60, "index": 3}, "status": "ACTIVE"}], [{"action": "NORTH", "reward": 302, "info": {}, "observation": {"remainingOverageTime": 60, "step": 50, "geese": [[], [5, 16, 27, 38, 39, 40, 51, 52, 41, 30], [], [14, 25, 36, 47, 48, 49, 50, 61, 72]], "food": [1, 73], "index": 0}, "status": "DONE"}, {"action": "NORTH", "reward": 5110, "info": {}, "observation": {"remainingOverageTime": 60, "index": 1}, "status": "ACTIVE"}, {"action": "NORTH", "reward": 301, "info": {}, "observation": {"remainingOverageTime": 60, "index": 2}, "status": "DONE"}, {"action": "NORTH", "reward": 5109, "info": {}, "observation": {"remainingOverageTime": 60, "index": 3}, "status": "ACTIVE"}], [{"action": "NORTH", "reward": 302, "info": {}, "observation": {"remainingOverageTime": 60, "step": 51, "geese": [[], [71, 5, 16, 27, 38, 39, 40, 51, 52, 41], [], [3, 14, 25, 36, 47, 48, 49, 50, 61]], "food": [1, 73], "index": 0}, "status": "DONE"}, {"action": "NORTH", "reward": 5210, "info": {}, "observation": {"remainingOverageTime": 60, "index": 1}, "status": "ACTIVE"}, {"action": "NORTH", "reward": 301, "info": {}, "observation": {"remainingOverageTime": 60, "index": 2}, "status": "DONE"}, {"action": "NORTH", "reward": 5209, "info": {}, "observation": {"remainingOverageTime": 60, "index": 3}, "status": "ACTIVE"}], [{"action": "NORTH", "reward": 302, "info": {}, "observation": {"remainingOverageTime": 60, "step": 52, "geese": [[], [72, 71, 5, 16, 27, 38, 39, 40, 51, 52], [], [2, 3, 14, 25, 36, 47, 48, 49, 50]], "food": [1, 73], "index": 0}, "status": "DONE"}, {"action": "EAST", "reward": 5310, "info": {}, "observation": {"remainingOverageTime": 60, "index": 1}, "status": "ACTIVE"}, {"action": "NORTH", "reward": 301, "info": {}, "observation": {"remainingOverageTime": 60, "index": 2}, "status": "DONE"}, {"action": "WEST", "reward": 5309, "info": {}, "observation": {"remainingOverageTime": 60, "index": 3}, "status": "ACTIVE"}], [{"action": "NORTH", "reward": 302, "info": {}, "observation": {"remainingOverageTime": 60, "step": 53, "geese": [[], [73, 72, 71, 5, 16, 27, 38, 39, 40, 51, 52], [], [1, 2, 3, 14, 25, 36, 47, 48, 49, 50]], "food": [53, 8], "index": 0}, "status": "DONE"}, {"action": "EAST", "reward": 5411, "info": {}, "observation": {"remainingOverageTime": 60, "index": 1}, "status": "ACTIVE"}, {"action": "NORTH", "reward": 301, "info": {}, "observation": {"remainingOverageTime": 60, "index": 2}, "status": "DONE"}, {"action": "WEST", "reward": 5410, "info": {}, "observation": {"remainingOverageTime": 60, "index": 3}, "status": "ACTIVE"}], [{"action": "NORTH", "reward": 302, "info": {}, "observation": {"remainingOverageTime": 60, "step": 54, "geese": [[], [7, 73, 72, 71, 5, 16, 27, 38, 39, 40, 51], [], [12, 1, 2, 3, 14, 25, 36, 47, 48, 49]], "food": [53, 8], "index": 0}, "status": "DONE"}, {"action": "SOUTH", "reward": 5511, "info": {}, "observation": {"remainingOverageTime": 60, "index": 1}, "status": "ACTIVE"}, {"action": "NORTH", "reward": 301, "info": {}, "observation": {"remainingOverageTime": 60, "index": 2}, "status": "DONE"}, {"action": "SOUTH", "reward": 5510, "info": {}, "observation": {"remainingOverageTime": 60, "index": 3}, "status": "ACTIVE"}], [{"action": "NORTH", "reward": 302, "info": {}, "observation": {"remainingOverageTime": 60, "step": 55, "geese": [[], [8, 7, 73, 72, 71, 5, 16, 27, 38, 39, 40, 51], [], [23, 12, 1, 2, 3, 14, 25, 36, 47, 48]], "food": [53, 65], "index": 0}, "status": "DONE"}, {"action": "EAST", "reward": 5612, "info": {}, "observation": {"remainingOverageTime": 60, "index": 1}, "status": "ACTIVE"}, {"action": "NORTH", "reward": 301, "info": {}, "observation": {"remainingOverageTime": 60, "index": 2}, "status": "DONE"}, {"action": "SOUTH", "reward": 5610, "info": {}, "observation": {"remainingOverageTime": 60, "index": 3}, "status": "ACTIVE"}], [{"action": "NORTH", "reward": 302, "info": {}, "observation": {"remainingOverageTime": 60, "step": 56, "geese": [[], [74, 8, 7, 73, 72, 71, 5, 16, 27, 38, 39, 40], [], [24, 23, 12, 1, 2, 3, 14, 25, 36, 47]], "food": [53, 65], "index": 0}, "status": "DONE"}, {"action": "NORTH", "reward": 5712, "info": {}, "observation": {"remainingOverageTime": 60, "index": 1}, "status": "ACTIVE"}, {"action": "NORTH", "reward": 301, "info": {}, "observation": {"remainingOverageTime": 60, "index": 2}, "status": "DONE"}, {"action": "EAST", "reward": 5710, "info": {}, "observation": {"remainingOverageTime": 60, "index": 3}, "status": "ACTIVE"}], [{"action": "NORTH", "reward": 302, "info": {}, "observation": {"remainingOverageTime": 60, "step": 57, "geese": [[], [63, 74, 8, 7, 73, 72, 71, 5, 16, 27, 38, 39], [], [35, 24, 23, 12, 1, 2, 3, 14, 25, 36]], "food": [53, 65], "index": 0}, "status": "DONE"}, {"action": "NORTH", "reward": 5812, "info": {}, "observation": {"remainingOverageTime": 60, "index": 1}, "status": "ACTIVE"}, {"action": "NORTH", "reward": 301, "info": {}, "observation": {"remainingOverageTime": 60, "index": 2}, "status": "DONE"}, {"action": "SOUTH", "reward": 5810, "info": {}, "observation": {"remainingOverageTime": 60, "index": 3}, "status": "ACTIVE"}], [{"action": "NORTH", "reward": 302, "info": {}, "observation": {"remainingOverageTime": 60, "step": 58, "geese": [[], [52, 63, 74, 8, 7, 73, 72, 71, 5, 16, 27, 38], [], [36, 35, 24, 23, 12, 1, 2, 3, 14, 25]], "food": [53, 65], "index": 0}, "status": "DONE"}, {"action": "NORTH", "reward": 5912, "info": {}, "observation": {"remainingOverageTime": 60, "index": 1}, "status": "ACTIVE"}, {"action": "NORTH", "reward": 301, "info": {}, "observation": {"remainingOverageTime": 60, "index": 2}, "status": "DONE"}, {"action": "EAST", "reward": 5910, "info": {}, "observation": {"remainingOverageTime": 60, "index": 3}, "status": "ACTIVE"}], [{"action": "NORTH", "reward": 302, "info": {}, "observation": {"remainingOverageTime": 60, "step": 59, "geese": [[], [53, 52, 63, 74, 8, 7, 73, 72, 71, 5, 16, 27, 38], [], [37, 36, 35, 24, 23, 12, 1, 2, 3, 14]], "food": [65, 33], "index": 0}, "status": "DONE"}, {"action": "EAST", "reward": 6013, "info": {}, "observation": {"remainingOverageTime": 60, "index": 1}, "status": "ACTIVE"}, {"action": "NORTH", "reward": 301, "info": {}, "observation": {"remainingOverageTime": 60, "index": 2}, "status": "DONE"}, {"action": "EAST", "reward": 6010, "info": {}, "observation": {"remainingOverageTime": 60, "index": 3}, "status": "ACTIVE"}], [{"action": "NORTH", "reward": 302, "info": {}, "observation": {"remainingOverageTime": 60, "step": 60, "geese": [[], [54, 53, 52, 63, 74, 8, 7, 73, 72, 71, 5, 16, 27], [], [26, 37, 36, 35, 24, 23, 12, 1, 2, 3]], "food": [65, 33], "index": 0}, "status": "DONE"}, {"action": "EAST", "reward": 6113, "info": {}, "observation": {"remainingOverageTime": 60, "index": 1}, "status": "ACTIVE"}, {"action": "NORTH", "reward": 301, "info": {}, "observation": {"remainingOverageTime": 60, "index": 2}, "status": "DONE"}, {"action": "NORTH", "reward": 6110, "info": {}, "observation": {"remainingOverageTime": 60, "index": 3}, "status": "ACTIVE"}], [{"action": "NORTH", "reward": 302, "info": {}, "observation": {"remainingOverageTime": 60, "step": 61, "geese": [[], [65, 54, 53, 52, 63, 74, 8, 7, 73, 72, 71, 5, 16, 27], [], [25, 26, 37, 36, 35, 24, 23, 12, 1, 2]], "food": [33, 13], "index": 0}, "status": "DONE"}, {"action": "SOUTH", "reward": 6214, "info": {}, "observation": {"remainingOverageTime": 60, "index": 1}, "status": "ACTIVE"}, {"action": "NORTH", "reward": 301, "info": {}, "observation": {"remainingOverageTime": 60, "index": 2}, "status": "DONE"}, {"action": "WEST", "reward": 6210, "info": {}, "observation": {"remainingOverageTime": 60, "index": 3}, "status": "ACTIVE"}], [{"action": "NORTH", "reward": 302, "info": {}, "observation": {"remainingOverageTime": 60, "step": 62, "geese": [[], [55, 65, 54, 53, 52, 63, 74, 8, 7, 73, 72, 71, 5, 16], [], [14, 25, 26, 37, 36, 35, 24, 23, 12, 1]], "food": [33, 13], "index": 0}, "status": "DONE"}, {"action": "EAST", "reward": 6314, "info": {}, "observation": {"remainingOverageTime": 60, "index": 1}, "status": "ACTIVE"}, {"action": "NORTH", "reward": 301, "info": {}, "observation": {"remainingOverageTime": 60, "index": 2}, "status": "DONE"}, {"action": "NORTH", "reward": 6310, "info": {}, "observation": {"remainingOverageTime": 60, "index": 3}, "status": "ACTIVE"}], [{"action": "NORTH", "reward": 302, "info": {}, "observation": {"remainingOverageTime": 60, "step": 63, "geese": [[], [44, 55, 65, 54, 53, 52, 63, 74, 8, 7, 73, 72, 71, 5], [], [13, 14, 25, 26, 37, 36, 35, 24, 23, 12, 1]], "food": [33, 69], "index": 0}, "status": "DONE"}, {"action": "NORTH", "reward": 6414, "info": {}, "observation": {"remainingOverageTime": 60, "index": 1}, "status": "ACTIVE"}, {"action": "NORTH", "reward": 301, "info": {}, "observation": {"remainingOverageTime": 60, "index": 2}, "status": "DONE"}, {"action": "WEST", "reward": 6411, "info": {}, "observation": {"remainingOverageTime": 60, "index": 3}, "status": "ACTIVE"}], [{"action": "NORTH", "reward": 302, "info": {}, "observation": {"remainingOverageTime": 60, "step": 64, "geese": [[], [33, 44, 55, 65, 54, 53, 52, 63, 74, 8, 7, 73, 72, 71, 5], [], [2, 13, 14, 25, 26, 37, 36, 35, 24, 23, 12]], "food": [69, 27], "index": 0}, "status": "DONE"}, {"action": "NORTH", "reward": 6515, "info": {}, "observation": {"remainingOverageTime": 60, "index": 1}, "status": "ACTIVE"}, {"action": "NORTH", "reward": 301, "info": {}, "observation": {"remainingOverageTime": 60, "index": 2}, "status": "DONE"}, {"action": "NORTH", "reward": 6511, "info": {}, "observation": {"remainingOverageTime": 60, "index": 3}, "status": "ACTIVE"}], [{"action": "NORTH", "reward": 302, "info": {}, "observation": {"remainingOverageTime": 60, "step": 65, "geese": [[], [22, 33, 44, 55, 65, 54, 53, 52, 63, 74, 8, 7, 73, 72, 71], [], [68, 2, 13, 14, 25, 26, 37, 36, 35, 24, 23]], "food": [69, 27], "index": 0}, "status": "DONE"}, {"action": "NORTH", "reward": 6615, "info": {}, "observation": {"remainingOverageTime": 60, "index": 1}, "status": "ACTIVE"}, {"action": "NORTH", "reward": 301, "info": {}, "observation": {"remainingOverageTime": 60, "index": 2}, "status": "DONE"}, {"action": "NORTH", "reward": 6611, "info": {}, "observation": {"remainingOverageTime": 60, "index": 3}, "status": "ACTIVE"}], [{"action": "NORTH", "reward": 302, "info": {}, "observation": {"remainingOverageTime": 60, "step": 66, "geese": [[], [32, 22, 33, 44, 55, 65, 54, 53, 52, 63, 74, 8, 7, 73, 72], [], [69, 68, 2, 13, 14, 25, 26, 37, 36, 35, 24, 23]], "food": [27, 3], "index": 0}, "status": "DONE"}, {"action": "WEST", "reward": 6715, "info": {}, "observation": {"remainingOverageTime": 60, "index": 1}, "status": "ACTIVE"}, {"action": "NORTH", "reward": 301, "info": {}, "observation": {"remainingOverageTime": 60, "index": 2}, "status": "DONE"}, {"action": "EAST", "reward": 6712, "info": {}, "observation": {"remainingOverageTime": 60, "index": 3}, "status": "ACTIVE"}], [{"action": "NORTH", "reward": 302, "info": {}, "observation": {"remainingOverageTime": 60, "step": 67, "geese": [[], [31, 32, 22, 33, 44, 55, 65, 54, 53, 52, 63, 74, 8, 7, 73], [], [3, 69, 68, 2, 13, 14, 25, 26, 37, 36, 35, 24, 23]], "food": [27, 11], "index": 0}, "status": "DONE"}, {"action": "WEST", "reward": 6815, "info": {}, "observation": {"remainingOverageTime": 60, "index": 1}, "status": "ACTIVE"}, {"action": "NORTH", "reward": 301, "info": {}, "observation": {"remainingOverageTime": 60, "index": 2}, "status": "DONE"}, {"action": "SOUTH", "reward": 6813, "info": {}, "observation": {"remainingOverageTime": 60, "index": 3}, "status": "ACTIVE"}], [{"action": "NORTH", "reward": 302, "info": {}, "observation": {"remainingOverageTime": 60, "step": 68, "geese": [[], [30, 31, 32, 22, 33, 44, 55, 65, 54, 53, 52, 63, 74, 8, 7], [], [4, 3, 69, 68, 2, 13, 14, 25, 26, 37, 36, 35, 24]], "food": [27, 11], "index": 0}, "status": "DONE"}, {"action": "WEST", "reward": 6915, "info": {}, "observation": {"remainingOverageTime": 60, "index": 1}, "status": "ACTIVE"}, {"action": "NORTH", "reward": 301, "info": {}, "observation": {"remainingOverageTime": 60, "index": 2}, "status": "DONE"}, {"action": "EAST", "reward": 6913, "info": {}, "observation": {"remainingOverageTime": 60, "index": 3}, "status": "ACTIVE"}], [{"action": "NORTH", "reward": 302, "info": {}, "observation": {"remainingOverageTime": 60, "step": 69, "geese": [[], [29, 30, 31, 32, 22, 33, 44, 55, 65, 54, 53, 52, 63, 74, 8], [], [5, 4, 3, 69, 68, 2, 13, 14, 25, 26, 37, 36, 35]], "food": [27, 11], "index": 0}, "status": "DONE"}, {"action": "WEST", "reward": 7015, "info": {}, "observation": {"remainingOverageTime": 60, "index": 1}, "status": "ACTIVE"}, {"action": "NORTH", "reward": 301, "info": {}, "observation": {"remainingOverageTime": 60, "index": 2}, "status": "DONE"}, {"action": "EAST", "reward": 7013, "info": {}, "observation": {"remainingOverageTime": 60, "index": 3}, "status": "ACTIVE"}], [{"action": "NORTH", "reward": 302, "info": {}, "observation": {"remainingOverageTime": 60, "step": 70, "geese": [[], [28, 29, 30, 31, 32, 22, 33, 44, 55, 65, 54, 53, 52, 63, 74], [], [16, 5, 4, 3, 69, 68, 2, 13, 14, 25, 26, 37, 36]], "food": [27, 11], "index": 0}, "status": "DONE"}, {"action": "WEST", "reward": 7115, "info": {}, "observation": {"remainingOverageTime": 60, "index": 1}, "status": "ACTIVE"}, {"action": "NORTH", "reward": 301, "info": {}, "observation": {"remainingOverageTime": 60, "index": 2}, "status": "DONE"}, {"action": "SOUTH", "reward": 7113, "info": {}, "observation": {"remainingOverageTime": 60, "index": 3}, "status": "ACTIVE"}], [{"action": "NORTH", "reward": 302, "info": {}, "observation": {"remainingOverageTime": 60, "step": 71, "geese": [[], [], [], []], "food": [11, 30], "index": 0}, "status": "DONE"}, {"action": "WEST", "reward": 7115, "info": {}, "observation": {"remainingOverageTime": 60, "index": 1}, "status": "DONE"}, {"action": "NORTH", "reward": 301, "info": {}, "observation": {"remainingOverageTime": 60, "index": 2}, "status": "DONE"}, {"action": "SOUTH", "reward": 7113, "info": {}, "observation": {"remainingOverageTime": 60, "index": 3}, "status": "DONE"}]], "rewards": [302, 7115, 301, 7113], "statuses": ["DONE", "DONE", "DONE", "DONE"], "schema_version": 1, "info": {}}