{"id": "bcd713ec-db0e-11ee-b332-0242ac1c000c", "name": "hungry_geese", "title": "Hungry Geese", "description": "Similar to the classic snake game with multiple players", "version": "1.0.0", "configuration": {"episodeSteps": 200, "actTimeout": 1, "runTimeout": 1200, "columns": 11, "rows": 7, "hunger_rate": 40, "min_food": 2, "max_length": 99}, "specification": {"action": {"description": "Direction to move the head of your players goose.", "type": "string", "enum": ["NORTH", "EAST", "SOUTH", "WEST"], "default": "NORTH"}, "agents": [1, 2, 3, 4, 5, 6, 7, 8], "configuration": {"episodeSteps": {"description": "Maximum number of steps in the episode.", "type": "integer", "minimum": 1, "default": 200}, "actTimeout": {"description": "Maximum runtime (seconds) to obtain an action from an agent.", "type": "number", "minimum": 0, "default": 1}, "runTimeout": {"description": "Maximum runtime (seconds) of an episode (not necessarily DONE).", "type": "number", "minimum": 0, "default": 1200}, "columns": {"description": "Horizontal number of cells on the board.", "type": "integer", "default": 11, "minimum": 3}, "rows": {"description": "Vertical number of cells on the board.", "type": "integer", "default": 7, "minimum": 3}, "hunger_rate": {"description": "The number of steps before the goose shrinks a cell.", "type": "integer", "minimum": 1, "default": 40}, "min_food": {"description": "The minimum amount of food present for all steps.", "type": "integer", "default": 2, "minimum": 1}, "max_length": {"description": "The max length any goose can be. Total reward = (max length + 1) * steps survived + goose length.", "type": "integer", "default": 99}}, "info": {}, "observation": {"remainingOverageTime": {"description": "Total remaining banked time (seconds) that can be used in excess of per-step actTimeouts -- agent is disqualified with TIMEOUT status when this drops below 0.", "shared": false, "type": "number", "minimum": 0, "default": 60}, "step": {"description": "Current step within the episode.", "type": "integer", "shared": true, "minimum": 0, "default": 0}, "geese": {"description": "List of geese in order by the agent index.", "type": "array", "default": [], "shared": true}, "food": {"description": "Positions on the board where food is present.", "type": "array", "default": [], "shared": true}, "index": {"description": "Index of the current agent's goose in the list of geese.", "type": "integer", "minimum": 0, "defaults": [0, 1, 2, 3, 4, 5, 6, 7]}}, "reward": {"description": "steps survived * (max goose length + 1) + current goose length.", "type": ["number", "null"], "default": 0, "minimum": 0}}, "steps": [[{"action": "NORTH", "reward": 0, "info": {}, "observation": {"remainingOverageTime": 60, "step": 0, "geese": [[11], [0], [5], [39]], "food": [32, 53], "index": 0}, "status": "ACTIVE"}, {"action": "NORTH", "reward": 0, "info": {}, "observation": {"remainingOverageTime": 60, "index": 1}, "status": "ACTIVE"}, {"action": "NORTH", "reward": 0, "info": {}, "observation": {"remainingOverageTime": 60, "index": 2}, "status": "ACTIVE"}, {"action": "NORTH", "reward": 0, "info": {}, "observation": {"remainingOverageTime": 60, "index": 3}, "status": "ACTIVE"}], [{"action": "WEST", "reward": 201, "info": {}, "observation": {"remainingOverageTime": 60, "step": 1, "geese": [[21], [66], [71], [40]], "food": [32, 53], "index": 0}, "status": "ACTIVE"}, {"action": "NORTH", "reward": 201, "info": {}, "observation": {"remainingOverageTime": 60, "index": 1}, "status": "ACTIVE"}, {"action": "NORTH", "reward": 201, "info": {}, "observation": {"remainingOverageTime": 60, "index": 2}, "status": "ACTIVE"}, {"action": "EAST", "reward": 201, "info": {}, "observation": {"remainingOverageTime": 60, "index": 3}, "status": "ACTIVE"}], [{"action": "SOUTH", "reward": 302, "info": {}, "observation": {"remainingOverageTime": 60, "step": 2, "geese": [[32, 21], [76], [60], [41]], "food": [53, 33], "index": 0}, "status": "ACTIVE"}, {"action": "WEST", "reward": 301, "info": {}, "observation": {"remainingOverageTime": 60, "index": 1}, "status": "ACTIVE"}, {"action": "NORTH", "reward": 301, "info": {}, "observation": {"remainingOverageTime": 60, "index": 2}, "status": "ACTIVE"}, {"action": "EAST", "reward": 301, "info": {}, "observation": {"remainingOverageTime": 60, "index": 3}, "status": "ACTIVE"}], [{"action": "EAST", "reward": 402, "info": {}, "observation": {"remainingOverageTime": 60, "step": 3, "geese": [[22, 32], [65], [49], [42]], "food": [53, 33], "index": 0}, "status": "ACTIVE"}, {"action": "NORTH", "reward": 401, "info": {}, "observation": {"remainingOverageTime": 60, "index": 1}, "status": "ACTIVE"}, {"action": "NORTH", "reward": 401, "info": {}, "observation": {"remainingOverageTime": 60, "index": 2}, "status": "ACTIVE"}, {"action": "EAST", "reward": 401, "info": {}, "observation": {"remainingOverageTime": 60, "index": 3}, "status": "ACTIVE"}], [{"action": "SOUTH", "reward": 503, "info": {}, "observation": {"remainingOverageTime": 60, "step": 4, "geese": [[33, 22, 32], [54], [50], [53, 42]], "food": [62, 5], "index": 0}, "status": "ACTIVE"}, {"action": "NORTH", "reward": 501, "info": {}, "observation": {"remainingOverageTime": 60, "index": 1}, "status": "ACTIVE"}, {"action": "EAST", "reward": 501, "info": {}, "observation": {"remainingOverageTime": 60, "index": 2}, "status": "ACTIVE"}, {"action": "SOUTH", "reward": 502, "info": {}, "observation": {"remainingOverageTime": 60, "index": 3}, "status": "ACTIVE"}], [{"action": "EAST", "reward": 603, "info": {}, "observation": {"remainingOverageTime": 60, "step": 5, "geese": [[34, 33, 22], [], [51], [64, 53]], "food": [62, 5], "index": 0}, "status": "ACTIVE"}, {"action": "SOUTH", "reward": 501, "info": {}, "observation": {"remainingOverageTime": 60, "index": 1}, "status": "DONE"}, {"action": "EAST", "reward": 601, "info": {}, "observation": {"remainingOverageTime": 60, "index": 2}, "status": "ACTIVE"}, {"action": "SOUTH", "reward": 602, "info": {}, "observation": {"remainingOverageTime": 60, "index": 3}, "status": "ACTIVE"}], [{"action": "NORTH", "reward": 703, "info": {}, "observation": {"remainingOverageTime": 60, "step": 6, "geese": [[23, 34, 33], [], [62, 51], [63, 64]], "food": [5, 25], "index": 0}, "status": "ACTIVE"}, {"action": "NORTH", "reward": 501, "info": {}, "observation": {"remainingOverageTime": 60, "index": 1}, "status": "DONE"}, {"action": "SOUTH", "reward": 702, "info": {}, "observation": {"remainingOverageTime": 60, "index": 2}, "status": "ACTIVE"}, {"action": "WEST", "reward": 702, "info": {}, "observation": {"remainingOverageTime": 60, "index": 3}, "status": "ACTIVE"}], [{"action": "EAST", "reward": 803, "info": {}, "observation": {"remainingOverageTime": 60, "step": 7, "geese": [[24, 23, 34], [], [], [52, 63]], "food": [5, 25], "index": 0}, "status": "ACTIVE"}, {"action": "NORTH", "reward": 501, "info": {}, "observation": {"remainingOverageTime": 60, "index": 1}, "status": "DONE"}, {"action": "NORTH", "reward": 702, "info": {}, "observation": {"remainingOverageTime": 60, "index": 2}, "status": "DONE"}, {"action": "NORTH", "reward": 802, "info": {}, "observation": {"remainingOverageTime": 60, "index": 3}, "status": "ACTIVE"}], [{"action": "EAST", "reward": 904, "info": {}, "observation": {"remainingOverageTime": 60, "step": 8, "geese": [[25, 24, 23, 34], [], [], [41, 52]], "food": [5, 47], "index": 0}, "status": "ACTIVE"}, {"action": "NORTH", "reward": 501, "info": {}, "observation": {"remainingOverageTime": 60, "index": 1}, "status": "DONE"}, {"action": "NORTH", "reward": 702, "info": {}, "observation": {"remainingOverageTime": 60, "index": 2}, "status": "DONE"}, {"action": "NORTH", "reward": 902, "info": {}, "observation": {"remainingOverageTime": 60, "index": 3}, "status": "ACTIVE"}], [{"action": "SOUTH", "reward": 1004, "info": {}, "observation": {"remainingOverageTime": 60, "step": 9, "geese": [[36, 25, 24, 23], [], [], [30, 41]], "food": [5, 47], "index": 0}, "status": "ACTIVE"}, {"action": "NORTH", "reward": 501, "info": {}, "observation": {"remainingOverageTime": 60, "index": 1}, "status": "DONE"}, {"action": "NORTH", "reward": 702, "info": {}, "observation": {"remainingOverageTime": 60, "index": 2}, "status": "DONE"}, {"action": "NORTH", "reward": 1002, "info": {}, "observation": {"remainingOverageTime": 60, "index": 3}, "status": "ACTIVE"}], [{"action": "SOUTH", "reward": 1105, "info": {}, "observation": {"remainingOverageTime": 60, "step": 10, "geese": [[47, 36, 25, 24, 23], [], [], [19, 30]], "food": [5, 1], "index": 0}, "status": "ACTIVE"}, {"action": "NORTH", "reward": 501, "info": {}, "observation": {"remainingOverageTime": 60, "index": 1}, "status": "DONE"}, {"action": "NORTH", "reward": 702, "info": {}, "observation": {"remainingOverageTime": 60, "index": 2}, "status": "DONE"}, {"action": "NORTH", "reward": 1102, "info": {}, "observation": {"remainingOverageTime": 60, "index": 3}, "status": "ACTIVE"}], [{"action": "EAST", "reward": 1205, "info": {}, "observation": {"remainingOverageTime": 60, "step": 11, "geese": [[48, 47, 36, 25, 24], [], [], [8, 19]], "food": [5, 1], "index": 0}, "status": "ACTIVE"}, {"action": "NORTH", "reward": 501, "info": {}, "observation": {"remainingOverageTime": 60, "index": 1}, "status": "DONE"}, {"action": "NORTH", "reward": 702, "info": {}, "observation": {"remainingOverageTime": 60, "index": 2}, "status": "DONE"}, {"action": "NORTH", "reward": 1202, "info": {}, "observation": {"remainingOverageTime": 60, "index": 3}, "status": "ACTIVE"}], [{"action": "NORTH", "reward": 1305, "info": {}, "observation": {"remainingOverageTime": 60, "step": 12, "geese": [[37, 48, 47, 36, 25], [], [], [7, 8]], "food": [5, 1], "index": 0}, "status": "ACTIVE"}, {"action": "NORTH", "reward": 501, "info": {}, "observation": {"remainingOverageTime": 60, "index": 1}, "status": "DONE"}, {"action": "NORTH", "reward": 702, "info": {}, "observation": {"remainingOverageTime": 60, "index": 2}, "status": "DONE"}, {"action": "WEST", "reward": 1302, "info": {}, "observation": {"remainingOverageTime": 60, "index": 3}, "status": "ACTIVE"}], [{"action": "NORTH", "reward": 1405, "info": {}, "observation": {"remainingOverageTime": 60, "step": 13, "geese": [[26, 37, 48, 47, 36], [], [], [6, 7]], "food": [5, 1], "index": 0}, "status": "ACTIVE"}, {"action": "NORTH", "reward": 501, "info": {}, "observation": {"remainingOverageTime": 60, "index": 1}, "status": "DONE"}, {"action": "NORTH", "reward": 702, "info": {}, "observation": {"remainingOverageTime": 60, "index": 2}, "status": "DONE"}, {"action": "WEST", "reward": 1402, "info": {}, "observation": {"remainingOverageTime": 60, "index": 3}, "status": "ACTIVE"}], [{"action": "NORTH", "reward": 1505, "info": {}, "observation": {"remainingOverageTime": 60, "step": 14, "geese": [[15, 26, 37, 48, 47], [], [], [5, 6, 7]], "food": [1, 12], "index": 0}, "status": "ACTIVE"}, {"action": "NORTH", "reward": 501, "info": {}, "observation": {"remainingOverageTime": 60, "index": 1}, "status": "DONE"}, {"action": "NORTH", "reward": 702, "info": {}, "observation": {"remainingOverageTime": 60, "index": 2}, "status": "DONE"}, {"action": "WEST", "reward": 1503, "info": {}, "observation": {"remainingOverageTime": 60, "index": 3}, "status": "ACTIVE"}], [{"action": "WEST", "reward": 1605, "info": {}, "observation": {"remainingOverageTime": 60, "step": 15, "geese": [[14, 15, 26, 37, 48], [], [], [4, 5, 6]], "food": [1, 12], "index": 0}, "status": "ACTIVE"}, {"action": "NORTH", "reward": 501, "info": {}, "observation": {"remainingOverageTime": 60, "index": 1}, "status": "DONE"}, {"action": "NORTH", "reward": 702, "info": {}, "observation": {"remainingOverageTime": 60, "index": 2}, "status": "DONE"}, {"action": "WEST", "reward": 1603, "info": {}, "observation": {"remainingOverageTime": 60, "index": 3}, "status": "ACTIVE"}], [{"action": "WEST", "reward": 1705, "info": {}, "observation": {"remainingOverageTime": 60, "step": 16, "geese": [[13, 14, 15, 26, 37], [], [], [3, 4, 5]], "food": [1, 12], "index": 0}, "status": "ACTIVE"}, {"action": "NORTH", "reward": 501, "info": {}, "observation": {"remainingOverageTime": 60, "index": 1}, "status": "DONE"}, {"action": "NORTH", "reward": 702, "info": {}, "observation": {"remainingOverageTime": 60, "index": 2}, "status": "DONE"}, {"action": "WEST", "reward": 1703, "info": {}, "observation": {"remainingOverageTime": 60, "index": 3}, "status": "ACTIVE"}], [{"action": "WEST", "reward": 1806, "info": {}, "observation": {"remainingOverageTime": 60, "step": 17, "geese": [[12, 13, 14, 15, 26, 37], [], [], [2, 3, 4]], "food": [1, 17], "index": 0}, "status": "ACTIVE"}, {"action": "NORTH", "reward": 501, "info": {}, "observation": {"remainingOverageTime": 60, "index": 1}, "status": "DONE"}, {"action": "NORTH", "reward": 702, "info": {}, "observation": {"remainingOverageTime": 60, "index": 2}, "status": "DONE"}, {"action": "WEST", "reward": 1803, "info": {}, "observation": {"remainingOverageTime": 60, "index": 3}, "status": "ACTIVE"}], [{"action": "SOUTH", "reward": 1906, "info": {}, "observation": {"remainingOverageTime": 60, "step": 18, "geese": [[23, 12, 13, 14, 15, 26], [], [], [1, 2, 3, 4]], "food": [17, 28], "index": 0}, "status": "ACTIVE"}, {"action": "NORTH", "reward": 501, "info": {}, "observation": {"remainingOverageTime": 60, "index": 1}, "status": "DONE"}, {"action": "NORTH", "reward": 702, "info": {}, "observation": {"remainingOverageTime": 60, "index": 2}, "status": "DONE"}, {"action": "WEST", "reward": 1904, "info": {}, "observation": {"remainingOverageTime": 60, "index": 3}, "status": "ACTIVE"}], [{"action": "EAST", "reward": 2006, "info": {}, "observation": {"remainingOverageTime": 60, "step": 19, "geese": [[24, 23, 12, 13, 14, 15], [], [], [0, 1, 2, 3]], "food": [17, 28], "index": 0}, "status": "ACTIVE"}, {"action": "NORTH", "reward": 501, "info": {}, "observation": {"remainingOverageTime": 60, "index": 1}, "status": "DONE"}, {"action": "NORTH", "reward": 702, "info": {}, "observation": {"remainingOverageTime": 60, "index": 2}, "status": "DONE"}, {"action": "WEST", "reward": 2004, "info": {}, "observation": {"remainingOverageTime": 60, "index": 3}, "status": "ACTIVE"}], [{"action": "EAST", "reward": 2106, "info": {}, "observation": {"remainingOverageTime": 60, "step": 20, "geese": [[25, 24, 23, 12, 13, 14], [], [], [10, 0, 1, 2]], "food": [17, 28], "index": 0}, "status": "ACTIVE"}, {"action": "NORTH", "reward": 501, "info": {}, "observation": {"remainingOverageTime": 60, "index": 1}, "status": "DONE"}, {"action": "NORTH", "reward": 702, "info": {}, "observation": {"remainingOverageTime": 60, "index": 2}, "status": "DONE"}, {"action": "WEST", "reward": 2104, "info": {}, "observation": {"remainingOverageTime": 60, "index": 3}, "status": "ACTIVE"}], [{"action": "EAST", "reward": 2206, "info": {}, "observation": {"remainingOverageTime": 60, "step": 21, "geese": [[26, 25, 24, 23, 12, 13], [], [], [21, 10, 0, 1]], "food": [17, 28], "index": 0}, "status": "ACTIVE"}, {"action": "NORTH", "reward": 501, "info": {}, "observation": {"remainingOverageTime": 60, "index": 1}, "status": "DONE"}, {"action": "NORTH", "reward": 702, "info": {}, "observation": {"remainingOverageTime": 60, "index": 2}, "status": "DONE"}, {"action": "SOUTH", "reward": 2204, "info": {}, "observation": {"remainingOverageTime": 60, "index": 3}, "status": "ACTIVE"}], [{"action": "NORTH", "reward": 2306, "info": {}, "observation": {"remainingOverageTime": 60, "step": 22, "geese": [[15, 26, 25, 24, 23, 12], [], [], [20, 21, 10, 0]], "food": [17, 28], "index": 0}, "status": "ACTIVE"}, {"action": "NORTH", "reward": 501, "info": {}, "observation": {"remainingOverageTime": 60, "index": 1}, "status": "DONE"}, {"action": "NORTH", "reward": 702, "info": {}, "observation": {"remainingOverageTime": 60, "index": 2}, "status": "DONE"}, {"action": "WEST", "reward": 2304, "info": {}, "observation": {"remainingOverageTime": 60, "index": 3}, "status": "ACTIVE"}], [{"action": "EAST", "reward": 2406, "info": {}, "observation": {"remainingOverageTime": 60, "step": 23, "geese": [[16, 15, 26, 25, 24, 23], [], [], [19, 20, 21, 10]], "food": [17, 28], "index": 0}, "status": "ACTIVE"}, {"action": "NORTH", "reward": 501, "info": {}, "observation": {"remainingOverageTime": 60, "index": 1}, "status": "DONE"}, {"action": "NORTH", "reward": 702, "info": {}, "observation": {"remainingOverageTime": 60, "index": 2}, "status": "DONE"}, {"action": "WEST", "reward": 2404, "info": {}, "observation": {"remainingOverageTime": 60, "index": 3}, "status": "ACTIVE"}], [{"action": "EAST", "reward": 2507, "info": {}, "observation": {"remainingOverageTime": 60, "step": 24, "geese": [[17, 16, 15, 26, 25, 24, 23], [], [], [18, 19, 20, 21]], "food": [28, 65], "index": 0}, "status": "ACTIVE"}, {"action": "NORTH", "reward": 501, "info": {}, "observation": {"remainingOverageTime": 60, "index": 1}, "status": "DONE"}, {"action": "NORTH", "reward": 702, "info": {}, "observation": {"remainingOverageTime": 60, "index": 2}, "status": "DONE"}, {"action": "WEST", "reward": 2504, "info": {}, "observation": {"remainingOverageTime": 60, "index": 3}, "status": "ACTIVE"}], [{"action": "SOUTH", "reward": 2608, "info": {}, "observation": {"remainingOverageTime": 60, "step": 25, "geese": [[28, 17, 16, 15, 26, 25, 24, 23], [], [], [29, 18, 19, 20]], "food": [65, 73], "index": 0}, "status": "ACTIVE"}, {"action": "NORTH", "reward": 501, "info": {}, "observation": {"remainingOverageTime": 60, "index": 1}, "status": "DONE"}, {"action": "NORTH", "reward": 702, "info": {}, "observation": {"remainingOverageTime": 60, "index": 2}, "status": "DONE"}, {"action": "SOUTH", "reward": 2604, "info": {}, "observation": {"remainingOverageTime": 60, "index": 3}, "status": "ACTIVE"}], [{"action": "SOUTH", "reward": 2708, "info": {}, "observation": {"remainingOverageTime": 60, "step": 26, "geese": [[39, 28, 17, 16, 15, 26, 25, 24], [], [], [40, 29, 18, 19]], "food": [65, 73], "index": 0}, "status": "ACTIVE"}, {"action": "NORTH", "reward": 501, "info": {}, "observation": {"remainingOverageTime": 60, "index": 1}, "status": "DONE"}, {"action": "NORTH", "reward": 702, "info": {}, "observation": {"remainingOverageTime": 60, "index": 2}, "status": "DONE"}, {"action": "SOUTH", "reward": 2704, "info": {}, "observation": {"remainingOverageTime": 60, "index": 3}, "status": "ACTIVE"}], [{"action": "SOUTH", "reward": 2808, "info": {}, "observation": {"remainingOverageTime": 60, "step": 27, "geese": [[50, 39, 28, 17, 16, 15, 26, 25], [], [], [51, 40, 29, 18]], "food": [65, 73], "index": 0}, "status": "ACTIVE"}, {"action": "NORTH", "reward": 501, "info": {}, "observation": {"remainingOverageTime": 60, "index": 1}, "status": "DONE"}, {"action": "NORTH", "reward": 702, "info": {}, "observation": {"remainingOverageTime": 60, "index": 2}, "status": "DONE"}, {"action": "SOUTH", "reward": 2804, "info": {}, "observation": {"remainingOverageTime": 60, "index": 3}, "status": "ACTIVE"}], [{"action": "SOUTH", "reward": 2908, "info": {}, "observation": {"remainingOverageTime": 60, "step": 28, "geese": [[61, 50, 39, 28, 17, 16, 15, 26], [], [], [62, 51, 40, 29]], "food": [65, 73], "index": 0}, "status": "ACTIVE"}, {"action": "NORTH", "reward": 501, "info": {}, "observation": {"remainingOverageTime": 60, "index": 1}, "status": "DONE"}, {"action": "NORTH", "reward": 702, "info": {}, "observation": {"remainingOverageTime": 60, "index": 2}, "status": "DONE"}, {"action": "SOUTH", "reward": 2904, "info": {}, "observation": {"remainingOverageTime": 60, "index": 3}, "status": "ACTIVE"}], [{"action": "SOUTH", "reward": 3008, "info": {}, "observation": {"remainingOverageTime": 60, "step": 29, "geese": [[72, 61, 50, 39, 28, 17, 16, 15], [], [], [73, 62, 51, 40, 29]], "food": [65, 18], "index": 0}, "status": "ACTIVE"}, {"action": "NORTH", "reward": 501, "info": {}, "observation": {"remainingOverageTime": 60, "index": 1}, "status": "DONE"}, {"action": "NORTH", "reward": 702, "info": {}, "observation": {"remainingOverageTime": 60, "index": 2}, "status": "DONE"}, {"action": "SOUTH", "reward": 3005, "info": {}, "observation": {"remainingOverageTime": 60, "index": 3}, "status": "ACTIVE"}], [{"action": "SOUTH", "reward": 3108, "info": {}, "observation": {"remainingOverageTime": 60, "step": 30, "geese": [[6, 72, 61, 50, 39, 28, 17, 16], [], [], [7, 73, 62, 51, 40]], "food": [65, 18], "index": 0}, "status": "ACTIVE"}, {"action": "NORTH", "reward": 501, "info": {}, "observation": {"remainingOverageTime": 60, "index": 1}, "status": "DONE"}, {"action": "NORTH", "reward": 702, "info": {}, "observation": {"remainingOverageTime": 60, "index": 2}, "status": "DONE"}, {"action": "SOUTH", "reward": 3105, "info": {}, "observation": {"remainingOverageTime": 60, "index": 3}, "status": "ACTIVE"}], [{"action": "WEST", "reward": 3208, "info": {}, "observation": {"remainingOverageTime": 60, "step": 31, "geese": [[5, 6, 72, 61, 50, 39, 28, 17], [], [], [18, 7, 73, 62, 51, 40]], "food": [65, 49], "index": 0}, "status": "ACTIVE"}, {"action": "NORTH", "reward": 501, "info": {}, "observation": {"remainingOverageTime": 60, "index": 1}, "status": "DONE"}, {"action": "NORTH", "reward": 702, "info": {}, "observation": {"remainingOverageTime": 60, "index": 2}, "status": "DONE"}, {"action": "SOUTH", "reward": 3206, "info": {}, "observation": {"remainingOverageTime": 60, "index": 3}, "status": "ACTIVE"}], [{"action": "NORTH", "reward": 3308, "info": {}, "observation": {"remainingOverageTime": 60, "step": 32, "geese": [[71, 5, 6, 72, 61, 50, 39, 28], [], [], [29, 18, 7, 73, 62, 51]], "food": [65, 49], "index": 0}, "status": "ACTIVE"}, {"action": "NORTH", "reward": 501, "info": {}, "observation": {"remainingOverageTime": 60, "index": 1}, "status": "DONE"}, {"action": "NORTH", "reward": 702, "info": {}, "observation": {"remainingOverageTime": 60, "index": 2}, "status": "DONE"}, {"action": "SOUTH", "reward": 3306, "info": {}, "observation": {"remainingOverageTime": 60, "index": 3}, "status": "ACTIVE"}], [{"action": "NORTH", "reward": 3408, "info": {}, "observation": {"remainingOverageTime": 60, "step": 33, "geese": [[60, 71, 5, 6, 72, 61, 50, 39], [], [], [40, 29, 18, 7, 73, 62]], "food": [65, 49], "index": 0}, "status": "ACTIVE"}, {"action": "NORTH", "reward": 501, "info": {}, "observation": {"remainingOverageTime": 60, "index": 1}, "status": "DONE"}, {"action": "NORTH", "reward": 702, "info": {}, "observation": {"remainingOverageTime": 60, "index": 2}, "status": "DONE"}, {"action": "SOUTH", "reward": 3406, "info": {}, "observation": {"remainingOverageTime": 60, "index": 3}, "status": "ACTIVE"}], [{"action": "NORTH", "reward": 3509, "info": {}, "observation": {"remainingOverageTime": 60, "step": 34, "geese": [[49, 60, 71, 5, 6, 72, 61, 50, 39], [], [], [51, 40, 29, 18, 7, 73]], "food": [65, 8], "index": 0}, "status": "ACTIVE"}, {"action": "NORTH", "reward": 501, "info": {}, "observation": {"remainingOverageTime": 60, "index": 1}, "status": "DONE"}, {"action": "NORTH", "reward": 702, "info": {}, "observation": {"remainingOverageTime": 60, "index": 2}, "status": "DONE"}, {"action": "SOUTH", "reward": 3506, "info": {}, "observation": {"remainingOverageTime": 60, "index": 3}, "status": "ACTIVE"}], [{"action": "NORTH", "reward": 3609, "info": {}, "observation": {"remainingOverageTime": 60, "step": 35, "geese": [[38, 49, 60, 71, 5, 6, 72, 61, 50], [], [], [52, 51, 40, 29, 18, 7]], "food": [65, 8], "index": 0}, "status": "ACTIVE"}, {"action": "NORTH", "reward": 501, "info": {}, "observation": {"remainingOverageTime": 60, "index": 1}, "status": "DONE"}, {"action": "NORTH", "reward": 702, "info": {}, "observation": {"remainingOverageTime": 60, "index": 2}, "status": "DONE"}, {"action": "EAST", "reward": 3606, "info": {}, "observation": {"remainingOverageTime": 60, "index": 3}, "status": "ACTIVE"}], [{"action": "NORTH", "reward": 3709, "info": {}, "observation": {"remainingOverageTime": 60, "step": 36, "geese": [[27, 38, 49, 60, 71, 5, 6, 72, 61], [], [], [53, 52, 51, 40, 29, 18]], "food": [65, 8], "index": 0}, "status": "ACTIVE"}, {"action": "NORTH", "reward": 501, "info": {}, "observation": {"remainingOverageTime": 60, "index": 1}, "status": "DONE"}, {"action": "NORTH", "reward": 702, "info": {}, "observation": {"remainingOverageTime": 60, "index": 2}, "status": "DONE"}, {"action": "EAST", "reward": 3706, "info": {}, "observation": {"remainingOverageTime": 60, "index": 3}, "status": "ACTIVE"}], [{"action": "NORTH", "reward": 3809, "info": {}, "observation": {"remainingOverageTime": 60, "step": 37, "geese": [[16, 27, 38, 49, 60, 71, 5, 6, 72], [], [], [54, 53, 52, 51, 40, 29]], "food": [65, 8], "index": 0}, "status": "ACTIVE"}, {"action": "NORTH", "reward": 501, "info": {}, "observation": {"remainingOverageTime": 60, "index": 1}, "status": "DONE"}, {"action": "NORTH", "reward": 702, "info": {}, "observation": {"remainingOverageTime": 60, "index": 2}, "status": "DONE"}, {"action": "EAST", "reward": 3806, "info": {}, "observation": {"remainingOverageTime": 60, "index": 3}, "status": "ACTIVE"}], [{"action": "EAST", "reward": 3909, "info": {}, "observation": {"remainingOverageTime": 60, "step": 38, "geese": [[17, 16, 27, 38, 49, 60, 71, 5, 6], [], [], [65, 54, 53, 52, 51, 40, 29]], "food": [8, 36], "index": 0}, "status": "ACTIVE"}, {"action": "NORTH", "reward": 501, "info": {}, "observation": {"remainingOverageTime": 60, "index": 1}, "status": "DONE"}, {"action": "NORTH", "reward": 702, "info": {}, "observation": {"remainingOverageTime": 60, "index": 2}, "status": "DONE"}, {"action": "SOUTH", "reward": 3907, "info": {}, "observation": {"remainingOverageTime": 60, "index": 3}, "status": "ACTIVE"}], [{"action": "NORTH", "reward": 4009, "info": {}, "observation": {"remainingOverageTime": 60, "step": 39, "geese": [[6, 17, 16, 27, 38, 49, 60, 71, 5], [], [], [55, 65, 54, 53, 52, 51, 40]], "food": [8, 36], "index": 0}, "status": "ACTIVE"}, {"action": "NORTH", "reward": 501, "info": {}, "observation": {"remainingOverageTime": 60, "index": 1}, "status": "DONE"}, {"action": "NORTH", "reward": 702, "info": {}, "observation": {"remainingOverageTime": 60, "index": 2}, "status": "DONE"}, {"action": "EAST", "reward": 4007, "info": {}, "observation": {"remainingOverageTime": 60, "index": 3}, "status": "ACTIVE"}], [{"action": "EAST", "reward": 4108, "info": {}, "observation": {"remainingOverageTime": 60, "step": 40, "geese": [[7, 6, 17, 16, 27, 38, 49, 60], [], [], [44, 55, 65, 54, 53, 52]], "food": [8, 36], "index": 0}, "status": "ACTIVE"}, {"action": "NORTH", "reward": 501, "info": {}, "observation": {"remainingOverageTime": 60, "index": 1}, "status": "DONE"}, {"action": "NORTH", "reward": 702, "info": {}, "observation": {"remainingOverageTime": 60, "index": 2}, "status": "DONE"}, {"action": "NORTH", "reward": 4106, "info": {}, "observation": {"remainingOverageTime": 60, "index": 3}, "status": "ACTIVE"}], [{"action": "EAST", "reward": 4209, "info": {}, "observation": {"remainingOverageTime": 60, "step": 41, "geese": [[8, 7, 6, 17, 16, 27, 38, 49, 60], [], [], [33, 44, 55, 65, 54, 53]], "food": [36, 61], "index": 0}, "status": "ACTIVE"}, {"action": "NORTH", "reward": 501, "info": {}, "observation": {"remainingOverageTime": 60, "index": 1}, "status": "DONE"}, {"action": "NORTH", "reward": 702, "info": {}, "observation": {"remainingOverageTime": 60, "index": 2}, "status": "DONE"}, {"action": "NORTH", "reward": 4206, "info": {}, "observation": {"remainingOverageTime": 60, "index": 3}, "status": "ACTIVE"}], [{"action": "NORTH", "reward": 4309, "info": {}, "observation": {"remainingOverageTime": 60, "step": 42, "geese": [[74, 8, 7, 6, 17, 16, 27, 38, 49], [], [], [34, 33, 44, 55, 65, 54]], "food": [36, 61], "index": 0}, "status": "ACTIVE"}, {"action": "NORTH", "reward": 501, "info": {}, "observation": {"remainingOverageTime": 60, "index": 1}, "status": "DONE"}, {"action": "NORTH", "reward": 702, "info": {}, "observation": {"remainingOverageTime": 60, "index": 2}, "status": "DONE"}, {"action": "EAST", "reward": 4306, "info": {}, "observation": {"remainingOverageTime": 60, "index": 3}, "status": "ACTIVE"}], [{"action": "NORTH", "reward": 4409, "info": {}, "observation": {"remainingOverageTime": 60, "step": 43, "geese": [[63, 74, 8, 7, 6, 17, 16, 27, 38], [], [], [35, 34, 33, 44, 55, 65]], "food": [36, 61], "index": 0}, "status": "ACTIVE"}, {"action": "NORTH", "reward": 501, "info": {}, "observation": {"remainingOverageTime": 60, "index": 1}, "status": "DONE"}, {"action": "NORTH", "reward": 702, "info": {}, "observation": {"remainingOverageTime": 60, "index": 2}, "status": "DONE"}, {"action": "EAST", "reward": 4406, "info": {}, "observation": {"remainingOverageTime": 60, "index": 3}, "status": "ACTIVE"}], [{"action": "WEST", "reward": 4509, "info": {}, "observation": {"remainingOverageTime": 60, "step": 44, "geese": [[62, 63, 74, 8, 7, 6, 17, 16, 27], [], [], [36, 35, 34, 33, 44, 55, 65]], "food": [61, 20], "index": 0}, "status": "ACTIVE"}, {"action": "NORTH", "reward": 501, "info": {}, "observation": {"remainingOverageTime": 60, "index": 1}, "status": "DONE"}, {"action": "NORTH", "reward": 702, "info": {}, "observation": {"remainingOverageTime": 60, "index": 2}, "status": "DONE"}, {"action": "EAST", "reward": 4507, "info": {}, "observation": {"remainingOverageTime": 60, "index": 3}, "status": "ACTIVE"}], [{"action": "WEST", "reward": 4610, "info": {}, "observation": {"remainingOverageTime": 60, "step": 45, "geese": [[61, 62, 63, 74, 8, 7, 6, 17, 16, 27], [], [], [37, 36, 35, 34, 33, 44, 55]], "food": [20, 41], "index": 0}, "status": "ACTIVE"}, {"action": "NORTH", "reward": 501, "info": {}, "observation": {"remainingOverageTime": 60, "index": 1}, "status": "DONE"}, {"action": "NORTH", "reward": 702, "info": {}, "observation": {"remainingOverageTime": 60, "index": 2}, "status": "DONE"}, {"action": "EAST", "reward": 4607, "info": {}, "observation": {"remainingOverageTime": 60, "index": 3}, "status": "ACTIVE"}], [{"action": "NORTH", "reward": 4710, "info": {}, "observation": {"remainingOverageTime": 60, "step": 46, "geese": [[50, 61, 62, 63, 74, 8, 7, 6, 17, 16], [], [], [38, 37, 36, 35, 34, 33, 44]], "food": [20, 41], "index": 0}, "status": "ACTIVE"}, {"action": "NORTH", "reward": 501, "info": {}, "observation": {"remainingOverageTime": 60, "index": 1}, "status": "DONE"}, {"action": "NORTH", "reward": 702, "info": {}, "observation": {"remainingOverageTime": 60, "index": 2}, "status": "DONE"}, {"action": "EAST", "reward": 4707, "info": {}, "observation": {"remainingOverageTime": 60, "index": 3}, "status": "ACTIVE"}], [{"action": "EAST", "reward": 4810, "info": {}, "observation": {"remainingOverageTime": 60, "step": 47, "geese": [[51, 50, 61, 62, 63, 74, 8, 7, 6, 17], [], [], [39, 38, 37, 36, 35, 34, 33]], "food": [20, 41], "index": 0}, "status": "ACTIVE"}, {"action": "NORTH", "reward": 501, "info": {}, "observation": {"remainingOverageTime": 60, "index": 1}, "status": "DONE"}, {"action": "NORTH", "reward": 702, "info": {}, "observation": {"remainingOverageTime": 60, "index": 2}, "status": "DONE"}, {"action": "EAST", "reward": 4807, "info": {}, "observation": {"remainingOverageTime": 60, "index": 3}, "status": "ACTIVE"}], [{"action": "EAST", "reward": 4910, "info": {}, "observation": {"remainingOverageTime": 60, "step": 48, "geese": [[52, 51, 50, 61, 62, 63, 74, 8, 7, 6], [], [], [40, 39, 38, 37, 36, 35, 34]], "food": [20, 41], "index": 0}, "status": "ACTIVE"}, {"action": "NORTH", "reward": 501, "info": {}, "observation": {"remainingOverageTime": 60, "index": 1}, "status": "DONE"}, {"action": "NORTH", "reward": 702, "info": {}, "observation": {"remainingOverageTime": 60, "index": 2}, "status": "DONE"}, {"action": "EAST", "reward": 4907, "info": {}, "observation": {"remainingOverageTime": 60, "index": 3}, "status": "ACTIVE"}], [{"action": "EAST", "reward": 5010, "info": {}, "observation": {"remainingOverageTime": 60, "step": 49, "geese": [[53, 52, 51, 50, 61, 62, 63, 74, 8, 7], [], [], [41, 40, 39, 38, 37, 36, 35, 34]], "food": [20, 28], "index": 0}, "status": "ACTIVE"}, {"action": "NORTH", "reward": 501, "info": {}, "observation": {"remainingOverageTime": 60, "index": 1}, "status": "DONE"}, {"action": "NORTH", "reward": 702, "info": {}, "observation": {"remainingOverageTime": 60, "index": 2}, "status": "DONE"}, {"action": "EAST", "reward": 5008, "info": {}, "observation": {"remainingOverageTime": 60, "index": 3}, "status": "ACTIVE"}], [{"action": "NORTH", "reward": 5110, "info": {}, "observation": {"remainingOverageTime": 60, "step": 50, "geese": [[42, 53, 52, 51, 50, 61, 62, 63, 74, 8], [], [], [30, 41, 40, 39, 38, 37, 36, 35]], "food": [20, 28], "index": 0}, "status": "ACTIVE"}, {"action": "NORTH", "reward": 501, "info": {}, "observation": {"remainingOverageTime": 60, "index": 1}, "status": "DONE"}, {"action": "NORTH", "reward": 702, "info": {}, "observation": {"remainingOverageTime": 60, "index": 2}, "status": "DONE"}, {"action": "NORTH", "reward": 5108, "info": {}, "observation": {"remainingOverageTime": 60, "index": 3}, "status": "ACTIVE"}], [{"action": "EAST", "reward": 5210, "info": {}, "observation": {"remainingOverageTime": 60, "step": 51, "geese": [[43, 42, 53, 52, 51, 50, 61, 62, 63, 74], [], [], [19, 30, 41, 40, 39, 38, 37, 36]], "food": [20, 28], "index": 0}, "status": "ACTIVE"}, {"action": "NORTH", "reward": 501, "info": {}, "observation": {"remainingOverageTime": 60, "index": 1}, "status": "DONE"}, {"action": "NORTH", "reward": 702, "info": {}, "observation": {"remainingOverageTime": 60, "index": 2}, "status": "DONE"}, {"action": "NORTH", "reward": 5208, "info": {}, "observation": {"remainingOverageTime": 60, "index": 3}, "status": "ACTIVE"}], [{"action": "NORTH", "reward": 5310, "info": {}, "observation": {"remainingOverageTime": 60, "step": 52, "geese": [[32, 43, 42, 53, 52, 51, 50, 61, 62, 63], [], [], [20, 19, 30, 41, 40, 39, 38, 37, 36]], "food": [28, 31], "index": 0}, "status": "ACTIVE"}, {"action": "NORTH", "reward": 501, "info": {}, "observation": {"remainingOverageTime": 60, "index": 1}, "status": "DONE"}, {"action": "NORTH", "reward": 702, "info": {}, "observation": {"remainingOverageTime": 60, "index": 2}, "status": "DONE"}, {"action": "EAST", "reward": 5309, "info": {}, "observation": {"remainingOverageTime": 60, "index": 3}, "status": "ACTIVE"}], [{"action": "WEST", "reward": 5411, "info": {}, "observation": {"remainingOverageTime": 60, "step": 53, "geese": [[31, 32, 43, 42, 53, 52, 51, 50, 61, 62, 63], [], [], [9, 20, 19, 30, 41, 40, 39, 38, 37]], "food": [28, 29], "index": 0}, "status": "ACTIVE"}, {"action": "NORTH", "reward": 501, "info": {}, "observation": {"remainingOverageTime": 60, "index": 1}, "status": "DONE"}, {"action": "NORTH", "reward": 702, "info": {}, "observation": {"remainingOverageTime": 60, "index": 2}, "status": "DONE"}, {"action": "NORTH", "reward": 5409, "info": {}, "observation": {"remainingOverageTime": 60, "index": 3}, "status": "ACTIVE"}], [{"action": "NORTH", "reward": 5411, "info": {}, "observation": {"remainingOverageTime": 60, "step": 54, "geese": [[], [], [], [8, 9, 20, 19, 30, 41, 40, 39, 38]], "food": [28, 29], "index": 0}, "status": "DONE"}, {"action": "NORTH", "reward": 501, "info": {}, "observation": {"remainingOverageTime": 60, "index": 1}, "status": "DONE"}, {"action": "NORTH", "reward": 702, "info": {}, "observation": {"remainingOverageTime": 60, "index": 2}, "status": "DONE"}, {"action": "WEST", "reward": 5509, "info": {}, "observation": {"remainingOverageTime": 60, "index": 3}, "status": "DONE"}]], "rewards": [5411, 501, 702, 5509], "statuses": ["DONE", "DONE", "DONE", "DONE"], "schema_version": 1, "info": {}}