{"id": "582315a0-db08-11ee-b332-0242ac1c000c", "name": "hungry_geese", "title": "Hungry Geese", "description": "Similar to the classic snake game with multiple players", "version": "1.0.0", "configuration": {"episodeSteps": 200, "actTimeout": 1, "runTimeout": 1200, "columns": 11, "rows": 7, "hunger_rate": 40, "min_food": 2, "max_length": 99}, "specification": {"action": {"description": "Direction to move the head of your players goose.", "type": "string", "enum": ["NORTH", "EAST", "SOUTH", "WEST"], "default": "NORTH"}, "agents": [1, 2, 3, 4, 5, 6, 7, 8], "configuration": {"episodeSteps": {"description": "Maximum number of steps in the episode.", "type": "integer", "minimum": 1, "default": 200}, "actTimeout": {"description": "Maximum runtime (seconds) to obtain an action from an agent.", "type": "number", "minimum": 0, "default": 1}, "runTimeout": {"description": "Maximum runtime (seconds) of an episode (not necessarily DONE).", "type": "number", "minimum": 0, "default": 1200}, "columns": {"description": "Horizontal number of cells on the board.", "type": "integer", "default": 11, "minimum": 3}, "rows": {"description": "Vertical number of cells on the board.", "type": "integer", "default": 7, "minimum": 3}, "hunger_rate": {"description": "The number of steps before the goose shrinks a cell.", "type": "integer", "minimum": 1, "default": 40}, "min_food": {"description": "The minimum amount of food present for all steps.", "type": "integer", "default": 2, "minimum": 1}, "max_length": {"description": "The max length any goose can be. Total reward = (max length + 1) * steps survived + goose length.", "type": "integer", "default": 99}}, "info": {}, "observation": {"remainingOverageTime": {"description": "Total remaining banked time (seconds) that can be used in excess of per-step actTimeouts -- agent is disqualified with TIMEOUT status when this drops below 0.", "shared": false, "type": "number", "minimum": 0, "default": 60}, "step": {"description": "Current step within the episode.", "type": "integer", "shared": true, "minimum": 0, "default": 0}, "geese": {"description": "List of geese in order by the agent index.", "type": "array", "default": [], "shared": true}, "food": {"description": "Positions on the board where food is present.", "type": "array", "default": [], "shared": true}, "index": {"description": "Index of the current agent's goose in the list of geese.", "type": "integer", "minimum": 0, "defaults": [0, 1, 2, 3, 4, 5, 6, 7]}}, "reward": {"description": "steps survived * (max goose length + 1) + current goose length.", "type": ["number", "null"], "default": 0, "minimum": 0}}, "steps": [[{"action": "NORTH", "reward": 0, "info": {}, "observation": {"remainingOverageTime": 60, "step": 0, "geese": [[68], [66], [34], [5]], "food": [13, 58], "index": 0}, "status": "ACTIVE"}, {"action": "NORTH", "reward": 0, "info": {}, "observation": {"remainingOverageTime": 60, "index": 1}, "status": "ACTIVE"}, {"action": "NORTH", "reward": 0, "info": {}, "observation": {"remainingOverageTime": 60, "index": 2}, "status": "ACTIVE"}, {"action": "NORTH", "reward": 0, "info": {}, "observation": {"remainingOverageTime": 60, "index": 3}, "status": "ACTIVE"}], [{"action": "NORTH", "reward": 201, "info": {}, "observation": {"remainingOverageTime": 60, "step": 1, "geese": [[57], [55], [23], [71]], "food": [13, 58], "index": 0}, "status": "ACTIVE"}, {"action": "NORTH", "reward": 201, "info": {}, "observation": {"remainingOverageTime": 60, "index": 1}, "status": "ACTIVE"}, {"action": "NORTH", "reward": 201, "info": {}, "observation": {"remainingOverageTime": 60, "index": 2}, "status": "ACTIVE"}, {"action": "NORTH", "reward": 201, "info": {}, "observation": {"remainingOverageTime": 60, "index": 3}, "status": "ACTIVE"}], [{"action": "EAST", "reward": 302, "info": {}, "observation": {"remainingOverageTime": 60, "step": 2, "geese": [[58, 57], [44], [12], [60]], "food": [13, 16], "index": 0}, "status": "ACTIVE"}, {"action": "NORTH", "reward": 301, "info": {}, "observation": {"remainingOverageTime": 60, "index": 1}, "status": "ACTIVE"}, {"action": "NORTH", "reward": 301, "info": {}, "observation": {"remainingOverageTime": 60, "index": 2}, "status": "ACTIVE"}, {"action": "NORTH", "reward": 301, "info": {}, "observation": {"remainingOverageTime": 60, "index": 3}, "status": "ACTIVE"}], [{"action": "NORTH", "reward": 402, "info": {}, "observation": {"remainingOverageTime": 60, "step": 3, "geese": [[47, 58], [33], [13, 12], [49]], "food": [16, 52], "index": 0}, "status": "ACTIVE"}, {"action": "NORTH", "reward": 401, "info": {}, "observation": {"remainingOverageTime": 60, "index": 1}, "status": "ACTIVE"}, {"action": "EAST", "reward": 402, "info": {}, "observation": {"remainingOverageTime": 60, "index": 2}, "status": "ACTIVE"}, {"action": "NORTH", "reward": 401, "info": {}, "observation": {"remainingOverageTime": 60, "index": 3}, "status": "ACTIVE"}], [{"action": "NORTH", "reward": 502, "info": {}, "observation": {"remainingOverageTime": 60, "step": 4, "geese": [[36, 47], [43], [14, 13], [38]], "food": [16, 52], "index": 0}, "status": "ACTIVE"}, {"action": "WEST", "reward": 501, "info": {}, "observation": {"remainingOverageTime": 60, "index": 1}, "status": "ACTIVE"}, {"action": "EAST", "reward": 502, "info": {}, "observation": {"remainingOverageTime": 60, "index": 2}, "status": "ACTIVE"}, {"action": "NORTH", "reward": 501, "info": {}, "observation": {"remainingOverageTime": 60, "index": 3}, "status": "ACTIVE"}], [{"action": "NORTH", "reward": 602, "info": {}, "observation": {"remainingOverageTime": 60, "step": 5, "geese": [[25, 36], [54], [15, 14], [27]], "food": [16, 52], "index": 0}, "status": "ACTIVE"}, {"action": "SOUTH", "reward": 601, "info": {}, "observation": {"remainingOverageTime": 60, "index": 1}, "status": "ACTIVE"}, {"action": "EAST", "reward": 602, "info": {}, "observation": {"remainingOverageTime": 60, "index": 2}, "status": "ACTIVE"}, {"action": "NORTH", "reward": 601, "info": {}, "observation": {"remainingOverageTime": 60, "index": 3}, "status": "ACTIVE"}], [{"action": "SOUTH", "reward": 602, "info": {}, "observation": {"remainingOverageTime": 60, "step": 6, "geese": [[], [53], [16, 15, 14], [28]], "food": [52, 47], "index": 0}, "status": "DONE"}, {"action": "WEST", "reward": 701, "info": {}, "observation": {"remainingOverageTime": 60, "index": 1}, "status": "ACTIVE"}, {"action": "EAST", "reward": 703, "info": {}, "observation": {"remainingOverageTime": 60, "index": 2}, "status": "ACTIVE"}, {"action": "EAST", "reward": 701, "info": {}, "observation": {"remainingOverageTime": 60, "index": 3}, "status": "ACTIVE"}], [{"action": "NORTH", "reward": 602, "info": {}, "observation": {"remainingOverageTime": 60, "step": 7, "geese": [[], [52, 53], [27, 16, 15], [29]], "food": [47, 69], "index": 0}, "status": "DONE"}, {"action": "WEST", "reward": 802, "info": {}, "observation": {"remainingOverageTime": 60, "index": 1}, "status": "ACTIVE"}, {"action": "SOUTH", "reward": 803, "info": {}, "observation": {"remainingOverageTime": 60, "index": 2}, "status": "ACTIVE"}, {"action": "EAST", "reward": 801, "info": {}, "observation": {"remainingOverageTime": 60, "index": 3}, "status": "ACTIVE"}], [{"action": "NORTH", "reward": 602, "info": {}, "observation": {"remainingOverageTime": 60, "step": 8, "geese": [[], [51, 52], [38, 27, 16], [40]], "food": [47, 69], "index": 0}, "status": "DONE"}, {"action": "WEST", "reward": 902, "info": {}, "observation": {"remainingOverageTime": 60, "index": 1}, "status": "ACTIVE"}, {"action": "SOUTH", "reward": 903, "info": {}, "observation": {"remainingOverageTime": 60, "index": 2}, "status": "ACTIVE"}, {"action": "SOUTH", "reward": 901, "info": {}, "observation": {"remainingOverageTime": 60, "index": 3}, "status": "ACTIVE"}], [{"action": "NORTH", "reward": 602, "info": {}, "observation": {"remainingOverageTime": 60, "step": 9, "geese": [[], [50, 51], [49, 38, 27], []], "food": [47, 69], "index": 0}, "status": "DONE"}, {"action": "WEST", "reward": 1002, "info": {}, "observation": {"remainingOverageTime": 60, "index": 1}, "status": "ACTIVE"}, {"action": "SOUTH", "reward": 1003, "info": {}, "observation": {"remainingOverageTime": 60, "index": 2}, "status": "ACTIVE"}, {"action": "NORTH", "reward": 901, "info": {}, "observation": {"remainingOverageTime": 60, "index": 3}, "status": "DONE"}], [{"action": "NORTH", "reward": 602, "info": {}, "observation": {"remainingOverageTime": 60, "step": 10, "geese": [[], [39, 50], [48, 49, 38], []], "food": [47, 69], "index": 0}, "status": "DONE"}, {"action": "NORTH", "reward": 1102, "info": {}, "observation": {"remainingOverageTime": 60, "index": 1}, "status": "ACTIVE"}, {"action": "WEST", "reward": 1103, "info": {}, "observation": {"remainingOverageTime": 60, "index": 2}, "status": "ACTIVE"}, {"action": "NORTH", "reward": 901, "info": {}, "observation": {"remainingOverageTime": 60, "index": 3}, "status": "DONE"}], [{"action": "NORTH", "reward": 602, "info": {}, "observation": {"remainingOverageTime": 60, "step": 11, "geese": [[], [], [47, 48, 49, 38], []], "food": [69, 9], "index": 0}, "status": "DONE"}, {"action": "SOUTH", "reward": 1102, "info": {}, "observation": {"remainingOverageTime": 60, "index": 1}, "status": "DONE"}, {"action": "WEST", "reward": 1204, "info": {}, "observation": {"remainingOverageTime": 60, "index": 2}, "status": "DONE"}, {"action": "NORTH", "reward": 901, "info": {}, "observation": {"remainingOverageTime": 60, "index": 3}, "status": "DONE"}]], "rewards": [602, 1102, 1204, 901], "statuses": ["DONE", "DONE", "DONE", "DONE"], "schema_version": 1, "info": {}}