{"id": "bcd713ec-db0e-11ee-b332-0242ac1c000c", "name": "hungry_geese", "title": "Hungry Geese", "description": "Similar to the classic snake game with multiple players", "version": "1.0.0", "configuration": {"episodeSteps": 200, "actTimeout": 1, "runTimeout": 1200, "columns": 11, "rows": 7, "hunger_rate": 40, "min_food": 2, "max_length": 99}, "specification": {"action": {"description": "Direction to move the head of your players goose.", "type": "string", "enum": ["NORTH", "EAST", "SOUTH", "WEST"], "default": "NORTH"}, "agents": [1, 2, 3, 4, 5, 6, 7, 8], "configuration": {"episodeSteps": {"description": "Maximum number of steps in the episode.", "type": "integer", "minimum": 1, "default": 200}, "actTimeout": {"description": "Maximum runtime (seconds) to obtain an action from an agent.", "type": "number", "minimum": 0, "default": 1}, "runTimeout": {"description": "Maximum runtime (seconds) of an episode (not necessarily DONE).", "type": "number", "minimum": 0, "default": 1200}, "columns": {"description": "Horizontal number of cells on the board.", "type": "integer", "default": 11, "minimum": 3}, "rows": {"description": "Vertical number of cells on the board.", "type": "integer", "default": 7, "minimum": 3}, "hunger_rate": {"description": "The number of steps before the goose shrinks a cell.", "type": "integer", "minimum": 1, "default": 40}, "min_food": {"description": "The minimum amount of food present for all steps.", "type": "integer", "default": 2, "minimum": 1}, "max_length": {"description": "The max length any goose can be. Total reward = (max length + 1) * steps survived + goose length.", "type": "integer", "default": 99}}, "info": {}, "observation": {"remainingOverageTime": {"description": "Total remaining banked time (seconds) that can be used in excess of per-step actTimeouts -- agent is disqualified with TIMEOUT status when this drops below 0.", "shared": false, "type": "number", "minimum": 0, "default": 60}, "step": {"description": "Current step within the episode.", "type": "integer", "shared": true, "minimum": 0, "default": 0}, "geese": {"description": "List of geese in order by the agent index.", "type": "array", "default": [], "shared": true}, "food": {"description": "Positions on the board where food is present.", "type": "array", "default": [], "shared": true}, "index": {"description": "Index of the current agent's goose in the list of geese.", "type": "integer", "minimum": 0, "defaults": [0, 1, 2, 3, 4, 5, 6, 7]}}, "reward": {"description": "steps survived * (max goose length + 1) + current goose length.", "type": ["number", "null"], "default": 0, "minimum": 0}}, "steps": [[{"action": "NORTH", "reward": 0, "info": {}, "observation": {"remainingOverageTime": 60, "step": 0, "geese": [[42], [39], [65], [76]], "food": [19, 11], "index": 0}, "status": "ACTIVE"}, {"action": "NORTH", "reward": 0, "info": {}, "observation": {"remainingOverageTime": 60, "index": 1}, "status": "ACTIVE"}, {"action": "NORTH", "reward": 0, "info": {}, "observation": {"remainingOverageTime": 60, "index": 2}, "status": "ACTIVE"}, {"action": "NORTH", "reward": 0, "info": {}, "observation": {"remainingOverageTime": 60, "index": 3}, "status": "ACTIVE"}], [{"action": "NORTH", "reward": 201, "info": {}, "observation": {"remainingOverageTime": 60, "step": 1, "geese": [[31], [28], [55], [10]], "food": [19, 11], "index": 0}, "status": "ACTIVE"}, {"action": "NORTH", "reward": 201, "info": {}, "observation": {"remainingOverageTime": 60, "index": 1}, "status": "ACTIVE"}, {"action": "EAST", "reward": 201, "info": {}, "observation": {"remainingOverageTime": 60, "index": 2}, "status": "ACTIVE"}, {"action": "SOUTH", "reward": 201, "info": {}, "observation": {"remainingOverageTime": 60, "index": 3}, "status": "ACTIVE"}], [{"action": "NORTH", "reward": 301, "info": {}, "observation": {"remainingOverageTime": 60, "step": 2, "geese": [[20], [29], [44], [0]], "food": [19, 11], "index": 0}, "status": "ACTIVE"}, {"action": "EAST", "reward": 301, "info": {}, "observation": {"remainingOverageTime": 60, "index": 1}, "status": "ACTIVE"}, {"action": "NORTH", "reward": 301, "info": {}, "observation": {"remainingOverageTime": 60, "index": 2}, "status": "ACTIVE"}, {"action": "EAST", "reward": 301, "info": {}, "observation": {"remainingOverageTime": 60, "index": 3}, "status": "ACTIVE"}], [{"action": "WEST", "reward": 402, "info": {}, "observation": {"remainingOverageTime": 60, "step": 3, "geese": [[19, 20], [18], [33], [11, 0]], "food": [72, 73], "index": 0}, "status": "ACTIVE"}, {"action": "NORTH", "reward": 401, "info": {}, "observation": {"remainingOverageTime": 60, "index": 1}, "status": "ACTIVE"}, {"action": "NORTH", "reward": 401, "info": {}, "observation": {"remainingOverageTime": 60, "index": 2}, "status": "ACTIVE"}, {"action": "SOUTH", "reward": 402, "info": {}, "observation": {"remainingOverageTime": 60, "index": 3}, "status": "ACTIVE"}], [{"action": "SOUTH", "reward": 502, "info": {}, "observation": {"remainingOverageTime": 60, "step": 4, "geese": [[30, 19], [], [43], [21, 11]], "food": [72, 73], "index": 0}, "status": "ACTIVE"}, {"action": "SOUTH", "reward": 401, "info": {}, "observation": {"remainingOverageTime": 60, "index": 1}, "status": "DONE"}, {"action": "WEST", "reward": 501, "info": {}, "observation": {"remainingOverageTime": 60, "index": 2}, "status": "ACTIVE"}, {"action": "WEST", "reward": 502, "info": {}, "observation": {"remainingOverageTime": 60, "index": 3}, "status": "ACTIVE"}], [{"action": "SOUTH", "reward": 602, "info": {}, "observation": {"remainingOverageTime": 60, "step": 5, "geese": [[41, 30], [], [54], [32, 21]], "food": [72, 73], "index": 0}, "status": "ACTIVE"}, {"action": "NORTH", "reward": 401, "info": {}, "observation": {"remainingOverageTime": 60, "index": 1}, "status": "DONE"}, {"action": "SOUTH", "reward": 601, "info": {}, "observation": {"remainingOverageTime": 60, "index": 2}, "status": "ACTIVE"}, {"action": "SOUTH", "reward": 602, "info": {}, "observation": {"remainingOverageTime": 60, "index": 3}, "status": "ACTIVE"}], [{"action": "SOUTH", "reward": 702, "info": {}, "observation": {"remainingOverageTime": 60, "step": 6, "geese": [[52, 41], [], [65], [43, 32]], "food": [72, 73], "index": 0}, "status": "ACTIVE"}, {"action": "NORTH", "reward": 401, "info": {}, "observation": {"remainingOverageTime": 60, "index": 1}, "status": "DONE"}, {"action": "SOUTH", "reward": 701, "info": {}, "observation": {"remainingOverageTime": 60, "index": 2}, "status": "ACTIVE"}, {"action": "SOUTH", "reward": 702, "info": {}, "observation": {"remainingOverageTime": 60, "index": 3}, "status": "ACTIVE"}], [{"action": "SOUTH", "reward": 802, "info": {}, "observation": {"remainingOverageTime": 60, "step": 7, "geese": [[63, 52], [], [76], [54, 43]], "food": [72, 73], "index": 0}, "status": "ACTIVE"}, {"action": "NORTH", "reward": 401, "info": {}, "observation": {"remainingOverageTime": 60, "index": 1}, "status": "DONE"}, {"action": "SOUTH", "reward": 801, "info": {}, "observation": {"remainingOverageTime": 60, "index": 2}, "status": "ACTIVE"}, {"action": "SOUTH", "reward": 802, "info": {}, "observation": {"remainingOverageTime": 60, "index": 3}, "status": "ACTIVE"}], [{"action": "SOUTH", "reward": 902, "info": {}, "observation": {"remainingOverageTime": 60, "step": 8, "geese": [[74, 63], [], [75], [65, 54]], "food": [72, 73], "index": 0}, "status": "ACTIVE"}, {"action": "NORTH", "reward": 401, "info": {}, "observation": {"remainingOverageTime": 60, "index": 1}, "status": "DONE"}, {"action": "WEST", "reward": 901, "info": {}, "observation": {"remainingOverageTime": 60, "index": 2}, "status": "ACTIVE"}, {"action": "SOUTH", "reward": 902, "info": {}, "observation": {"remainingOverageTime": 60, "index": 3}, "status": "ACTIVE"}], [{"action": "WEST", "reward": 1003, "info": {}, "observation": {"remainingOverageTime": 60, "step": 9, "geese": [[73, 74, 63], [], [], [64, 65]], "food": [72, 26], "index": 0}, "status": "ACTIVE"}, {"action": "NORTH", "reward": 401, "info": {}, "observation": {"remainingOverageTime": 60, "index": 1}, "status": "DONE"}, {"action": "EAST", "reward": 901, "info": {}, "observation": {"remainingOverageTime": 60, "index": 2}, "status": "DONE"}, {"action": "WEST", "reward": 1002, "info": {}, "observation": {"remainingOverageTime": 60, "index": 3}, "status": "ACTIVE"}], [{"action": "WEST", "reward": 1104, "info": {}, "observation": {"remainingOverageTime": 60, "step": 10, "geese": [[72, 73, 74, 63], [], [], [75, 64]], "food": [26, 30], "index": 0}, "status": "ACTIVE"}, {"action": "NORTH", "reward": 401, "info": {}, "observation": {"remainingOverageTime": 60, "index": 1}, "status": "DONE"}, {"action": "NORTH", "reward": 901, "info": {}, "observation": {"remainingOverageTime": 60, "index": 2}, "status": "DONE"}, {"action": "SOUTH", "reward": 1102, "info": {}, "observation": {"remainingOverageTime": 60, "index": 3}, "status": "ACTIVE"}], [{"action": "SOUTH", "reward": 1204, "info": {}, "observation": {"remainingOverageTime": 60, "step": 11, "geese": [[6, 72, 73, 74], [], [], [9, 75]], "food": [26, 30], "index": 0}, "status": "ACTIVE"}, {"action": "NORTH", "reward": 401, "info": {}, "observation": {"remainingOverageTime": 60, "index": 1}, "status": "DONE"}, {"action": "NORTH", "reward": 901, "info": {}, "observation": {"remainingOverageTime": 60, "index": 2}, "status": "DONE"}, {"action": "SOUTH", "reward": 1202, "info": {}, "observation": {"remainingOverageTime": 60, "index": 3}, "status": "ACTIVE"}], [{"action": "EAST", "reward": 1304, "info": {}, "observation": {"remainingOverageTime": 60, "step": 12, "geese": [[7, 6, 72, 73], [], [], [20, 9]], "food": [26, 30], "index": 0}, "status": "ACTIVE"}, {"action": "NORTH", "reward": 401, "info": {}, "observation": {"remainingOverageTime": 60, "index": 1}, "status": "DONE"}, {"action": "NORTH", "reward": 901, "info": {}, "observation": {"remainingOverageTime": 60, "index": 2}, "status": "DONE"}, {"action": "SOUTH", "reward": 1302, "info": {}, "observation": {"remainingOverageTime": 60, "index": 3}, "status": "ACTIVE"}], [{"action": "EAST", "reward": 1404, "info": {}, "observation": {"remainingOverageTime": 60, "step": 13, "geese": [[8, 7, 6, 72], [], [], [31, 20]], "food": [26, 30], "index": 0}, "status": "ACTIVE"}, {"action": "NORTH", "reward": 401, "info": {}, "observation": {"remainingOverageTime": 60, "index": 1}, "status": "DONE"}, {"action": "NORTH", "reward": 901, "info": {}, "observation": {"remainingOverageTime": 60, "index": 2}, "status": "DONE"}, {"action": "SOUTH", "reward": 1402, "info": {}, "observation": {"remainingOverageTime": 60, "index": 3}, "status": "ACTIVE"}], [{"action": "SOUTH", "reward": 1504, "info": {}, "observation": {"remainingOverageTime": 60, "step": 14, "geese": [[19, 8, 7, 6], [], [], [30, 31, 20]], "food": [26, 66], "index": 0}, "status": "ACTIVE"}, {"action": "NORTH", "reward": 401, "info": {}, "observation": {"remainingOverageTime": 60, "index": 1}, "status": "DONE"}, {"action": "NORTH", "reward": 901, "info": {}, "observation": {"remainingOverageTime": 60, "index": 2}, "status": "DONE"}, {"action": "WEST", "reward": 1503, "info": {}, "observation": {"remainingOverageTime": 60, "index": 3}, "status": "ACTIVE"}], [{"action": "WEST", "reward": 1604, "info": {}, "observation": {"remainingOverageTime": 60, "step": 15, "geese": [[18, 19, 8, 7], [], [], [29, 30, 31]], "food": [26, 66], "index": 0}, "status": "ACTIVE"}, {"action": "NORTH", "reward": 401, "info": {}, "observation": {"remainingOverageTime": 60, "index": 1}, "status": "DONE"}, {"action": "NORTH", "reward": 901, "info": {}, "observation": {"remainingOverageTime": 60, "index": 2}, "status": "DONE"}, {"action": "WEST", "reward": 1603, "info": {}, "observation": {"remainingOverageTime": 60, "index": 3}, "status": "ACTIVE"}], [{"action": "WEST", "reward": 1704, "info": {}, "observation": {"remainingOverageTime": 60, "step": 16, "geese": [[17, 18, 19, 8], [], [], [28, 29, 30]], "food": [26, 66], "index": 0}, "status": "ACTIVE"}, {"action": "NORTH", "reward": 401, "info": {}, "observation": {"remainingOverageTime": 60, "index": 1}, "status": "DONE"}, {"action": "NORTH", "reward": 901, "info": {}, "observation": {"remainingOverageTime": 60, "index": 2}, "status": "DONE"}, {"action": "WEST", "reward": 1703, "info": {}, "observation": {"remainingOverageTime": 60, "index": 3}, "status": "ACTIVE"}], [{"action": "WEST", "reward": 1804, "info": {}, "observation": {"remainingOverageTime": 60, "step": 17, "geese": [[16, 17, 18, 19], [], [], [27, 28, 29]], "food": [26, 66], "index": 0}, "status": "ACTIVE"}, {"action": "NORTH", "reward": 401, "info": {}, "observation": {"remainingOverageTime": 60, "index": 1}, "status": "DONE"}, {"action": "NORTH", "reward": 901, "info": {}, "observation": {"remainingOverageTime": 60, "index": 2}, "status": "DONE"}, {"action": "WEST", "reward": 1803, "info": {}, "observation": {"remainingOverageTime": 60, "index": 3}, "status": "ACTIVE"}], [{"action": "WEST", "reward": 1904, "info": {}, "observation": {"remainingOverageTime": 60, "step": 18, "geese": [[15, 16, 17, 18], [], [], [26, 27, 28, 29]], "food": [66, 60], "index": 0}, "status": "ACTIVE"}, {"action": "NORTH", "reward": 401, "info": {}, "observation": {"remainingOverageTime": 60, "index": 1}, "status": "DONE"}, {"action": "NORTH", "reward": 901, "info": {}, "observation": {"remainingOverageTime": 60, "index": 2}, "status": "DONE"}, {"action": "WEST", "reward": 1904, "info": {}, "observation": {"remainingOverageTime": 60, "index": 3}, "status": "ACTIVE"}], [{"action": "NORTH", "reward": 2004, "info": {}, "observation": {"remainingOverageTime": 60, "step": 19, "geese": [[4, 15, 16, 17], [], [], [37, 26, 27, 28]], "food": [66, 60], "index": 0}, "status": "ACTIVE"}, {"action": "NORTH", "reward": 401, "info": {}, "observation": {"remainingOverageTime": 60, "index": 1}, "status": "DONE"}, {"action": "NORTH", "reward": 901, "info": {}, "observation": {"remainingOverageTime": 60, "index": 2}, "status": "DONE"}, {"action": "SOUTH", "reward": 2004, "info": {}, "observation": {"remainingOverageTime": 60, "index": 3}, "status": "ACTIVE"}], [{"action": "NORTH", "reward": 2104, "info": {}, "observation": {"remainingOverageTime": 60, "step": 20, "geese": [[70, 4, 15, 16], [], [], [38, 37, 26, 27]], "food": [66, 60], "index": 0}, "status": "ACTIVE"}, {"action": "NORTH", "reward": 401, "info": {}, "observation": {"remainingOverageTime": 60, "index": 1}, "status": "DONE"}, {"action": "NORTH", "reward": 901, "info": {}, "observation": {"remainingOverageTime": 60, "index": 2}, "status": "DONE"}, {"action": "EAST", "reward": 2104, "info": {}, "observation": {"remainingOverageTime": 60, "index": 3}, "status": "ACTIVE"}], [{"action": "NORTH", "reward": 2204, "info": {}, "observation": {"remainingOverageTime": 60, "step": 21, "geese": [[59, 70, 4, 15], [], [], [49, 38, 37, 26]], "food": [66, 60], "index": 0}, "status": "ACTIVE"}, {"action": "NORTH", "reward": 401, "info": {}, "observation": {"remainingOverageTime": 60, "index": 1}, "status": "DONE"}, {"action": "NORTH", "reward": 901, "info": {}, "observation": {"remainingOverageTime": 60, "index": 2}, "status": "DONE"}, {"action": "SOUTH", "reward": 2204, "info": {}, "observation": {"remainingOverageTime": 60, "index": 3}, "status": "ACTIVE"}], [{"action": "EAST", "reward": 2305, "info": {}, "observation": {"remainingOverageTime": 60, "step": 22, "geese": [[60, 59, 70, 4, 15], [], [], [50, 49, 38, 37]], "food": [66, 12], "index": 0}, "status": "ACTIVE"}, {"action": "NORTH", "reward": 401, "info": {}, "observation": {"remainingOverageTime": 60, "index": 1}, "status": "DONE"}, {"action": "NORTH", "reward": 901, "info": {}, "observation": {"remainingOverageTime": 60, "index": 2}, "status": "DONE"}, {"action": "EAST", "reward": 2304, "info": {}, "observation": {"remainingOverageTime": 60, "index": 3}, "status": "ACTIVE"}], [{"action": "SOUTH", "reward": 2405, "info": {}, "observation": {"remainingOverageTime": 60, "step": 23, "geese": [[71, 60, 59, 70, 4], [], [], [39, 50, 49, 38]], "food": [66, 12], "index": 0}, "status": "ACTIVE"}, {"action": "NORTH", "reward": 401, "info": {}, "observation": {"remainingOverageTime": 60, "index": 1}, "status": "DONE"}, {"action": "NORTH", "reward": 901, "info": {}, "observation": {"remainingOverageTime": 60, "index": 2}, "status": "DONE"}, {"action": "NORTH", "reward": 2404, "info": {}, "observation": {"remainingOverageTime": 60, "index": 3}, "status": "ACTIVE"}], [{"action": "SOUTH", "reward": 2505, "info": {}, "observation": {"remainingOverageTime": 60, "step": 24, "geese": [[5, 71, 60, 59, 70], [], [], [28, 39, 50, 49]], "food": [66, 12], "index": 0}, "status": "ACTIVE"}, {"action": "NORTH", "reward": 401, "info": {}, "observation": {"remainingOverageTime": 60, "index": 1}, "status": "DONE"}, {"action": "NORTH", "reward": 901, "info": {}, "observation": {"remainingOverageTime": 60, "index": 2}, "status": "DONE"}, {"action": "NORTH", "reward": 2504, "info": {}, "observation": {"remainingOverageTime": 60, "index": 3}, "status": "ACTIVE"}], [{"action": "SOUTH", "reward": 2605, "info": {}, "observation": {"remainingOverageTime": 60, "step": 25, "geese": [[16, 5, 71, 60, 59], [], [], [17, 28, 39, 50]], "food": [66, 12], "index": 0}, "status": "ACTIVE"}, {"action": "NORTH", "reward": 401, "info": {}, "observation": {"remainingOverageTime": 60, "index": 1}, "status": "DONE"}, {"action": "NORTH", "reward": 901, "info": {}, "observation": {"remainingOverageTime": 60, "index": 2}, "status": "DONE"}, {"action": "NORTH", "reward": 2604, "info": {}, "observation": {"remainingOverageTime": 60, "index": 3}, "status": "ACTIVE"}], [{"action": "WEST", "reward": 2705, "info": {}, "observation": {"remainingOverageTime": 60, "step": 26, "geese": [[15, 16, 5, 71, 60], [], [], [6, 17, 28, 39]], "food": [66, 12], "index": 0}, "status": "ACTIVE"}, {"action": "NORTH", "reward": 401, "info": {}, "observation": {"remainingOverageTime": 60, "index": 1}, "status": "DONE"}, {"action": "NORTH", "reward": 901, "info": {}, "observation": {"remainingOverageTime": 60, "index": 2}, "status": "DONE"}, {"action": "NORTH", "reward": 2704, "info": {}, "observation": {"remainingOverageTime": 60, "index": 3}, "status": "ACTIVE"}], [{"action": "WEST", "reward": 2805, "info": {}, "observation": {"remainingOverageTime": 60, "step": 27, "geese": [[14, 15, 16, 5, 71], [], [], [72, 6, 17, 28]], "food": [66, 12], "index": 0}, "status": "ACTIVE"}, {"action": "NORTH", "reward": 401, "info": {}, "observation": {"remainingOverageTime": 60, "index": 1}, "status": "DONE"}, {"action": "NORTH", "reward": 901, "info": {}, "observation": {"remainingOverageTime": 60, "index": 2}, "status": "DONE"}, {"action": "NORTH", "reward": 2804, "info": {}, "observation": {"remainingOverageTime": 60, "index": 3}, "status": "ACTIVE"}], [{"action": "WEST", "reward": 2905, "info": {}, "observation": {"remainingOverageTime": 60, "step": 28, "geese": [[13, 14, 15, 16, 5], [], [], [71, 72, 6, 17]], "food": [66, 12], "index": 0}, "status": "ACTIVE"}, {"action": "NORTH", "reward": 401, "info": {}, "observation": {"remainingOverageTime": 60, "index": 1}, "status": "DONE"}, {"action": "NORTH", "reward": 901, "info": {}, "observation": {"remainingOverageTime": 60, "index": 2}, "status": "DONE"}, {"action": "WEST", "reward": 2904, "info": {}, "observation": {"remainingOverageTime": 60, "index": 3}, "status": "ACTIVE"}], [{"action": "WEST", "reward": 3006, "info": {}, "observation": {"remainingOverageTime": 60, "step": 29, "geese": [[12, 13, 14, 15, 16, 5], [], [], [70, 71, 72, 6]], "food": [66, 47], "index": 0}, "status": "ACTIVE"}, {"action": "NORTH", "reward": 401, "info": {}, "observation": {"remainingOverageTime": 60, "index": 1}, "status": "DONE"}, {"action": "NORTH", "reward": 901, "info": {}, "observation": {"remainingOverageTime": 60, "index": 2}, "status": "DONE"}, {"action": "WEST", "reward": 3004, "info": {}, "observation": {"remainingOverageTime": 60, "index": 3}, "status": "ACTIVE"}], [{"action": "SOUTH", "reward": 3106, "info": {}, "observation": {"remainingOverageTime": 60, "step": 30, "geese": [[23, 12, 13, 14, 15, 16], [], [], [59, 70, 71, 72]], "food": [66, 47], "index": 0}, "status": "ACTIVE"}, {"action": "NORTH", "reward": 401, "info": {}, "observation": {"remainingOverageTime": 60, "index": 1}, "status": "DONE"}, {"action": "NORTH", "reward": 901, "info": {}, "observation": {"remainingOverageTime": 60, "index": 2}, "status": "DONE"}, {"action": "NORTH", "reward": 3104, "info": {}, "observation": {"remainingOverageTime": 60, "index": 3}, "status": "ACTIVE"}], [{"action": "EAST", "reward": 3206, "info": {}, "observation": {"remainingOverageTime": 60, "step": 31, "geese": [[24, 23, 12, 13, 14, 15], [], [], [48, 59, 70, 71]], "food": [66, 47], "index": 0}, "status": "ACTIVE"}, {"action": "NORTH", "reward": 401, "info": {}, "observation": {"remainingOverageTime": 60, "index": 1}, "status": "DONE"}, {"action": "NORTH", "reward": 901, "info": {}, "observation": {"remainingOverageTime": 60, "index": 2}, "status": "DONE"}, {"action": "NORTH", "reward": 3204, "info": {}, "observation": {"remainingOverageTime": 60, "index": 3}, "status": "ACTIVE"}], [{"action": "EAST", "reward": 3306, "info": {}, "observation": {"remainingOverageTime": 60, "step": 32, "geese": [[25, 24, 23, 12, 13, 14], [], [], [47, 48, 59, 70, 71]], "food": [66, 58], "index": 0}, "status": "ACTIVE"}, {"action": "NORTH", "reward": 401, "info": {}, "observation": {"remainingOverageTime": 60, "index": 1}, "status": "DONE"}, {"action": "NORTH", "reward": 901, "info": {}, "observation": {"remainingOverageTime": 60, "index": 2}, "status": "DONE"}, {"action": "WEST", "reward": 3305, "info": {}, "observation": {"remainingOverageTime": 60, "index": 3}, "status": "ACTIVE"}], [{"action": "SOUTH", "reward": 3406, "info": {}, "observation": {"remainingOverageTime": 60, "step": 33, "geese": [[36, 25, 24, 23, 12, 13], [], [], [58, 47, 48, 59, 70, 71]], "food": [66, 0], "index": 0}, "status": "ACTIVE"}, {"action": "NORTH", "reward": 401, "info": {}, "observation": {"remainingOverageTime": 60, "index": 1}, "status": "DONE"}, {"action": "NORTH", "reward": 901, "info": {}, "observation": {"remainingOverageTime": 60, "index": 2}, "status": "DONE"}, {"action": "SOUTH", "reward": 3406, "info": {}, "observation": {"remainingOverageTime": 60, "index": 3}, "status": "ACTIVE"}], [{"action": "WEST", "reward": 3506, "info": {}, "observation": {"remainingOverageTime": 60, "step": 34, "geese": [[35, 36, 25, 24, 23, 12], [], [], [69, 58, 47, 48, 59, 70]], "food": [66, 0], "index": 0}, "status": "ACTIVE"}, {"action": "NORTH", "reward": 401, "info": {}, "observation": {"remainingOverageTime": 60, "index": 1}, "status": "DONE"}, {"action": "NORTH", "reward": 901, "info": {}, "observation": {"remainingOverageTime": 60, "index": 2}, "status": "DONE"}, {"action": "SOUTH", "reward": 3506, "info": {}, "observation": {"remainingOverageTime": 60, "index": 3}, "status": "ACTIVE"}], [{"action": "SOUTH", "reward": 3606, "info": {}, "observation": {"remainingOverageTime": 60, "step": 35, "geese": [[46, 35, 36, 25, 24, 23], [], [], [68, 69, 58, 47, 48, 59]], "food": [66, 0], "index": 0}, "status": "ACTIVE"}, {"action": "NORTH", "reward": 401, "info": {}, "observation": {"remainingOverageTime": 60, "index": 1}, "status": "DONE"}, {"action": "NORTH", "reward": 901, "info": {}, "observation": {"remainingOverageTime": 60, "index": 2}, "status": "DONE"}, {"action": "WEST", "reward": 3606, "info": {}, "observation": {"remainingOverageTime": 60, "index": 3}, "status": "ACTIVE"}], [{"action": "SOUTH", "reward": 3706, "info": {}, "observation": {"remainingOverageTime": 60, "step": 36, "geese": [[57, 46, 35, 36, 25, 24], [], [], [67, 68, 69, 58, 47, 48]], "food": [66, 0], "index": 0}, "status": "ACTIVE"}, {"action": "NORTH", "reward": 401, "info": {}, "observation": {"remainingOverageTime": 60, "index": 1}, "status": "DONE"}, {"action": "NORTH", "reward": 901, "info": {}, "observation": {"remainingOverageTime": 60, "index": 2}, "status": "DONE"}, {"action": "WEST", "reward": 3706, "info": {}, "observation": {"remainingOverageTime": 60, "index": 3}, "status": "ACTIVE"}], [{"action": "WEST", "reward": 3806, "info": {}, "observation": {"remainingOverageTime": 60, "step": 37, "geese": [[56, 57, 46, 35, 36, 25], [], [], [66, 67, 68, 69, 58, 47, 48]], "food": [0, 8], "index": 0}, "status": "ACTIVE"}, {"action": "NORTH", "reward": 401, "info": {}, "observation": {"remainingOverageTime": 60, "index": 1}, "status": "DONE"}, {"action": "NORTH", "reward": 901, "info": {}, "observation": {"remainingOverageTime": 60, "index": 2}, "status": "DONE"}, {"action": "WEST", "reward": 3807, "info": {}, "observation": {"remainingOverageTime": 60, "index": 3}, "status": "ACTIVE"}], [{"action": "NORTH", "reward": 3906, "info": {}, "observation": {"remainingOverageTime": 60, "step": 38, "geese": [[45, 56, 57, 46, 35, 36], [], [], [0, 66, 67, 68, 69, 58, 47, 48]], "food": [8, 13], "index": 0}, "status": "ACTIVE"}, {"action": "NORTH", "reward": 401, "info": {}, "observation": {"remainingOverageTime": 60, "index": 1}, "status": "DONE"}, {"action": "NORTH", "reward": 901, "info": {}, "observation": {"remainingOverageTime": 60, "index": 2}, "status": "DONE"}, {"action": "SOUTH", "reward": 3908, "info": {}, "observation": {"remainingOverageTime": 60, "index": 3}, "status": "ACTIVE"}], [{"action": "NORTH", "reward": 4006, "info": {}, "observation": {"remainingOverageTime": 60, "step": 39, "geese": [[34, 45, 56, 57, 46, 35], [], [], [1, 0, 66, 67, 68, 69, 58, 47]], "food": [8, 13], "index": 0}, "status": "ACTIVE"}, {"action": "NORTH", "reward": 401, "info": {}, "observation": {"remainingOverageTime": 60, "index": 1}, "status": "DONE"}, {"action": "NORTH", "reward": 901, "info": {}, "observation": {"remainingOverageTime": 60, "index": 2}, "status": "DONE"}, {"action": "EAST", "reward": 4008, "info": {}, "observation": {"remainingOverageTime": 60, "index": 3}, "status": "ACTIVE"}], [{"action": "NORTH", "reward": 4105, "info": {}, "observation": {"remainingOverageTime": 60, "step": 40, "geese": [[23, 34, 45, 56, 57], [], [], [2, 1, 0, 66, 67, 68, 69]], "food": [8, 13], "index": 0}, "status": "ACTIVE"}, {"action": "NORTH", "reward": 401, "info": {}, "observation": {"remainingOverageTime": 60, "index": 1}, "status": "DONE"}, {"action": "NORTH", "reward": 901, "info": {}, "observation": {"remainingOverageTime": 60, "index": 2}, "status": "DONE"}, {"action": "EAST", "reward": 4107, "info": {}, "observation": {"remainingOverageTime": 60, "index": 3}, "status": "ACTIVE"}], [{"action": "NORTH", "reward": 4205, "info": {}, "observation": {"remainingOverageTime": 60, "step": 41, "geese": [[12, 23, 34, 45, 56], [], [], [13, 2, 1, 0, 66, 67, 68, 69]], "food": [8, 17], "index": 0}, "status": "ACTIVE"}, {"action": "NORTH", "reward": 401, "info": {}, "observation": {"remainingOverageTime": 60, "index": 1}, "status": "DONE"}, {"action": "NORTH", "reward": 901, "info": {}, "observation": {"remainingOverageTime": 60, "index": 2}, "status": "DONE"}, {"action": "SOUTH", "reward": 4208, "info": {}, "observation": {"remainingOverageTime": 60, "index": 3}, "status": "ACTIVE"}], [{"action": "WEST", "reward": 4305, "info": {}, "observation": {"remainingOverageTime": 60, "step": 42, "geese": [[11, 12, 23, 34, 45], [], [], [14, 13, 2, 1, 0, 66, 67, 68]], "food": [8, 17], "index": 0}, "status": "ACTIVE"}, {"action": "NORTH", "reward": 401, "info": {}, "observation": {"remainingOverageTime": 60, "index": 1}, "status": "DONE"}, {"action": "NORTH", "reward": 901, "info": {}, "observation": {"remainingOverageTime": 60, "index": 2}, "status": "DONE"}, {"action": "EAST", "reward": 4308, "info": {}, "observation": {"remainingOverageTime": 60, "index": 3}, "status": "ACTIVE"}], [{"action": "SOUTH", "reward": 4405, "info": {}, "observation": {"remainingOverageTime": 60, "step": 43, "geese": [[22, 11, 12, 23, 34], [], [], [15, 14, 13, 2, 1, 0, 66, 67]], "food": [8, 17], "index": 0}, "status": "ACTIVE"}, {"action": "NORTH", "reward": 401, "info": {}, "observation": {"remainingOverageTime": 60, "index": 1}, "status": "DONE"}, {"action": "NORTH", "reward": 901, "info": {}, "observation": {"remainingOverageTime": 60, "index": 2}, "status": "DONE"}, {"action": "EAST", "reward": 4408, "info": {}, "observation": {"remainingOverageTime": 60, "index": 3}, "status": "ACTIVE"}], [{"action": "WEST", "reward": 4505, "info": {}, "observation": {"remainingOverageTime": 60, "step": 44, "geese": [[32, 22, 11, 12, 23], [], [], [16, 15, 14, 13, 2, 1, 0, 66]], "food": [8, 17], "index": 0}, "status": "ACTIVE"}, {"action": "NORTH", "reward": 401, "info": {}, "observation": {"remainingOverageTime": 60, "index": 1}, "status": "DONE"}, {"action": "NORTH", "reward": 901, "info": {}, "observation": {"remainingOverageTime": 60, "index": 2}, "status": "DONE"}, {"action": "EAST", "reward": 4508, "info": {}, "observation": {"remainingOverageTime": 60, "index": 3}, "status": "ACTIVE"}], [{"action": "NORTH", "reward": 4605, "info": {}, "observation": {"remainingOverageTime": 60, "step": 45, "geese": [[21, 32, 22, 11, 12], [], [], [17, 16, 15, 14, 13, 2, 1, 0, 66]], "food": [8, 62], "index": 0}, "status": "ACTIVE"}, {"action": "NORTH", "reward": 401, "info": {}, "observation": {"remainingOverageTime": 60, "index": 1}, "status": "DONE"}, {"action": "NORTH", "reward": 901, "info": {}, "observation": {"remainingOverageTime": 60, "index": 2}, "status": "DONE"}, {"action": "EAST", "reward": 4609, "info": {}, "observation": {"remainingOverageTime": 60, "index": 3}, "status": "ACTIVE"}], [{"action": "WEST", "reward": 4705, "info": {}, "observation": {"remainingOverageTime": 60, "step": 46, "geese": [[20, 21, 32, 22, 11], [], [], [6, 17, 16, 15, 14, 13, 2, 1, 0]], "food": [8, 62], "index": 0}, "status": "ACTIVE"}, {"action": "NORTH", "reward": 401, "info": {}, "observation": {"remainingOverageTime": 60, "index": 1}, "status": "DONE"}, {"action": "NORTH", "reward": 901, "info": {}, "observation": {"remainingOverageTime": 60, "index": 2}, "status": "DONE"}, {"action": "NORTH", "reward": 4709, "info": {}, "observation": {"remainingOverageTime": 60, "index": 3}, "status": "ACTIVE"}], [{"action": "NORTH", "reward": 4805, "info": {}, "observation": {"remainingOverageTime": 60, "step": 47, "geese": [[9, 20, 21, 32, 22], [], [], [7, 6, 17, 16, 15, 14, 13, 2, 1]], "food": [8, 62], "index": 0}, "status": "ACTIVE"}, {"action": "NORTH", "reward": 401, "info": {}, "observation": {"remainingOverageTime": 60, "index": 1}, "status": "DONE"}, {"action": "NORTH", "reward": 901, "info": {}, "observation": {"remainingOverageTime": 60, "index": 2}, "status": "DONE"}, {"action": "EAST", "reward": 4809, "info": {}, "observation": {"remainingOverageTime": 60, "index": 3}, "status": "ACTIVE"}], [{"action": "EAST", "reward": 4905, "info": {}, "observation": {"remainingOverageTime": 60, "step": 48, "geese": [[10, 9, 20, 21, 32], [], [], [73, 7, 6, 17, 16, 15, 14, 13, 2]], "food": [8, 62], "index": 0}, "status": "ACTIVE"}, {"action": "NORTH", "reward": 401, "info": {}, "observation": {"remainingOverageTime": 60, "index": 1}, "status": "DONE"}, {"action": "NORTH", "reward": 901, "info": {}, "observation": {"remainingOverageTime": 60, "index": 2}, "status": "DONE"}, {"action": "NORTH", "reward": 4909, "info": {}, "observation": {"remainingOverageTime": 60, "index": 3}, "status": "ACTIVE"}], [{"action": "NORTH", "reward": 5005, "info": {}, "observation": {"remainingOverageTime": 60, "step": 49, "geese": [[76, 10, 9, 20, 21], [], [], [62, 73, 7, 6, 17, 16, 15, 14, 13, 2]], "food": [8, 48], "index": 0}, "status": "ACTIVE"}, {"action": "NORTH", "reward": 401, "info": {}, "observation": {"remainingOverageTime": 60, "index": 1}, "status": "DONE"}, {"action": "NORTH", "reward": 901, "info": {}, "observation": {"remainingOverageTime": 60, "index": 2}, "status": "DONE"}, {"action": "NORTH", "reward": 5010, "info": {}, "observation": {"remainingOverageTime": 60, "index": 3}, "status": "ACTIVE"}], [{"action": "EAST", "reward": 5105, "info": {}, "observation": {"remainingOverageTime": 60, "step": 50, "geese": [[66, 76, 10, 9, 20], [], [], [51, 62, 73, 7, 6, 17, 16, 15, 14, 13]], "food": [8, 48], "index": 0}, "status": "ACTIVE"}, {"action": "NORTH", "reward": 401, "info": {}, "observation": {"remainingOverageTime": 60, "index": 1}, "status": "DONE"}, {"action": "NORTH", "reward": 901, "info": {}, "observation": {"remainingOverageTime": 60, "index": 2}, "status": "DONE"}, {"action": "NORTH", "reward": 5110, "info": {}, "observation": {"remainingOverageTime": 60, "index": 3}, "status": "ACTIVE"}], [{"action": "NORTH", "reward": 5205, "info": {}, "observation": {"remainingOverageTime": 60, "step": 51, "geese": [[55, 66, 76, 10, 9], [], [], [50, 51, 62, 73, 7, 6, 17, 16, 15, 14]], "food": [8, 48], "index": 0}, "status": "ACTIVE"}, {"action": "NORTH", "reward": 401, "info": {}, "observation": {"remainingOverageTime": 60, "index": 1}, "status": "DONE"}, {"action": "NORTH", "reward": 901, "info": {}, "observation": {"remainingOverageTime": 60, "index": 2}, "status": "DONE"}, {"action": "WEST", "reward": 5210, "info": {}, "observation": {"remainingOverageTime": 60, "index": 3}, "status": "ACTIVE"}], [{"action": "NORTH", "reward": 5305, "info": {}, "observation": {"remainingOverageTime": 60, "step": 52, "geese": [[44, 55, 66, 76, 10], [], [], [39, 50, 51, 62, 73, 7, 6, 17, 16, 15]], "food": [8, 48], "index": 0}, "status": "ACTIVE"}, {"action": "NORTH", "reward": 401, "info": {}, "observation": {"remainingOverageTime": 60, "index": 1}, "status": "DONE"}, {"action": "NORTH", "reward": 901, "info": {}, "observation": {"remainingOverageTime": 60, "index": 2}, "status": "DONE"}, {"action": "NORTH", "reward": 5310, "info": {}, "observation": {"remainingOverageTime": 60, "index": 3}, "status": "ACTIVE"}], [{"action": "EAST", "reward": 5405, "info": {}, "observation": {"remainingOverageTime": 60, "step": 53, "geese": [[45, 44, 55, 66, 76], [], [], [38, 39, 50, 51, 62, 73, 7, 6, 17, 16]], "food": [8, 48], "index": 0}, "status": "ACTIVE"}, {"action": "NORTH", "reward": 401, "info": {}, "observation": {"remainingOverageTime": 60, "index": 1}, "status": "DONE"}, {"action": "NORTH", "reward": 901, "info": {}, "observation": {"remainingOverageTime": 60, "index": 2}, "status": "DONE"}, {"action": "WEST", "reward": 5410, "info": {}, "observation": {"remainingOverageTime": 60, "index": 3}, "status": "ACTIVE"}], [{"action": "EAST", "reward": 5505, "info": {}, "observation": {"remainingOverageTime": 60, "step": 54, "geese": [[46, 45, 44, 55, 66], [], [], [49, 38, 39, 50, 51, 62, 73, 7, 6, 17]], "food": [8, 48], "index": 0}, "status": "ACTIVE"}, {"action": "NORTH", "reward": 401, "info": {}, "observation": {"remainingOverageTime": 60, "index": 1}, "status": "DONE"}, {"action": "NORTH", "reward": 901, "info": {}, "observation": {"remainingOverageTime": 60, "index": 2}, "status": "DONE"}, {"action": "SOUTH", "reward": 5510, "info": {}, "observation": {"remainingOverageTime": 60, "index": 3}, "status": "ACTIVE"}], [{"action": "EAST", "reward": 5605, "info": {}, "observation": {"remainingOverageTime": 60, "step": 55, "geese": [[47, 46, 45, 44, 55], [], [], [48, 49, 38, 39, 50, 51, 62, 73, 7, 6, 17]], "food": [8, 42], "index": 0}, "status": "ACTIVE"}, {"action": "NORTH", "reward": 401, "info": {}, "observation": {"remainingOverageTime": 60, "index": 1}, "status": "DONE"}, {"action": "NORTH", "reward": 901, "info": {}, "observation": {"remainingOverageTime": 60, "index": 2}, "status": "DONE"}, {"action": "WEST", "reward": 5611, "info": {}, "observation": {"remainingOverageTime": 60, "index": 3}, "status": "ACTIVE"}], [{"action": "NORTH", "reward": 5705, "info": {}, "observation": {"remainingOverageTime": 60, "step": 56, "geese": [[36, 47, 46, 45, 44], [], [], [37, 48, 49, 38, 39, 50, 51, 62, 73, 7, 6]], "food": [8, 42], "index": 0}, "status": "ACTIVE"}, {"action": "NORTH", "reward": 401, "info": {}, "observation": {"remainingOverageTime": 60, "index": 1}, "status": "DONE"}, {"action": "NORTH", "reward": 901, "info": {}, "observation": {"remainingOverageTime": 60, "index": 2}, "status": "DONE"}, {"action": "NORTH", "reward": 5711, "info": {}, "observation": {"remainingOverageTime": 60, "index": 3}, "status": "ACTIVE"}], [{"action": "NORTH", "reward": 5805, "info": {}, "observation": {"remainingOverageTime": 60, "step": 57, "geese": [[25, 36, 47, 46, 45], [], [], [26, 37, 48, 49, 38, 39, 50, 51, 62, 73, 7]], "food": [8, 42], "index": 0}, "status": "ACTIVE"}, {"action": "NORTH", "reward": 401, "info": {}, "observation": {"remainingOverageTime": 60, "index": 1}, "status": "DONE"}, {"action": "NORTH", "reward": 901, "info": {}, "observation": {"remainingOverageTime": 60, "index": 2}, "status": "DONE"}, {"action": "NORTH", "reward": 5811, "info": {}, "observation": {"remainingOverageTime": 60, "index": 3}, "status": "ACTIVE"}], [{"action": "NORTH", "reward": 5905, "info": {}, "observation": {"remainingOverageTime": 60, "step": 58, "geese": [[14, 25, 36, 47, 46], [], [], [15, 26, 37, 48, 49, 38, 39, 50, 51, 62, 73]], "food": [8, 42], "index": 0}, "status": "ACTIVE"}, {"action": "NORTH", "reward": 401, "info": {}, "observation": {"remainingOverageTime": 60, "index": 1}, "status": "DONE"}, {"action": "NORTH", "reward": 901, "info": {}, "observation": {"remainingOverageTime": 60, "index": 2}, "status": "DONE"}, {"action": "NORTH", "reward": 5911, "info": {}, "observation": {"remainingOverageTime": 60, "index": 3}, "status": "ACTIVE"}], [{"action": "NORTH", "reward": 6005, "info": {}, "observation": {"remainingOverageTime": 60, "step": 59, "geese": [[3, 14, 25, 36, 47], [], [], [4, 15, 26, 37, 48, 49, 38, 39, 50, 51, 62]], "food": [8, 42], "index": 0}, "status": "ACTIVE"}, {"action": "NORTH", "reward": 401, "info": {}, "observation": {"remainingOverageTime": 60, "index": 1}, "status": "DONE"}, {"action": "NORTH", "reward": 901, "info": {}, "observation": {"remainingOverageTime": 60, "index": 2}, "status": "DONE"}, {"action": "NORTH", "reward": 6011, "info": {}, "observation": {"remainingOverageTime": 60, "index": 3}, "status": "ACTIVE"}], [{"action": "WEST", "reward": 6105, "info": {}, "observation": {"remainingOverageTime": 60, "step": 60, "geese": [[2, 3, 14, 25, 36], [], [], [5, 4, 15, 26, 37, 48, 49, 38, 39, 50, 51]], "food": [8, 42], "index": 0}, "status": "ACTIVE"}, {"action": "NORTH", "reward": 401, "info": {}, "observation": {"remainingOverageTime": 60, "index": 1}, "status": "DONE"}, {"action": "NORTH", "reward": 901, "info": {}, "observation": {"remainingOverageTime": 60, "index": 2}, "status": "DONE"}, {"action": "EAST", "reward": 6111, "info": {}, "observation": {"remainingOverageTime": 60, "index": 3}, "status": "ACTIVE"}], [{"action": "SOUTH", "reward": 6205, "info": {}, "observation": {"remainingOverageTime": 60, "step": 61, "geese": [[13, 2, 3, 14, 25], [], [], [6, 5, 4, 15, 26, 37, 48, 49, 38, 39, 50]], "food": [8, 42], "index": 0}, "status": "ACTIVE"}, {"action": "NORTH", "reward": 401, "info": {}, "observation": {"remainingOverageTime": 60, "index": 1}, "status": "DONE"}, {"action": "NORTH", "reward": 901, "info": {}, "observation": {"remainingOverageTime": 60, "index": 2}, "status": "DONE"}, {"action": "EAST", "reward": 6211, "info": {}, "observation": {"remainingOverageTime": 60, "index": 3}, "status": "ACTIVE"}], [{"action": "SOUTH", "reward": 6305, "info": {}, "observation": {"remainingOverageTime": 60, "step": 62, "geese": [[24, 13, 2, 3, 14], [], [], [17, 6, 5, 4, 15, 26, 37, 48, 49, 38, 39]], "food": [8, 42], "index": 0}, "status": "ACTIVE"}, {"action": "NORTH", "reward": 401, "info": {}, "observation": {"remainingOverageTime": 60, "index": 1}, "status": "DONE"}, {"action": "NORTH", "reward": 901, "info": {}, "observation": {"remainingOverageTime": 60, "index": 2}, "status": "DONE"}, {"action": "SOUTH", "reward": 6311, "info": {}, "observation": {"remainingOverageTime": 60, "index": 3}, "status": "ACTIVE"}], [{"action": "EAST", "reward": 6405, "info": {}, "observation": {"remainingOverageTime": 60, "step": 63, "geese": [[25, 24, 13, 2, 3], [], [], [18, 17, 6, 5, 4, 15, 26, 37, 48, 49, 38]], "food": [8, 42], "index": 0}, "status": "ACTIVE"}, {"action": "NORTH", "reward": 401, "info": {}, "observation": {"remainingOverageTime": 60, "index": 1}, "status": "DONE"}, {"action": "NORTH", "reward": 901, "info": {}, "observation": {"remainingOverageTime": 60, "index": 2}, "status": "DONE"}, {"action": "EAST", "reward": 6411, "info": {}, "observation": {"remainingOverageTime": 60, "index": 3}, "status": "ACTIVE"}], [{"action": "NORTH", "reward": 6505, "info": {}, "observation": {"remainingOverageTime": 60, "step": 64, "geese": [[14, 25, 24, 13, 2], [], [], [7, 18, 17, 6, 5, 4, 15, 26, 37, 48, 49]], "food": [8, 42], "index": 0}, "status": "ACTIVE"}, {"action": "NORTH", "reward": 401, "info": {}, "observation": {"remainingOverageTime": 60, "index": 1}, "status": "DONE"}, {"action": "NORTH", "reward": 901, "info": {}, "observation": {"remainingOverageTime": 60, "index": 2}, "status": "DONE"}, {"action": "NORTH", "reward": 6511, "info": {}, "observation": {"remainingOverageTime": 60, "index": 3}, "status": "ACTIVE"}], [{"action": "NORTH", "reward": 6605, "info": {}, "observation": {"remainingOverageTime": 60, "step": 65, "geese": [[3, 14, 25, 24, 13], [], [], [8, 7, 18, 17, 6, 5, 4, 15, 26, 37, 48, 49]], "food": [42, 74], "index": 0}, "status": "ACTIVE"}, {"action": "NORTH", "reward": 401, "info": {}, "observation": {"remainingOverageTime": 60, "index": 1}, "status": "DONE"}, {"action": "NORTH", "reward": 901, "info": {}, "observation": {"remainingOverageTime": 60, "index": 2}, "status": "DONE"}, {"action": "EAST", "reward": 6612, "info": {}, "observation": {"remainingOverageTime": 60, "index": 3}, "status": "ACTIVE"}], [{"action": "NORTH", "reward": 6705, "info": {}, "observation": {"remainingOverageTime": 60, "step": 66, "geese": [[69, 3, 14, 25, 24], [], [], [74, 8, 7, 18, 17, 6, 5, 4, 15, 26, 37, 48, 49]], "food": [42, 63], "index": 0}, "status": "ACTIVE"}, {"action": "NORTH", "reward": 401, "info": {}, "observation": {"remainingOverageTime": 60, "index": 1}, "status": "DONE"}, {"action": "NORTH", "reward": 901, "info": {}, "observation": {"remainingOverageTime": 60, "index": 2}, "status": "DONE"}, {"action": "NORTH", "reward": 6713, "info": {}, "observation": {"remainingOverageTime": 60, "index": 3}, "status": "ACTIVE"}], [{"action": "NORTH", "reward": 6805, "info": {}, "observation": {"remainingOverageTime": 60, "step": 67, "geese": [[58, 69, 3, 14, 25], [], [], [75, 74, 8, 7, 18, 17, 6, 5, 4, 15, 26, 37, 48]], "food": [42, 63], "index": 0}, "status": "ACTIVE"}, {"action": "NORTH", "reward": 401, "info": {}, "observation": {"remainingOverageTime": 60, "index": 1}, "status": "DONE"}, {"action": "NORTH", "reward": 901, "info": {}, "observation": {"remainingOverageTime": 60, "index": 2}, "status": "DONE"}, {"action": "EAST", "reward": 6813, "info": {}, "observation": {"remainingOverageTime": 60, "index": 3}, "status": "ACTIVE"}], [{"action": "EAST", "reward": 6905, "info": {}, "observation": {"remainingOverageTime": 60, "step": 68, "geese": [[59, 58, 69, 3, 14], [], [], [64, 75, 74, 8, 7, 18, 17, 6, 5, 4, 15, 26, 37]], "food": [42, 63], "index": 0}, "status": "ACTIVE"}, {"action": "NORTH", "reward": 401, "info": {}, "observation": {"remainingOverageTime": 60, "index": 1}, "status": "DONE"}, {"action": "NORTH", "reward": 901, "info": {}, "observation": {"remainingOverageTime": 60, "index": 2}, "status": "DONE"}, {"action": "NORTH", "reward": 6913, "info": {}, "observation": {"remainingOverageTime": 60, "index": 3}, "status": "ACTIVE"}], [{"action": "EAST", "reward": 7005, "info": {}, "observation": {"remainingOverageTime": 60, "step": 69, "geese": [[60, 59, 58, 69, 3], [], [], [63, 64, 75, 74, 8, 7, 18, 17, 6, 5, 4, 15, 26, 37]], "food": [42, 48], "index": 0}, "status": "ACTIVE"}, {"action": "NORTH", "reward": 401, "info": {}, "observation": {"remainingOverageTime": 60, "index": 1}, "status": "DONE"}, {"action": "NORTH", "reward": 901, "info": {}, "observation": {"remainingOverageTime": 60, "index": 2}, "status": "DONE"}, {"action": "WEST", "reward": 7014, "info": {}, "observation": {"remainingOverageTime": 60, "index": 3}, "status": "ACTIVE"}], [{"action": "NORTH", "reward": 7105, "info": {}, "observation": {"remainingOverageTime": 60, "step": 70, "geese": [[49, 60, 59, 58, 69], [], [], [52, 63, 64, 75, 74, 8, 7, 18, 17, 6, 5, 4, 15, 26]], "food": [42, 48], "index": 0}, "status": "ACTIVE"}, {"action": "NORTH", "reward": 401, "info": {}, "observation": {"remainingOverageTime": 60, "index": 1}, "status": "DONE"}, {"action": "NORTH", "reward": 901, "info": {}, "observation": {"remainingOverageTime": 60, "index": 2}, "status": "DONE"}, {"action": "NORTH", "reward": 7114, "info": {}, "observation": {"remainingOverageTime": 60, "index": 3}, "status": "ACTIVE"}], [{"action": "WEST", "reward": 7206, "info": {}, "observation": {"remainingOverageTime": 60, "step": 71, "geese": [[48, 49, 60, 59, 58, 69], [], [], [41, 52, 63, 64, 75, 74, 8, 7, 18, 17, 6, 5, 4, 15]], "food": [42, 71], "index": 0}, "status": "ACTIVE"}, {"action": "NORTH", "reward": 401, "info": {}, "observation": {"remainingOverageTime": 60, "index": 1}, "status": "DONE"}, {"action": "NORTH", "reward": 901, "info": {}, "observation": {"remainingOverageTime": 60, "index": 2}, "status": "DONE"}, {"action": "NORTH", "reward": 7214, "info": {}, "observation": {"remainingOverageTime": 60, "index": 3}, "status": "ACTIVE"}], [{"action": "NORTH", "reward": 7306, "info": {}, "observation": {"remainingOverageTime": 60, "step": 72, "geese": [[37, 48, 49, 60, 59, 58], [], [], [30, 41, 52, 63, 64, 75, 74, 8, 7, 18, 17, 6, 5, 4]], "food": [42, 71], "index": 0}, "status": "ACTIVE"}, {"action": "NORTH", "reward": 401, "info": {}, "observation": {"remainingOverageTime": 60, "index": 1}, "status": "DONE"}, {"action": "NORTH", "reward": 901, "info": {}, "observation": {"remainingOverageTime": 60, "index": 2}, "status": "DONE"}, {"action": "NORTH", "reward": 7314, "info": {}, "observation": {"remainingOverageTime": 60, "index": 3}, "status": "ACTIVE"}], [{"action": "EAST", "reward": 7406, "info": {}, "observation": {"remainingOverageTime": 60, "step": 73, "geese": [[38, 37, 48, 49, 60, 59], [], [], [31, 30, 41, 52, 63, 64, 75, 74, 8, 7, 18, 17, 6, 5]], "food": [42, 71], "index": 0}, "status": "ACTIVE"}, {"action": "NORTH", "reward": 401, "info": {}, "observation": {"remainingOverageTime": 60, "index": 1}, "status": "DONE"}, {"action": "NORTH", "reward": 901, "info": {}, "observation": {"remainingOverageTime": 60, "index": 2}, "status": "DONE"}, {"action": "EAST", "reward": 7414, "info": {}, "observation": {"remainingOverageTime": 60, "index": 3}, "status": "ACTIVE"}], [{"action": "EAST", "reward": 7506, "info": {}, "observation": {"remainingOverageTime": 60, "step": 74, "geese": [[39, 38, 37, 48, 49, 60], [], [], [42, 31, 30, 41, 52, 63, 64, 75, 74, 8, 7, 18, 17, 6, 5]], "food": [71, 73], "index": 0}, "status": "ACTIVE"}, {"action": "NORTH", "reward": 401, "info": {}, "observation": {"remainingOverageTime": 60, "index": 1}, "status": "DONE"}, {"action": "NORTH", "reward": 901, "info": {}, "observation": {"remainingOverageTime": 60, "index": 2}, "status": "DONE"}, {"action": "SOUTH", "reward": 7515, "info": {}, "observation": {"remainingOverageTime": 60, "index": 3}, "status": "ACTIVE"}], [{"action": "EAST", "reward": 7606, "info": {}, "observation": {"remainingOverageTime": 60, "step": 75, "geese": [[40, 39, 38, 37, 48, 49], [], [], [53, 42, 31, 30, 41, 52, 63, 64, 75, 74, 8, 7, 18, 17, 6]], "food": [71, 73], "index": 0}, "status": "ACTIVE"}, {"action": "NORTH", "reward": 401, "info": {}, "observation": {"remainingOverageTime": 60, "index": 1}, "status": "DONE"}, {"action": "NORTH", "reward": 901, "info": {}, "observation": {"remainingOverageTime": 60, "index": 2}, "status": "DONE"}, {"action": "SOUTH", "reward": 7615, "info": {}, "observation": {"remainingOverageTime": 60, "index": 3}, "status": "ACTIVE"}], [{"action": "SOUTH", "reward": 7706, "info": {}, "observation": {"remainingOverageTime": 60, "step": 76, "geese": [[51, 40, 39, 38, 37, 48], [], [], [54, 53, 42, 31, 30, 41, 52, 63, 64, 75, 74, 8, 7, 18, 17]], "food": [71, 73], "index": 0}, "status": "ACTIVE"}, {"action": "NORTH", "reward": 401, "info": {}, "observation": {"remainingOverageTime": 60, "index": 1}, "status": "DONE"}, {"action": "NORTH", "reward": 901, "info": {}, "observation": {"remainingOverageTime": 60, "index": 2}, "status": "DONE"}, {"action": "EAST", "reward": 7715, "info": {}, "observation": {"remainingOverageTime": 60, "index": 3}, "status": "ACTIVE"}], [{"action": "SOUTH", "reward": 7806, "info": {}, "observation": {"remainingOverageTime": 60, "step": 77, "geese": [[62, 51, 40, 39, 38, 37], [], [], [65, 54, 53, 42, 31, 30, 41, 52, 63, 64, 75, 74, 8, 7, 18]], "food": [71, 73], "index": 0}, "status": "ACTIVE"}, {"action": "NORTH", "reward": 401, "info": {}, "observation": {"remainingOverageTime": 60, "index": 1}, "status": "DONE"}, {"action": "NORTH", "reward": 901, "info": {}, "observation": {"remainingOverageTime": 60, "index": 2}, "status": "DONE"}, {"action": "SOUTH", "reward": 7815, "info": {}, "observation": {"remainingOverageTime": 60, "index": 3}, "status": "ACTIVE"}], [{"action": "SOUTH", "reward": 7907, "info": {}, "observation": {"remainingOverageTime": 60, "step": 78, "geese": [[73, 62, 51, 40, 39, 38, 37], [], [], [76, 65, 54, 53, 42, 31, 30, 41, 52, 63, 64, 75, 74, 8, 7]], "food": [71, 29], "index": 0}, "status": "ACTIVE"}, {"action": "NORTH", "reward": 401, "info": {}, "observation": {"remainingOverageTime": 60, "index": 1}, "status": "DONE"}, {"action": "NORTH", "reward": 901, "info": {}, "observation": {"remainingOverageTime": 60, "index": 2}, "status": "DONE"}, {"action": "SOUTH", "reward": 7915, "info": {}, "observation": {"remainingOverageTime": 60, "index": 3}, "status": "ACTIVE"}], [{"action": "WEST", "reward": 8007, "info": {}, "observation": {"remainingOverageTime": 60, "step": 79, "geese": [[72, 73, 62, 51, 40, 39, 38], [], [], [10, 76, 65, 54, 53, 42, 31, 30, 41, 52, 63, 64, 75, 74, 8]], "food": [71, 29], "index": 0}, "status": "ACTIVE"}, {"action": "NORTH", "reward": 401, "info": {}, "observation": {"remainingOverageTime": 60, "index": 1}, "status": "DONE"}, {"action": "NORTH", "reward": 901, "info": {}, "observation": {"remainingOverageTime": 60, "index": 2}, "status": "DONE"}, {"action": "SOUTH", "reward": 8015, "info": {}, "observation": {"remainingOverageTime": 60, "index": 3}, "status": "ACTIVE"}], [{"action": "WEST", "reward": 8107, "info": {}, "observation": {"remainingOverageTime": 60, "step": 80, "geese": [[71, 72, 73, 62, 51, 40, 39], [], [], [21, 10, 76, 65, 54, 53, 42, 31, 30, 41, 52, 63, 64, 75]], "food": [29, 28], "index": 0}, "status": "ACTIVE"}, {"action": "NORTH", "reward": 401, "info": {}, "observation": {"remainingOverageTime": 60, "index": 1}, "status": "DONE"}, {"action": "NORTH", "reward": 901, "info": {}, "observation": {"remainingOverageTime": 60, "index": 2}, "status": "DONE"}, {"action": "SOUTH", "reward": 8114, "info": {}, "observation": {"remainingOverageTime": 60, "index": 3}, "status": "ACTIVE"}], [{"action": "SOUTH", "reward": 8207, "info": {}, "observation": {"remainingOverageTime": 60, "step": 81, "geese": [[5, 71, 72, 73, 62, 51, 40], [], [], [32, 21, 10, 76, 65, 54, 53, 42, 31, 30, 41, 52, 63, 64]], "food": [29, 28], "index": 0}, "status": "ACTIVE"}, {"action": "NORTH", "reward": 401, "info": {}, "observation": {"remainingOverageTime": 60, "index": 1}, "status": "DONE"}, {"action": "NORTH", "reward": 901, "info": {}, "observation": {"remainingOverageTime": 60, "index": 2}, "status": "DONE"}, {"action": "SOUTH", "reward": 8214, "info": {}, "observation": {"remainingOverageTime": 60, "index": 3}, "status": "ACTIVE"}], [{"action": "EAST", "reward": 8307, "info": {}, "observation": {"remainingOverageTime": 60, "step": 82, "geese": [[6, 5, 71, 72, 73, 62, 51], [], [], [43, 32, 21, 10, 76, 65, 54, 53, 42, 31, 30, 41, 52, 63]], "food": [29, 28], "index": 0}, "status": "ACTIVE"}, {"action": "NORTH", "reward": 401, "info": {}, "observation": {"remainingOverageTime": 60, "index": 1}, "status": "DONE"}, {"action": "NORTH", "reward": 901, "info": {}, "observation": {"remainingOverageTime": 60, "index": 2}, "status": "DONE"}, {"action": "SOUTH", "reward": 8314, "info": {}, "observation": {"remainingOverageTime": 60, "index": 3}, "status": "ACTIVE"}], [{"action": "SOUTH", "reward": 8407, "info": {}, "observation": {"remainingOverageTime": 60, "step": 83, "geese": [[17, 6, 5, 71, 72, 73, 62], [], [], [33, 43, 32, 21, 10, 76, 65, 54, 53, 42, 31, 30, 41, 52]], "food": [29, 28], "index": 0}, "status": "ACTIVE"}, {"action": "NORTH", "reward": 401, "info": {}, "observation": {"remainingOverageTime": 60, "index": 1}, "status": "DONE"}, {"action": "NORTH", "reward": 901, "info": {}, "observation": {"remainingOverageTime": 60, "index": 2}, "status": "DONE"}, {"action": "EAST", "reward": 8414, "info": {}, "observation": {"remainingOverageTime": 60, "index": 3}, "status": "ACTIVE"}], [{"action": "SOUTH", "reward": 8508, "info": {}, "observation": {"remainingOverageTime": 60, "step": 84, "geese": [[28, 17, 6, 5, 71, 72, 73, 62], [], [], [22, 33, 43, 32, 21, 10, 76, 65, 54, 53, 42, 31, 30, 41]], "food": [29, 37], "index": 0}, "status": "ACTIVE"}, {"action": "NORTH", "reward": 401, "info": {}, "observation": {"remainingOverageTime": 60, "index": 1}, "status": "DONE"}, {"action": "NORTH", "reward": 901, "info": {}, "observation": {"remainingOverageTime": 60, "index": 2}, "status": "DONE"}, {"action": "NORTH", "reward": 8514, "info": {}, "observation": {"remainingOverageTime": 60, "index": 3}, "status": "ACTIVE"}], [{"action": "SOUTH", "reward": 8608, "info": {}, "observation": {"remainingOverageTime": 60, "step": 85, "geese": [[39, 28, 17, 6, 5, 71, 72, 73], [], [], [23, 22, 33, 43, 32, 21, 10, 76, 65, 54, 53, 42, 31, 30]], "food": [29, 37], "index": 0}, "status": "ACTIVE"}, {"action": "NORTH", "reward": 401, "info": {}, "observation": {"remainingOverageTime": 60, "index": 1}, "status": "DONE"}, {"action": "NORTH", "reward": 901, "info": {}, "observation": {"remainingOverageTime": 60, "index": 2}, "status": "DONE"}, {"action": "EAST", "reward": 8614, "info": {}, "observation": {"remainingOverageTime": 60, "index": 3}, "status": "ACTIVE"}], [{"action": "EAST", "reward": 8708, "info": {}, "observation": {"remainingOverageTime": 60, "step": 86, "geese": [[40, 39, 28, 17, 6, 5, 71, 72], [], [], [24, 23, 22, 33, 43, 32, 21, 10, 76, 65, 54, 53, 42, 31]], "food": [29, 37], "index": 0}, "status": "ACTIVE"}, {"action": "NORTH", "reward": 401, "info": {}, "observation": {"remainingOverageTime": 60, "index": 1}, "status": "DONE"}, {"action": "NORTH", "reward": 901, "info": {}, "observation": {"remainingOverageTime": 60, "index": 2}, "status": "DONE"}, {"action": "EAST", "reward": 8714, "info": {}, "observation": {"remainingOverageTime": 60, "index": 3}, "status": "ACTIVE"}], [{"action": "NORTH", "reward": 8809, "info": {}, "observation": {"remainingOverageTime": 60, "step": 87, "geese": [[29, 40, 39, 28, 17, 6, 5, 71, 72], [], [], [25, 24, 23, 22, 33, 43, 32, 21, 10, 76, 65, 54, 53, 42]], "food": [37, 11], "index": 0}, "status": "ACTIVE"}, {"action": "NORTH", "reward": 401, "info": {}, "observation": {"remainingOverageTime": 60, "index": 1}, "status": "DONE"}, {"action": "NORTH", "reward": 901, "info": {}, "observation": {"remainingOverageTime": 60, "index": 2}, "status": "DONE"}, {"action": "EAST", "reward": 8814, "info": {}, "observation": {"remainingOverageTime": 60, "index": 3}, "status": "ACTIVE"}], [{"action": "EAST", "reward": 8909, "info": {}, "observation": {"remainingOverageTime": 60, "step": 88, "geese": [[30, 29, 40, 39, 28, 17, 6, 5, 71], [], [], [26, 25, 24, 23, 22, 33, 43, 32, 21, 10, 76, 65, 54, 53]], "food": [37, 11], "index": 0}, "status": "ACTIVE"}, {"action": "NORTH", "reward": 401, "info": {}, "observation": {"remainingOverageTime": 60, "index": 1}, "status": "DONE"}, {"action": "NORTH", "reward": 901, "info": {}, "observation": {"remainingOverageTime": 60, "index": 2}, "status": "DONE"}, {"action": "EAST", "reward": 8914, "info": {}, "observation": {"remainingOverageTime": 60, "index": 3}, "status": "ACTIVE"}], [{"action": "SOUTH", "reward": 9009, "info": {}, "observation": {"remainingOverageTime": 60, "step": 89, "geese": [[41, 30, 29, 40, 39, 28, 17, 6, 5], [], [], [15, 26, 25, 24, 23, 22, 33, 43, 32, 21, 10, 76, 65, 54]], "food": [37, 11], "index": 0}, "status": "ACTIVE"}, {"action": "NORTH", "reward": 401, "info": {}, "observation": {"remainingOverageTime": 60, "index": 1}, "status": "DONE"}, {"action": "NORTH", "reward": 901, "info": {}, "observation": {"remainingOverageTime": 60, "index": 2}, "status": "DONE"}, {"action": "NORTH", "reward": 9014, "info": {}, "observation": {"remainingOverageTime": 60, "index": 3}, "status": "ACTIVE"}], [{"action": "EAST", "reward": 9109, "info": {}, "observation": {"remainingOverageTime": 60, "step": 90, "geese": [[42, 41, 30, 29, 40, 39, 28, 17, 6], [], [], [4, 15, 26, 25, 24, 23, 22, 33, 43, 32, 21, 10, 76, 65]], "food": [37, 11], "index": 0}, "status": "ACTIVE"}, {"action": "NORTH", "reward": 401, "info": {}, "observation": {"remainingOverageTime": 60, "index": 1}, "status": "DONE"}, {"action": "NORTH", "reward": 901, "info": {}, "observation": {"remainingOverageTime": 60, "index": 2}, "status": "DONE"}, {"action": "NORTH", "reward": 9114, "info": {}, "observation": {"remainingOverageTime": 60, "index": 3}, "status": "ACTIVE"}], [{"action": "NORTH", "reward": 9209, "info": {}, "observation": {"remainingOverageTime": 60, "step": 91, "geese": [[31, 42, 41, 30, 29, 40, 39, 28, 17], [], [], [70, 4, 15, 26, 25, 24, 23, 22, 33, 43, 32, 21, 10, 76]], "food": [37, 11], "index": 0}, "status": "ACTIVE"}, {"action": "NORTH", "reward": 401, "info": {}, "observation": {"remainingOverageTime": 60, "index": 1}, "status": "DONE"}, {"action": "NORTH", "reward": 901, "info": {}, "observation": {"remainingOverageTime": 60, "index": 2}, "status": "DONE"}, {"action": "NORTH", "reward": 9214, "info": {}, "observation": {"remainingOverageTime": 60, "index": 3}, "status": "ACTIVE"}], [{"action": "NORTH", "reward": 9309, "info": {}, "observation": {"remainingOverageTime": 60, "step": 92, "geese": [[20, 31, 42, 41, 30, 29, 40, 39, 28], [], [], [59, 70, 4, 15, 26, 25, 24, 23, 22, 33, 43, 32, 21, 10]], "food": [37, 11], "index": 0}, "status": "ACTIVE"}, {"action": "NORTH", "reward": 401, "info": {}, "observation": {"remainingOverageTime": 60, "index": 1}, "status": "DONE"}, {"action": "NORTH", "reward": 901, "info": {}, "observation": {"remainingOverageTime": 60, "index": 2}, "status": "DONE"}, {"action": "NORTH", "reward": 9314, "info": {}, "observation": {"remainingOverageTime": 60, "index": 3}, "status": "ACTIVE"}], [{"action": "WEST", "reward": 9409, "info": {}, "observation": {"remainingOverageTime": 60, "step": 93, "geese": [[19, 20, 31, 42, 41, 30, 29, 40, 39], [], [], [48, 59, 70, 4, 15, 26, 25, 24, 23, 22, 33, 43, 32, 21]], "food": [37, 11], "index": 0}, "status": "ACTIVE"}, {"action": "NORTH", "reward": 401, "info": {}, "observation": {"remainingOverageTime": 60, "index": 1}, "status": "DONE"}, {"action": "NORTH", "reward": 901, "info": {}, "observation": {"remainingOverageTime": 60, "index": 2}, "status": "DONE"}, {"action": "NORTH", "reward": 9414, "info": {}, "observation": {"remainingOverageTime": 60, "index": 3}, "status": "ACTIVE"}], [{"action": "WEST", "reward": 9509, "info": {}, "observation": {"remainingOverageTime": 60, "step": 94, "geese": [[18, 19, 20, 31, 42, 41, 30, 29, 40], [], [], [37, 48, 59, 70, 4, 15, 26, 25, 24, 23, 22, 33, 43, 32, 21]], "food": [11, 16], "index": 0}, "status": "ACTIVE"}, {"action": "NORTH", "reward": 401, "info": {}, "observation": {"remainingOverageTime": 60, "index": 1}, "status": "DONE"}, {"action": "NORTH", "reward": 901, "info": {}, "observation": {"remainingOverageTime": 60, "index": 2}, "status": "DONE"}, {"action": "NORTH", "reward": 9515, "info": {}, "observation": {"remainingOverageTime": 60, "index": 3}, "status": "ACTIVE"}], [{"action": "WEST", "reward": 9609, "info": {}, "observation": {"remainingOverageTime": 60, "step": 95, "geese": [[17, 18, 19, 20, 31, 42, 41, 30, 29], [], [], [38, 37, 48, 59, 70, 4, 15, 26, 25, 24, 23, 22, 33, 43, 32]], "food": [11, 16], "index": 0}, "status": "ACTIVE"}, {"action": "NORTH", "reward": 401, "info": {}, "observation": {"remainingOverageTime": 60, "index": 1}, "status": "DONE"}, {"action": "NORTH", "reward": 901, "info": {}, "observation": {"remainingOverageTime": 60, "index": 2}, "status": "DONE"}, {"action": "EAST", "reward": 9615, "info": {}, "observation": {"remainingOverageTime": 60, "index": 3}, "status": "ACTIVE"}], [{"action": "WEST", "reward": 9710, "info": {}, "observation": {"remainingOverageTime": 60, "step": 96, "geese": [[16, 17, 18, 19, 20, 31, 42, 41, 30, 29], [], [], [27, 38, 37, 48, 59, 70, 4, 15, 26, 25, 24, 23, 22, 33, 43]], "food": [11, 28], "index": 0}, "status": "ACTIVE"}, {"action": "NORTH", "reward": 401, "info": {}, "observation": {"remainingOverageTime": 60, "index": 1}, "status": "DONE"}, {"action": "NORTH", "reward": 901, "info": {}, "observation": {"remainingOverageTime": 60, "index": 2}, "status": "DONE"}, {"action": "NORTH", "reward": 9715, "info": {}, "observation": {"remainingOverageTime": 60, "index": 3}, "status": "ACTIVE"}], [{"action": "NORTH", "reward": 9810, "info": {}, "observation": {"remainingOverageTime": 60, "step": 97, "geese": [[5, 16, 17, 18, 19, 20, 31, 42, 41, 30], [], [], [28, 27, 38, 37, 48, 59, 70, 4, 15, 26, 25, 24, 23, 22, 33, 43]], "food": [11, 12], "index": 0}, "status": "ACTIVE"}, {"action": "NORTH", "reward": 401, "info": {}, "observation": {"remainingOverageTime": 60, "index": 1}, "status": "DONE"}, {"action": "NORTH", "reward": 901, "info": {}, "observation": {"remainingOverageTime": 60, "index": 2}, "status": "DONE"}, {"action": "EAST", "reward": 9816, "info": {}, "observation": {"remainingOverageTime": 60, "index": 3}, "status": "ACTIVE"}], [{"action": "EAST", "reward": 9910, "info": {}, "observation": {"remainingOverageTime": 60, "step": 98, "geese": [[6, 5, 16, 17, 18, 19, 20, 31, 42, 41], [], [], [29, 28, 27, 38, 37, 48, 59, 70, 4, 15, 26, 25, 24, 23, 22, 33]], "food": [11, 12], "index": 0}, "status": "ACTIVE"}, {"action": "NORTH", "reward": 401, "info": {}, "observation": {"remainingOverageTime": 60, "index": 1}, "status": "DONE"}, {"action": "NORTH", "reward": 901, "info": {}, "observation": {"remainingOverageTime": 60, "index": 2}, "status": "DONE"}, {"action": "EAST", "reward": 9916, "info": {}, "observation": {"remainingOverageTime": 60, "index": 3}, "status": "ACTIVE"}], [{"action": "EAST", "reward": 10010, "info": {}, "observation": {"remainingOverageTime": 60, "step": 99, "geese": [[7, 6, 5, 16, 17, 18, 19, 20, 31, 42], [], [], [30, 29, 28, 27, 38, 37, 48, 59, 70, 4, 15, 26, 25, 24, 23, 22]], "food": [11, 12], "index": 0}, "status": "ACTIVE"}, {"action": "NORTH", "reward": 401, "info": {}, "observation": {"remainingOverageTime": 60, "index": 1}, "status": "DONE"}, {"action": "NORTH", "reward": 901, "info": {}, "observation": {"remainingOverageTime": 60, "index": 2}, "status": "DONE"}, {"action": "EAST", "reward": 10016, "info": {}, "observation": {"remainingOverageTime": 60, "index": 3}, "status": "ACTIVE"}], [{"action": "EAST", "reward": 10110, "info": {}, "observation": {"remainingOverageTime": 60, "step": 100, "geese": [[8, 7, 6, 5, 16, 17, 18, 19, 20, 31], [], [], [41, 30, 29, 28, 27, 38, 37, 48, 59, 70, 4, 15, 26, 25, 24, 23]], "food": [11, 12], "index": 0}, "status": "ACTIVE"}, {"action": "NORTH", "reward": 401, "info": {}, "observation": {"remainingOverageTime": 60, "index": 1}, "status": "DONE"}, {"action": "NORTH", "reward": 901, "info": {}, "observation": {"remainingOverageTime": 60, "index": 2}, "status": "DONE"}, {"action": "SOUTH", "reward": 10116, "info": {}, "observation": {"remainingOverageTime": 60, "index": 3}, "status": "ACTIVE"}], [{"action": "EAST", "reward": 10210, "info": {}, "observation": {"remainingOverageTime": 60, "step": 101, "geese": [[9, 8, 7, 6, 5, 16, 17, 18, 19, 20], [], [], [40, 41, 30, 29, 28, 27, 38, 37, 48, 59, 70, 4, 15, 26, 25, 24]], "food": [11, 12], "index": 0}, "status": "ACTIVE"}, {"action": "NORTH", "reward": 401, "info": {}, "observation": {"remainingOverageTime": 60, "index": 1}, "status": "DONE"}, {"action": "NORTH", "reward": 901, "info": {}, "observation": {"remainingOverageTime": 60, "index": 2}, "status": "DONE"}, {"action": "WEST", "reward": 10216, "info": {}, "observation": {"remainingOverageTime": 60, "index": 3}, "status": "ACTIVE"}], [{"action": "SOUTH", "reward": 10310, "info": {}, "observation": {"remainingOverageTime": 60, "step": 102, "geese": [[20, 9, 8, 7, 6, 5, 16, 17, 18, 19], [], [], [39, 40, 41, 30, 29, 28, 27, 38, 37, 48, 59, 70, 4, 15, 26, 25]], "food": [11, 12], "index": 0}, "status": "ACTIVE"}, {"action": "NORTH", "reward": 401, "info": {}, "observation": {"remainingOverageTime": 60, "index": 1}, "status": "DONE"}, {"action": "NORTH", "reward": 901, "info": {}, "observation": {"remainingOverageTime": 60, "index": 2}, "status": "DONE"}, {"action": "WEST", "reward": 10316, "info": {}, "observation": {"remainingOverageTime": 60, "index": 3}, "status": "ACTIVE"}], [{"action": "WEST", "reward": 10410, "info": {}, "observation": {"remainingOverageTime": 60, "step": 103, "geese": [[19, 20, 9, 8, 7, 6, 5, 16, 17, 18], [], [], [50, 39, 40, 41, 30, 29, 28, 27, 38, 37, 48, 59, 70, 4, 15, 26]], "food": [11, 12], "index": 0}, "status": "ACTIVE"}, {"action": "NORTH", "reward": 401, "info": {}, "observation": {"remainingOverageTime": 60, "index": 1}, "status": "DONE"}, {"action": "NORTH", "reward": 901, "info": {}, "observation": {"remainingOverageTime": 60, "index": 2}, "status": "DONE"}, {"action": "SOUTH", "reward": 10416, "info": {}, "observation": {"remainingOverageTime": 60, "index": 3}, "status": "ACTIVE"}], [{"action": "WEST", "reward": 10510, "info": {}, "observation": {"remainingOverageTime": 60, "step": 104, "geese": [[18, 19, 20, 9, 8, 7, 6, 5, 16, 17], [], [], [49, 50, 39, 40, 41, 30, 29, 28, 27, 38, 37, 48, 59, 70, 4, 15]], "food": [11, 12], "index": 0}, "status": "ACTIVE"}, {"action": "NORTH", "reward": 401, "info": {}, "observation": {"remainingOverageTime": 60, "index": 1}, "status": "DONE"}, {"action": "NORTH", "reward": 901, "info": {}, "observation": {"remainingOverageTime": 60, "index": 2}, "status": "DONE"}, {"action": "WEST", "reward": 10516, "info": {}, "observation": {"remainingOverageTime": 60, "index": 3}, "status": "ACTIVE"}], [{"action": "WEST", "reward": 10610, "info": {}, "observation": {"remainingOverageTime": 60, "step": 105, "geese": [[17, 18, 19, 20, 9, 8, 7, 6, 5, 16], [], [], [60, 49, 50, 39, 40, 41, 30, 29, 28, 27, 38, 37, 48, 59, 70, 4]], "food": [11, 12], "index": 0}, "status": "ACTIVE"}, {"action": "NORTH", "reward": 401, "info": {}, "observation": {"remainingOverageTime": 60, "index": 1}, "status": "DONE"}, {"action": "NORTH", "reward": 901, "info": {}, "observation": {"remainingOverageTime": 60, "index": 2}, "status": "DONE"}, {"action": "SOUTH", "reward": 10616, "info": {}, "observation": {"remainingOverageTime": 60, "index": 3}, "status": "ACTIVE"}], [{"action": "WEST", "reward": 10710, "info": {}, "observation": {"remainingOverageTime": 60, "step": 106, "geese": [[16, 17, 18, 19, 20, 9, 8, 7, 6, 5], [], [], [61, 60, 49, 50, 39, 40, 41, 30, 29, 28, 27, 38, 37, 48, 59, 70]], "food": [11, 12], "index": 0}, "status": "ACTIVE"}, {"action": "NORTH", "reward": 401, "info": {}, "observation": {"remainingOverageTime": 60, "index": 1}, "status": "DONE"}, {"action": "NORTH", "reward": 901, "info": {}, "observation": {"remainingOverageTime": 60, "index": 2}, "status": "DONE"}, {"action": "EAST", "reward": 10716, "info": {}, "observation": {"remainingOverageTime": 60, "index": 3}, "status": "ACTIVE"}], [{"action": "WEST", "reward": 10810, "info": {}, "observation": {"remainingOverageTime": 60, "step": 107, "geese": [[15, 16, 17, 18, 19, 20, 9, 8, 7, 6], [], [], [62, 61, 60, 49, 50, 39, 40, 41, 30, 29, 28, 27, 38, 37, 48, 59]], "food": [11, 12], "index": 0}, "status": "ACTIVE"}, {"action": "NORTH", "reward": 401, "info": {}, "observation": {"remainingOverageTime": 60, "index": 1}, "status": "DONE"}, {"action": "NORTH", "reward": 901, "info": {}, "observation": {"remainingOverageTime": 60, "index": 2}, "status": "DONE"}, {"action": "EAST", "reward": 10816, "info": {}, "observation": {"remainingOverageTime": 60, "index": 3}, "status": "ACTIVE"}], [{"action": "WEST", "reward": 10910, "info": {}, "observation": {"remainingOverageTime": 60, "step": 108, "geese": [[14, 15, 16, 17, 18, 19, 20, 9, 8, 7], [], [], [51, 62, 61, 60, 49, 50, 39, 40, 41, 30, 29, 28, 27, 38, 37, 48]], "food": [11, 12], "index": 0}, "status": "ACTIVE"}, {"action": "NORTH", "reward": 401, "info": {}, "observation": {"remainingOverageTime": 60, "index": 1}, "status": "DONE"}, {"action": "NORTH", "reward": 901, "info": {}, "observation": {"remainingOverageTime": 60, "index": 2}, "status": "DONE"}, {"action": "NORTH", "reward": 10916, "info": {}, "observation": {"remainingOverageTime": 60, "index": 3}, "status": "ACTIVE"}], [{"action": "WEST", "reward": 11010, "info": {}, "observation": {"remainingOverageTime": 60, "step": 109, "geese": [[13, 14, 15, 16, 17, 18, 19, 20, 9, 8], [], [], [52, 51, 62, 61, 60, 49, 50, 39, 40, 41, 30, 29, 28, 27, 38, 37]], "food": [11, 12], "index": 0}, "status": "ACTIVE"}, {"action": "NORTH", "reward": 401, "info": {}, "observation": {"remainingOverageTime": 60, "index": 1}, "status": "DONE"}, {"action": "NORTH", "reward": 901, "info": {}, "observation": {"remainingOverageTime": 60, "index": 2}, "status": "DONE"}, {"action": "EAST", "reward": 11016, "info": {}, "observation": {"remainingOverageTime": 60, "index": 3}, "status": "ACTIVE"}], [{"action": "WEST", "reward": 11111, "info": {}, "observation": {"remainingOverageTime": 60, "step": 110, "geese": [[12, 13, 14, 15, 16, 17, 18, 19, 20, 9, 8], [], [], [53, 52, 51, 62, 61, 60, 49, 50, 39, 40, 41, 30, 29, 28, 27, 38]], "food": [11, 67], "index": 0}, "status": "ACTIVE"}, {"action": "NORTH", "reward": 401, "info": {}, "observation": {"remainingOverageTime": 60, "index": 1}, "status": "DONE"}, {"action": "NORTH", "reward": 901, "info": {}, "observation": {"remainingOverageTime": 60, "index": 2}, "status": "DONE"}, {"action": "EAST", "reward": 11116, "info": {}, "observation": {"remainingOverageTime": 60, "index": 3}, "status": "ACTIVE"}], [{"action": "WEST", "reward": 11212, "info": {}, "observation": {"remainingOverageTime": 60, "step": 111, "geese": [[11, 12, 13, 14, 15, 16, 17, 18, 19, 20, 9, 8], [], [], [64, 53, 52, 51, 62, 61, 60, 49, 50, 39, 40, 41, 30, 29, 28, 27]], "food": [67, 57], "index": 0}, "status": "ACTIVE"}, {"action": "NORTH", "reward": 401, "info": {}, "observation": {"remainingOverageTime": 60, "index": 1}, "status": "DONE"}, {"action": "NORTH", "reward": 901, "info": {}, "observation": {"remainingOverageTime": 60, "index": 2}, "status": "DONE"}, {"action": "SOUTH", "reward": 11216, "info": {}, "observation": {"remainingOverageTime": 60, "index": 3}, "status": "ACTIVE"}], [{"action": "SOUTH", "reward": 11312, "info": {}, "observation": {"remainingOverageTime": 60, "step": 112, "geese": [[22, 11, 12, 13, 14, 15, 16, 17, 18, 19, 20, 9], [], [], [63, 64, 53, 52, 51, 62, 61, 60, 49, 50, 39, 40, 41, 30, 29, 28]], "food": [67, 57], "index": 0}, "status": "ACTIVE"}, {"action": "NORTH", "reward": 401, "info": {}, "observation": {"remainingOverageTime": 60, "index": 1}, "status": "DONE"}, {"action": "NORTH", "reward": 901, "info": {}, "observation": {"remainingOverageTime": 60, "index": 2}, "status": "DONE"}, {"action": "WEST", "reward": 11316, "info": {}, "observation": {"remainingOverageTime": 60, "index": 3}, "status": "ACTIVE"}], [{"action": "EAST", "reward": 11412, "info": {}, "observation": {"remainingOverageTime": 60, "step": 113, "geese": [[23, 22, 11, 12, 13, 14, 15, 16, 17, 18, 19, 20], [], [], [74, 63, 64, 53, 52, 51, 62, 61, 60, 49, 50, 39, 40, 41, 30, 29]], "food": [67, 57], "index": 0}, "status": "ACTIVE"}, {"action": "NORTH", "reward": 401, "info": {}, "observation": {"remainingOverageTime": 60, "index": 1}, "status": "DONE"}, {"action": "NORTH", "reward": 901, "info": {}, "observation": {"remainingOverageTime": 60, "index": 2}, "status": "DONE"}, {"action": "SOUTH", "reward": 11416, "info": {}, "observation": {"remainingOverageTime": 60, "index": 3}, "status": "ACTIVE"}], [{"action": "EAST", "reward": 11512, "info": {}, "observation": {"remainingOverageTime": 60, "step": 114, "geese": [[24, 23, 22, 11, 12, 13, 14, 15, 16, 17, 18, 19], [], [], [73, 74, 63, 64, 53, 52, 51, 62, 61, 60, 49, 50, 39, 40, 41, 30]], "food": [67, 57], "index": 0}, "status": "ACTIVE"}, {"action": "NORTH", "reward": 401, "info": {}, "observation": {"remainingOverageTime": 60, "index": 1}, "status": "DONE"}, {"action": "NORTH", "reward": 901, "info": {}, "observation": {"remainingOverageTime": 60, "index": 2}, "status": "DONE"}, {"action": "WEST", "reward": 11516, "info": {}, "observation": {"remainingOverageTime": 60, "index": 3}, "status": "ACTIVE"}], [{"action": "SOUTH", "reward": 11612, "info": {}, "observation": {"remainingOverageTime": 60, "step": 115, "geese": [[35, 24, 23, 22, 11, 12, 13, 14, 15, 16, 17, 18], [], [], [72, 73, 74, 63, 64, 53, 52, 51, 62, 61, 60, 49, 50, 39, 40, 41]], "food": [67, 57], "index": 0}, "status": "ACTIVE"}, {"action": "NORTH", "reward": 401, "info": {}, "observation": {"remainingOverageTime": 60, "index": 1}, "status": "DONE"}, {"action": "NORTH", "reward": 901, "info": {}, "observation": {"remainingOverageTime": 60, "index": 2}, "status": "DONE"}, {"action": "WEST", "reward": 11616, "info": {}, "observation": {"remainingOverageTime": 60, "index": 3}, "status": "ACTIVE"}], [{"action": "SOUTH", "reward": 11712, "info": {}, "observation": {"remainingOverageTime": 60, "step": 116, "geese": [[46, 35, 24, 23, 22, 11, 12, 13, 14, 15, 16, 17], [], [], [71, 72, 73, 74, 63, 64, 53, 52, 51, 62, 61, 60, 49, 50, 39, 40]], "food": [67, 57], "index": 0}, "status": "ACTIVE"}, {"action": "NORTH", "reward": 401, "info": {}, "observation": {"remainingOverageTime": 60, "index": 1}, "status": "DONE"}, {"action": "NORTH", "reward": 901, "info": {}, "observation": {"remainingOverageTime": 60, "index": 2}, "status": "DONE"}, {"action": "WEST", "reward": 11716, "info": {}, "observation": {"remainingOverageTime": 60, "index": 3}, "status": "ACTIVE"}], [{"action": "SOUTH", "reward": 11813, "info": {}, "observation": {"remainingOverageTime": 60, "step": 117, "geese": [[57, 46, 35, 24, 23, 22, 11, 12, 13, 14, 15, 16, 17], [], [], [70, 71, 72, 73, 74, 63, 64, 53, 52, 51, 62, 61, 60, 49, 50, 39]], "food": [67, 43], "index": 0}, "status": "ACTIVE"}, {"action": "NORTH", "reward": 401, "info": {}, "observation": {"remainingOverageTime": 60, "index": 1}, "status": "DONE"}, {"action": "NORTH", "reward": 901, "info": {}, "observation": {"remainingOverageTime": 60, "index": 2}, "status": "DONE"}, {"action": "WEST", "reward": 11816, "info": {}, "observation": {"remainingOverageTime": 60, "index": 3}, "status": "ACTIVE"}], [{"action": "SOUTH", "reward": 11913, "info": {}, "observation": {"remainingOverageTime": 60, "step": 118, "geese": [[68, 57, 46, 35, 24, 23, 22, 11, 12, 13, 14, 15, 16], [], [], [69, 70, 71, 72, 73, 74, 63, 64, 53, 52, 51, 62, 61, 60, 49, 50]], "food": [67, 43], "index": 0}, "status": "ACTIVE"}, {"action": "NORTH", "reward": 401, "info": {}, "observation": {"remainingOverageTime": 60, "index": 1}, "status": "DONE"}, {"action": "NORTH", "reward": 901, "info": {}, "observation": {"remainingOverageTime": 60, "index": 2}, "status": "DONE"}, {"action": "WEST", "reward": 11916, "info": {}, "observation": {"remainingOverageTime": 60, "index": 3}, "status": "ACTIVE"}], [{"action": "WEST", "reward": 12014, "info": {}, "observation": {"remainingOverageTime": 60, "step": 119, "geese": [[67, 68, 57, 46, 35, 24, 23, 22, 11, 12, 13, 14, 15, 16], [], [], [58, 69, 70, 71, 72, 73, 74, 63, 64, 53, 52, 51, 62, 61, 60, 49]], "food": [43, 18], "index": 0}, "status": "ACTIVE"}, {"action": "NORTH", "reward": 401, "info": {}, "observation": {"remainingOverageTime": 60, "index": 1}, "status": "DONE"}, {"action": "NORTH", "reward": 901, "info": {}, "observation": {"remainingOverageTime": 60, "index": 2}, "status": "DONE"}, {"action": "NORTH", "reward": 12016, "info": {}, "observation": {"remainingOverageTime": 60, "index": 3}, "status": "ACTIVE"}], [{"action": "SOUTH", "reward": 12113, "info": {}, "observation": {"remainingOverageTime": 60, "step": 120, "geese": [[1, 67, 68, 57, 46, 35, 24, 23, 22, 11, 12, 13, 14], [], [], [47, 58, 69, 70, 71, 72, 73, 74, 63, 64, 53, 52, 51, 62, 61]], "food": [43, 18], "index": 0}, "status": "ACTIVE"}, {"action": "NORTH", "reward": 401, "info": {}, "observation": {"remainingOverageTime": 60, "index": 1}, "status": "DONE"}, {"action": "NORTH", "reward": 901, "info": {}, "observation": {"remainingOverageTime": 60, "index": 2}, "status": "DONE"}, {"action": "NORTH", "reward": 12115, "info": {}, "observation": {"remainingOverageTime": 60, "index": 3}, "status": "ACTIVE"}], [{"action": "EAST", "reward": 12213, "info": {}, "observation": {"remainingOverageTime": 60, "step": 121, "geese": [[2, 1, 67, 68, 57, 46, 35, 24, 23, 22, 11, 12, 13], [], [], [36, 47, 58, 69, 70, 71, 72, 73, 74, 63, 64, 53, 52, 51, 62]], "food": [43, 18], "index": 0}, "status": "ACTIVE"}, {"action": "NORTH", "reward": 401, "info": {}, "observation": {"remainingOverageTime": 60, "index": 1}, "status": "DONE"}, {"action": "NORTH", "reward": 901, "info": {}, "observation": {"remainingOverageTime": 60, "index": 2}, "status": "DONE"}, {"action": "NORTH", "reward": 12215, "info": {}, "observation": {"remainingOverageTime": 60, "index": 3}, "status": "ACTIVE"}], [{"action": "EAST", "reward": 12313, "info": {}, "observation": {"remainingOverageTime": 60, "step": 122, "geese": [[3, 2, 1, 67, 68, 57, 46, 35, 24, 23, 22, 11, 12], [], [], [25, 36, 47, 58, 69, 70, 71, 72, 73, 74, 63, 64, 53, 52, 51]], "food": [43, 18], "index": 0}, "status": "ACTIVE"}, {"action": "NORTH", "reward": 401, "info": {}, "observation": {"remainingOverageTime": 60, "index": 1}, "status": "DONE"}, {"action": "NORTH", "reward": 901, "info": {}, "observation": {"remainingOverageTime": 60, "index": 2}, "status": "DONE"}, {"action": "NORTH", "reward": 12315, "info": {}, "observation": {"remainingOverageTime": 60, "index": 3}, "status": "ACTIVE"}], [{"action": "EAST", "reward": 12413, "info": {}, "observation": {"remainingOverageTime": 60, "step": 123, "geese": [[4, 3, 2, 1, 67, 68, 57, 46, 35, 24, 23, 22, 11], [], [], [14, 25, 36, 47, 58, 69, 70, 71, 72, 73, 74, 63, 64, 53, 52]], "food": [43, 18], "index": 0}, "status": "ACTIVE"}, {"action": "NORTH", "reward": 401, "info": {}, "observation": {"remainingOverageTime": 60, "index": 1}, "status": "DONE"}, {"action": "NORTH", "reward": 901, "info": {}, "observation": {"remainingOverageTime": 60, "index": 2}, "status": "DONE"}, {"action": "NORTH", "reward": 12415, "info": {}, "observation": {"remainingOverageTime": 60, "index": 3}, "status": "ACTIVE"}], [{"action": "EAST", "reward": 12513, "info": {}, "observation": {"remainingOverageTime": 60, "step": 124, "geese": [[5, 4, 3, 2, 1, 67, 68, 57, 46, 35, 24, 23, 22], [], [], [15, 14, 25, 36, 47, 58, 69, 70, 71, 72, 73, 74, 63, 64, 53]], "food": [43, 18], "index": 0}, "status": "ACTIVE"}, {"action": "NORTH", "reward": 401, "info": {}, "observation": {"remainingOverageTime": 60, "index": 1}, "status": "DONE"}, {"action": "NORTH", "reward": 901, "info": {}, "observation": {"remainingOverageTime": 60, "index": 2}, "status": "DONE"}, {"action": "EAST", "reward": 12515, "info": {}, "observation": {"remainingOverageTime": 60, "index": 3}, "status": "ACTIVE"}], [{"action": "EAST", "reward": 12613, "info": {}, "observation": {"remainingOverageTime": 60, "step": 125, "geese": [[6, 5, 4, 3, 2, 1, 67, 68, 57, 46, 35, 24, 23], [], [], [16, 15, 14, 25, 36, 47, 58, 69, 70, 71, 72, 73, 74, 63, 64]], "food": [43, 18], "index": 0}, "status": "ACTIVE"}, {"action": "NORTH", "reward": 401, "info": {}, "observation": {"remainingOverageTime": 60, "index": 1}, "status": "DONE"}, {"action": "NORTH", "reward": 901, "info": {}, "observation": {"remainingOverageTime": 60, "index": 2}, "status": "DONE"}, {"action": "EAST", "reward": 12615, "info": {}, "observation": {"remainingOverageTime": 60, "index": 3}, "status": "ACTIVE"}], [{"action": "EAST", "reward": 12713, "info": {}, "observation": {"remainingOverageTime": 60, "step": 126, "geese": [[7, 6, 5, 4, 3, 2, 1, 67, 68, 57, 46, 35, 24], [], [], [17, 16, 15, 14, 25, 36, 47, 58, 69, 70, 71, 72, 73, 74, 63]], "food": [43, 18], "index": 0}, "status": "ACTIVE"}, {"action": "NORTH", "reward": 401, "info": {}, "observation": {"remainingOverageTime": 60, "index": 1}, "status": "DONE"}, {"action": "NORTH", "reward": 901, "info": {}, "observation": {"remainingOverageTime": 60, "index": 2}, "status": "DONE"}, {"action": "EAST", "reward": 12715, "info": {}, "observation": {"remainingOverageTime": 60, "index": 3}, "status": "ACTIVE"}], [{"action": "EAST", "reward": 12813, "info": {}, "observation": {"remainingOverageTime": 60, "step": 127, "geese": [[8, 7, 6, 5, 4, 3, 2, 1, 67, 68, 57, 46, 35], [], [], [18, 17, 16, 15, 14, 25, 36, 47, 58, 69, 70, 71, 72, 73, 74, 63]], "food": [43, 21], "index": 0}, "status": "ACTIVE"}, {"action": "NORTH", "reward": 401, "info": {}, "observation": {"remainingOverageTime": 60, "index": 1}, "status": "DONE"}, {"action": "NORTH", "reward": 901, "info": {}, "observation": {"remainingOverageTime": 60, "index": 2}, "status": "DONE"}, {"action": "EAST", "reward": 12816, "info": {}, "observation": {"remainingOverageTime": 60, "index": 3}, "status": "ACTIVE"}], [{"action": "EAST", "reward": 12913, "info": {}, "observation": {"remainingOverageTime": 60, "step": 128, "geese": [[9, 8, 7, 6, 5, 4, 3, 2, 1, 67, 68, 57, 46], [], [], [19, 18, 17, 16, 15, 14, 25, 36, 47, 58, 69, 70, 71, 72, 73, 74]], "food": [43, 21], "index": 0}, "status": "ACTIVE"}, {"action": "NORTH", "reward": 401, "info": {}, "observation": {"remainingOverageTime": 60, "index": 1}, "status": "DONE"}, {"action": "NORTH", "reward": 901, "info": {}, "observation": {"remainingOverageTime": 60, "index": 2}, "status": "DONE"}, {"action": "EAST", "reward": 12916, "info": {}, "observation": {"remainingOverageTime": 60, "index": 3}, "status": "ACTIVE"}], [{"action": "EAST", "reward": 13013, "info": {}, "observation": {"remainingOverageTime": 60, "step": 129, "geese": [[10, 9, 8, 7, 6, 5, 4, 3, 2, 1, 67, 68, 57], [], [], [20, 19, 18, 17, 16, 15, 14, 25, 36, 47, 58, 69, 70, 71, 72, 73]], "food": [43, 21], "index": 0}, "status": "ACTIVE"}, {"action": "NORTH", "reward": 401, "info": {}, "observation": {"remainingOverageTime": 60, "index": 1}, "status": "DONE"}, {"action": "NORTH", "reward": 901, "info": {}, "observation": {"remainingOverageTime": 60, "index": 2}, "status": "DONE"}, {"action": "EAST", "reward": 13016, "info": {}, "observation": {"remainingOverageTime": 60, "index": 3}, "status": "ACTIVE"}], [{"action": "SOUTH", "reward": 13013, "info": {}, "observation": {"remainingOverageTime": 60, "step": 130, "geese": [[], [], [], []], "food": [43, 28], "index": 0}, "status": "DONE"}, {"action": "NORTH", "reward": 401, "info": {}, "observation": {"remainingOverageTime": 60, "index": 1}, "status": "DONE"}, {"action": "NORTH", "reward": 901, "info": {}, "observation": {"remainingOverageTime": 60, "index": 2}, "status": "DONE"}, {"action": "EAST", "reward": 13016, "info": {}, "observation": {"remainingOverageTime": 60, "index": 3}, "status": "DONE"}]], "rewards": [13013, 401, 901, 13016], "statuses": ["DONE", "DONE", "DONE", "DONE"], "schema_version": 1, "info": {}}