{"id": "582315a0-db08-11ee-b332-0242ac1c000c", "name": "hungry_geese", "title": "Hungry Geese", "description": "Similar to the classic snake game with multiple players", "version": "1.0.0", "configuration": {"episodeSteps": 200, "actTimeout": 1, "runTimeout": 1200, "columns": 11, "rows": 7, "hunger_rate": 40, "min_food": 2, "max_length": 99}, "specification": {"action": {"description": "Direction to move the head of your players goose.", "type": "string", "enum": ["NORTH", "EAST", "SOUTH", "WEST"], "default": "NORTH"}, "agents": [1, 2, 3, 4, 5, 6, 7, 8], "configuration": {"episodeSteps": {"description": "Maximum number of steps in the episode.", "type": "integer", "minimum": 1, "default": 200}, "actTimeout": {"description": "Maximum runtime (seconds) to obtain an action from an agent.", "type": "number", "minimum": 0, "default": 1}, "runTimeout": {"description": "Maximum runtime (seconds) of an episode (not necessarily DONE).", "type": "number", "minimum": 0, "default": 1200}, "columns": {"description": "Horizontal number of cells on the board.", "type": "integer", "default": 11, "minimum": 3}, "rows": {"description": "Vertical number of cells on the board.", "type": "integer", "default": 7, "minimum": 3}, "hunger_rate": {"description": "The number of steps before the goose shrinks a cell.", "type": "integer", "minimum": 1, "default": 40}, "min_food": {"description": "The minimum amount of food present for all steps.", "type": "integer", "default": 2, "minimum": 1}, "max_length": {"description": "The max length any goose can be. Total reward = (max length + 1) * steps survived + goose length.", "type": "integer", "default": 99}}, "info": {}, "observation": {"remainingOverageTime": {"description": "Total remaining banked time (seconds) that can be used in excess of per-step actTimeouts -- agent is disqualified with TIMEOUT status when this drops below 0.", "shared": false, "type": "number", "minimum": 0, "default": 60}, "step": {"description": "Current step within the episode.", "type": "integer", "shared": true, "minimum": 0, "default": 0}, "geese": {"description": "List of geese in order by the agent index.", "type": "array", "default": [], "shared": true}, "food": {"description": "Positions on the board where food is present.", "type": "array", "default": [], "shared": true}, "index": {"description": "Index of the current agent's goose in the list of geese.", "type": "integer", "minimum": 0, "defaults": [0, 1, 2, 3, 4, 5, 6, 7]}}, "reward": {"description": "steps survived * (max goose length + 1) + current goose length.", "type": ["number", "null"], "default": 0, "minimum": 0}}, "steps": [[{"action": "NORTH", "reward": 0, "info": {}, "observation": {"remainingOverageTime": 60, "step": 0, "geese": [[69], [30], [58], [10]], "food": [23, 6], "index": 0}, "status": "ACTIVE"}, {"action": "NORTH", "reward": 0, "info": {}, "observation": {"remainingOverageTime": 60, "index": 1}, "status": "ACTIVE"}, {"action": "NORTH", "reward": 0, "info": {}, "observation": {"remainingOverageTime": 60, "index": 2}, "status": "ACTIVE"}, {"action": "NORTH", "reward": 0, "info": {}, "observation": {"remainingOverageTime": 60, "index": 3}, "status": "ACTIVE"}], [{"action": "NORTH", "reward": 201, "info": {}, "observation": {"remainingOverageTime": 60, "step": 1, "geese": [[58], [19], [47], [0]], "food": [23, 6], "index": 0}, "status": "ACTIVE"}, {"action": "NORTH", "reward": 201, "info": {}, "observation": {"remainingOverageTime": 60, "index": 1}, "status": "ACTIVE"}, {"action": "NORTH", "reward": 201, "info": {}, "observation": {"remainingOverageTime": 60, "index": 2}, "status": "ACTIVE"}, {"action": "EAST", "reward": 201, "info": {}, "observation": {"remainingOverageTime": 60, "index": 3}, "status": "ACTIVE"}], [{"action": "NORTH", "reward": 301, "info": {}, "observation": {"remainingOverageTime": 60, "step": 2, "geese": [[47], [8], [36], [1]], "food": [23, 6], "index": 0}, "status": "ACTIVE"}, {"action": "NORTH", "reward": 301, "info": {}, "observation": {"remainingOverageTime": 60, "index": 1}, "status": "ACTIVE"}, {"action": "NORTH", "reward": 301, "info": {}, "observation": {"remainingOverageTime": 60, "index": 2}, "status": "ACTIVE"}, {"action": "EAST", "reward": 301, "info": {}, "observation": {"remainingOverageTime": 60, "index": 3}, "status": "ACTIVE"}], [{"action": "NORTH", "reward": 401, "info": {}, "observation": {"remainingOverageTime": 60, "step": 3, "geese": [[36], [7], [25], [12]], "food": [23, 6], "index": 0}, "status": "ACTIVE"}, {"action": "WEST", "reward": 401, "info": {}, "observation": {"remainingOverageTime": 60, "index": 1}, "status": "ACTIVE"}, {"action": "NORTH", "reward": 401, "info": {}, "observation": {"remainingOverageTime": 60, "index": 2}, "status": "ACTIVE"}, {"action": "SOUTH", "reward": 401, "info": {}, "observation": {"remainingOverageTime": 60, "index": 3}, "status": "ACTIVE"}], [{"action": "NORTH", "reward": 501, "info": {}, "observation": {"remainingOverageTime": 60, "step": 4, "geese": [[25], [6, 7], [24], [23, 12]], "food": [65, 43], "index": 0}, "status": "ACTIVE"}, {"action": "WEST", "reward": 502, "info": {}, "observation": {"remainingOverageTime": 60, "index": 1}, "status": "ACTIVE"}, {"action": "WEST", "reward": 501, "info": {}, "observation": {"remainingOverageTime": 60, "index": 2}, "status": "ACTIVE"}, {"action": "SOUTH", "reward": 502, "info": {}, "observation": {"remainingOverageTime": 60, "index": 3}, "status": "ACTIVE"}], [{"action": "EAST", "reward": 601, "info": {}, "observation": {"remainingOverageTime": 60, "step": 5, "geese": [[26], [72, 6], [], [34, 23]], "food": [65, 43], "index": 0}, "status": "ACTIVE"}, {"action": "NORTH", "reward": 602, "info": {}, "observation": {"remainingOverageTime": 60, "index": 1}, "status": "ACTIVE"}, {"action": "EAST", "reward": 501, "info": {}, "observation": {"remainingOverageTime": 60, "index": 2}, "status": "DONE"}, {"action": "SOUTH", "reward": 602, "info": {}, "observation": {"remainingOverageTime": 60, "index": 3}, "status": "ACTIVE"}], [{"action": "SOUTH", "reward": 701, "info": {}, "observation": {"remainingOverageTime": 60, "step": 6, "geese": [[37], [61, 72], [], [35, 34]], "food": [65, 43], "index": 0}, "status": "ACTIVE"}, {"action": "NORTH", "reward": 702, "info": {}, "observation": {"remainingOverageTime": 60, "index": 1}, "status": "ACTIVE"}, {"action": "NORTH", "reward": 501, "info": {}, "observation": {"remainingOverageTime": 60, "index": 2}, "status": "DONE"}, {"action": "EAST", "reward": 702, "info": {}, "observation": {"remainingOverageTime": 60, "index": 3}, "status": "ACTIVE"}], [{"action": "EAST", "reward": 801, "info": {}, "observation": {"remainingOverageTime": 60, "step": 7, "geese": [[38], [62, 61], [], [24, 35]], "food": [65, 43], "index": 0}, "status": "ACTIVE"}, {"action": "EAST", "reward": 802, "info": {}, "observation": {"remainingOverageTime": 60, "index": 1}, "status": "ACTIVE"}, {"action": "NORTH", "reward": 501, "info": {}, "observation": {"remainingOverageTime": 60, "index": 2}, "status": "DONE"}, {"action": "NORTH", "reward": 802, "info": {}, "observation": {"remainingOverageTime": 60, "index": 3}, "status": "ACTIVE"}], [{"action": "EAST", "reward": 901, "info": {}, "observation": {"remainingOverageTime": 60, "step": 8, "geese": [[39], [63, 62], [], [25, 24]], "food": [65, 43], "index": 0}, "status": "ACTIVE"}, {"action": "EAST", "reward": 902, "info": {}, "observation": {"remainingOverageTime": 60, "index": 1}, "status": "ACTIVE"}, {"action": "NORTH", "reward": 501, "info": {}, "observation": {"remainingOverageTime": 60, "index": 2}, "status": "DONE"}, {"action": "EAST", "reward": 902, "info": {}, "observation": {"remainingOverageTime": 60, "index": 3}, "status": "ACTIVE"}], [{"action": "EAST", "reward": 1001, "info": {}, "observation": {"remainingOverageTime": 60, "step": 9, "geese": [[40], [64, 63], [], [26, 25]], "food": [65, 43], "index": 0}, "status": "ACTIVE"}, {"action": "EAST", "reward": 1002, "info": {}, "observation": {"remainingOverageTime": 60, "index": 1}, "status": "ACTIVE"}, {"action": "NORTH", "reward": 501, "info": {}, "observation": {"remainingOverageTime": 60, "index": 2}, "status": "DONE"}, {"action": "EAST", "reward": 1002, "info": {}, "observation": {"remainingOverageTime": 60, "index": 3}, "status": "ACTIVE"}], [{"action": "EAST", "reward": 1101, "info": {}, "observation": {"remainingOverageTime": 60, "step": 10, "geese": [[41], [65, 64, 63], [], [27, 26]], "food": [43, 44], "index": 0}, "status": "ACTIVE"}, {"action": "EAST", "reward": 1103, "info": {}, "observation": {"remainingOverageTime": 60, "index": 1}, "status": "ACTIVE"}, {"action": "NORTH", "reward": 501, "info": {}, "observation": {"remainingOverageTime": 60, "index": 2}, "status": "DONE"}, {"action": "EAST", "reward": 1102, "info": {}, "observation": {"remainingOverageTime": 60, "index": 3}, "status": "ACTIVE"}], [{"action": "EAST", "reward": 1201, "info": {}, "observation": {"remainingOverageTime": 60, "step": 11, "geese": [[42], [54, 65, 64], [], [28, 27]], "food": [43, 44], "index": 0}, "status": "ACTIVE"}, {"action": "NORTH", "reward": 1203, "info": {}, "observation": {"remainingOverageTime": 60, "index": 1}, "status": "ACTIVE"}, {"action": "NORTH", "reward": 501, "info": {}, "observation": {"remainingOverageTime": 60, "index": 2}, "status": "DONE"}, {"action": "EAST", "reward": 1202, "info": {}, "observation": {"remainingOverageTime": 60, "index": 3}, "status": "ACTIVE"}], [{"action": "EAST", "reward": 1302, "info": {}, "observation": {"remainingOverageTime": 60, "step": 12, "geese": [[43, 42], [44, 54, 65, 64], [], [29, 28]], "food": [46, 39], "index": 0}, "status": "ACTIVE"}, {"action": "EAST", "reward": 1304, "info": {}, "observation": {"remainingOverageTime": 60, "index": 1}, "status": "ACTIVE"}, {"action": "NORTH", "reward": 501, "info": {}, "observation": {"remainingOverageTime": 60, "index": 2}, "status": "DONE"}, {"action": "EAST", "reward": 1302, "info": {}, "observation": {"remainingOverageTime": 60, "index": 3}, "status": "ACTIVE"}], [{"action": "EAST", "reward": 1402, "info": {}, "observation": {"remainingOverageTime": 60, "step": 13, "geese": [[33, 43], [45, 44, 54, 65], [], [40, 29]], "food": [46, 39], "index": 0}, "status": "ACTIVE"}, {"action": "EAST", "reward": 1404, "info": {}, "observation": {"remainingOverageTime": 60, "index": 1}, "status": "ACTIVE"}, {"action": "NORTH", "reward": 501, "info": {}, "observation": {"remainingOverageTime": 60, "index": 2}, "status": "DONE"}, {"action": "SOUTH", "reward": 1402, "info": {}, "observation": {"remainingOverageTime": 60, "index": 3}, "status": "ACTIVE"}], [{"action": "EAST", "reward": 1502, "info": {}, "observation": {"remainingOverageTime": 60, "step": 14, "geese": [[34, 33], [46, 45, 44, 54, 65], [], [39, 40, 29]], "food": [50, 75], "index": 0}, "status": "ACTIVE"}, {"action": "EAST", "reward": 1505, "info": {}, "observation": {"remainingOverageTime": 60, "index": 1}, "status": "ACTIVE"}, {"action": "NORTH", "reward": 501, "info": {}, "observation": {"remainingOverageTime": 60, "index": 2}, "status": "DONE"}, {"action": "WEST", "reward": 1503, "info": {}, "observation": {"remainingOverageTime": 60, "index": 3}, "status": "ACTIVE"}], [{"action": "EAST", "reward": 1602, "info": {}, "observation": {"remainingOverageTime": 60, "step": 15, "geese": [[35, 34], [47, 46, 45, 44, 54], [], [50, 39, 40, 29]], "food": [75, 72], "index": 0}, "status": "ACTIVE"}, {"action": "EAST", "reward": 1605, "info": {}, "observation": {"remainingOverageTime": 60, "index": 1}, "status": "ACTIVE"}, {"action": "NORTH", "reward": 501, "info": {}, "observation": {"remainingOverageTime": 60, "index": 2}, "status": "DONE"}, {"action": "SOUTH", "reward": 1604, "info": {}, "observation": {"remainingOverageTime": 60, "index": 3}, "status": "ACTIVE"}], [{"action": "EAST", "reward": 1702, "info": {}, "observation": {"remainingOverageTime": 60, "step": 16, "geese": [[36, 35], [48, 47, 46, 45, 44], [], [61, 50, 39, 40]], "food": [75, 72], "index": 0}, "status": "ACTIVE"}, {"action": "EAST", "reward": 1705, "info": {}, "observation": {"remainingOverageTime": 60, "index": 1}, "status": "ACTIVE"}, {"action": "NORTH", "reward": 501, "info": {}, "observation": {"remainingOverageTime": 60, "index": 2}, "status": "DONE"}, {"action": "SOUTH", "reward": 1704, "info": {}, "observation": {"remainingOverageTime": 60, "index": 3}, "status": "ACTIVE"}], [{"action": "EAST", "reward": 1802, "info": {}, "observation": {"remainingOverageTime": 60, "step": 17, "geese": [[37, 36], [49, 48, 47, 46, 45], [], [72, 61, 50, 39, 40]], "food": [75, 32], "index": 0}, "status": "ACTIVE"}, {"action": "EAST", "reward": 1805, "info": {}, "observation": {"remainingOverageTime": 60, "index": 1}, "status": "ACTIVE"}, {"action": "NORTH", "reward": 501, "info": {}, "observation": {"remainingOverageTime": 60, "index": 2}, "status": "DONE"}, {"action": "SOUTH", "reward": 1805, "info": {}, "observation": {"remainingOverageTime": 60, "index": 3}, "status": "ACTIVE"}], [{"action": "NORTH", "reward": 1902, "info": {}, "observation": {"remainingOverageTime": 60, "step": 18, "geese": [[26, 37], [60, 49, 48, 47, 46], [], [73, 72, 61, 50, 39]], "food": [75, 32], "index": 0}, "status": "ACTIVE"}, {"action": "SOUTH", "reward": 1905, "info": {}, "observation": {"remainingOverageTime": 60, "index": 1}, "status": "ACTIVE"}, {"action": "NORTH", "reward": 501, "info": {}, "observation": {"remainingOverageTime": 60, "index": 2}, "status": "DONE"}, {"action": "EAST", "reward": 1905, "info": {}, "observation": {"remainingOverageTime": 60, "index": 3}, "status": "ACTIVE"}], [{"action": "EAST", "reward": 2002, "info": {}, "observation": {"remainingOverageTime": 60, "step": 19, "geese": [[27, 26], [71, 60, 49, 48, 47], [], [74, 73, 72, 61, 50]], "food": [75, 32], "index": 0}, "status": "ACTIVE"}, {"action": "SOUTH", "reward": 2005, "info": {}, "observation": {"remainingOverageTime": 60, "index": 1}, "status": "ACTIVE"}, {"action": "NORTH", "reward": 501, "info": {}, "observation": {"remainingOverageTime": 60, "index": 2}, "status": "DONE"}, {"action": "EAST", "reward": 2005, "info": {}, "observation": {"remainingOverageTime": 60, "index": 3}, "status": "ACTIVE"}], [{"action": "EAST", "reward": 2102, "info": {}, "observation": {"remainingOverageTime": 60, "step": 20, "geese": [[28, 27], [70, 71, 60, 49, 48], [], [75, 74, 73, 72, 61, 50]], "food": [32, 66], "index": 0}, "status": "ACTIVE"}, {"action": "WEST", "reward": 2105, "info": {}, "observation": {"remainingOverageTime": 60, "index": 1}, "status": "ACTIVE"}, {"action": "NORTH", "reward": 501, "info": {}, "observation": {"remainingOverageTime": 60, "index": 2}, "status": "DONE"}, {"action": "EAST", "reward": 2106, "info": {}, "observation": {"remainingOverageTime": 60, "index": 3}, "status": "ACTIVE"}], [{"action": "EAST", "reward": 2202, "info": {}, "observation": {"remainingOverageTime": 60, "step": 21, "geese": [[29, 28], [69, 70, 71, 60, 49], [], [9, 75, 74, 73, 72, 61]], "food": [32, 66], "index": 0}, "status": "ACTIVE"}, {"action": "WEST", "reward": 2205, "info": {}, "observation": {"remainingOverageTime": 60, "index": 1}, "status": "ACTIVE"}, {"action": "NORTH", "reward": 501, "info": {}, "observation": {"remainingOverageTime": 60, "index": 2}, "status": "DONE"}, {"action": "SOUTH", "reward": 2206, "info": {}, "observation": {"remainingOverageTime": 60, "index": 3}, "status": "ACTIVE"}], [{"action": "EAST", "reward": 2302, "info": {}, "observation": {"remainingOverageTime": 60, "step": 22, "geese": [[30, 29], [68, 69, 70, 71, 60], [], [10, 9, 75, 74, 73, 72]], "food": [32, 66], "index": 0}, "status": "ACTIVE"}, {"action": "WEST", "reward": 2305, "info": {}, "observation": {"remainingOverageTime": 60, "index": 1}, "status": "ACTIVE"}, {"action": "NORTH", "reward": 501, "info": {}, "observation": {"remainingOverageTime": 60, "index": 2}, "status": "DONE"}, {"action": "EAST", "reward": 2306, "info": {}, "observation": {"remainingOverageTime": 60, "index": 3}, "status": "ACTIVE"}], [{"action": "EAST", "reward": 2402, "info": {}, "observation": {"remainingOverageTime": 60, "step": 23, "geese": [[31, 30], [67, 68, 69, 70, 71], [], [21, 10, 9, 75, 74, 73]], "food": [32, 66], "index": 0}, "status": "ACTIVE"}, {"action": "WEST", "reward": 2405, "info": {}, "observation": {"remainingOverageTime": 60, "index": 1}, "status": "ACTIVE"}, {"action": "NORTH", "reward": 501, "info": {}, "observation": {"remainingOverageTime": 60, "index": 2}, "status": "DONE"}, {"action": "SOUTH", "reward": 2406, "info": {}, "observation": {"remainingOverageTime": 60, "index": 3}, "status": "ACTIVE"}], [{"action": "EAST", "reward": 2503, "info": {}, "observation": {"remainingOverageTime": 60, "step": 24, "geese": [[32, 31, 30], [66, 67, 68, 69, 70, 71], [], [20, 21, 10, 9, 75, 74]], "food": [41, 76], "index": 0}, "status": "ACTIVE"}, {"action": "WEST", "reward": 2506, "info": {}, "observation": {"remainingOverageTime": 60, "index": 1}, "status": "ACTIVE"}, {"action": "NORTH", "reward": 501, "info": {}, "observation": {"remainingOverageTime": 60, "index": 2}, "status": "DONE"}, {"action": "WEST", "reward": 2506, "info": {}, "observation": {"remainingOverageTime": 60, "index": 3}, "status": "ACTIVE"}], [{"action": "SOUTH", "reward": 2603, "info": {}, "observation": {"remainingOverageTime": 60, "step": 25, "geese": [[43, 32, 31], [76, 66, 67, 68, 69, 70, 71], [], [19, 20, 21, 10, 9, 75]], "food": [41, 53], "index": 0}, "status": "ACTIVE"}, {"action": "WEST", "reward": 2607, "info": {}, "observation": {"remainingOverageTime": 60, "index": 1}, "status": "ACTIVE"}, {"action": "NORTH", "reward": 501, "info": {}, "observation": {"remainingOverageTime": 60, "index": 2}, "status": "DONE"}, {"action": "WEST", "reward": 2606, "info": {}, "observation": {"remainingOverageTime": 60, "index": 3}, "status": "ACTIVE"}], [{"action": "SOUTH", "reward": 2703, "info": {}, "observation": {"remainingOverageTime": 60, "step": 26, "geese": [[54, 43, 32], [65, 76, 66, 67, 68, 69, 70], [], [30, 19, 20, 21, 10, 9]], "food": [41, 53], "index": 0}, "status": "ACTIVE"}, {"action": "NORTH", "reward": 2707, "info": {}, "observation": {"remainingOverageTime": 60, "index": 1}, "status": "ACTIVE"}, {"action": "NORTH", "reward": 501, "info": {}, "observation": {"remainingOverageTime": 60, "index": 2}, "status": "DONE"}, {"action": "SOUTH", "reward": 2706, "info": {}, "observation": {"remainingOverageTime": 60, "index": 3}, "status": "ACTIVE"}], [{"action": "WEST", "reward": 2804, "info": {}, "observation": {"remainingOverageTime": 60, "step": 27, "geese": [[53, 54, 43, 32], [64, 65, 76, 66, 67, 68, 69], [], [41, 30, 19, 20, 21, 10, 9]], "food": [52, 48], "index": 0}, "status": "ACTIVE"}, {"action": "WEST", "reward": 2807, "info": {}, "observation": {"remainingOverageTime": 60, "index": 1}, "status": "ACTIVE"}, {"action": "NORTH", "reward": 501, "info": {}, "observation": {"remainingOverageTime": 60, "index": 2}, "status": "DONE"}, {"action": "SOUTH", "reward": 2807, "info": {}, "observation": {"remainingOverageTime": 60, "index": 3}, "status": "ACTIVE"}], [{"action": "WEST", "reward": 2905, "info": {}, "observation": {"remainingOverageTime": 60, "step": 28, "geese": [[52, 53, 54, 43, 32], [63, 64, 65, 76, 66, 67, 68], [], [42, 41, 30, 19, 20, 21, 10]], "food": [48, 16], "index": 0}, "status": "ACTIVE"}, {"action": "WEST", "reward": 2907, "info": {}, "observation": {"remainingOverageTime": 60, "index": 1}, "status": "ACTIVE"}, {"action": "NORTH", "reward": 501, "info": {}, "observation": {"remainingOverageTime": 60, "index": 2}, "status": "DONE"}, {"action": "EAST", "reward": 2907, "info": {}, "observation": {"remainingOverageTime": 60, "index": 3}, "status": "ACTIVE"}], [{"action": "WEST", "reward": 3005, "info": {}, "observation": {"remainingOverageTime": 60, "step": 29, "geese": [[51, 52, 53, 54, 43], [62, 63, 64, 65, 76, 66, 67], [], [31, 42, 41, 30, 19, 20, 21]], "food": [48, 16], "index": 0}, "status": "ACTIVE"}, {"action": "WEST", "reward": 3007, "info": {}, "observation": {"remainingOverageTime": 60, "index": 1}, "status": "ACTIVE"}, {"action": "NORTH", "reward": 501, "info": {}, "observation": {"remainingOverageTime": 60, "index": 2}, "status": "DONE"}, {"action": "NORTH", "reward": 3007, "info": {}, "observation": {"remainingOverageTime": 60, "index": 3}, "status": "ACTIVE"}], [{"action": "WEST", "reward": 3105, "info": {}, "observation": {"remainingOverageTime": 60, "step": 30, "geese": [[50, 51, 52, 53, 54], [61, 62, 63, 64, 65, 76, 66], [], [32, 31, 42, 41, 30, 19, 20]], "food": [48, 16], "index": 0}, "status": "ACTIVE"}, {"action": "WEST", "reward": 3107, "info": {}, "observation": {"remainingOverageTime": 60, "index": 1}, "status": "ACTIVE"}, {"action": "NORTH", "reward": 501, "info": {}, "observation": {"remainingOverageTime": 60, "index": 2}, "status": "DONE"}, {"action": "EAST", "reward": 3107, "info": {}, "observation": {"remainingOverageTime": 60, "index": 3}, "status": "ACTIVE"}], [{"action": "WEST", "reward": 3205, "info": {}, "observation": {"remainingOverageTime": 60, "step": 31, "geese": [[49, 50, 51, 52, 53], [60, 61, 62, 63, 64, 65, 76], [], [21, 32, 31, 42, 41, 30, 19]], "food": [48, 16], "index": 0}, "status": "ACTIVE"}, {"action": "WEST", "reward": 3207, "info": {}, "observation": {"remainingOverageTime": 60, "index": 1}, "status": "ACTIVE"}, {"action": "NORTH", "reward": 501, "info": {}, "observation": {"remainingOverageTime": 60, "index": 2}, "status": "DONE"}, {"action": "NORTH", "reward": 3207, "info": {}, "observation": {"remainingOverageTime": 60, "index": 3}, "status": "ACTIVE"}], [{"action": "WEST", "reward": 3306, "info": {}, "observation": {"remainingOverageTime": 60, "step": 32, "geese": [[48, 49, 50, 51, 52, 53], [59, 60, 61, 62, 63, 64, 65], [], [20, 21, 32, 31, 42, 41, 30]], "food": [16, 67], "index": 0}, "status": "ACTIVE"}, {"action": "WEST", "reward": 3307, "info": {}, "observation": {"remainingOverageTime": 60, "index": 1}, "status": "ACTIVE"}, {"action": "NORTH", "reward": 501, "info": {}, "observation": {"remainingOverageTime": 60, "index": 2}, "status": "DONE"}, {"action": "WEST", "reward": 3307, "info": {}, "observation": {"remainingOverageTime": 60, "index": 3}, "status": "ACTIVE"}], [{"action": "NORTH", "reward": 3406, "info": {}, "observation": {"remainingOverageTime": 60, "step": 33, "geese": [[37, 48, 49, 50, 51, 52], [70, 59, 60, 61, 62, 63, 64], [], [19, 20, 21, 32, 31, 42, 41]], "food": [16, 67], "index": 0}, "status": "ACTIVE"}, {"action": "SOUTH", "reward": 3407, "info": {}, "observation": {"remainingOverageTime": 60, "index": 1}, "status": "ACTIVE"}, {"action": "NORTH", "reward": 501, "info": {}, "observation": {"remainingOverageTime": 60, "index": 2}, "status": "DONE"}, {"action": "WEST", "reward": 3407, "info": {}, "observation": {"remainingOverageTime": 60, "index": 3}, "status": "ACTIVE"}], [{"action": "EAST", "reward": 3506, "info": {}, "observation": {"remainingOverageTime": 60, "step": 34, "geese": [[38, 37, 48, 49, 50, 51], [4, 70, 59, 60, 61, 62, 63], [], [18, 19, 20, 21, 32, 31, 42]], "food": [16, 67], "index": 0}, "status": "ACTIVE"}, {"action": "SOUTH", "reward": 3507, "info": {}, "observation": {"remainingOverageTime": 60, "index": 1}, "status": "ACTIVE"}, {"action": "NORTH", "reward": 501, "info": {}, "observation": {"remainingOverageTime": 60, "index": 2}, "status": "DONE"}, {"action": "WEST", "reward": 3507, "info": {}, "observation": {"remainingOverageTime": 60, "index": 3}, "status": "ACTIVE"}], [{"action": "NORTH", "reward": 3606, "info": {}, "observation": {"remainingOverageTime": 60, "step": 35, "geese": [[27, 38, 37, 48, 49, 50], [5, 4, 70, 59, 60, 61, 62], [], [17, 18, 19, 20, 21, 32, 31]], "food": [16, 67], "index": 0}, "status": "ACTIVE"}, {"action": "EAST", "reward": 3607, "info": {}, "observation": {"remainingOverageTime": 60, "index": 1}, "status": "ACTIVE"}, {"action": "NORTH", "reward": 501, "info": {}, "observation": {"remainingOverageTime": 60, "index": 2}, "status": "DONE"}, {"action": "WEST", "reward": 3607, "info": {}, "observation": {"remainingOverageTime": 60, "index": 3}, "status": "ACTIVE"}], [{"action": "EAST", "reward": 3706, "info": {}, "observation": {"remainingOverageTime": 60, "step": 36, "geese": [[28, 27, 38, 37, 48, 49], [6, 5, 4, 70, 59, 60, 61], [], [16, 17, 18, 19, 20, 21, 32, 31]], "food": [67, 9], "index": 0}, "status": "ACTIVE"}, {"action": "EAST", "reward": 3707, "info": {}, "observation": {"remainingOverageTime": 60, "index": 1}, "status": "ACTIVE"}, {"action": "NORTH", "reward": 501, "info": {}, "observation": {"remainingOverageTime": 60, "index": 2}, "status": "DONE"}, {"action": "WEST", "reward": 3708, "info": {}, "observation": {"remainingOverageTime": 60, "index": 3}, "status": "ACTIVE"}], [{"action": "EAST", "reward": 3806, "info": {}, "observation": {"remainingOverageTime": 60, "step": 37, "geese": [[29, 28, 27, 38, 37, 48], [7, 6, 5, 4, 70, 59, 60], [], [15, 16, 17, 18, 19, 20, 21, 32]], "food": [67, 9], "index": 0}, "status": "ACTIVE"}, {"action": "EAST", "reward": 3807, "info": {}, "observation": {"remainingOverageTime": 60, "index": 1}, "status": "ACTIVE"}, {"action": "NORTH", "reward": 501, "info": {}, "observation": {"remainingOverageTime": 60, "index": 2}, "status": "DONE"}, {"action": "WEST", "reward": 3808, "info": {}, "observation": {"remainingOverageTime": 60, "index": 3}, "status": "ACTIVE"}], [{"action": "EAST", "reward": 3906, "info": {}, "observation": {"remainingOverageTime": 60, "step": 38, "geese": [[30, 29, 28, 27, 38, 37], [73, 7, 6, 5, 4, 70, 59], [], [26, 15, 16, 17, 18, 19, 20, 21]], "food": [67, 9], "index": 0}, "status": "ACTIVE"}, {"action": "NORTH", "reward": 3907, "info": {}, "observation": {"remainingOverageTime": 60, "index": 1}, "status": "ACTIVE"}, {"action": "NORTH", "reward": 501, "info": {}, "observation": {"remainingOverageTime": 60, "index": 2}, "status": "DONE"}, {"action": "SOUTH", "reward": 3908, "info": {}, "observation": {"remainingOverageTime": 60, "index": 3}, "status": "ACTIVE"}], [{"action": "EAST", "reward": 4006, "info": {}, "observation": {"remainingOverageTime": 60, "step": 39, "geese": [[31, 30, 29, 28, 27, 38], [72, 73, 7, 6, 5, 4, 70], [], [25, 26, 15, 16, 17, 18, 19, 20]], "food": [67, 9], "index": 0}, "status": "ACTIVE"}, {"action": "WEST", "reward": 4007, "info": {}, "observation": {"remainingOverageTime": 60, "index": 1}, "status": "ACTIVE"}, {"action": "NORTH", "reward": 501, "info": {}, "observation": {"remainingOverageTime": 60, "index": 2}, "status": "DONE"}, {"action": "WEST", "reward": 4008, "info": {}, "observation": {"remainingOverageTime": 60, "index": 3}, "status": "ACTIVE"}], [{"action": "NORTH", "reward": 4105, "info": {}, "observation": {"remainingOverageTime": 60, "step": 40, "geese": [[20, 31, 30, 29, 28], [71, 72, 73, 7, 6, 5], [], [36, 25, 26, 15, 16, 17, 18]], "food": [67, 9], "index": 0}, "status": "ACTIVE"}, {"action": "WEST", "reward": 4106, "info": {}, "observation": {"remainingOverageTime": 60, "index": 1}, "status": "ACTIVE"}, {"action": "NORTH", "reward": 501, "info": {}, "observation": {"remainingOverageTime": 60, "index": 2}, "status": "DONE"}, {"action": "SOUTH", "reward": 4107, "info": {}, "observation": {"remainingOverageTime": 60, "index": 3}, "status": "ACTIVE"}], [{"action": "NORTH", "reward": 4206, "info": {}, "observation": {"remainingOverageTime": 60, "step": 41, "geese": [[9, 20, 31, 30, 29, 28], [70, 71, 72, 73, 7, 6], [], [47, 36, 25, 26, 15, 16, 17]], "food": [67, 76], "index": 0}, "status": "ACTIVE"}, {"action": "WEST", "reward": 4206, "info": {}, "observation": {"remainingOverageTime": 60, "index": 1}, "status": "ACTIVE"}, {"action": "NORTH", "reward": 501, "info": {}, "observation": {"remainingOverageTime": 60, "index": 2}, "status": "DONE"}, {"action": "SOUTH", "reward": 4207, "info": {}, "observation": {"remainingOverageTime": 60, "index": 3}, "status": "ACTIVE"}], [{"action": "NORTH", "reward": 4306, "info": {}, "observation": {"remainingOverageTime": 60, "step": 42, "geese": [[75, 9, 20, 31, 30, 29], [69, 70, 71, 72, 73, 7], [], [58, 47, 36, 25, 26, 15, 16]], "food": [67, 76], "index": 0}, "status": "ACTIVE"}, {"action": "WEST", "reward": 4306, "info": {}, "observation": {"remainingOverageTime": 60, "index": 1}, "status": "ACTIVE"}, {"action": "NORTH", "reward": 501, "info": {}, "observation": {"remainingOverageTime": 60, "index": 2}, "status": "DONE"}, {"action": "SOUTH", "reward": 4307, "info": {}, "observation": {"remainingOverageTime": 60, "index": 3}, "status": "ACTIVE"}], [{"action": "NORTH", "reward": 4406, "info": {}, "observation": {"remainingOverageTime": 60, "step": 43, "geese": [[64, 75, 9, 20, 31, 30], [3, 69, 70, 71, 72, 73], [], [57, 58, 47, 36, 25, 26, 15]], "food": [67, 76], "index": 0}, "status": "ACTIVE"}, {"action": "SOUTH", "reward": 4406, "info": {}, "observation": {"remainingOverageTime": 60, "index": 1}, "status": "ACTIVE"}, {"action": "NORTH", "reward": 501, "info": {}, "observation": {"remainingOverageTime": 60, "index": 2}, "status": "DONE"}, {"action": "WEST", "reward": 4407, "info": {}, "observation": {"remainingOverageTime": 60, "index": 3}, "status": "ACTIVE"}], [{"action": "EAST", "reward": 4506, "info": {}, "observation": {"remainingOverageTime": 60, "step": 44, "geese": [[65, 64, 75, 9, 20, 31], [14, 3, 69, 70, 71, 72], [], [68, 57, 58, 47, 36, 25, 26]], "food": [67, 76], "index": 0}, "status": "ACTIVE"}, {"action": "SOUTH", "reward": 4506, "info": {}, "observation": {"remainingOverageTime": 60, "index": 1}, "status": "ACTIVE"}, {"action": "NORTH", "reward": 501, "info": {}, "observation": {"remainingOverageTime": 60, "index": 2}, "status": "DONE"}, {"action": "SOUTH", "reward": 4507, "info": {}, "observation": {"remainingOverageTime": 60, "index": 3}, "status": "ACTIVE"}], [{"action": "SOUTH", "reward": 4607, "info": {}, "observation": {"remainingOverageTime": 60, "step": 45, "geese": [[76, 65, 64, 75, 9, 20, 31], [13, 14, 3, 69, 70, 71], [], [67, 68, 57, 58, 47, 36, 25, 26]], "food": [11, 50], "index": 0}, "status": "ACTIVE"}, {"action": "WEST", "reward": 4606, "info": {}, "observation": {"remainingOverageTime": 60, "index": 1}, "status": "ACTIVE"}, {"action": "NORTH", "reward": 501, "info": {}, "observation": {"remainingOverageTime": 60, "index": 2}, "status": "DONE"}, {"action": "WEST", "reward": 4608, "info": {}, "observation": {"remainingOverageTime": 60, "index": 3}, "status": "ACTIVE"}], [{"action": "SOUTH", "reward": 4707, "info": {}, "observation": {"remainingOverageTime": 60, "step": 46, "geese": [[10, 76, 65, 64, 75, 9, 20], [12, 13, 14, 3, 69, 70], [], [1, 67, 68, 57, 58, 47, 36, 25]], "food": [11, 50], "index": 0}, "status": "ACTIVE"}, {"action": "WEST", "reward": 4706, "info": {}, "observation": {"remainingOverageTime": 60, "index": 1}, "status": "ACTIVE"}, {"action": "NORTH", "reward": 501, "info": {}, "observation": {"remainingOverageTime": 60, "index": 2}, "status": "DONE"}, {"action": "SOUTH", "reward": 4708, "info": {}, "observation": {"remainingOverageTime": 60, "index": 3}, "status": "ACTIVE"}], [{"action": "SOUTH", "reward": 4807, "info": {}, "observation": {"remainingOverageTime": 60, "step": 47, "geese": [[21, 10, 76, 65, 64, 75, 9], [23, 12, 13, 14, 3, 69], [], [0, 1, 67, 68, 57, 58, 47, 36]], "food": [11, 50], "index": 0}, "status": "ACTIVE"}, {"action": "SOUTH", "reward": 4806, "info": {}, "observation": {"remainingOverageTime": 60, "index": 1}, "status": "ACTIVE"}, {"action": "NORTH", "reward": 501, "info": {}, "observation": {"remainingOverageTime": 60, "index": 2}, "status": "DONE"}, {"action": "WEST", "reward": 4808, "info": {}, "observation": {"remainingOverageTime": 60, "index": 3}, "status": "ACTIVE"}], [{"action": "EAST", "reward": 4807, "info": {}, "observation": {"remainingOverageTime": 60, "step": 48, "geese": [[], [24, 23, 12, 13, 14, 3], [], []], "food": [50, 1], "index": 0}, "status": "DONE"}, {"action": "EAST", "reward": 4906, "info": {}, "observation": {"remainingOverageTime": 60, "index": 1}, "status": "DONE"}, {"action": "NORTH", "reward": 501, "info": {}, "observation": {"remainingOverageTime": 60, "index": 2}, "status": "DONE"}, {"action": "SOUTH", "reward": 4808, "info": {}, "observation": {"remainingOverageTime": 60, "index": 3}, "status": "DONE"}]], "rewards": [4807, 4906, 501, 4808], "statuses": ["DONE", "DONE", "DONE", "DONE"], "schema_version": 1, "info": {}}