{"id": "582315a0-db08-11ee-b332-0242ac1c000c", "name": "hungry_geese", "title": "Hungry Geese", "description": "Similar to the classic snake game with multiple players", "version": "1.0.0", "configuration": {"episodeSteps": 200, "actTimeout": 1, "runTimeout": 1200, "columns": 11, "rows": 7, "hunger_rate": 40, "min_food": 2, "max_length": 99}, "specification": {"action": {"description": "Direction to move the head of your players goose.", "type": "string", "enum": ["NORTH", "EAST", "SOUTH", "WEST"], "default": "NORTH"}, "agents": [1, 2, 3, 4, 5, 6, 7, 8], "configuration": {"episodeSteps": {"description": "Maximum number of steps in the episode.", "type": "integer", "minimum": 1, "default": 200}, "actTimeout": {"description": "Maximum runtime (seconds) to obtain an action from an agent.", "type": "number", "minimum": 0, "default": 1}, "runTimeout": {"description": "Maximum runtime (seconds) of an episode (not necessarily DONE).", "type": "number", "minimum": 0, "default": 1200}, "columns": {"description": "Horizontal number of cells on the board.", "type": "integer", "default": 11, "minimum": 3}, "rows": {"description": "Vertical number of cells on the board.", "type": "integer", "default": 7, "minimum": 3}, "hunger_rate": {"description": "The number of steps before the goose shrinks a cell.", "type": "integer", "minimum": 1, "default": 40}, "min_food": {"description": "The minimum amount of food present for all steps.", "type": "integer", "default": 2, "minimum": 1}, "max_length": {"description": "The max length any goose can be. Total reward = (max length + 1) * steps survived + goose length.", "type": "integer", "default": 99}}, "info": {}, "observation": {"remainingOverageTime": {"description": "Total remaining banked time (seconds) that can be used in excess of per-step actTimeouts -- agent is disqualified with TIMEOUT status when this drops below 0.", "shared": false, "type": "number", "minimum": 0, "default": 60}, "step": {"description": "Current step within the episode.", "type": "integer", "shared": true, "minimum": 0, "default": 0}, "geese": {"description": "List of geese in order by the agent index.", "type": "array", "default": [], "shared": true}, "food": {"description": "Positions on the board where food is present.", "type": "array", "default": [], "shared": true}, "index": {"description": "Index of the current agent's goose in the list of geese.", "type": "integer", "minimum": 0, "defaults": [0, 1, 2, 3, 4, 5, 6, 7]}}, "reward": {"description": "steps survived * (max goose length + 1) + current goose length.", "type": ["number", "null"], "default": 0, "minimum": 0}}, "steps": [[{"action": "NORTH", "reward": 0, "info": {}, "observation": {"remainingOverageTime": 60, "step": 0, "geese": [[53], [16], [55], [44]], "food": [7, 8], "index": 0}, "status": "ACTIVE"}, {"action": "NORTH", "reward": 0, "info": {}, "observation": {"remainingOverageTime": 60, "index": 1}, "status": "ACTIVE"}, {"action": "NORTH", "reward": 0, "info": {}, "observation": {"remainingOverageTime": 60, "index": 2}, "status": "ACTIVE"}, {"action": "NORTH", "reward": 0, "info": {}, "observation": {"remainingOverageTime": 60, "index": 3}, "status": "ACTIVE"}], [{"action": "NORTH", "reward": 201, "info": {}, "observation": {"remainingOverageTime": 60, "step": 1, "geese": [[42], [5], [65], [33]], "food": [7, 8], "index": 0}, "status": "ACTIVE"}, {"action": "NORTH", "reward": 201, "info": {}, "observation": {"remainingOverageTime": 60, "index": 1}, "status": "ACTIVE"}, {"action": "WEST", "reward": 201, "info": {}, "observation": {"remainingOverageTime": 60, "index": 2}, "status": "ACTIVE"}, {"action": "NORTH", "reward": 201, "info": {}, "observation": {"remainingOverageTime": 60, "index": 3}, "status": "ACTIVE"}], [{"action": "NORTH", "reward": 301, "info": {}, "observation": {"remainingOverageTime": 60, "step": 2, "geese": [[31], [6], [54], [22]], "food": [7, 8], "index": 0}, "status": "ACTIVE"}, {"action": "EAST", "reward": 301, "info": {}, "observation": {"remainingOverageTime": 60, "index": 1}, "status": "ACTIVE"}, {"action": "NORTH", "reward": 301, "info": {}, "observation": {"remainingOverageTime": 60, "index": 2}, "status": "ACTIVE"}, {"action": "NORTH", "reward": 301, "info": {}, "observation": {"remainingOverageTime": 60, "index": 3}, "status": "ACTIVE"}], [{"action": "NORTH", "reward": 401, "info": {}, "observation": {"remainingOverageTime": 60, "step": 3, "geese": [[20], [7, 6], [43], [11]], "food": [8, 36], "index": 0}, "status": "ACTIVE"}, {"action": "EAST", "reward": 402, "info": {}, "observation": {"remainingOverageTime": 60, "index": 1}, "status": "ACTIVE"}, {"action": "NORTH", "reward": 401, "info": {}, "observation": {"remainingOverageTime": 60, "index": 2}, "status": "ACTIVE"}, {"action": "NORTH", "reward": 401, "info": {}, "observation": {"remainingOverageTime": 60, "index": 3}, "status": "ACTIVE"}], [{"action": "NORTH", "reward": 501, "info": {}, "observation": {"remainingOverageTime": 60, "step": 4, "geese": [[9], [8, 7, 6], [33], [21]], "food": [36, 16], "index": 0}, "status": "ACTIVE"}, {"action": "EAST", "reward": 503, "info": {}, "observation": {"remainingOverageTime": 60, "index": 1}, "status": "ACTIVE"}, {"action": "EAST", "reward": 501, "info": {}, "observation": {"remainingOverageTime": 60, "index": 2}, "status": "ACTIVE"}, {"action": "WEST", "reward": 501, "info": {}, "observation": {"remainingOverageTime": 60, "index": 3}, "status": "ACTIVE"}], [{"action": "SOUTH", "reward": 501, "info": {}, "observation": {"remainingOverageTime": 60, "step": 5, "geese": [[], [19, 8, 7], [34], [20]], "food": [36, 16], "index": 0}, "status": "DONE"}, {"action": "SOUTH", "reward": 603, "info": {}, "observation": {"remainingOverageTime": 60, "index": 1}, "status": "ACTIVE"}, {"action": "EAST", "reward": 601, "info": {}, "observation": {"remainingOverageTime": 60, "index": 2}, "status": "ACTIVE"}, {"action": "WEST", "reward": 601, "info": {}, "observation": {"remainingOverageTime": 60, "index": 3}, "status": "ACTIVE"}], [{"action": "NORTH", "reward": 501, "info": {}, "observation": {"remainingOverageTime": 60, "step": 6, "geese": [[], [18, 19, 8], [35], [9]], "food": [36, 16], "index": 0}, "status": "DONE"}, {"action": "WEST", "reward": 703, "info": {}, "observation": {"remainingOverageTime": 60, "index": 1}, "status": "ACTIVE"}, {"action": "EAST", "reward": 701, "info": {}, "observation": {"remainingOverageTime": 60, "index": 2}, "status": "ACTIVE"}, {"action": "NORTH", "reward": 701, "info": {}, "observation": {"remainingOverageTime": 60, "index": 3}, "status": "ACTIVE"}], [{"action": "NORTH", "reward": 501, "info": {}, "observation": {"remainingOverageTime": 60, "step": 7, "geese": [[], [17, 18, 19], [36, 35], []], "food": [16, 63], "index": 0}, "status": "DONE"}, {"action": "WEST", "reward": 803, "info": {}, "observation": {"remainingOverageTime": 60, "index": 1}, "status": "ACTIVE"}, {"action": "EAST", "reward": 802, "info": {}, "observation": {"remainingOverageTime": 60, "index": 2}, "status": "ACTIVE"}, {"action": "SOUTH", "reward": 701, "info": {}, "observation": {"remainingOverageTime": 60, "index": 3}, "status": "DONE"}], [{"action": "NORTH", "reward": 501, "info": {}, "observation": {"remainingOverageTime": 60, "step": 8, "geese": [[], [16, 17, 18, 19], [25, 36], []], "food": [63, 29], "index": 0}, "status": "DONE"}, {"action": "WEST", "reward": 904, "info": {}, "observation": {"remainingOverageTime": 60, "index": 1}, "status": "ACTIVE"}, {"action": "NORTH", "reward": 902, "info": {}, "observation": {"remainingOverageTime": 60, "index": 2}, "status": "ACTIVE"}, {"action": "NORTH", "reward": 701, "info": {}, "observation": {"remainingOverageTime": 60, "index": 3}, "status": "DONE"}], [{"action": "NORTH", "reward": 501, "info": {}, "observation": {"remainingOverageTime": 60, "step": 9, "geese": [[], [27, 16, 17, 18], [26, 25], []], "food": [63, 29], "index": 0}, "status": "DONE"}, {"action": "SOUTH", "reward": 1004, "info": {}, "observation": {"remainingOverageTime": 60, "index": 1}, "status": "ACTIVE"}, {"action": "EAST", "reward": 1002, "info": {}, "observation": {"remainingOverageTime": 60, "index": 2}, "status": "ACTIVE"}, {"action": "NORTH", "reward": 701, "info": {}, "observation": {"remainingOverageTime": 60, "index": 3}, "status": "DONE"}], [{"action": "NORTH", "reward": 501, "info": {}, "observation": {"remainingOverageTime": 60, "step": 10, "geese": [[], [28, 27, 16, 17], [15, 26], []], "food": [63, 29], "index": 0}, "status": "DONE"}, {"action": "EAST", "reward": 1104, "info": {}, "observation": {"remainingOverageTime": 60, "index": 1}, "status": "ACTIVE"}, {"action": "NORTH", "reward": 1102, "info": {}, "observation": {"remainingOverageTime": 60, "index": 2}, "status": "ACTIVE"}, {"action": "NORTH", "reward": 701, "info": {}, "observation": {"remainingOverageTime": 60, "index": 3}, "status": "DONE"}], [{"action": "NORTH", "reward": 501, "info": {}, "observation": {"remainingOverageTime": 60, "step": 11, "geese": [[], [29, 28, 27, 16, 17], [], []], "food": [63, 36], "index": 0}, "status": "DONE"}, {"action": "EAST", "reward": 1205, "info": {}, "observation": {"remainingOverageTime": 60, "index": 1}, "status": "DONE"}, {"action": "SOUTH", "reward": 1102, "info": {}, "observation": {"remainingOverageTime": 60, "index": 2}, "status": "DONE"}, {"action": "NORTH", "reward": 701, "info": {}, "observation": {"remainingOverageTime": 60, "index": 3}, "status": "DONE"}]], "rewards": [501, 1205, 1102, 701], "statuses": ["DONE", "DONE", "DONE", "DONE"], "schema_version": 1, "info": {}}