{"id": "582315a0-db08-11ee-b332-0242ac1c000c", "name": "hungry_geese", "title": "Hungry Geese", "description": "Similar to the classic snake game with multiple players", "version": "1.0.0", "configuration": {"episodeSteps": 200, "actTimeout": 1, "runTimeout": 1200, "columns": 11, "rows": 7, "hunger_rate": 40, "min_food": 2, "max_length": 99}, "specification": {"action": {"description": "Direction to move the head of your players goose.", "type": "string", "enum": ["NORTH", "EAST", "SOUTH", "WEST"], "default": "NORTH"}, "agents": [1, 2, 3, 4, 5, 6, 7, 8], "configuration": {"episodeSteps": {"description": "Maximum number of steps in the episode.", "type": "integer", "minimum": 1, "default": 200}, "actTimeout": {"description": "Maximum runtime (seconds) to obtain an action from an agent.", "type": "number", "minimum": 0, "default": 1}, "runTimeout": {"description": "Maximum runtime (seconds) of an episode (not necessarily DONE).", "type": "number", "minimum": 0, "default": 1200}, "columns": {"description": "Horizontal number of cells on the board.", "type": "integer", "default": 11, "minimum": 3}, "rows": {"description": "Vertical number of cells on the board.", "type": "integer", "default": 7, "minimum": 3}, "hunger_rate": {"description": "The number of steps before the goose shrinks a cell.", "type": "integer", "minimum": 1, "default": 40}, "min_food": {"description": "The minimum amount of food present for all steps.", "type": "integer", "default": 2, "minimum": 1}, "max_length": {"description": "The max length any goose can be. Total reward = (max length + 1) * steps survived + goose length.", "type": "integer", "default": 99}}, "info": {}, "observation": {"remainingOverageTime": {"description": "Total remaining banked time (seconds) that can be used in excess of per-step actTimeouts -- agent is disqualified with TIMEOUT status when this drops below 0.", "shared": false, "type": "number", "minimum": 0, "default": 60}, "step": {"description": "Current step within the episode.", "type": "integer", "shared": true, "minimum": 0, "default": 0}, "geese": {"description": "List of geese in order by the agent index.", "type": "array", "default": [], "shared": true}, "food": {"description": "Positions on the board where food is present.", "type": "array", "default": [], "shared": true}, "index": {"description": "Index of the current agent's goose in the list of geese.", "type": "integer", "minimum": 0, "defaults": [0, 1, 2, 3, 4, 5, 6, 7]}}, "reward": {"description": "steps survived * (max goose length + 1) + current goose length.", "type": ["number", "null"], "default": 0, "minimum": 0}}, "steps": [[{"action": "NORTH", "reward": 0, "info": {}, "observation": {"remainingOverageTime": 60, "step": 0, "geese": [[0], [62], [40], [30]], "food": [69, 35], "index": 0}, "status": "ACTIVE"}, {"action": "NORTH", "reward": 0, "info": {}, "observation": {"remainingOverageTime": 60, "index": 1}, "status": "ACTIVE"}, {"action": "NORTH", "reward": 0, "info": {}, "observation": {"remainingOverageTime": 60, "index": 2}, "status": "ACTIVE"}, {"action": "NORTH", "reward": 0, "info": {}, "observation": {"remainingOverageTime": 60, "index": 3}, "status": "ACTIVE"}], [{"action": "NORTH", "reward": 201, "info": {}, "observation": {"remainingOverageTime": 60, "step": 1, "geese": [[66], [73], [39], [29]], "food": [69, 35], "index": 0}, "status": "ACTIVE"}, {"action": "SOUTH", "reward": 201, "info": {}, "observation": {"remainingOverageTime": 60, "index": 1}, "status": "ACTIVE"}, {"action": "WEST", "reward": 201, "info": {}, "observation": {"remainingOverageTime": 60, "index": 2}, "status": "ACTIVE"}, {"action": "WEST", "reward": 201, "info": {}, "observation": {"remainingOverageTime": 60, "index": 3}, "status": "ACTIVE"}], [{"action": "EAST", "reward": 301, "info": {}, "observation": {"remainingOverageTime": 60, "step": 2, "geese": [[67], [72], [38], [28]], "food": [69, 35], "index": 0}, "status": "ACTIVE"}, {"action": "WEST", "reward": 301, "info": {}, "observation": {"remainingOverageTime": 60, "index": 1}, "status": "ACTIVE"}, {"action": "WEST", "reward": 301, "info": {}, "observation": {"remainingOverageTime": 60, "index": 2}, "status": "ACTIVE"}, {"action": "WEST", "reward": 301, "info": {}, "observation": {"remainingOverageTime": 60, "index": 3}, "status": "ACTIVE"}], [{"action": "EAST", "reward": 401, "info": {}, "observation": {"remainingOverageTime": 60, "step": 3, "geese": [[68], [71], [37], [27]], "food": [69, 35], "index": 0}, "status": "ACTIVE"}, {"action": "WEST", "reward": 401, "info": {}, "observation": {"remainingOverageTime": 60, "index": 1}, "status": "ACTIVE"}, {"action": "WEST", "reward": 401, "info": {}, "observation": {"remainingOverageTime": 60, "index": 2}, "status": "ACTIVE"}, {"action": "WEST", "reward": 401, "info": {}, "observation": {"remainingOverageTime": 60, "index": 3}, "status": "ACTIVE"}], [{"action": "EAST", "reward": 502, "info": {}, "observation": {"remainingOverageTime": 60, "step": 4, "geese": [[69, 68], [70], [36], [26]], "food": [35, 2], "index": 0}, "status": "ACTIVE"}, {"action": "WEST", "reward": 501, "info": {}, "observation": {"remainingOverageTime": 60, "index": 1}, "status": "ACTIVE"}, {"action": "WEST", "reward": 501, "info": {}, "observation": {"remainingOverageTime": 60, "index": 2}, "status": "ACTIVE"}, {"action": "WEST", "reward": 501, "info": {}, "observation": {"remainingOverageTime": 60, "index": 3}, "status": "ACTIVE"}], [{"action": "SOUTH", "reward": 602, "info": {}, "observation": {"remainingOverageTime": 60, "step": 5, "geese": [[3, 69], [4], [35, 36], [25]], "food": [2, 20], "index": 0}, "status": "ACTIVE"}, {"action": "SOUTH", "reward": 601, "info": {}, "observation": {"remainingOverageTime": 60, "index": 1}, "status": "ACTIVE"}, {"action": "WEST", "reward": 602, "info": {}, "observation": {"remainingOverageTime": 60, "index": 2}, "status": "ACTIVE"}, {"action": "WEST", "reward": 601, "info": {}, "observation": {"remainingOverageTime": 60, "index": 3}, "status": "ACTIVE"}], [{"action": "WEST", "reward": 703, "info": {}, "observation": {"remainingOverageTime": 60, "step": 6, "geese": [[2, 3, 69], [5], [], [14]], "food": [20, 9], "index": 0}, "status": "ACTIVE"}, {"action": "EAST", "reward": 701, "info": {}, "observation": {"remainingOverageTime": 60, "index": 1}, "status": "ACTIVE"}, {"action": "EAST", "reward": 602, "info": {}, "observation": {"remainingOverageTime": 60, "index": 2}, "status": "DONE"}, {"action": "NORTH", "reward": 701, "info": {}, "observation": {"remainingOverageTime": 60, "index": 3}, "status": "ACTIVE"}], [{"action": "SOUTH", "reward": 803, "info": {}, "observation": {"remainingOverageTime": 60, "step": 7, "geese": [[13, 2, 3], [6], [], [15]], "food": [20, 9], "index": 0}, "status": "ACTIVE"}, {"action": "EAST", "reward": 801, "info": {}, "observation": {"remainingOverageTime": 60, "index": 1}, "status": "ACTIVE"}, {"action": "NORTH", "reward": 602, "info": {}, "observation": {"remainingOverageTime": 60, "index": 2}, "status": "DONE"}, {"action": "EAST", "reward": 801, "info": {}, "observation": {"remainingOverageTime": 60, "index": 3}, "status": "ACTIVE"}], [{"action": "SOUTH", "reward": 903, "info": {}, "observation": {"remainingOverageTime": 60, "step": 8, "geese": [[24, 13, 2], [17], [], [16]], "food": [20, 9], "index": 0}, "status": "ACTIVE"}, {"action": "SOUTH", "reward": 901, "info": {}, "observation": {"remainingOverageTime": 60, "index": 1}, "status": "ACTIVE"}, {"action": "NORTH", "reward": 602, "info": {}, "observation": {"remainingOverageTime": 60, "index": 2}, "status": "DONE"}, {"action": "EAST", "reward": 901, "info": {}, "observation": {"remainingOverageTime": 60, "index": 3}, "status": "ACTIVE"}], [{"action": "EAST", "reward": 1003, "info": {}, "observation": {"remainingOverageTime": 60, "step": 9, "geese": [[25, 24, 13], [18], [], [5]], "food": [20, 9], "index": 0}, "status": "ACTIVE"}, {"action": "EAST", "reward": 1001, "info": {}, "observation": {"remainingOverageTime": 60, "index": 1}, "status": "ACTIVE"}, {"action": "NORTH", "reward": 602, "info": {}, "observation": {"remainingOverageTime": 60, "index": 2}, "status": "DONE"}, {"action": "NORTH", "reward": 1001, "info": {}, "observation": {"remainingOverageTime": 60, "index": 3}, "status": "ACTIVE"}], [{"action": "NORTH", "reward": 1103, "info": {}, "observation": {"remainingOverageTime": 60, "step": 10, "geese": [[14, 25, 24], [19], [], [6]], "food": [20, 9], "index": 0}, "status": "ACTIVE"}, {"action": "EAST", "reward": 1101, "info": {}, "observation": {"remainingOverageTime": 60, "index": 1}, "status": "ACTIVE"}, {"action": "NORTH", "reward": 602, "info": {}, "observation": {"remainingOverageTime": 60, "index": 2}, "status": "DONE"}, {"action": "EAST", "reward": 1101, "info": {}, "observation": {"remainingOverageTime": 60, "index": 3}, "status": "ACTIVE"}], [{"action": "EAST", "reward": 1203, "info": {}, "observation": {"remainingOverageTime": 60, "step": 11, "geese": [[15, 14, 25], [8], [], [17]], "food": [20, 9], "index": 0}, "status": "ACTIVE"}, {"action": "NORTH", "reward": 1201, "info": {}, "observation": {"remainingOverageTime": 60, "index": 1}, "status": "ACTIVE"}, {"action": "NORTH", "reward": 602, "info": {}, "observation": {"remainingOverageTime": 60, "index": 2}, "status": "DONE"}, {"action": "SOUTH", "reward": 1201, "info": {}, "observation": {"remainingOverageTime": 60, "index": 3}, "status": "ACTIVE"}], [{"action": "NORTH", "reward": 1303, "info": {}, "observation": {"remainingOverageTime": 60, "step": 12, "geese": [[4, 15, 14], [9, 8], [], [18]], "food": [20, 19], "index": 0}, "status": "ACTIVE"}, {"action": "EAST", "reward": 1302, "info": {}, "observation": {"remainingOverageTime": 60, "index": 1}, "status": "ACTIVE"}, {"action": "NORTH", "reward": 602, "info": {}, "observation": {"remainingOverageTime": 60, "index": 2}, "status": "DONE"}, {"action": "EAST", "reward": 1301, "info": {}, "observation": {"remainingOverageTime": 60, "index": 3}, "status": "ACTIVE"}], [{"action": "EAST", "reward": 1403, "info": {}, "observation": {"remainingOverageTime": 60, "step": 13, "geese": [[5, 4, 15], [20, 9, 8], [], [19, 18]], "food": [38, 25], "index": 0}, "status": "ACTIVE"}, {"action": "SOUTH", "reward": 1403, "info": {}, "observation": {"remainingOverageTime": 60, "index": 1}, "status": "ACTIVE"}, {"action": "NORTH", "reward": 602, "info": {}, "observation": {"remainingOverageTime": 60, "index": 2}, "status": "DONE"}, {"action": "EAST", "reward": 1402, "info": {}, "observation": {"remainingOverageTime": 60, "index": 3}, "status": "ACTIVE"}], [{"action": "SOUTH", "reward": 1503, "info": {}, "observation": {"remainingOverageTime": 60, "step": 14, "geese": [[16, 5, 4], [31, 20, 9], [], [30, 19]], "food": [38, 25], "index": 0}, "status": "ACTIVE"}, {"action": "SOUTH", "reward": 1503, "info": {}, "observation": {"remainingOverageTime": 60, "index": 1}, "status": "ACTIVE"}, {"action": "NORTH", "reward": 602, "info": {}, "observation": {"remainingOverageTime": 60, "index": 2}, "status": "DONE"}, {"action": "SOUTH", "reward": 1502, "info": {}, "observation": {"remainingOverageTime": 60, "index": 3}, "status": "ACTIVE"}], [{"action": "SOUTH", "reward": 1603, "info": {}, "observation": {"remainingOverageTime": 60, "step": 15, "geese": [[27, 16, 5], [42, 31, 20], [], [41, 30]], "food": [38, 25], "index": 0}, "status": "ACTIVE"}, {"action": "SOUTH", "reward": 1603, "info": {}, "observation": {"remainingOverageTime": 60, "index": 1}, "status": "ACTIVE"}, {"action": "NORTH", "reward": 602, "info": {}, "observation": {"remainingOverageTime": 60, "index": 2}, "status": "DONE"}, {"action": "SOUTH", "reward": 1602, "info": {}, "observation": {"remainingOverageTime": 60, "index": 3}, "status": "ACTIVE"}], [{"action": "SOUTH", "reward": 1704, "info": {}, "observation": {"remainingOverageTime": 60, "step": 16, "geese": [[38, 27, 16, 5], [43, 42, 31], [], [40, 41]], "food": [25, 30], "index": 0}, "status": "ACTIVE"}, {"action": "EAST", "reward": 1703, "info": {}, "observation": {"remainingOverageTime": 60, "index": 1}, "status": "ACTIVE"}, {"action": "NORTH", "reward": 602, "info": {}, "observation": {"remainingOverageTime": 60, "index": 2}, "status": "DONE"}, {"action": "WEST", "reward": 1702, "info": {}, "observation": {"remainingOverageTime": 60, "index": 3}, "status": "ACTIVE"}], [{"action": "WEST", "reward": 1804, "info": {}, "observation": {"remainingOverageTime": 60, "step": 17, "geese": [[37, 38, 27, 16], [32, 43, 42], [], [29, 40]], "food": [25, 30], "index": 0}, "status": "ACTIVE"}, {"action": "NORTH", "reward": 1803, "info": {}, "observation": {"remainingOverageTime": 60, "index": 1}, "status": "ACTIVE"}, {"action": "NORTH", "reward": 602, "info": {}, "observation": {"remainingOverageTime": 60, "index": 2}, "status": "DONE"}, {"action": "NORTH", "reward": 1802, "info": {}, "observation": {"remainingOverageTime": 60, "index": 3}, "status": "ACTIVE"}], [{"action": "NORTH", "reward": 1904, "info": {}, "observation": {"remainingOverageTime": 60, "step": 18, "geese": [[26, 37, 38, 27], [31, 32, 43], [], [18, 29]], "food": [25, 30], "index": 0}, "status": "ACTIVE"}, {"action": "WEST", "reward": 1903, "info": {}, "observation": {"remainingOverageTime": 60, "index": 1}, "status": "ACTIVE"}, {"action": "NORTH", "reward": 602, "info": {}, "observation": {"remainingOverageTime": 60, "index": 2}, "status": "DONE"}, {"action": "NORTH", "reward": 1902, "info": {}, "observation": {"remainingOverageTime": 60, "index": 3}, "status": "ACTIVE"}], [{"action": "NORTH", "reward": 2004, "info": {}, "observation": {"remainingOverageTime": 60, "step": 19, "geese": [[15, 26, 37, 38], [30, 31, 32, 43], [], []], "food": [25, 39], "index": 0}, "status": "ACTIVE"}, {"action": "WEST", "reward": 2004, "info": {}, "observation": {"remainingOverageTime": 60, "index": 1}, "status": "ACTIVE"}, {"action": "NORTH", "reward": 602, "info": {}, "observation": {"remainingOverageTime": 60, "index": 2}, "status": "DONE"}, {"action": "SOUTH", "reward": 1902, "info": {}, "observation": {"remainingOverageTime": 60, "index": 3}, "status": "DONE"}], [{"action": "WEST", "reward": 2104, "info": {}, "observation": {"remainingOverageTime": 60, "step": 20, "geese": [[14, 15, 26, 37], [41, 30, 31, 32], [], []], "food": [25, 39], "index": 0}, "status": "ACTIVE"}, {"action": "SOUTH", "reward": 2104, "info": {}, "observation": {"remainingOverageTime": 60, "index": 1}, "status": "ACTIVE"}, {"action": "NORTH", "reward": 602, "info": {}, "observation": {"remainingOverageTime": 60, "index": 2}, "status": "DONE"}, {"action": "NORTH", "reward": 1902, "info": {}, "observation": {"remainingOverageTime": 60, "index": 3}, "status": "DONE"}], [{"action": "SOUTH", "reward": 2205, "info": {}, "observation": {"remainingOverageTime": 60, "step": 21, "geese": [[25, 14, 15, 26, 37], [40, 41, 30, 31], [], []], "food": [39, 12], "index": 0}, "status": "ACTIVE"}, {"action": "WEST", "reward": 2204, "info": {}, "observation": {"remainingOverageTime": 60, "index": 1}, "status": "ACTIVE"}, {"action": "NORTH", "reward": 602, "info": {}, "observation": {"remainingOverageTime": 60, "index": 2}, "status": "DONE"}, {"action": "NORTH", "reward": 1902, "info": {}, "observation": {"remainingOverageTime": 60, "index": 3}, "status": "DONE"}], [{"action": "WEST", "reward": 2305, "info": {}, "observation": {"remainingOverageTime": 60, "step": 22, "geese": [[24, 25, 14, 15, 26], [39, 40, 41, 30, 31], [], []], "food": [12, 53], "index": 0}, "status": "ACTIVE"}, {"action": "WEST", "reward": 2305, "info": {}, "observation": {"remainingOverageTime": 60, "index": 1}, "status": "ACTIVE"}, {"action": "NORTH", "reward": 602, "info": {}, "observation": {"remainingOverageTime": 60, "index": 2}, "status": "DONE"}, {"action": "NORTH", "reward": 1902, "info": {}, "observation": {"remainingOverageTime": 60, "index": 3}, "status": "DONE"}], [{"action": "NORTH", "reward": 2405, "info": {}, "observation": {"remainingOverageTime": 60, "step": 23, "geese": [[13, 24, 25, 14, 15], [50, 39, 40, 41, 30], [], []], "food": [12, 53], "index": 0}, "status": "ACTIVE"}, {"action": "SOUTH", "reward": 2405, "info": {}, "observation": {"remainingOverageTime": 60, "index": 1}, "status": "ACTIVE"}, {"action": "NORTH", "reward": 602, "info": {}, "observation": {"remainingOverageTime": 60, "index": 2}, "status": "DONE"}, {"action": "NORTH", "reward": 1902, "info": {}, "observation": {"remainingOverageTime": 60, "index": 3}, "status": "DONE"}], [{"action": "WEST", "reward": 2506, "info": {}, "observation": {"remainingOverageTime": 60, "step": 24, "geese": [[12, 13, 24, 25, 14, 15], [51, 50, 39, 40, 41], [], []], "food": [53, 59], "index": 0}, "status": "ACTIVE"}, {"action": "EAST", "reward": 2505, "info": {}, "observation": {"remainingOverageTime": 60, "index": 1}, "status": "ACTIVE"}, {"action": "NORTH", "reward": 602, "info": {}, "observation": {"remainingOverageTime": 60, "index": 2}, "status": "DONE"}, {"action": "NORTH", "reward": 1902, "info": {}, "observation": {"remainingOverageTime": 60, "index": 3}, "status": "DONE"}], [{"action": "SOUTH", "reward": 2606, "info": {}, "observation": {"remainingOverageTime": 60, "step": 25, "geese": [[23, 12, 13, 24, 25, 14], [52, 51, 50, 39, 40], [], []], "food": [53, 59], "index": 0}, "status": "ACTIVE"}, {"action": "EAST", "reward": 2605, "info": {}, "observation": {"remainingOverageTime": 60, "index": 1}, "status": "ACTIVE"}, {"action": "NORTH", "reward": 602, "info": {}, "observation": {"remainingOverageTime": 60, "index": 2}, "status": "DONE"}, {"action": "NORTH", "reward": 1902, "info": {}, "observation": {"remainingOverageTime": 60, "index": 3}, "status": "DONE"}], [{"action": "SOUTH", "reward": 2706, "info": {}, "observation": {"remainingOverageTime": 60, "step": 26, "geese": [[34, 23, 12, 13, 24, 25], [53, 52, 51, 50, 39, 40], [], []], "food": [59, 3], "index": 0}, "status": "ACTIVE"}, {"action": "EAST", "reward": 2706, "info": {}, "observation": {"remainingOverageTime": 60, "index": 1}, "status": "ACTIVE"}, {"action": "NORTH", "reward": 602, "info": {}, "observation": {"remainingOverageTime": 60, "index": 2}, "status": "DONE"}, {"action": "NORTH", "reward": 1902, "info": {}, "observation": {"remainingOverageTime": 60, "index": 3}, "status": "DONE"}], [{"action": "EAST", "reward": 2806, "info": {}, "observation": {"remainingOverageTime": 60, "step": 27, "geese": [[35, 34, 23, 12, 13, 24], [64, 53, 52, 51, 50, 39], [], []], "food": [59, 3], "index": 0}, "status": "ACTIVE"}, {"action": "SOUTH", "reward": 2806, "info": {}, "observation": {"remainingOverageTime": 60, "index": 1}, "status": "ACTIVE"}, {"action": "NORTH", "reward": 602, "info": {}, "observation": {"remainingOverageTime": 60, "index": 2}, "status": "DONE"}, {"action": "NORTH", "reward": 1902, "info": {}, "observation": {"remainingOverageTime": 60, "index": 3}, "status": "DONE"}], [{"action": "NORTH", "reward": 2906, "info": {}, "observation": {"remainingOverageTime": 60, "step": 28, "geese": [[24, 35, 34, 23, 12, 13], [63, 64, 53, 52, 51, 50], [], []], "food": [59, 3], "index": 0}, "status": "ACTIVE"}, {"action": "WEST", "reward": 2906, "info": {}, "observation": {"remainingOverageTime": 60, "index": 1}, "status": "ACTIVE"}, {"action": "NORTH", "reward": 602, "info": {}, "observation": {"remainingOverageTime": 60, "index": 2}, "status": "DONE"}, {"action": "NORTH", "reward": 1902, "info": {}, "observation": {"remainingOverageTime": 60, "index": 3}, "status": "DONE"}], [{"action": "NORTH", "reward": 3006, "info": {}, "observation": {"remainingOverageTime": 60, "step": 29, "geese": [[13, 24, 35, 34, 23, 12], [62, 63, 64, 53, 52, 51], [], []], "food": [59, 3], "index": 0}, "status": "ACTIVE"}, {"action": "WEST", "reward": 3006, "info": {}, "observation": {"remainingOverageTime": 60, "index": 1}, "status": "ACTIVE"}, {"action": "NORTH", "reward": 602, "info": {}, "observation": {"remainingOverageTime": 60, "index": 2}, "status": "DONE"}, {"action": "NORTH", "reward": 1902, "info": {}, "observation": {"remainingOverageTime": 60, "index": 3}, "status": "DONE"}], [{"action": "NORTH", "reward": 3106, "info": {}, "observation": {"remainingOverageTime": 60, "step": 30, "geese": [[2, 13, 24, 35, 34, 23], [61, 62, 63, 64, 53, 52], [], []], "food": [59, 3], "index": 0}, "status": "ACTIVE"}, {"action": "WEST", "reward": 3106, "info": {}, "observation": {"remainingOverageTime": 60, "index": 1}, "status": "ACTIVE"}, {"action": "NORTH", "reward": 602, "info": {}, "observation": {"remainingOverageTime": 60, "index": 2}, "status": "DONE"}, {"action": "NORTH", "reward": 1902, "info": {}, "observation": {"remainingOverageTime": 60, "index": 3}, "status": "DONE"}], [{"action": "EAST", "reward": 3207, "info": {}, "observation": {"remainingOverageTime": 60, "step": 31, "geese": [[3, 2, 13, 24, 35, 34, 23], [60, 61, 62, 63, 64, 53], [], []], "food": [59, 69], "index": 0}, "status": "ACTIVE"}, {"action": "WEST", "reward": 3206, "info": {}, "observation": {"remainingOverageTime": 60, "index": 1}, "status": "ACTIVE"}, {"action": "NORTH", "reward": 602, "info": {}, "observation": {"remainingOverageTime": 60, "index": 2}, "status": "DONE"}, {"action": "NORTH", "reward": 1902, "info": {}, "observation": {"remainingOverageTime": 60, "index": 3}, "status": "DONE"}], [{"action": "NORTH", "reward": 3308, "info": {}, "observation": {"remainingOverageTime": 60, "step": 32, "geese": [[69, 3, 2, 13, 24, 35, 34, 23], [59, 60, 61, 62, 63, 64, 53], [], []], "food": [5, 27], "index": 0}, "status": "ACTIVE"}, {"action": "WEST", "reward": 3307, "info": {}, "observation": {"remainingOverageTime": 60, "index": 1}, "status": "ACTIVE"}, {"action": "NORTH", "reward": 602, "info": {}, "observation": {"remainingOverageTime": 60, "index": 2}, "status": "DONE"}, {"action": "NORTH", "reward": 1902, "info": {}, "observation": {"remainingOverageTime": 60, "index": 3}, "status": "DONE"}], [{"action": "EAST", "reward": 3408, "info": {}, "observation": {"remainingOverageTime": 60, "step": 33, "geese": [[70, 69, 3, 2, 13, 24, 35, 34], [48, 59, 60, 61, 62, 63, 64], [], []], "food": [5, 27], "index": 0}, "status": "ACTIVE"}, {"action": "NORTH", "reward": 3407, "info": {}, "observation": {"remainingOverageTime": 60, "index": 1}, "status": "ACTIVE"}, {"action": "NORTH", "reward": 602, "info": {}, "observation": {"remainingOverageTime": 60, "index": 2}, "status": "DONE"}, {"action": "NORTH", "reward": 1902, "info": {}, "observation": {"remainingOverageTime": 60, "index": 3}, "status": "DONE"}], [{"action": "SOUTH", "reward": 3508, "info": {}, "observation": {"remainingOverageTime": 60, "step": 34, "geese": [[4, 70, 69, 3, 2, 13, 24, 35], [37, 48, 59, 60, 61, 62, 63], [], []], "food": [5, 27], "index": 0}, "status": "ACTIVE"}, {"action": "NORTH", "reward": 3507, "info": {}, "observation": {"remainingOverageTime": 60, "index": 1}, "status": "ACTIVE"}, {"action": "NORTH", "reward": 602, "info": {}, "observation": {"remainingOverageTime": 60, "index": 2}, "status": "DONE"}, {"action": "NORTH", "reward": 1902, "info": {}, "observation": {"remainingOverageTime": 60, "index": 3}, "status": "DONE"}], [{"action": "EAST", "reward": 3609, "info": {}, "observation": {"remainingOverageTime": 60, "step": 35, "geese": [[5, 4, 70, 69, 3, 2, 13, 24, 35], [26, 37, 48, 59, 60, 61, 62], [], []], "food": [27, 17], "index": 0}, "status": "ACTIVE"}, {"action": "NORTH", "reward": 3607, "info": {}, "observation": {"remainingOverageTime": 60, "index": 1}, "status": "ACTIVE"}, {"action": "NORTH", "reward": 602, "info": {}, "observation": {"remainingOverageTime": 60, "index": 2}, "status": "DONE"}, {"action": "NORTH", "reward": 1902, "info": {}, "observation": {"remainingOverageTime": 60, "index": 3}, "status": "DONE"}], [{"action": "EAST", "reward": 3709, "info": {}, "observation": {"remainingOverageTime": 60, "step": 36, "geese": [[6, 5, 4, 70, 69, 3, 2, 13, 24], [27, 26, 37, 48, 59, 60, 61, 62], [], []], "food": [17, 43], "index": 0}, "status": "ACTIVE"}, {"action": "EAST", "reward": 3708, "info": {}, "observation": {"remainingOverageTime": 60, "index": 1}, "status": "ACTIVE"}, {"action": "NORTH", "reward": 602, "info": {}, "observation": {"remainingOverageTime": 60, "index": 2}, "status": "DONE"}, {"action": "NORTH", "reward": 1902, "info": {}, "observation": {"remainingOverageTime": 60, "index": 3}, "status": "DONE"}], [{"action": "SOUTH", "reward": 3810, "info": {}, "observation": {"remainingOverageTime": 60, "step": 37, "geese": [[17, 6, 5, 4, 70, 69, 3, 2, 13, 24], [16, 27, 26, 37, 48, 59, 60, 61], [], []], "food": [43, 32], "index": 0}, "status": "ACTIVE"}, {"action": "NORTH", "reward": 3808, "info": {}, "observation": {"remainingOverageTime": 60, "index": 1}, "status": "ACTIVE"}, {"action": "NORTH", "reward": 602, "info": {}, "observation": {"remainingOverageTime": 60, "index": 2}, "status": "DONE"}, {"action": "NORTH", "reward": 1902, "info": {}, "observation": {"remainingOverageTime": 60, "index": 3}, "status": "DONE"}], [{"action": "EAST", "reward": 3910, "info": {}, "observation": {"remainingOverageTime": 60, "step": 38, "geese": [[18, 17, 6, 5, 4, 70, 69, 3, 2, 13], [15, 16, 27, 26, 37, 48, 59, 60], [], []], "food": [43, 32], "index": 0}, "status": "ACTIVE"}, {"action": "WEST", "reward": 3908, "info": {}, "observation": {"remainingOverageTime": 60, "index": 1}, "status": "ACTIVE"}, {"action": "NORTH", "reward": 602, "info": {}, "observation": {"remainingOverageTime": 60, "index": 2}, "status": "DONE"}, {"action": "NORTH", "reward": 1902, "info": {}, "observation": {"remainingOverageTime": 60, "index": 3}, "status": "DONE"}], [{"action": "EAST", "reward": 4010, "info": {}, "observation": {"remainingOverageTime": 60, "step": 39, "geese": [[19, 18, 17, 6, 5, 4, 70, 69, 3, 2], [14, 15, 16, 27, 26, 37, 48, 59], [], []], "food": [43, 32], "index": 0}, "status": "ACTIVE"}, {"action": "WEST", "reward": 4008, "info": {}, "observation": {"remainingOverageTime": 60, "index": 1}, "status": "ACTIVE"}, {"action": "NORTH", "reward": 602, "info": {}, "observation": {"remainingOverageTime": 60, "index": 2}, "status": "DONE"}, {"action": "NORTH", "reward": 1902, "info": {}, "observation": {"remainingOverageTime": 60, "index": 3}, "status": "DONE"}], [{"action": "SOUTH", "reward": 4109, "info": {}, "observation": {"remainingOverageTime": 60, "step": 40, "geese": [[30, 19, 18, 17, 6, 5, 4, 70, 69], [25, 14, 15, 16, 27, 26, 37], [], []], "food": [43, 32], "index": 0}, "status": "ACTIVE"}, {"action": "SOUTH", "reward": 4107, "info": {}, "observation": {"remainingOverageTime": 60, "index": 1}, "status": "ACTIVE"}, {"action": "NORTH", "reward": 602, "info": {}, "observation": {"remainingOverageTime": 60, "index": 2}, "status": "DONE"}, {"action": "NORTH", "reward": 1902, "info": {}, "observation": {"remainingOverageTime": 60, "index": 3}, "status": "DONE"}], [{"action": "EAST", "reward": 4209, "info": {}, "observation": {"remainingOverageTime": 60, "step": 41, "geese": [[31, 30, 19, 18, 17, 6, 5, 4, 70], [36, 25, 14, 15, 16, 27, 26], [], []], "food": [43, 32], "index": 0}, "status": "ACTIVE"}, {"action": "SOUTH", "reward": 4207, "info": {}, "observation": {"remainingOverageTime": 60, "index": 1}, "status": "ACTIVE"}, {"action": "NORTH", "reward": 602, "info": {}, "observation": {"remainingOverageTime": 60, "index": 2}, "status": "DONE"}, {"action": "NORTH", "reward": 1902, "info": {}, "observation": {"remainingOverageTime": 60, "index": 3}, "status": "DONE"}], [{"action": "EAST", "reward": 4310, "info": {}, "observation": {"remainingOverageTime": 60, "step": 42, "geese": [[32, 31, 30, 19, 18, 17, 6, 5, 4, 70], [37, 36, 25, 14, 15, 16, 27], [], []], "food": [43, 53], "index": 0}, "status": "ACTIVE"}, {"action": "EAST", "reward": 4307, "info": {}, "observation": {"remainingOverageTime": 60, "index": 1}, "status": "ACTIVE"}, {"action": "NORTH", "reward": 602, "info": {}, "observation": {"remainingOverageTime": 60, "index": 2}, "status": "DONE"}, {"action": "NORTH", "reward": 1902, "info": {}, "observation": {"remainingOverageTime": 60, "index": 3}, "status": "DONE"}], [{"action": "SOUTH", "reward": 4411, "info": {}, "observation": {"remainingOverageTime": 60, "step": 43, "geese": [[43, 32, 31, 30, 19, 18, 17, 6, 5, 4, 70], [38, 37, 36, 25, 14, 15, 16], [], []], "food": [53, 22], "index": 0}, "status": "ACTIVE"}, {"action": "EAST", "reward": 4407, "info": {}, "observation": {"remainingOverageTime": 60, "index": 1}, "status": "ACTIVE"}, {"action": "NORTH", "reward": 602, "info": {}, "observation": {"remainingOverageTime": 60, "index": 2}, "status": "DONE"}, {"action": "NORTH", "reward": 1902, "info": {}, "observation": {"remainingOverageTime": 60, "index": 3}, "status": "DONE"}], [{"action": "EAST", "reward": 4511, "info": {}, "observation": {"remainingOverageTime": 60, "step": 44, "geese": [[33, 43, 32, 31, 30, 19, 18, 17, 6, 5, 4], [39, 38, 37, 36, 25, 14, 15], [], []], "food": [53, 22], "index": 0}, "status": "ACTIVE"}, {"action": "EAST", "reward": 4507, "info": {}, "observation": {"remainingOverageTime": 60, "index": 1}, "status": "ACTIVE"}, {"action": "NORTH", "reward": 602, "info": {}, "observation": {"remainingOverageTime": 60, "index": 2}, "status": "DONE"}, {"action": "NORTH", "reward": 1902, "info": {}, "observation": {"remainingOverageTime": 60, "index": 3}, "status": "DONE"}], [{"action": "NORTH", "reward": 4612, "info": {}, "observation": {"remainingOverageTime": 60, "step": 45, "geese": [[22, 33, 43, 32, 31, 30, 19, 18, 17, 6, 5, 4], [50, 39, 38, 37, 36, 25, 14], [], []], "food": [53, 2], "index": 0}, "status": "ACTIVE"}, {"action": "SOUTH", "reward": 4607, "info": {}, "observation": {"remainingOverageTime": 60, "index": 1}, "status": "ACTIVE"}, {"action": "NORTH", "reward": 602, "info": {}, "observation": {"remainingOverageTime": 60, "index": 2}, "status": "DONE"}, {"action": "NORTH", "reward": 1902, "info": {}, "observation": {"remainingOverageTime": 60, "index": 3}, "status": "DONE"}], [{"action": "NORTH", "reward": 4712, "info": {}, "observation": {"remainingOverageTime": 60, "step": 46, "geese": [[11, 22, 33, 43, 32, 31, 30, 19, 18, 17, 6, 5], [51, 50, 39, 38, 37, 36, 25], [], []], "food": [53, 2], "index": 0}, "status": "ACTIVE"}, {"action": "EAST", "reward": 4707, "info": {}, "observation": {"remainingOverageTime": 60, "index": 1}, "status": "ACTIVE"}, {"action": "NORTH", "reward": 602, "info": {}, "observation": {"remainingOverageTime": 60, "index": 2}, "status": "DONE"}, {"action": "NORTH", "reward": 1902, "info": {}, "observation": {"remainingOverageTime": 60, "index": 3}, "status": "DONE"}], [{"action": "NORTH", "reward": 4812, "info": {}, "observation": {"remainingOverageTime": 60, "step": 47, "geese": [[0, 11, 22, 33, 43, 32, 31, 30, 19, 18, 17, 6], [52, 51, 50, 39, 38, 37, 36], [], []], "food": [53, 2], "index": 0}, "status": "ACTIVE"}, {"action": "EAST", "reward": 4807, "info": {}, "observation": {"remainingOverageTime": 60, "index": 1}, "status": "ACTIVE"}, {"action": "NORTH", "reward": 602, "info": {}, "observation": {"remainingOverageTime": 60, "index": 2}, "status": "DONE"}, {"action": "NORTH", "reward": 1902, "info": {}, "observation": {"remainingOverageTime": 60, "index": 3}, "status": "DONE"}], [{"action": "EAST", "reward": 4912, "info": {}, "observation": {"remainingOverageTime": 60, "step": 48, "geese": [[1, 0, 11, 22, 33, 43, 32, 31, 30, 19, 18, 17], [53, 52, 51, 50, 39, 38, 37, 36], [], []], "food": [2, 5], "index": 0}, "status": "ACTIVE"}, {"action": "EAST", "reward": 4908, "info": {}, "observation": {"remainingOverageTime": 60, "index": 1}, "status": "ACTIVE"}, {"action": "NORTH", "reward": 602, "info": {}, "observation": {"remainingOverageTime": 60, "index": 2}, "status": "DONE"}, {"action": "NORTH", "reward": 1902, "info": {}, "observation": {"remainingOverageTime": 60, "index": 3}, "status": "DONE"}], [{"action": "EAST", "reward": 5013, "info": {}, "observation": {"remainingOverageTime": 60, "step": 49, "geese": [[2, 1, 0, 11, 22, 33, 43, 32, 31, 30, 19, 18, 17], [42, 53, 52, 51, 50, 39, 38, 37], [], []], "food": [5, 21], "index": 0}, "status": "ACTIVE"}, {"action": "NORTH", "reward": 5008, "info": {}, "observation": {"remainingOverageTime": 60, "index": 1}, "status": "ACTIVE"}, {"action": "NORTH", "reward": 602, "info": {}, "observation": {"remainingOverageTime": 60, "index": 2}, "status": "DONE"}, {"action": "NORTH", "reward": 1902, "info": {}, "observation": {"remainingOverageTime": 60, "index": 3}, "status": "DONE"}], [{"action": "EAST", "reward": 5113, "info": {}, "observation": {"remainingOverageTime": 60, "step": 50, "geese": [[3, 2, 1, 0, 11, 22, 33, 43, 32, 31, 30, 19, 18], [41, 42, 53, 52, 51, 50, 39, 38], [], []], "food": [5, 21], "index": 0}, "status": "ACTIVE"}, {"action": "WEST", "reward": 5108, "info": {}, "observation": {"remainingOverageTime": 60, "index": 1}, "status": "ACTIVE"}, {"action": "NORTH", "reward": 602, "info": {}, "observation": {"remainingOverageTime": 60, "index": 2}, "status": "DONE"}, {"action": "NORTH", "reward": 1902, "info": {}, "observation": {"remainingOverageTime": 60, "index": 3}, "status": "DONE"}], [{"action": "EAST", "reward": 5213, "info": {}, "observation": {"remainingOverageTime": 60, "step": 51, "geese": [[4, 3, 2, 1, 0, 11, 22, 33, 43, 32, 31, 30, 19], [40, 41, 42, 53, 52, 51, 50, 39], [], []], "food": [5, 21], "index": 0}, "status": "ACTIVE"}, {"action": "WEST", "reward": 5208, "info": {}, "observation": {"remainingOverageTime": 60, "index": 1}, "status": "ACTIVE"}, {"action": "NORTH", "reward": 602, "info": {}, "observation": {"remainingOverageTime": 60, "index": 2}, "status": "DONE"}, {"action": "NORTH", "reward": 1902, "info": {}, "observation": {"remainingOverageTime": 60, "index": 3}, "status": "DONE"}], [{"action": "EAST", "reward": 5314, "info": {}, "observation": {"remainingOverageTime": 60, "step": 52, "geese": [[5, 4, 3, 2, 1, 0, 11, 22, 33, 43, 32, 31, 30, 19], [29, 40, 41, 42, 53, 52, 51, 50], [], []], "food": [21, 8], "index": 0}, "status": "ACTIVE"}, {"action": "NORTH", "reward": 5308, "info": {}, "observation": {"remainingOverageTime": 60, "index": 1}, "status": "ACTIVE"}, {"action": "NORTH", "reward": 602, "info": {}, "observation": {"remainingOverageTime": 60, "index": 2}, "status": "DONE"}, {"action": "NORTH", "reward": 1902, "info": {}, "observation": {"remainingOverageTime": 60, "index": 3}, "status": "DONE"}], [{"action": "EAST", "reward": 5414, "info": {}, "observation": {"remainingOverageTime": 60, "step": 53, "geese": [[6, 5, 4, 3, 2, 1, 0, 11, 22, 33, 43, 32, 31, 30], [18, 29, 40, 41, 42, 53, 52, 51], [], []], "food": [21, 8], "index": 0}, "status": "ACTIVE"}, {"action": "NORTH", "reward": 5408, "info": {}, "observation": {"remainingOverageTime": 60, "index": 1}, "status": "ACTIVE"}, {"action": "NORTH", "reward": 602, "info": {}, "observation": {"remainingOverageTime": 60, "index": 2}, "status": "DONE"}, {"action": "NORTH", "reward": 1902, "info": {}, "observation": {"remainingOverageTime": 60, "index": 3}, "status": "DONE"}], [{"action": "EAST", "reward": 5414, "info": {}, "observation": {"remainingOverageTime": 60, "step": 54, "geese": [[], [], [], []], "food": [21, 8], "index": 0}, "status": "DONE"}, {"action": "NORTH", "reward": 5408, "info": {}, "observation": {"remainingOverageTime": 60, "index": 1}, "status": "DONE"}, {"action": "NORTH", "reward": 602, "info": {}, "observation": {"remainingOverageTime": 60, "index": 2}, "status": "DONE"}, {"action": "NORTH", "reward": 1902, "info": {}, "observation": {"remainingOverageTime": 60, "index": 3}, "status": "DONE"}]], "rewards": [5414, 5408, 602, 1902], "statuses": ["DONE", "DONE", "DONE", "DONE"], "schema_version": 1, "info": {}}