{"id": "582315a0-db08-11ee-b332-0242ac1c000c", "name": "hungry_geese", "title": "Hungry Geese", "description": "Similar to the classic snake game with multiple players", "version": "1.0.0", "configuration": {"episodeSteps": 200, "actTimeout": 1, "runTimeout": 1200, "columns": 11, "rows": 7, "hunger_rate": 40, "min_food": 2, "max_length": 99}, "specification": {"action": {"description": "Direction to move the head of your players goose.", "type": "string", "enum": ["NORTH", "EAST", "SOUTH", "WEST"], "default": "NORTH"}, "agents": [1, 2, 3, 4, 5, 6, 7, 8], "configuration": {"episodeSteps": {"description": "Maximum number of steps in the episode.", "type": "integer", "minimum": 1, "default": 200}, "actTimeout": {"description": "Maximum runtime (seconds) to obtain an action from an agent.", "type": "number", "minimum": 0, "default": 1}, "runTimeout": {"description": "Maximum runtime (seconds) of an episode (not necessarily DONE).", "type": "number", "minimum": 0, "default": 1200}, "columns": {"description": "Horizontal number of cells on the board.", "type": "integer", "default": 11, "minimum": 3}, "rows": {"description": "Vertical number of cells on the board.", "type": "integer", "default": 7, "minimum": 3}, "hunger_rate": {"description": "The number of steps before the goose shrinks a cell.", "type": "integer", "minimum": 1, "default": 40}, "min_food": {"description": "The minimum amount of food present for all steps.", "type": "integer", "default": 2, "minimum": 1}, "max_length": {"description": "The max length any goose can be. Total reward = (max length + 1) * steps survived + goose length.", "type": "integer", "default": 99}}, "info": {}, "observation": {"remainingOverageTime": {"description": "Total remaining banked time (seconds) that can be used in excess of per-step actTimeouts -- agent is disqualified with TIMEOUT status when this drops below 0.", "shared": false, "type": "number", "minimum": 0, "default": 60}, "step": {"description": "Current step within the episode.", "type": "integer", "shared": true, "minimum": 0, "default": 0}, "geese": {"description": "List of geese in order by the agent index.", "type": "array", "default": [], "shared": true}, "food": {"description": "Positions on the board where food is present.", "type": "array", "default": [], "shared": true}, "index": {"description": "Index of the current agent's goose in the list of geese.", "type": "integer", "minimum": 0, "defaults": [0, 1, 2, 3, 4, 5, 6, 7]}}, "reward": {"description": "steps survived * (max goose length + 1) + current goose length.", "type": ["number", "null"], "default": 0, "minimum": 0}}, "steps": [[{"action": "NORTH", "reward": 0, "info": {}, "observation": {"remainingOverageTime": 60, "step": 0, "geese": [[54], [6], [7], [21]], "food": [42, 27], "index": 0}, "status": "ACTIVE"}, {"action": "NORTH", "reward": 0, "info": {}, "observation": {"remainingOverageTime": 60, "index": 1}, "status": "ACTIVE"}, {"action": "NORTH", "reward": 0, "info": {}, "observation": {"remainingOverageTime": 60, "index": 2}, "status": "ACTIVE"}, {"action": "NORTH", "reward": 0, "info": {}, "observation": {"remainingOverageTime": 60, "index": 3}, "status": "ACTIVE"}], [{"action": "NORTH", "reward": 201, "info": {}, "observation": {"remainingOverageTime": 60, "step": 1, "geese": [[43], [17], [18], [32]], "food": [42, 27], "index": 0}, "status": "ACTIVE"}, {"action": "SOUTH", "reward": 201, "info": {}, "observation": {"remainingOverageTime": 60, "index": 1}, "status": "ACTIVE"}, {"action": "SOUTH", "reward": 201, "info": {}, "observation": {"remainingOverageTime": 60, "index": 2}, "status": "ACTIVE"}, {"action": "SOUTH", "reward": 201, "info": {}, "observation": {"remainingOverageTime": 60, "index": 3}, "status": "ACTIVE"}], [{"action": "WEST", "reward": 302, "info": {}, "observation": {"remainingOverageTime": 60, "step": 2, "geese": [[42, 43], [28], [29], [31]], "food": [27, 15], "index": 0}, "status": "ACTIVE"}, {"action": "SOUTH", "reward": 301, "info": {}, "observation": {"remainingOverageTime": 60, "index": 1}, "status": "ACTIVE"}, {"action": "SOUTH", "reward": 301, "info": {}, "observation": {"remainingOverageTime": 60, "index": 2}, "status": "ACTIVE"}, {"action": "WEST", "reward": 301, "info": {}, "observation": {"remainingOverageTime": 60, "index": 3}, "status": "ACTIVE"}], [{"action": "NORTH", "reward": 402, "info": {}, "observation": {"remainingOverageTime": 60, "step": 3, "geese": [[31, 42], [27, 28], [], [20]], "food": [15, 16], "index": 0}, "status": "ACTIVE"}, {"action": "WEST", "reward": 402, "info": {}, "observation": {"remainingOverageTime": 60, "index": 1}, "status": "ACTIVE"}, {"action": "WEST", "reward": 301, "info": {}, "observation": {"remainingOverageTime": 60, "index": 2}, "status": "DONE"}, {"action": "NORTH", "reward": 401, "info": {}, "observation": {"remainingOverageTime": 60, "index": 3}, "status": "ACTIVE"}], [{"action": "WEST", "reward": 502, "info": {}, "observation": {"remainingOverageTime": 60, "step": 4, "geese": [[30, 31], [16, 27, 28], [], [19]], "food": [15, 8], "index": 0}, "status": "ACTIVE"}, {"action": "NORTH", "reward": 503, "info": {}, "observation": {"remainingOverageTime": 60, "index": 1}, "status": "ACTIVE"}, {"action": "NORTH", "reward": 301, "info": {}, "observation": {"remainingOverageTime": 60, "index": 2}, "status": "DONE"}, {"action": "WEST", "reward": 501, "info": {}, "observation": {"remainingOverageTime": 60, "index": 3}, "status": "ACTIVE"}], [{"action": "NORTH", "reward": 502, "info": {}, "observation": {"remainingOverageTime": 60, "step": 5, "geese": [[], [15, 16, 27, 28], [], [8, 19]], "food": [10, 5], "index": 0}, "status": "DONE"}, {"action": "WEST", "reward": 604, "info": {}, "observation": {"remainingOverageTime": 60, "index": 1}, "status": "ACTIVE"}, {"action": "NORTH", "reward": 301, "info": {}, "observation": {"remainingOverageTime": 60, "index": 2}, "status": "DONE"}, {"action": "NORTH", "reward": 602, "info": {}, "observation": {"remainingOverageTime": 60, "index": 3}, "status": "ACTIVE"}], [{"action": "NORTH", "reward": 502, "info": {}, "observation": {"remainingOverageTime": 60, "step": 6, "geese": [[], [4, 15, 16, 27], [], [9, 8]], "food": [10, 5], "index": 0}, "status": "DONE"}, {"action": "NORTH", "reward": 704, "info": {}, "observation": {"remainingOverageTime": 60, "index": 1}, "status": "ACTIVE"}, {"action": "NORTH", "reward": 301, "info": {}, "observation": {"remainingOverageTime": 60, "index": 2}, "status": "DONE"}, {"action": "EAST", "reward": 702, "info": {}, "observation": {"remainingOverageTime": 60, "index": 3}, "status": "ACTIVE"}], [{"action": "NORTH", "reward": 502, "info": {}, "observation": {"remainingOverageTime": 60, "step": 7, "geese": [[], [5, 4, 15, 16, 27], [], [10, 9, 8]], "food": [71, 28], "index": 0}, "status": "DONE"}, {"action": "EAST", "reward": 805, "info": {}, "observation": {"remainingOverageTime": 60, "index": 1}, "status": "ACTIVE"}, {"action": "NORTH", "reward": 301, "info": {}, "observation": {"remainingOverageTime": 60, "index": 2}, "status": "DONE"}, {"action": "EAST", "reward": 803, "info": {}, "observation": {"remainingOverageTime": 60, "index": 3}, "status": "ACTIVE"}], [{"action": "NORTH", "reward": 502, "info": {}, "observation": {"remainingOverageTime": 60, "step": 8, "geese": [[], [71, 5, 4, 15, 16, 27], [], [76, 10, 9]], "food": [28, 30], "index": 0}, "status": "DONE"}, {"action": "NORTH", "reward": 906, "info": {}, "observation": {"remainingOverageTime": 60, "index": 1}, "status": "ACTIVE"}, {"action": "NORTH", "reward": 301, "info": {}, "observation": {"remainingOverageTime": 60, "index": 2}, "status": "DONE"}, {"action": "NORTH", "reward": 903, "info": {}, "observation": {"remainingOverageTime": 60, "index": 3}, "status": "ACTIVE"}], [{"action": "NORTH", "reward": 502, "info": {}, "observation": {"remainingOverageTime": 60, "step": 9, "geese": [[], [60, 71, 5, 4, 15, 16], [], [65, 76, 10]], "food": [28, 30], "index": 0}, "status": "DONE"}, {"action": "NORTH", "reward": 1006, "info": {}, "observation": {"remainingOverageTime": 60, "index": 1}, "status": "ACTIVE"}, {"action": "NORTH", "reward": 301, "info": {}, "observation": {"remainingOverageTime": 60, "index": 2}, "status": "DONE"}, {"action": "NORTH", "reward": 1003, "info": {}, "observation": {"remainingOverageTime": 60, "index": 3}, "status": "ACTIVE"}], [{"action": "NORTH", "reward": 502, "info": {}, "observation": {"remainingOverageTime": 60, "step": 10, "geese": [[], [49, 60, 71, 5, 4, 15], [], [54, 65, 76]], "food": [28, 30], "index": 0}, "status": "DONE"}, {"action": "NORTH", "reward": 1106, "info": {}, "observation": {"remainingOverageTime": 60, "index": 1}, "status": "ACTIVE"}, {"action": "NORTH", "reward": 301, "info": {}, "observation": {"remainingOverageTime": 60, "index": 2}, "status": "DONE"}, {"action": "NORTH", "reward": 1103, "info": {}, "observation": {"remainingOverageTime": 60, "index": 3}, "status": "ACTIVE"}], [{"action": "NORTH", "reward": 502, "info": {}, "observation": {"remainingOverageTime": 60, "step": 11, "geese": [[], [38, 49, 60, 71, 5, 4], [], [43, 54, 65]], "food": [28, 30], "index": 0}, "status": "DONE"}, {"action": "NORTH", "reward": 1206, "info": {}, "observation": {"remainingOverageTime": 60, "index": 1}, "status": "ACTIVE"}, {"action": "NORTH", "reward": 301, "info": {}, "observation": {"remainingOverageTime": 60, "index": 2}, "status": "DONE"}, {"action": "NORTH", "reward": 1203, "info": {}, "observation": {"remainingOverageTime": 60, "index": 3}, "status": "ACTIVE"}], [{"action": "NORTH", "reward": 502, "info": {}, "observation": {"remainingOverageTime": 60, "step": 12, "geese": [[], [27, 38, 49, 60, 71, 5], [], [32, 43, 54]], "food": [28, 30], "index": 0}, "status": "DONE"}, {"action": "NORTH", "reward": 1306, "info": {}, "observation": {"remainingOverageTime": 60, "index": 1}, "status": "ACTIVE"}, {"action": "NORTH", "reward": 301, "info": {}, "observation": {"remainingOverageTime": 60, "index": 2}, "status": "DONE"}, {"action": "NORTH", "reward": 1303, "info": {}, "observation": {"remainingOverageTime": 60, "index": 3}, "status": "ACTIVE"}], [{"action": "NORTH", "reward": 502, "info": {}, "observation": {"remainingOverageTime": 60, "step": 13, "geese": [[], [28, 27, 38, 49, 60, 71, 5], [], [31, 32, 43]], "food": [30, 46], "index": 0}, "status": "DONE"}, {"action": "EAST", "reward": 1407, "info": {}, "observation": {"remainingOverageTime": 60, "index": 1}, "status": "ACTIVE"}, {"action": "NORTH", "reward": 301, "info": {}, "observation": {"remainingOverageTime": 60, "index": 2}, "status": "DONE"}, {"action": "WEST", "reward": 1403, "info": {}, "observation": {"remainingOverageTime": 60, "index": 3}, "status": "ACTIVE"}], [{"action": "NORTH", "reward": 502, "info": {}, "observation": {"remainingOverageTime": 60, "step": 14, "geese": [[], [29, 28, 27, 38, 49, 60, 71], [], [30, 31, 32, 43]], "food": [46, 7], "index": 0}, "status": "DONE"}, {"action": "EAST", "reward": 1507, "info": {}, "observation": {"remainingOverageTime": 60, "index": 1}, "status": "ACTIVE"}, {"action": "NORTH", "reward": 301, "info": {}, "observation": {"remainingOverageTime": 60, "index": 2}, "status": "DONE"}, {"action": "WEST", "reward": 1504, "info": {}, "observation": {"remainingOverageTime": 60, "index": 3}, "status": "ACTIVE"}], [{"action": "NORTH", "reward": 502, "info": {}, "observation": {"remainingOverageTime": 60, "step": 15, "geese": [[], [18, 29, 28, 27, 38, 49, 60], [], [19, 30, 31, 32]], "food": [46, 7], "index": 0}, "status": "DONE"}, {"action": "NORTH", "reward": 1607, "info": {}, "observation": {"remainingOverageTime": 60, "index": 1}, "status": "ACTIVE"}, {"action": "NORTH", "reward": 301, "info": {}, "observation": {"remainingOverageTime": 60, "index": 2}, "status": "DONE"}, {"action": "NORTH", "reward": 1604, "info": {}, "observation": {"remainingOverageTime": 60, "index": 3}, "status": "ACTIVE"}], [{"action": "NORTH", "reward": 502, "info": {}, "observation": {"remainingOverageTime": 60, "step": 16, "geese": [[], [7, 18, 29, 28, 27, 38, 49, 60], [], [8, 19, 30, 31]], "food": [46, 17], "index": 0}, "status": "DONE"}, {"action": "NORTH", "reward": 1708, "info": {}, "observation": {"remainingOverageTime": 60, "index": 1}, "status": "ACTIVE"}, {"action": "NORTH", "reward": 301, "info": {}, "observation": {"remainingOverageTime": 60, "index": 2}, "status": "DONE"}, {"action": "NORTH", "reward": 1704, "info": {}, "observation": {"remainingOverageTime": 60, "index": 3}, "status": "ACTIVE"}], [{"action": "NORTH", "reward": 502, "info": {}, "observation": {"remainingOverageTime": 60, "step": 17, "geese": [[], [6, 7, 18, 29, 28, 27, 38, 49], [], [9, 8, 19, 30]], "food": [46, 17], "index": 0}, "status": "DONE"}, {"action": "WEST", "reward": 1808, "info": {}, "observation": {"remainingOverageTime": 60, "index": 1}, "status": "ACTIVE"}, {"action": "NORTH", "reward": 301, "info": {}, "observation": {"remainingOverageTime": 60, "index": 2}, "status": "DONE"}, {"action": "EAST", "reward": 1804, "info": {}, "observation": {"remainingOverageTime": 60, "index": 3}, "status": "ACTIVE"}], [{"action": "NORTH", "reward": 502, "info": {}, "observation": {"remainingOverageTime": 60, "step": 18, "geese": [[], [17, 6, 7, 18, 29, 28, 27, 38, 49], [], [20, 9, 8, 19]], "food": [46, 74], "index": 0}, "status": "DONE"}, {"action": "SOUTH", "reward": 1909, "info": {}, "observation": {"remainingOverageTime": 60, "index": 1}, "status": "ACTIVE"}, {"action": "NORTH", "reward": 301, "info": {}, "observation": {"remainingOverageTime": 60, "index": 2}, "status": "DONE"}, {"action": "SOUTH", "reward": 1904, "info": {}, "observation": {"remainingOverageTime": 60, "index": 3}, "status": "ACTIVE"}], [{"action": "NORTH", "reward": 502, "info": {}, "observation": {"remainingOverageTime": 60, "step": 19, "geese": [[], [16, 17, 6, 7, 18, 29, 28, 27, 38], [], [31, 20, 9, 8]], "food": [46, 74], "index": 0}, "status": "DONE"}, {"action": "WEST", "reward": 2009, "info": {}, "observation": {"remainingOverageTime": 60, "index": 1}, "status": "ACTIVE"}, {"action": "NORTH", "reward": 301, "info": {}, "observation": {"remainingOverageTime": 60, "index": 2}, "status": "DONE"}, {"action": "SOUTH", "reward": 2004, "info": {}, "observation": {"remainingOverageTime": 60, "index": 3}, "status": "ACTIVE"}], [{"action": "NORTH", "reward": 502, "info": {}, "observation": {"remainingOverageTime": 60, "step": 20, "geese": [[], [15, 16, 17, 6, 7, 18, 29, 28, 27], [], [42, 31, 20, 9]], "food": [46, 74], "index": 0}, "status": "DONE"}, {"action": "WEST", "reward": 2109, "info": {}, "observation": {"remainingOverageTime": 60, "index": 1}, "status": "ACTIVE"}, {"action": "NORTH", "reward": 301, "info": {}, "observation": {"remainingOverageTime": 60, "index": 2}, "status": "DONE"}, {"action": "SOUTH", "reward": 2104, "info": {}, "observation": {"remainingOverageTime": 60, "index": 3}, "status": "ACTIVE"}], [{"action": "NORTH", "reward": 502, "info": {}, "observation": {"remainingOverageTime": 60, "step": 21, "geese": [[], [26, 15, 16, 17, 6, 7, 18, 29, 28], [], [53, 42, 31, 20]], "food": [46, 74], "index": 0}, "status": "DONE"}, {"action": "SOUTH", "reward": 2209, "info": {}, "observation": {"remainingOverageTime": 60, "index": 1}, "status": "ACTIVE"}, {"action": "NORTH", "reward": 301, "info": {}, "observation": {"remainingOverageTime": 60, "index": 2}, "status": "DONE"}, {"action": "SOUTH", "reward": 2204, "info": {}, "observation": {"remainingOverageTime": 60, "index": 3}, "status": "ACTIVE"}], [{"action": "NORTH", "reward": 502, "info": {}, "observation": {"remainingOverageTime": 60, "step": 22, "geese": [[], [37, 26, 15, 16, 17, 6, 7, 18, 29], [], [64, 53, 42, 31]], "food": [46, 74], "index": 0}, "status": "DONE"}, {"action": "SOUTH", "reward": 2309, "info": {}, "observation": {"remainingOverageTime": 60, "index": 1}, "status": "ACTIVE"}, {"action": "NORTH", "reward": 301, "info": {}, "observation": {"remainingOverageTime": 60, "index": 2}, "status": "DONE"}, {"action": "SOUTH", "reward": 2304, "info": {}, "observation": {"remainingOverageTime": 60, "index": 3}, "status": "ACTIVE"}], [{"action": "NORTH", "reward": 502, "info": {}, "observation": {"remainingOverageTime": 60, "step": 23, "geese": [[], [48, 37, 26, 15, 16, 17, 6, 7, 18], [], [75, 64, 53, 42]], "food": [46, 74], "index": 0}, "status": "DONE"}, {"action": "SOUTH", "reward": 2409, "info": {}, "observation": {"remainingOverageTime": 60, "index": 1}, "status": "ACTIVE"}, {"action": "NORTH", "reward": 301, "info": {}, "observation": {"remainingOverageTime": 60, "index": 2}, "status": "DONE"}, {"action": "SOUTH", "reward": 2404, "info": {}, "observation": {"remainingOverageTime": 60, "index": 3}, "status": "ACTIVE"}], [{"action": "NORTH", "reward": 502, "info": {}, "observation": {"remainingOverageTime": 60, "step": 24, "geese": [[], [47, 48, 37, 26, 15, 16, 17, 6, 7], [], [74, 75, 64, 53, 42]], "food": [46, 25], "index": 0}, "status": "DONE"}, {"action": "WEST", "reward": 2509, "info": {}, "observation": {"remainingOverageTime": 60, "index": 1}, "status": "ACTIVE"}, {"action": "NORTH", "reward": 301, "info": {}, "observation": {"remainingOverageTime": 60, "index": 2}, "status": "DONE"}, {"action": "WEST", "reward": 2505, "info": {}, "observation": {"remainingOverageTime": 60, "index": 3}, "status": "ACTIVE"}], [{"action": "NORTH", "reward": 502, "info": {}, "observation": {"remainingOverageTime": 60, "step": 25, "geese": [[], [46, 47, 48, 37, 26, 15, 16, 17, 6, 7], [], [63, 74, 75, 64, 53]], "food": [25, 41], "index": 0}, "status": "DONE"}, {"action": "WEST", "reward": 2610, "info": {}, "observation": {"remainingOverageTime": 60, "index": 1}, "status": "ACTIVE"}, {"action": "NORTH", "reward": 301, "info": {}, "observation": {"remainingOverageTime": 60, "index": 2}, "status": "DONE"}, {"action": "NORTH", "reward": 2605, "info": {}, "observation": {"remainingOverageTime": 60, "index": 3}, "status": "ACTIVE"}], [{"action": "NORTH", "reward": 502, "info": {}, "observation": {"remainingOverageTime": 60, "step": 26, "geese": [[], [35, 46, 47, 48, 37, 26, 15, 16, 17, 6], [], [52, 63, 74, 75, 64]], "food": [25, 41], "index": 0}, "status": "DONE"}, {"action": "NORTH", "reward": 2710, "info": {}, "observation": {"remainingOverageTime": 60, "index": 1}, "status": "ACTIVE"}, {"action": "NORTH", "reward": 301, "info": {}, "observation": {"remainingOverageTime": 60, "index": 2}, "status": "DONE"}, {"action": "NORTH", "reward": 2705, "info": {}, "observation": {"remainingOverageTime": 60, "index": 3}, "status": "ACTIVE"}], [{"action": "NORTH", "reward": 502, "info": {}, "observation": {"remainingOverageTime": 60, "step": 27, "geese": [[], [24, 35, 46, 47, 48, 37, 26, 15, 16, 17], [], [53, 52, 63, 74, 75]], "food": [25, 41], "index": 0}, "status": "DONE"}, {"action": "NORTH", "reward": 2810, "info": {}, "observation": {"remainingOverageTime": 60, "index": 1}, "status": "ACTIVE"}, {"action": "NORTH", "reward": 301, "info": {}, "observation": {"remainingOverageTime": 60, "index": 2}, "status": "DONE"}, {"action": "EAST", "reward": 2805, "info": {}, "observation": {"remainingOverageTime": 60, "index": 3}, "status": "ACTIVE"}], [{"action": "NORTH", "reward": 502, "info": {}, "observation": {"remainingOverageTime": 60, "step": 28, "geese": [[], [25, 24, 35, 46, 47, 48, 37, 26, 15, 16, 17], [], [42, 53, 52, 63, 74]], "food": [41, 40], "index": 0}, "status": "DONE"}, {"action": "EAST", "reward": 2911, "info": {}, "observation": {"remainingOverageTime": 60, "index": 1}, "status": "ACTIVE"}, {"action": "NORTH", "reward": 301, "info": {}, "observation": {"remainingOverageTime": 60, "index": 2}, "status": "DONE"}, {"action": "NORTH", "reward": 2905, "info": {}, "observation": {"remainingOverageTime": 60, "index": 3}, "status": "ACTIVE"}], [{"action": "NORTH", "reward": 502, "info": {}, "observation": {"remainingOverageTime": 60, "step": 29, "geese": [[], [36, 25, 24, 35, 46, 47, 48, 37, 26, 15, 16], [], [41, 42, 53, 52, 63, 74]], "food": [40, 0], "index": 0}, "status": "DONE"}, {"action": "SOUTH", "reward": 3011, "info": {}, "observation": {"remainingOverageTime": 60, "index": 1}, "status": "ACTIVE"}, {"action": "NORTH", "reward": 301, "info": {}, "observation": {"remainingOverageTime": 60, "index": 2}, "status": "DONE"}, {"action": "WEST", "reward": 3006, "info": {}, "observation": {"remainingOverageTime": 60, "index": 3}, "status": "ACTIVE"}], [{"action": "NORTH", "reward": 502, "info": {}, "observation": {"remainingOverageTime": 60, "step": 30, "geese": [[], [], [], [40, 41, 42, 53, 52, 63, 74]], "food": [0, 39], "index": 0}, "status": "DONE"}, {"action": "EAST", "reward": 3011, "info": {}, "observation": {"remainingOverageTime": 60, "index": 1}, "status": "DONE"}, {"action": "NORTH", "reward": 301, "info": {}, "observation": {"remainingOverageTime": 60, "index": 2}, "status": "DONE"}, {"action": "WEST", "reward": 3107, "info": {}, "observation": {"remainingOverageTime": 60, "index": 3}, "status": "DONE"}]], "rewards": [502, 3011, 301, 3107], "statuses": ["DONE", "DONE", "DONE", "DONE"], "schema_version": 1, "info": {}}