{"id": "582315a0-db08-11ee-b332-0242ac1c000c", "name": "hungry_geese", "title": "Hungry Geese", "description": "Similar to the classic snake game with multiple players", "version": "1.0.0", "configuration": {"episodeSteps": 200, "actTimeout": 1, "runTimeout": 1200, "columns": 11, "rows": 7, "hunger_rate": 40, "min_food": 2, "max_length": 99}, "specification": {"action": {"description": "Direction to move the head of your players goose.", "type": "string", "enum": ["NORTH", "EAST", "SOUTH", "WEST"], "default": "NORTH"}, "agents": [1, 2, 3, 4, 5, 6, 7, 8], "configuration": {"episodeSteps": {"description": "Maximum number of steps in the episode.", "type": "integer", "minimum": 1, "default": 200}, "actTimeout": {"description": "Maximum runtime (seconds) to obtain an action from an agent.", "type": "number", "minimum": 0, "default": 1}, "runTimeout": {"description": "Maximum runtime (seconds) of an episode (not necessarily DONE).", "type": "number", "minimum": 0, "default": 1200}, "columns": {"description": "Horizontal number of cells on the board.", "type": "integer", "default": 11, "minimum": 3}, "rows": {"description": "Vertical number of cells on the board.", "type": "integer", "default": 7, "minimum": 3}, "hunger_rate": {"description": "The number of steps before the goose shrinks a cell.", "type": "integer", "minimum": 1, "default": 40}, "min_food": {"description": "The minimum amount of food present for all steps.", "type": "integer", "default": 2, "minimum": 1}, "max_length": {"description": "The max length any goose can be. Total reward = (max length + 1) * steps survived + goose length.", "type": "integer", "default": 99}}, "info": {}, "observation": {"remainingOverageTime": {"description": "Total remaining banked time (seconds) that can be used in excess of per-step actTimeouts -- agent is disqualified with TIMEOUT status when this drops below 0.", "shared": false, "type": "number", "minimum": 0, "default": 60}, "step": {"description": "Current step within the episode.", "type": "integer", "shared": true, "minimum": 0, "default": 0}, "geese": {"description": "List of geese in order by the agent index.", "type": "array", "default": [], "shared": true}, "food": {"description": "Positions on the board where food is present.", "type": "array", "default": [], "shared": true}, "index": {"description": "Index of the current agent's goose in the list of geese.", "type": "integer", "minimum": 0, "defaults": [0, 1, 2, 3, 4, 5, 6, 7]}}, "reward": {"description": "steps survived * (max goose length + 1) + current goose length.", "type": ["number", "null"], "default": 0, "minimum": 0}}, "steps": [[{"action": "NORTH", "reward": 0, "info": {}, "observation": {"remainingOverageTime": 60, "step": 0, "geese": [[39], [46], [73], [40]], "food": [19, 54], "index": 0}, "status": "ACTIVE"}, {"action": "NORTH", "reward": 0, "info": {}, "observation": {"remainingOverageTime": 60, "index": 1}, "status": "ACTIVE"}, {"action": "NORTH", "reward": 0, "info": {}, "observation": {"remainingOverageTime": 60, "index": 2}, "status": "ACTIVE"}, {"action": "NORTH", "reward": 0, "info": {}, "observation": {"remainingOverageTime": 60, "index": 3}, "status": "ACTIVE"}], [{"action": "NORTH", "reward": 201, "info": {}, "observation": {"remainingOverageTime": 60, "step": 1, "geese": [[28], [35], [7], [29]], "food": [19, 54], "index": 0}, "status": "ACTIVE"}, {"action": "NORTH", "reward": 201, "info": {}, "observation": {"remainingOverageTime": 60, "index": 1}, "status": "ACTIVE"}, {"action": "SOUTH", "reward": 201, "info": {}, "observation": {"remainingOverageTime": 60, "index": 2}, "status": "ACTIVE"}, {"action": "NORTH", "reward": 201, "info": {}, "observation": {"remainingOverageTime": 60, "index": 3}, "status": "ACTIVE"}], [{"action": "NORTH", "reward": 301, "info": {}, "observation": {"remainingOverageTime": 60, "step": 2, "geese": [[17], [24], [8], [18]], "food": [19, 54], "index": 0}, "status": "ACTIVE"}, {"action": "NORTH", "reward": 301, "info": {}, "observation": {"remainingOverageTime": 60, "index": 1}, "status": "ACTIVE"}, {"action": "EAST", "reward": 301, "info": {}, "observation": {"remainingOverageTime": 60, "index": 2}, "status": "ACTIVE"}, {"action": "NORTH", "reward": 301, "info": {}, "observation": {"remainingOverageTime": 60, "index": 3}, "status": "ACTIVE"}], [{"action": "NORTH", "reward": 401, "info": {}, "observation": {"remainingOverageTime": 60, "step": 3, "geese": [[6], [13], [9], [19, 18]], "food": [54, 61], "index": 0}, "status": "ACTIVE"}, {"action": "NORTH", "reward": 401, "info": {}, "observation": {"remainingOverageTime": 60, "index": 1}, "status": "ACTIVE"}, {"action": "EAST", "reward": 401, "info": {}, "observation": {"remainingOverageTime": 60, "index": 2}, "status": "ACTIVE"}, {"action": "EAST", "reward": 402, "info": {}, "observation": {"remainingOverageTime": 60, "index": 3}, "status": "ACTIVE"}], [{"action": "NORTH", "reward": 501, "info": {}, "observation": {"remainingOverageTime": 60, "step": 4, "geese": [[72], [14], [75], [30, 19]], "food": [54, 61], "index": 0}, "status": "ACTIVE"}, {"action": "EAST", "reward": 501, "info": {}, "observation": {"remainingOverageTime": 60, "index": 1}, "status": "ACTIVE"}, {"action": "NORTH", "reward": 501, "info": {}, "observation": {"remainingOverageTime": 60, "index": 2}, "status": "ACTIVE"}, {"action": "SOUTH", "reward": 502, "info": {}, "observation": {"remainingOverageTime": 60, "index": 3}, "status": "ACTIVE"}], [{"action": "NORTH", "reward": 602, "info": {}, "observation": {"remainingOverageTime": 60, "step": 5, "geese": [[61, 72], [15], [64], [31, 30]], "food": [54, 42], "index": 0}, "status": "ACTIVE"}, {"action": "EAST", "reward": 601, "info": {}, "observation": {"remainingOverageTime": 60, "index": 1}, "status": "ACTIVE"}, {"action": "NORTH", "reward": 601, "info": {}, "observation": {"remainingOverageTime": 60, "index": 2}, "status": "ACTIVE"}, {"action": "EAST", "reward": 602, "info": {}, "observation": {"remainingOverageTime": 60, "index": 3}, "status": "ACTIVE"}], [{"action": "NORTH", "reward": 702, "info": {}, "observation": {"remainingOverageTime": 60, "step": 6, "geese": [[50, 61], [16], [53], [42, 31, 30]], "food": [54, 6], "index": 0}, "status": "ACTIVE"}, {"action": "EAST", "reward": 701, "info": {}, "observation": {"remainingOverageTime": 60, "index": 1}, "status": "ACTIVE"}, {"action": "NORTH", "reward": 701, "info": {}, "observation": {"remainingOverageTime": 60, "index": 2}, "status": "ACTIVE"}, {"action": "SOUTH", "reward": 703, "info": {}, "observation": {"remainingOverageTime": 60, "index": 3}, "status": "ACTIVE"}], [{"action": "NORTH", "reward": 802, "info": {}, "observation": {"remainingOverageTime": 60, "step": 7, "geese": [[39, 50], [5], [54, 53], [41, 42, 31]], "food": [6, 72], "index": 0}, "status": "ACTIVE"}, {"action": "NORTH", "reward": 801, "info": {}, "observation": {"remainingOverageTime": 60, "index": 1}, "status": "ACTIVE"}, {"action": "EAST", "reward": 802, "info": {}, "observation": {"remainingOverageTime": 60, "index": 2}, "status": "ACTIVE"}, {"action": "WEST", "reward": 803, "info": {}, "observation": {"remainingOverageTime": 60, "index": 3}, "status": "ACTIVE"}], [{"action": "NORTH", "reward": 902, "info": {}, "observation": {"remainingOverageTime": 60, "step": 8, "geese": [[28, 39], [6, 5], [65, 54], [30, 41, 42]], "food": [72, 48], "index": 0}, "status": "ACTIVE"}, {"action": "EAST", "reward": 902, "info": {}, "observation": {"remainingOverageTime": 60, "index": 1}, "status": "ACTIVE"}, {"action": "SOUTH", "reward": 902, "info": {}, "observation": {"remainingOverageTime": 60, "index": 2}, "status": "ACTIVE"}, {"action": "NORTH", "reward": 903, "info": {}, "observation": {"remainingOverageTime": 60, "index": 3}, "status": "ACTIVE"}], [{"action": "SOUTH", "reward": 902, "info": {}, "observation": {"remainingOverageTime": 60, "step": 9, "geese": [[], [17, 6], [64, 65], [19, 30, 41]], "food": [72, 48], "index": 0}, "status": "DONE"}, {"action": "SOUTH", "reward": 1002, "info": {}, "observation": {"remainingOverageTime": 60, "index": 1}, "status": "ACTIVE"}, {"action": "WEST", "reward": 1002, "info": {}, "observation": {"remainingOverageTime": 60, "index": 2}, "status": "ACTIVE"}, {"action": "NORTH", "reward": 1003, "info": {}, "observation": {"remainingOverageTime": 60, "index": 3}, "status": "ACTIVE"}], [{"action": "NORTH", "reward": 902, "info": {}, "observation": {"remainingOverageTime": 60, "step": 10, "geese": [[], [28, 17], [75, 64], [8, 19, 30]], "food": [72, 48], "index": 0}, "status": "DONE"}, {"action": "SOUTH", "reward": 1102, "info": {}, "observation": {"remainingOverageTime": 60, "index": 1}, "status": "ACTIVE"}, {"action": "SOUTH", "reward": 1102, "info": {}, "observation": {"remainingOverageTime": 60, "index": 2}, "status": "ACTIVE"}, {"action": "NORTH", "reward": 1103, "info": {}, "observation": {"remainingOverageTime": 60, "index": 3}, "status": "ACTIVE"}], [{"action": "NORTH", "reward": 902, "info": {}, "observation": {"remainingOverageTime": 60, "step": 11, "geese": [[], [39, 28], [74, 75], [7, 8, 19]], "food": [72, 48], "index": 0}, "status": "DONE"}, {"action": "SOUTH", "reward": 1202, "info": {}, "observation": {"remainingOverageTime": 60, "index": 1}, "status": "ACTIVE"}, {"action": "WEST", "reward": 1202, "info": {}, "observation": {"remainingOverageTime": 60, "index": 2}, "status": "ACTIVE"}, {"action": "WEST", "reward": 1203, "info": {}, "observation": {"remainingOverageTime": 60, "index": 3}, "status": "ACTIVE"}], [{"action": "NORTH", "reward": 902, "info": {}, "observation": {"remainingOverageTime": 60, "step": 12, "geese": [[], [50, 39], [73, 74], [18, 7, 8]], "food": [72, 48], "index": 0}, "status": "DONE"}, {"action": "SOUTH", "reward": 1302, "info": {}, "observation": {"remainingOverageTime": 60, "index": 1}, "status": "ACTIVE"}, {"action": "WEST", "reward": 1302, "info": {}, "observation": {"remainingOverageTime": 60, "index": 2}, "status": "ACTIVE"}, {"action": "SOUTH", "reward": 1303, "info": {}, "observation": {"remainingOverageTime": 60, "index": 3}, "status": "ACTIVE"}], [{"action": "NORTH", "reward": 902, "info": {}, "observation": {"remainingOverageTime": 60, "step": 13, "geese": [[], [61, 50], [72, 73, 74], [29, 18, 7]], "food": [48, 28], "index": 0}, "status": "DONE"}, {"action": "SOUTH", "reward": 1402, "info": {}, "observation": {"remainingOverageTime": 60, "index": 1}, "status": "ACTIVE"}, {"action": "WEST", "reward": 1403, "info": {}, "observation": {"remainingOverageTime": 60, "index": 2}, "status": "ACTIVE"}, {"action": "SOUTH", "reward": 1403, "info": {}, "observation": {"remainingOverageTime": 60, "index": 3}, "status": "ACTIVE"}], [{"action": "NORTH", "reward": 902, "info": {}, "observation": {"remainingOverageTime": 60, "step": 14, "geese": [[], [], [6, 72, 73], [28, 29, 18, 7]], "food": [48, 53], "index": 0}, "status": "DONE"}, {"action": "NORTH", "reward": 1402, "info": {}, "observation": {"remainingOverageTime": 60, "index": 1}, "status": "DONE"}, {"action": "SOUTH", "reward": 1503, "info": {}, "observation": {"remainingOverageTime": 60, "index": 2}, "status": "ACTIVE"}, {"action": "WEST", "reward": 1504, "info": {}, "observation": {"remainingOverageTime": 60, "index": 3}, "status": "ACTIVE"}], [{"action": "NORTH", "reward": 902, "info": {}, "observation": {"remainingOverageTime": 60, "step": 15, "geese": [[], [], [17, 6, 72], [39, 28, 29, 18]], "food": [48, 53], "index": 0}, "status": "DONE"}, {"action": "NORTH", "reward": 1402, "info": {}, "observation": {"remainingOverageTime": 60, "index": 1}, "status": "DONE"}, {"action": "SOUTH", "reward": 1603, "info": {}, "observation": {"remainingOverageTime": 60, "index": 2}, "status": "ACTIVE"}, {"action": "SOUTH", "reward": 1604, "info": {}, "observation": {"remainingOverageTime": 60, "index": 3}, "status": "ACTIVE"}], [{"action": "NORTH", "reward": 902, "info": {}, "observation": {"remainingOverageTime": 60, "step": 16, "geese": [[], [], [16, 17, 6], [50, 39, 28, 29]], "food": [48, 53], "index": 0}, "status": "DONE"}, {"action": "NORTH", "reward": 1402, "info": {}, "observation": {"remainingOverageTime": 60, "index": 1}, "status": "DONE"}, {"action": "WEST", "reward": 1703, "info": {}, "observation": {"remainingOverageTime": 60, "index": 2}, "status": "ACTIVE"}, {"action": "SOUTH", "reward": 1704, "info": {}, "observation": {"remainingOverageTime": 60, "index": 3}, "status": "ACTIVE"}], [{"action": "NORTH", "reward": 902, "info": {}, "observation": {"remainingOverageTime": 60, "step": 17, "geese": [[], [], [27, 16, 17], [49, 50, 39, 28]], "food": [48, 53], "index": 0}, "status": "DONE"}, {"action": "NORTH", "reward": 1402, "info": {}, "observation": {"remainingOverageTime": 60, "index": 1}, "status": "DONE"}, {"action": "SOUTH", "reward": 1803, "info": {}, "observation": {"remainingOverageTime": 60, "index": 2}, "status": "ACTIVE"}, {"action": "WEST", "reward": 1804, "info": {}, "observation": {"remainingOverageTime": 60, "index": 3}, "status": "ACTIVE"}], [{"action": "NORTH", "reward": 902, "info": {}, "observation": {"remainingOverageTime": 60, "step": 18, "geese": [[], [], [38, 27, 16], [48, 49, 50, 39, 28]], "food": [53, 54], "index": 0}, "status": "DONE"}, {"action": "NORTH", "reward": 1402, "info": {}, "observation": {"remainingOverageTime": 60, "index": 1}, "status": "DONE"}, {"action": "SOUTH", "reward": 1903, "info": {}, "observation": {"remainingOverageTime": 60, "index": 2}, "status": "ACTIVE"}, {"action": "WEST", "reward": 1905, "info": {}, "observation": {"remainingOverageTime": 60, "index": 3}, "status": "ACTIVE"}], [{"action": "NORTH", "reward": 902, "info": {}, "observation": {"remainingOverageTime": 60, "step": 19, "geese": [[], [], [37, 38, 27], [59, 48, 49, 50, 39]], "food": [53, 54], "index": 0}, "status": "DONE"}, {"action": "NORTH", "reward": 1402, "info": {}, "observation": {"remainingOverageTime": 60, "index": 1}, "status": "DONE"}, {"action": "WEST", "reward": 2003, "info": {}, "observation": {"remainingOverageTime": 60, "index": 2}, "status": "ACTIVE"}, {"action": "SOUTH", "reward": 2005, "info": {}, "observation": {"remainingOverageTime": 60, "index": 3}, "status": "ACTIVE"}], [{"action": "NORTH", "reward": 902, "info": {}, "observation": {"remainingOverageTime": 60, "step": 20, "geese": [[], [], [26, 37, 38], [60, 59, 48, 49, 50]], "food": [53, 54], "index": 0}, "status": "DONE"}, {"action": "NORTH", "reward": 1402, "info": {}, "observation": {"remainingOverageTime": 60, "index": 1}, "status": "DONE"}, {"action": "NORTH", "reward": 2103, "info": {}, "observation": {"remainingOverageTime": 60, "index": 2}, "status": "ACTIVE"}, {"action": "EAST", "reward": 2105, "info": {}, "observation": {"remainingOverageTime": 60, "index": 3}, "status": "ACTIVE"}], [{"action": "NORTH", "reward": 902, "info": {}, "observation": {"remainingOverageTime": 60, "step": 21, "geese": [[], [], [27, 26, 37], [61, 60, 59, 48, 49]], "food": [53, 54], "index": 0}, "status": "DONE"}, {"action": "NORTH", "reward": 1402, "info": {}, "observation": {"remainingOverageTime": 60, "index": 1}, "status": "DONE"}, {"action": "EAST", "reward": 2203, "info": {}, "observation": {"remainingOverageTime": 60, "index": 2}, "status": "ACTIVE"}, {"action": "EAST", "reward": 2205, "info": {}, "observation": {"remainingOverageTime": 60, "index": 3}, "status": "ACTIVE"}], [{"action": "NORTH", "reward": 902, "info": {}, "observation": {"remainingOverageTime": 60, "step": 22, "geese": [[], [], [28, 27, 26], [50, 61, 60, 59, 48]], "food": [53, 54], "index": 0}, "status": "DONE"}, {"action": "NORTH", "reward": 1402, "info": {}, "observation": {"remainingOverageTime": 60, "index": 1}, "status": "DONE"}, {"action": "EAST", "reward": 2303, "info": {}, "observation": {"remainingOverageTime": 60, "index": 2}, "status": "ACTIVE"}, {"action": "NORTH", "reward": 2305, "info": {}, "observation": {"remainingOverageTime": 60, "index": 3}, "status": "ACTIVE"}], [{"action": "NORTH", "reward": 902, "info": {}, "observation": {"remainingOverageTime": 60, "step": 23, "geese": [[], [], [29, 28, 27], [51, 50, 61, 60, 59]], "food": [53, 54], "index": 0}, "status": "DONE"}, {"action": "NORTH", "reward": 1402, "info": {}, "observation": {"remainingOverageTime": 60, "index": 1}, "status": "DONE"}, {"action": "EAST", "reward": 2403, "info": {}, "observation": {"remainingOverageTime": 60, "index": 2}, "status": "ACTIVE"}, {"action": "EAST", "reward": 2405, "info": {}, "observation": {"remainingOverageTime": 60, "index": 3}, "status": "ACTIVE"}], [{"action": "NORTH", "reward": 902, "info": {}, "observation": {"remainingOverageTime": 60, "step": 24, "geese": [[], [], [30, 29, 28], [52, 51, 50, 61, 60]], "food": [53, 54], "index": 0}, "status": "DONE"}, {"action": "NORTH", "reward": 1402, "info": {}, "observation": {"remainingOverageTime": 60, "index": 1}, "status": "DONE"}, {"action": "EAST", "reward": 2503, "info": {}, "observation": {"remainingOverageTime": 60, "index": 2}, "status": "ACTIVE"}, {"action": "EAST", "reward": 2505, "info": {}, "observation": {"remainingOverageTime": 60, "index": 3}, "status": "ACTIVE"}], [{"action": "NORTH", "reward": 902, "info": {}, "observation": {"remainingOverageTime": 60, "step": 25, "geese": [[], [], [31, 30, 29], [53, 52, 51, 50, 61, 60]], "food": [54, 1], "index": 0}, "status": "DONE"}, {"action": "NORTH", "reward": 1402, "info": {}, "observation": {"remainingOverageTime": 60, "index": 1}, "status": "DONE"}, {"action": "EAST", "reward": 2603, "info": {}, "observation": {"remainingOverageTime": 60, "index": 2}, "status": "ACTIVE"}, {"action": "EAST", "reward": 2606, "info": {}, "observation": {"remainingOverageTime": 60, "index": 3}, "status": "ACTIVE"}], [{"action": "NORTH", "reward": 902, "info": {}, "observation": {"remainingOverageTime": 60, "step": 26, "geese": [[], [], [32, 31, 30], [54, 53, 52, 51, 50, 61, 60]], "food": [1, 76], "index": 0}, "status": "DONE"}, {"action": "NORTH", "reward": 1402, "info": {}, "observation": {"remainingOverageTime": 60, "index": 1}, "status": "DONE"}, {"action": "EAST", "reward": 2703, "info": {}, "observation": {"remainingOverageTime": 60, "index": 2}, "status": "ACTIVE"}, {"action": "EAST", "reward": 2707, "info": {}, "observation": {"remainingOverageTime": 60, "index": 3}, "status": "ACTIVE"}], [{"action": "NORTH", "reward": 902, "info": {}, "observation": {"remainingOverageTime": 60, "step": 27, "geese": [[], [], [22, 32, 31], [65, 54, 53, 52, 51, 50, 61]], "food": [1, 76], "index": 0}, "status": "DONE"}, {"action": "NORTH", "reward": 1402, "info": {}, "observation": {"remainingOverageTime": 60, "index": 1}, "status": "DONE"}, {"action": "EAST", "reward": 2803, "info": {}, "observation": {"remainingOverageTime": 60, "index": 2}, "status": "ACTIVE"}, {"action": "SOUTH", "reward": 2807, "info": {}, "observation": {"remainingOverageTime": 60, "index": 3}, "status": "ACTIVE"}], [{"action": "NORTH", "reward": 902, "info": {}, "observation": {"remainingOverageTime": 60, "step": 28, "geese": [[], [], [11, 22, 32], [76, 65, 54, 53, 52, 51, 50, 61]], "food": [1, 12], "index": 0}, "status": "DONE"}, {"action": "NORTH", "reward": 1402, "info": {}, "observation": {"remainingOverageTime": 60, "index": 1}, "status": "DONE"}, {"action": "NORTH", "reward": 2903, "info": {}, "observation": {"remainingOverageTime": 60, "index": 2}, "status": "ACTIVE"}, {"action": "SOUTH", "reward": 2908, "info": {}, "observation": {"remainingOverageTime": 60, "index": 3}, "status": "ACTIVE"}], [{"action": "NORTH", "reward": 902, "info": {}, "observation": {"remainingOverageTime": 60, "step": 29, "geese": [[], [], [12, 11, 22, 32], [66, 76, 65, 54, 53, 52, 51, 50]], "food": [1, 64], "index": 0}, "status": "DONE"}, {"action": "NORTH", "reward": 1402, "info": {}, "observation": {"remainingOverageTime": 60, "index": 1}, "status": "DONE"}, {"action": "EAST", "reward": 3004, "info": {}, "observation": {"remainingOverageTime": 60, "index": 2}, "status": "ACTIVE"}, {"action": "EAST", "reward": 3008, "info": {}, "observation": {"remainingOverageTime": 60, "index": 3}, "status": "ACTIVE"}], [{"action": "NORTH", "reward": 902, "info": {}, "observation": {"remainingOverageTime": 60, "step": 30, "geese": [[], [], [1, 12, 11, 22, 32], [0, 66, 76, 65, 54, 53, 52, 51]], "food": [64, 4], "index": 0}, "status": "DONE"}, {"action": "NORTH", "reward": 1402, "info": {}, "observation": {"remainingOverageTime": 60, "index": 1}, "status": "DONE"}, {"action": "NORTH", "reward": 3105, "info": {}, "observation": {"remainingOverageTime": 60, "index": 2}, "status": "ACTIVE"}, {"action": "SOUTH", "reward": 3108, "info": {}, "observation": {"remainingOverageTime": 60, "index": 3}, "status": "ACTIVE"}], [{"action": "NORTH", "reward": 902, "info": {}, "observation": {"remainingOverageTime": 60, "step": 31, "geese": [[], [], [2, 1, 12, 11, 22], [10, 0, 66, 76, 65, 54, 53, 52]], "food": [64, 4], "index": 0}, "status": "DONE"}, {"action": "NORTH", "reward": 1402, "info": {}, "observation": {"remainingOverageTime": 60, "index": 1}, "status": "DONE"}, {"action": "EAST", "reward": 3205, "info": {}, "observation": {"remainingOverageTime": 60, "index": 2}, "status": "ACTIVE"}, {"action": "WEST", "reward": 3208, "info": {}, "observation": {"remainingOverageTime": 60, "index": 3}, "status": "ACTIVE"}], [{"action": "NORTH", "reward": 902, "info": {}, "observation": {"remainingOverageTime": 60, "step": 32, "geese": [[], [], [13, 2, 1, 12, 11], [21, 10, 0, 66, 76, 65, 54, 53]], "food": [64, 4], "index": 0}, "status": "DONE"}, {"action": "NORTH", "reward": 1402, "info": {}, "observation": {"remainingOverageTime": 60, "index": 1}, "status": "DONE"}, {"action": "SOUTH", "reward": 3305, "info": {}, "observation": {"remainingOverageTime": 60, "index": 2}, "status": "ACTIVE"}, {"action": "SOUTH", "reward": 3308, "info": {}, "observation": {"remainingOverageTime": 60, "index": 3}, "status": "ACTIVE"}], [{"action": "NORTH", "reward": 902, "info": {}, "observation": {"remainingOverageTime": 60, "step": 33, "geese": [[], [], [24, 13, 2, 1, 12], [32, 21, 10, 0, 66, 76, 65, 54]], "food": [64, 4], "index": 0}, "status": "DONE"}, {"action": "NORTH", "reward": 1402, "info": {}, "observation": {"remainingOverageTime": 60, "index": 1}, "status": "DONE"}, {"action": "SOUTH", "reward": 3405, "info": {}, "observation": {"remainingOverageTime": 60, "index": 2}, "status": "ACTIVE"}, {"action": "SOUTH", "reward": 3408, "info": {}, "observation": {"remainingOverageTime": 60, "index": 3}, "status": "ACTIVE"}], [{"action": "NORTH", "reward": 902, "info": {}, "observation": {"remainingOverageTime": 60, "step": 34, "geese": [[], [], [35, 24, 13, 2, 1], [43, 32, 21, 10, 0, 66, 76, 65]], "food": [64, 4], "index": 0}, "status": "DONE"}, {"action": "NORTH", "reward": 1402, "info": {}, "observation": {"remainingOverageTime": 60, "index": 1}, "status": "DONE"}, {"action": "SOUTH", "reward": 3505, "info": {}, "observation": {"remainingOverageTime": 60, "index": 2}, "status": "ACTIVE"}, {"action": "SOUTH", "reward": 3508, "info": {}, "observation": {"remainingOverageTime": 60, "index": 3}, "status": "ACTIVE"}], [{"action": "NORTH", "reward": 902, "info": {}, "observation": {"remainingOverageTime": 60, "step": 35, "geese": [[], [], [46, 35, 24, 13, 2], [54, 43, 32, 21, 10, 0, 66, 76]], "food": [64, 4], "index": 0}, "status": "DONE"}, {"action": "NORTH", "reward": 1402, "info": {}, "observation": {"remainingOverageTime": 60, "index": 1}, "status": "DONE"}, {"action": "SOUTH", "reward": 3605, "info": {}, "observation": {"remainingOverageTime": 60, "index": 2}, "status": "ACTIVE"}, {"action": "SOUTH", "reward": 3608, "info": {}, "observation": {"remainingOverageTime": 60, "index": 3}, "status": "ACTIVE"}], [{"action": "NORTH", "reward": 902, "info": {}, "observation": {"remainingOverageTime": 60, "step": 36, "geese": [[], [], [57, 46, 35, 24, 13], [65, 54, 43, 32, 21, 10, 0, 66]], "food": [64, 4], "index": 0}, "status": "DONE"}, {"action": "NORTH", "reward": 1402, "info": {}, "observation": {"remainingOverageTime": 60, "index": 1}, "status": "DONE"}, {"action": "SOUTH", "reward": 3705, "info": {}, "observation": {"remainingOverageTime": 60, "index": 2}, "status": "ACTIVE"}, {"action": "SOUTH", "reward": 3708, "info": {}, "observation": {"remainingOverageTime": 60, "index": 3}, "status": "ACTIVE"}], [{"action": "NORTH", "reward": 902, "info": {}, "observation": {"remainingOverageTime": 60, "step": 37, "geese": [[], [], [68, 57, 46, 35, 24], [76, 65, 54, 43, 32, 21, 10, 0]], "food": [64, 4], "index": 0}, "status": "DONE"}, {"action": "NORTH", "reward": 1402, "info": {}, "observation": {"remainingOverageTime": 60, "index": 1}, "status": "DONE"}, {"action": "SOUTH", "reward": 3805, "info": {}, "observation": {"remainingOverageTime": 60, "index": 2}, "status": "ACTIVE"}, {"action": "SOUTH", "reward": 3808, "info": {}, "observation": {"remainingOverageTime": 60, "index": 3}, "status": "ACTIVE"}], [{"action": "NORTH", "reward": 902, "info": {}, "observation": {"remainingOverageTime": 60, "step": 38, "geese": [[], [], [2, 68, 57, 46, 35], [66, 76, 65, 54, 43, 32, 21, 10]], "food": [64, 4], "index": 0}, "status": "DONE"}, {"action": "NORTH", "reward": 1402, "info": {}, "observation": {"remainingOverageTime": 60, "index": 1}, "status": "DONE"}, {"action": "SOUTH", "reward": 3905, "info": {}, "observation": {"remainingOverageTime": 60, "index": 2}, "status": "ACTIVE"}, {"action": "EAST", "reward": 3908, "info": {}, "observation": {"remainingOverageTime": 60, "index": 3}, "status": "ACTIVE"}], [{"action": "NORTH", "reward": 902, "info": {}, "observation": {"remainingOverageTime": 60, "step": 39, "geese": [[], [], [3, 2, 68, 57, 46], [0, 66, 76, 65, 54, 43, 32, 21]], "food": [64, 4], "index": 0}, "status": "DONE"}, {"action": "NORTH", "reward": 1402, "info": {}, "observation": {"remainingOverageTime": 60, "index": 1}, "status": "DONE"}, {"action": "EAST", "reward": 4005, "info": {}, "observation": {"remainingOverageTime": 60, "index": 2}, "status": "ACTIVE"}, {"action": "SOUTH", "reward": 4008, "info": {}, "observation": {"remainingOverageTime": 60, "index": 3}, "status": "ACTIVE"}], [{"action": "NORTH", "reward": 902, "info": {}, "observation": {"remainingOverageTime": 60, "step": 40, "geese": [[], [], [4, 3, 2, 68, 57], [1, 0, 66, 76, 65, 54, 43]], "food": [64, 51], "index": 0}, "status": "DONE"}, {"action": "NORTH", "reward": 1402, "info": {}, "observation": {"remainingOverageTime": 60, "index": 1}, "status": "DONE"}, {"action": "EAST", "reward": 4105, "info": {}, "observation": {"remainingOverageTime": 60, "index": 2}, "status": "ACTIVE"}, {"action": "EAST", "reward": 4107, "info": {}, "observation": {"remainingOverageTime": 60, "index": 3}, "status": "ACTIVE"}], [{"action": "NORTH", "reward": 902, "info": {}, "observation": {"remainingOverageTime": 60, "step": 41, "geese": [[], [], [70, 4, 3, 2, 68], [67, 1, 0, 66, 76, 65, 54]], "food": [64, 51], "index": 0}, "status": "DONE"}, {"action": "NORTH", "reward": 1402, "info": {}, "observation": {"remainingOverageTime": 60, "index": 1}, "status": "DONE"}, {"action": "NORTH", "reward": 4205, "info": {}, "observation": {"remainingOverageTime": 60, "index": 2}, "status": "ACTIVE"}, {"action": "NORTH", "reward": 4207, "info": {}, "observation": {"remainingOverageTime": 60, "index": 3}, "status": "ACTIVE"}], [{"action": "NORTH", "reward": 902, "info": {}, "observation": {"remainingOverageTime": 60, "step": 42, "geese": [[], [], [59, 70, 4, 3, 2], [56, 67, 1, 0, 66, 76, 65]], "food": [64, 51], "index": 0}, "status": "DONE"}, {"action": "NORTH", "reward": 1402, "info": {}, "observation": {"remainingOverageTime": 60, "index": 1}, "status": "DONE"}, {"action": "NORTH", "reward": 4305, "info": {}, "observation": {"remainingOverageTime": 60, "index": 2}, "status": "ACTIVE"}, {"action": "NORTH", "reward": 4307, "info": {}, "observation": {"remainingOverageTime": 60, "index": 3}, "status": "ACTIVE"}], [{"action": "NORTH", "reward": 902, "info": {}, "observation": {"remainingOverageTime": 60, "step": 43, "geese": [[], [], [48, 59, 70, 4, 3], [45, 56, 67, 1, 0, 66, 76]], "food": [64, 51], "index": 0}, "status": "DONE"}, {"action": "NORTH", "reward": 1402, "info": {}, "observation": {"remainingOverageTime": 60, "index": 1}, "status": "DONE"}, {"action": "NORTH", "reward": 4405, "info": {}, "observation": {"remainingOverageTime": 60, "index": 2}, "status": "ACTIVE"}, {"action": "NORTH", "reward": 4407, "info": {}, "observation": {"remainingOverageTime": 60, "index": 3}, "status": "ACTIVE"}], [{"action": "NORTH", "reward": 902, "info": {}, "observation": {"remainingOverageTime": 60, "step": 44, "geese": [[], [], [49, 48, 59, 70, 4], [46, 45, 56, 67, 1, 0, 66]], "food": [64, 51], "index": 0}, "status": "DONE"}, {"action": "NORTH", "reward": 1402, "info": {}, "observation": {"remainingOverageTime": 60, "index": 1}, "status": "DONE"}, {"action": "EAST", "reward": 4505, "info": {}, "observation": {"remainingOverageTime": 60, "index": 2}, "status": "ACTIVE"}, {"action": "EAST", "reward": 4507, "info": {}, "observation": {"remainingOverageTime": 60, "index": 3}, "status": "ACTIVE"}], [{"action": "NORTH", "reward": 902, "info": {}, "observation": {"remainingOverageTime": 60, "step": 45, "geese": [[], [], [50, 49, 48, 59, 70], [47, 46, 45, 56, 67, 1, 0]], "food": [64, 51], "index": 0}, "status": "DONE"}, {"action": "NORTH", "reward": 1402, "info": {}, "observation": {"remainingOverageTime": 60, "index": 1}, "status": "DONE"}, {"action": "EAST", "reward": 4605, "info": {}, "observation": {"remainingOverageTime": 60, "index": 2}, "status": "ACTIVE"}, {"action": "EAST", "reward": 4607, "info": {}, "observation": {"remainingOverageTime": 60, "index": 3}, "status": "ACTIVE"}], [{"action": "NORTH", "reward": 902, "info": {}, "observation": {"remainingOverageTime": 60, "step": 46, "geese": [[], [], [51, 50, 49, 48, 59, 70], [36, 47, 46, 45, 56, 67, 1]], "food": [64, 66], "index": 0}, "status": "DONE"}, {"action": "NORTH", "reward": 1402, "info": {}, "observation": {"remainingOverageTime": 60, "index": 1}, "status": "DONE"}, {"action": "EAST", "reward": 4706, "info": {}, "observation": {"remainingOverageTime": 60, "index": 2}, "status": "ACTIVE"}, {"action": "NORTH", "reward": 4707, "info": {}, "observation": {"remainingOverageTime": 60, "index": 3}, "status": "ACTIVE"}], [{"action": "NORTH", "reward": 902, "info": {}, "observation": {"remainingOverageTime": 60, "step": 47, "geese": [[], [], [52, 51, 50, 49, 48, 59], [35, 36, 47, 46, 45, 56, 67]], "food": [64, 66], "index": 0}, "status": "DONE"}, {"action": "NORTH", "reward": 1402, "info": {}, "observation": {"remainingOverageTime": 60, "index": 1}, "status": "DONE"}, {"action": "EAST", "reward": 4806, "info": {}, "observation": {"remainingOverageTime": 60, "index": 2}, "status": "ACTIVE"}, {"action": "WEST", "reward": 4807, "info": {}, "observation": {"remainingOverageTime": 60, "index": 3}, "status": "ACTIVE"}], [{"action": "NORTH", "reward": 902, "info": {}, "observation": {"remainingOverageTime": 60, "step": 48, "geese": [[], [], [53, 52, 51, 50, 49, 48], [34, 35, 36, 47, 46, 45, 56]], "food": [64, 66], "index": 0}, "status": "DONE"}, {"action": "NORTH", "reward": 1402, "info": {}, "observation": {"remainingOverageTime": 60, "index": 1}, "status": "DONE"}, {"action": "EAST", "reward": 4906, "info": {}, "observation": {"remainingOverageTime": 60, "index": 2}, "status": "ACTIVE"}, {"action": "WEST", "reward": 4907, "info": {}, "observation": {"remainingOverageTime": 60, "index": 3}, "status": "ACTIVE"}], [{"action": "NORTH", "reward": 902, "info": {}, "observation": {"remainingOverageTime": 60, "step": 49, "geese": [[], [], [64, 53, 52, 51, 50, 49, 48], [33, 34, 35, 36, 47, 46, 45]], "food": [66, 59], "index": 0}, "status": "DONE"}, {"action": "NORTH", "reward": 1402, "info": {}, "observation": {"remainingOverageTime": 60, "index": 1}, "status": "DONE"}, {"action": "SOUTH", "reward": 5007, "info": {}, "observation": {"remainingOverageTime": 60, "index": 2}, "status": "ACTIVE"}, {"action": "WEST", "reward": 5007, "info": {}, "observation": {"remainingOverageTime": 60, "index": 3}, "status": "ACTIVE"}], [{"action": "NORTH", "reward": 902, "info": {}, "observation": {"remainingOverageTime": 60, "step": 50, "geese": [[], [], [63, 64, 53, 52, 51, 50, 49], [44, 33, 34, 35, 36, 47, 46]], "food": [66, 59], "index": 0}, "status": "DONE"}, {"action": "NORTH", "reward": 1402, "info": {}, "observation": {"remainingOverageTime": 60, "index": 1}, "status": "DONE"}, {"action": "WEST", "reward": 5107, "info": {}, "observation": {"remainingOverageTime": 60, "index": 2}, "status": "ACTIVE"}, {"action": "SOUTH", "reward": 5107, "info": {}, "observation": {"remainingOverageTime": 60, "index": 3}, "status": "ACTIVE"}], [{"action": "NORTH", "reward": 902, "info": {}, "observation": {"remainingOverageTime": 60, "step": 51, "geese": [[], [], [62, 63, 64, 53, 52, 51, 50], [55, 44, 33, 34, 35, 36, 47]], "food": [66, 59], "index": 0}, "status": "DONE"}, {"action": "NORTH", "reward": 1402, "info": {}, "observation": {"remainingOverageTime": 60, "index": 1}, "status": "DONE"}, {"action": "WEST", "reward": 5207, "info": {}, "observation": {"remainingOverageTime": 60, "index": 2}, "status": "ACTIVE"}, {"action": "SOUTH", "reward": 5207, "info": {}, "observation": {"remainingOverageTime": 60, "index": 3}, "status": "ACTIVE"}], [{"action": "NORTH", "reward": 902, "info": {}, "observation": {"remainingOverageTime": 60, "step": 52, "geese": [[], [], [61, 62, 63, 64, 53, 52, 51], [66, 55, 44, 33, 34, 35, 36, 47]], "food": [59, 70], "index": 0}, "status": "DONE"}, {"action": "NORTH", "reward": 1402, "info": {}, "observation": {"remainingOverageTime": 60, "index": 1}, "status": "DONE"}, {"action": "WEST", "reward": 5307, "info": {}, "observation": {"remainingOverageTime": 60, "index": 2}, "status": "ACTIVE"}, {"action": "SOUTH", "reward": 5308, "info": {}, "observation": {"remainingOverageTime": 60, "index": 3}, "status": "ACTIVE"}], [{"action": "NORTH", "reward": 902, "info": {}, "observation": {"remainingOverageTime": 60, "step": 53, "geese": [[], [], [60, 61, 62, 63, 64, 53, 52], [67, 66, 55, 44, 33, 34, 35, 36]], "food": [59, 70], "index": 0}, "status": "DONE"}, {"action": "NORTH", "reward": 1402, "info": {}, "observation": {"remainingOverageTime": 60, "index": 1}, "status": "DONE"}, {"action": "WEST", "reward": 5407, "info": {}, "observation": {"remainingOverageTime": 60, "index": 2}, "status": "ACTIVE"}, {"action": "EAST", "reward": 5408, "info": {}, "observation": {"remainingOverageTime": 60, "index": 3}, "status": "ACTIVE"}], [{"action": "NORTH", "reward": 902, "info": {}, "observation": {"remainingOverageTime": 60, "step": 54, "geese": [[], [], [59, 60, 61, 62, 63, 64, 53, 52], [68, 67, 66, 55, 44, 33, 34, 35]], "food": [70, 2], "index": 0}, "status": "DONE"}, {"action": "NORTH", "reward": 1402, "info": {}, "observation": {"remainingOverageTime": 60, "index": 1}, "status": "DONE"}, {"action": "WEST", "reward": 5508, "info": {}, "observation": {"remainingOverageTime": 60, "index": 2}, "status": "ACTIVE"}, {"action": "EAST", "reward": 5508, "info": {}, "observation": {"remainingOverageTime": 60, "index": 3}, "status": "ACTIVE"}], [{"action": "NORTH", "reward": 902, "info": {}, "observation": {"remainingOverageTime": 60, "step": 55, "geese": [[], [], [70, 59, 60, 61, 62, 63, 64, 53, 52], [2, 68, 67, 66, 55, 44, 33, 34, 35]], "food": [11, 42], "index": 0}, "status": "DONE"}, {"action": "NORTH", "reward": 1402, "info": {}, "observation": {"remainingOverageTime": 60, "index": 1}, "status": "DONE"}, {"action": "SOUTH", "reward": 5609, "info": {}, "observation": {"remainingOverageTime": 60, "index": 2}, "status": "ACTIVE"}, {"action": "SOUTH", "reward": 5609, "info": {}, "observation": {"remainingOverageTime": 60, "index": 3}, "status": "ACTIVE"}], [{"action": "NORTH", "reward": 902, "info": {}, "observation": {"remainingOverageTime": 60, "step": 56, "geese": [[], [], [4, 70, 59, 60, 61, 62, 63, 64, 53], [13, 2, 68, 67, 66, 55, 44, 33, 34]], "food": [11, 42], "index": 0}, "status": "DONE"}, {"action": "NORTH", "reward": 1402, "info": {}, "observation": {"remainingOverageTime": 60, "index": 1}, "status": "DONE"}, {"action": "SOUTH", "reward": 5709, "info": {}, "observation": {"remainingOverageTime": 60, "index": 2}, "status": "ACTIVE"}, {"action": "SOUTH", "reward": 5709, "info": {}, "observation": {"remainingOverageTime": 60, "index": 3}, "status": "ACTIVE"}], [{"action": "NORTH", "reward": 902, "info": {}, "observation": {"remainingOverageTime": 60, "step": 57, "geese": [[], [], [15, 4, 70, 59, 60, 61, 62, 63, 64], [12, 13, 2, 68, 67, 66, 55, 44, 33]], "food": [11, 42], "index": 0}, "status": "DONE"}, {"action": "NORTH", "reward": 1402, "info": {}, "observation": {"remainingOverageTime": 60, "index": 1}, "status": "DONE"}, {"action": "SOUTH", "reward": 5809, "info": {}, "observation": {"remainingOverageTime": 60, "index": 2}, "status": "ACTIVE"}, {"action": "WEST", "reward": 5809, "info": {}, "observation": {"remainingOverageTime": 60, "index": 3}, "status": "ACTIVE"}], [{"action": "NORTH", "reward": 902, "info": {}, "observation": {"remainingOverageTime": 60, "step": 58, "geese": [[], [], [14, 15, 4, 70, 59, 60, 61, 62, 63], [11, 12, 13, 2, 68, 67, 66, 55, 44, 33]], "food": [42, 47], "index": 0}, "status": "DONE"}, {"action": "NORTH", "reward": 1402, "info": {}, "observation": {"remainingOverageTime": 60, "index": 1}, "status": "DONE"}, {"action": "WEST", "reward": 5909, "info": {}, "observation": {"remainingOverageTime": 60, "index": 2}, "status": "ACTIVE"}, {"action": "WEST", "reward": 5910, "info": {}, "observation": {"remainingOverageTime": 60, "index": 3}, "status": "ACTIVE"}], [{"action": "NORTH", "reward": 902, "info": {}, "observation": {"remainingOverageTime": 60, "step": 59, "geese": [[], [], [25, 14, 15, 4, 70, 59, 60, 61, 62], [22, 11, 12, 13, 2, 68, 67, 66, 55, 44]], "food": [42, 47], "index": 0}, "status": "DONE"}, {"action": "NORTH", "reward": 1402, "info": {}, "observation": {"remainingOverageTime": 60, "index": 1}, "status": "DONE"}, {"action": "SOUTH", "reward": 6009, "info": {}, "observation": {"remainingOverageTime": 60, "index": 2}, "status": "ACTIVE"}, {"action": "SOUTH", "reward": 6010, "info": {}, "observation": {"remainingOverageTime": 60, "index": 3}, "status": "ACTIVE"}], [{"action": "NORTH", "reward": 902, "info": {}, "observation": {"remainingOverageTime": 60, "step": 60, "geese": [[], [], [36, 25, 14, 15, 4, 70, 59, 60, 61], [23, 22, 11, 12, 13, 2, 68, 67, 66, 55]], "food": [42, 47], "index": 0}, "status": "DONE"}, {"action": "NORTH", "reward": 1402, "info": {}, "observation": {"remainingOverageTime": 60, "index": 1}, "status": "DONE"}, {"action": "SOUTH", "reward": 6109, "info": {}, "observation": {"remainingOverageTime": 60, "index": 2}, "status": "ACTIVE"}, {"action": "EAST", "reward": 6110, "info": {}, "observation": {"remainingOverageTime": 60, "index": 3}, "status": "ACTIVE"}], [{"action": "NORTH", "reward": 902, "info": {}, "observation": {"remainingOverageTime": 60, "step": 61, "geese": [[], [], [47, 36, 25, 14, 15, 4, 70, 59, 60, 61], [24, 23, 22, 11, 12, 13, 2, 68, 67, 66]], "food": [42, 32], "index": 0}, "status": "DONE"}, {"action": "NORTH", "reward": 1402, "info": {}, "observation": {"remainingOverageTime": 60, "index": 1}, "status": "DONE"}, {"action": "SOUTH", "reward": 6210, "info": {}, "observation": {"remainingOverageTime": 60, "index": 2}, "status": "ACTIVE"}, {"action": "EAST", "reward": 6210, "info": {}, "observation": {"remainingOverageTime": 60, "index": 3}, "status": "ACTIVE"}], [{"action": "NORTH", "reward": 902, "info": {}, "observation": {"remainingOverageTime": 60, "step": 62, "geese": [[], [], [48, 47, 36, 25, 14, 15, 4, 70, 59, 60], [35, 24, 23, 22, 11, 12, 13, 2, 68, 67]], "food": [42, 32], "index": 0}, "status": "DONE"}, {"action": "NORTH", "reward": 1402, "info": {}, "observation": {"remainingOverageTime": 60, "index": 1}, "status": "DONE"}, {"action": "EAST", "reward": 6310, "info": {}, "observation": {"remainingOverageTime": 60, "index": 2}, "status": "ACTIVE"}, {"action": "SOUTH", "reward": 6310, "info": {}, "observation": {"remainingOverageTime": 60, "index": 3}, "status": "ACTIVE"}], [{"action": "NORTH", "reward": 902, "info": {}, "observation": {"remainingOverageTime": 60, "step": 63, "geese": [[], [], [37, 48, 47, 36, 25, 14, 15, 4, 70, 59], [46, 35, 24, 23, 22, 11, 12, 13, 2, 68]], "food": [42, 32], "index": 0}, "status": "DONE"}, {"action": "NORTH", "reward": 1402, "info": {}, "observation": {"remainingOverageTime": 60, "index": 1}, "status": "DONE"}, {"action": "NORTH", "reward": 6410, "info": {}, "observation": {"remainingOverageTime": 60, "index": 2}, "status": "ACTIVE"}, {"action": "SOUTH", "reward": 6410, "info": {}, "observation": {"remainingOverageTime": 60, "index": 3}, "status": "ACTIVE"}], [{"action": "NORTH", "reward": 902, "info": {}, "observation": {"remainingOverageTime": 60, "step": 64, "geese": [[], [], [38, 37, 48, 47, 36, 25, 14, 15, 4, 70], [57, 46, 35, 24, 23, 22, 11, 12, 13, 2]], "food": [42, 32], "index": 0}, "status": "DONE"}, {"action": "NORTH", "reward": 1402, "info": {}, "observation": {"remainingOverageTime": 60, "index": 1}, "status": "DONE"}, {"action": "EAST", "reward": 6510, "info": {}, "observation": {"remainingOverageTime": 60, "index": 2}, "status": "ACTIVE"}, {"action": "SOUTH", "reward": 6510, "info": {}, "observation": {"remainingOverageTime": 60, "index": 3}, "status": "ACTIVE"}], [{"action": "NORTH", "reward": 902, "info": {}, "observation": {"remainingOverageTime": 60, "step": 65, "geese": [[], [], [39, 38, 37, 48, 47, 36, 25, 14, 15, 4], [58, 57, 46, 35, 24, 23, 22, 11, 12, 13]], "food": [42, 32], "index": 0}, "status": "DONE"}, {"action": "NORTH", "reward": 1402, "info": {}, "observation": {"remainingOverageTime": 60, "index": 1}, "status": "DONE"}, {"action": "EAST", "reward": 6610, "info": {}, "observation": {"remainingOverageTime": 60, "index": 2}, "status": "ACTIVE"}, {"action": "EAST", "reward": 6610, "info": {}, "observation": {"remainingOverageTime": 60, "index": 3}, "status": "ACTIVE"}], [{"action": "NORTH", "reward": 902, "info": {}, "observation": {"remainingOverageTime": 60, "step": 66, "geese": [[], [], [40, 39, 38, 37, 48, 47, 36, 25, 14, 15], [59, 58, 57, 46, 35, 24, 23, 22, 11, 12]], "food": [42, 32], "index": 0}, "status": "DONE"}, {"action": "NORTH", "reward": 1402, "info": {}, "observation": {"remainingOverageTime": 60, "index": 1}, "status": "DONE"}, {"action": "EAST", "reward": 6710, "info": {}, "observation": {"remainingOverageTime": 60, "index": 2}, "status": "ACTIVE"}, {"action": "EAST", "reward": 6710, "info": {}, "observation": {"remainingOverageTime": 60, "index": 3}, "status": "ACTIVE"}], [{"action": "NORTH", "reward": 902, "info": {}, "observation": {"remainingOverageTime": 60, "step": 67, "geese": [[], [], [41, 40, 39, 38, 37, 48, 47, 36, 25, 14], [60, 59, 58, 57, 46, 35, 24, 23, 22, 11]], "food": [42, 32], "index": 0}, "status": "DONE"}, {"action": "NORTH", "reward": 1402, "info": {}, "observation": {"remainingOverageTime": 60, "index": 1}, "status": "DONE"}, {"action": "EAST", "reward": 6810, "info": {}, "observation": {"remainingOverageTime": 60, "index": 2}, "status": "ACTIVE"}, {"action": "EAST", "reward": 6810, "info": {}, "observation": {"remainingOverageTime": 60, "index": 3}, "status": "ACTIVE"}], [{"action": "NORTH", "reward": 902, "info": {}, "observation": {"remainingOverageTime": 60, "step": 68, "geese": [[], [], [42, 41, 40, 39, 38, 37, 48, 47, 36, 25, 14], [49, 60, 59, 58, 57, 46, 35, 24, 23, 22]], "food": [32, 9], "index": 0}, "status": "DONE"}, {"action": "NORTH", "reward": 1402, "info": {}, "observation": {"remainingOverageTime": 60, "index": 1}, "status": "DONE"}, {"action": "EAST", "reward": 6911, "info": {}, "observation": {"remainingOverageTime": 60, "index": 2}, "status": "ACTIVE"}, {"action": "NORTH", "reward": 6910, "info": {}, "observation": {"remainingOverageTime": 60, "index": 3}, "status": "ACTIVE"}], [{"action": "NORTH", "reward": 902, "info": {}, "observation": {"remainingOverageTime": 60, "step": 69, "geese": [[], [], [31, 42, 41, 40, 39, 38, 37, 48, 47, 36, 25], [50, 49, 60, 59, 58, 57, 46, 35, 24, 23]], "food": [32, 9], "index": 0}, "status": "DONE"}, {"action": "NORTH", "reward": 1402, "info": {}, "observation": {"remainingOverageTime": 60, "index": 1}, "status": "DONE"}, {"action": "NORTH", "reward": 7011, "info": {}, "observation": {"remainingOverageTime": 60, "index": 2}, "status": "ACTIVE"}, {"action": "EAST", "reward": 7010, "info": {}, "observation": {"remainingOverageTime": 60, "index": 3}, "status": "ACTIVE"}], [{"action": "NORTH", "reward": 902, "info": {}, "observation": {"remainingOverageTime": 60, "step": 70, "geese": [[], [], [32, 31, 42, 41, 40, 39, 38, 37, 48, 47, 36, 25], [51, 50, 49, 60, 59, 58, 57, 46, 35, 24]], "food": [9, 54], "index": 0}, "status": "DONE"}, {"action": "NORTH", "reward": 1402, "info": {}, "observation": {"remainingOverageTime": 60, "index": 1}, "status": "DONE"}, {"action": "EAST", "reward": 7112, "info": {}, "observation": {"remainingOverageTime": 60, "index": 2}, "status": "ACTIVE"}, {"action": "EAST", "reward": 7110, "info": {}, "observation": {"remainingOverageTime": 60, "index": 3}, "status": "ACTIVE"}], [{"action": "NORTH", "reward": 902, "info": {}, "observation": {"remainingOverageTime": 60, "step": 71, "geese": [[], [], [43, 32, 31, 42, 41, 40, 39, 38, 37, 48, 47, 36], [52, 51, 50, 49, 60, 59, 58, 57, 46, 35]], "food": [9, 54], "index": 0}, "status": "DONE"}, {"action": "NORTH", "reward": 1402, "info": {}, "observation": {"remainingOverageTime": 60, "index": 1}, "status": "DONE"}, {"action": "SOUTH", "reward": 7212, "info": {}, "observation": {"remainingOverageTime": 60, "index": 2}, "status": "ACTIVE"}, {"action": "EAST", "reward": 7210, "info": {}, "observation": {"remainingOverageTime": 60, "index": 3}, "status": "ACTIVE"}], [{"action": "NORTH", "reward": 902, "info": {}, "observation": {"remainingOverageTime": 60, "step": 72, "geese": [[], [], [54, 43, 32, 31, 42, 41, 40, 39, 38, 37, 48, 47, 36], [53, 52, 51, 50, 49, 60, 59, 58, 57, 46]], "food": [9, 74], "index": 0}, "status": "DONE"}, {"action": "NORTH", "reward": 1402, "info": {}, "observation": {"remainingOverageTime": 60, "index": 1}, "status": "DONE"}, {"action": "SOUTH", "reward": 7313, "info": {}, "observation": {"remainingOverageTime": 60, "index": 2}, "status": "ACTIVE"}, {"action": "EAST", "reward": 7310, "info": {}, "observation": {"remainingOverageTime": 60, "index": 3}, "status": "ACTIVE"}], [{"action": "NORTH", "reward": 902, "info": {}, "observation": {"remainingOverageTime": 60, "step": 73, "geese": [[], [], [65, 54, 43, 32, 31, 42, 41, 40, 39, 38, 37, 48, 47], [64, 53, 52, 51, 50, 49, 60, 59, 58, 57]], "food": [9, 74], "index": 0}, "status": "DONE"}, {"action": "NORTH", "reward": 1402, "info": {}, "observation": {"remainingOverageTime": 60, "index": 1}, "status": "DONE"}, {"action": "SOUTH", "reward": 7413, "info": {}, "observation": {"remainingOverageTime": 60, "index": 2}, "status": "ACTIVE"}, {"action": "SOUTH", "reward": 7410, "info": {}, "observation": {"remainingOverageTime": 60, "index": 3}, "status": "ACTIVE"}], [{"action": "NORTH", "reward": 902, "info": {}, "observation": {"remainingOverageTime": 60, "step": 74, "geese": [[], [], [76, 65, 54, 43, 32, 31, 42, 41, 40, 39, 38, 37, 48], [75, 64, 53, 52, 51, 50, 49, 60, 59, 58]], "food": [9, 74], "index": 0}, "status": "DONE"}, {"action": "NORTH", "reward": 1402, "info": {}, "observation": {"remainingOverageTime": 60, "index": 1}, "status": "DONE"}, {"action": "SOUTH", "reward": 7513, "info": {}, "observation": {"remainingOverageTime": 60, "index": 2}, "status": "ACTIVE"}, {"action": "SOUTH", "reward": 7510, "info": {}, "observation": {"remainingOverageTime": 60, "index": 3}, "status": "ACTIVE"}], [{"action": "NORTH", "reward": 902, "info": {}, "observation": {"remainingOverageTime": 60, "step": 75, "geese": [[], [], [10, 76, 65, 54, 43, 32, 31, 42, 41, 40, 39, 38, 37], [9, 75, 64, 53, 52, 51, 50, 49, 60, 59, 58]], "food": [74, 24], "index": 0}, "status": "DONE"}, {"action": "NORTH", "reward": 1402, "info": {}, "observation": {"remainingOverageTime": 60, "index": 1}, "status": "DONE"}, {"action": "SOUTH", "reward": 7613, "info": {}, "observation": {"remainingOverageTime": 60, "index": 2}, "status": "ACTIVE"}, {"action": "SOUTH", "reward": 7611, "info": {}, "observation": {"remainingOverageTime": 60, "index": 3}, "status": "ACTIVE"}], [{"action": "NORTH", "reward": 902, "info": {}, "observation": {"remainingOverageTime": 60, "step": 76, "geese": [[], [], [0, 10, 76, 65, 54, 43, 32, 31, 42, 41, 40, 39, 38], [20, 9, 75, 64, 53, 52, 51, 50, 49, 60, 59]], "food": [74, 24], "index": 0}, "status": "DONE"}, {"action": "NORTH", "reward": 1402, "info": {}, "observation": {"remainingOverageTime": 60, "index": 1}, "status": "DONE"}, {"action": "EAST", "reward": 7713, "info": {}, "observation": {"remainingOverageTime": 60, "index": 2}, "status": "ACTIVE"}, {"action": "SOUTH", "reward": 7711, "info": {}, "observation": {"remainingOverageTime": 60, "index": 3}, "status": "ACTIVE"}], [{"action": "NORTH", "reward": 902, "info": {}, "observation": {"remainingOverageTime": 60, "step": 77, "geese": [[], [], [1, 0, 10, 76, 65, 54, 43, 32, 31, 42, 41, 40, 39], [19, 20, 9, 75, 64, 53, 52, 51, 50, 49, 60]], "food": [74, 24], "index": 0}, "status": "DONE"}, {"action": "NORTH", "reward": 1402, "info": {}, "observation": {"remainingOverageTime": 60, "index": 1}, "status": "DONE"}, {"action": "EAST", "reward": 7813, "info": {}, "observation": {"remainingOverageTime": 60, "index": 2}, "status": "ACTIVE"}, {"action": "WEST", "reward": 7811, "info": {}, "observation": {"remainingOverageTime": 60, "index": 3}, "status": "ACTIVE"}], [{"action": "NORTH", "reward": 902, "info": {}, "observation": {"remainingOverageTime": 60, "step": 78, "geese": [[], [], [2, 1, 0, 10, 76, 65, 54, 43, 32, 31, 42, 41, 40], [30, 19, 20, 9, 75, 64, 53, 52, 51, 50, 49]], "food": [74, 24], "index": 0}, "status": "DONE"}, {"action": "NORTH", "reward": 1402, "info": {}, "observation": {"remainingOverageTime": 60, "index": 1}, "status": "DONE"}, {"action": "EAST", "reward": 7913, "info": {}, "observation": {"remainingOverageTime": 60, "index": 2}, "status": "ACTIVE"}, {"action": "SOUTH", "reward": 7911, "info": {}, "observation": {"remainingOverageTime": 60, "index": 3}, "status": "ACTIVE"}], [{"action": "NORTH", "reward": 902, "info": {}, "observation": {"remainingOverageTime": 60, "step": 79, "geese": [[], [], [13, 2, 1, 0, 10, 76, 65, 54, 43, 32, 31, 42, 41], [29, 30, 19, 20, 9, 75, 64, 53, 52, 51, 50]], "food": [74, 24], "index": 0}, "status": "DONE"}, {"action": "NORTH", "reward": 1402, "info": {}, "observation": {"remainingOverageTime": 60, "index": 1}, "status": "DONE"}, {"action": "SOUTH", "reward": 8013, "info": {}, "observation": {"remainingOverageTime": 60, "index": 2}, "status": "ACTIVE"}, {"action": "WEST", "reward": 8011, "info": {}, "observation": {"remainingOverageTime": 60, "index": 3}, "status": "ACTIVE"}], [{"action": "NORTH", "reward": 902, "info": {}, "observation": {"remainingOverageTime": 60, "step": 80, "geese": [[], [], [24, 13, 2, 1, 0, 10, 76, 65, 54, 43, 32, 31, 42], [40, 29, 30, 19, 20, 9, 75, 64, 53, 52]], "food": [74, 33], "index": 0}, "status": "DONE"}, {"action": "NORTH", "reward": 1402, "info": {}, "observation": {"remainingOverageTime": 60, "index": 1}, "status": "DONE"}, {"action": "SOUTH", "reward": 8113, "info": {}, "observation": {"remainingOverageTime": 60, "index": 2}, "status": "ACTIVE"}, {"action": "SOUTH", "reward": 8110, "info": {}, "observation": {"remainingOverageTime": 60, "index": 3}, "status": "ACTIVE"}], [{"action": "NORTH", "reward": 902, "info": {}, "observation": {"remainingOverageTime": 60, "step": 81, "geese": [[], [], [35, 24, 13, 2, 1, 0, 10, 76, 65, 54, 43, 32, 31], [41, 40, 29, 30, 19, 20, 9, 75, 64, 53]], "food": [74, 33], "index": 0}, "status": "DONE"}, {"action": "NORTH", "reward": 1402, "info": {}, "observation": {"remainingOverageTime": 60, "index": 1}, "status": "DONE"}, {"action": "SOUTH", "reward": 8213, "info": {}, "observation": {"remainingOverageTime": 60, "index": 2}, "status": "ACTIVE"}, {"action": "EAST", "reward": 8210, "info": {}, "observation": {"remainingOverageTime": 60, "index": 3}, "status": "ACTIVE"}], [{"action": "NORTH", "reward": 902, "info": {}, "observation": {"remainingOverageTime": 60, "step": 82, "geese": [[], [], [36, 35, 24, 13, 2, 1, 0, 10, 76, 65, 54, 43, 32], [52, 41, 40, 29, 30, 19, 20, 9, 75, 64]], "food": [74, 33], "index": 0}, "status": "DONE"}, {"action": "NORTH", "reward": 1402, "info": {}, "observation": {"remainingOverageTime": 60, "index": 1}, "status": "DONE"}, {"action": "EAST", "reward": 8313, "info": {}, "observation": {"remainingOverageTime": 60, "index": 2}, "status": "ACTIVE"}, {"action": "SOUTH", "reward": 8310, "info": {}, "observation": {"remainingOverageTime": 60, "index": 3}, "status": "ACTIVE"}], [{"action": "NORTH", "reward": 902, "info": {}, "observation": {"remainingOverageTime": 60, "step": 83, "geese": [[], [], [25, 36, 35, 24, 13, 2, 1, 0, 10, 76, 65, 54, 43], [63, 52, 41, 40, 29, 30, 19, 20, 9, 75]], "food": [74, 33], "index": 0}, "status": "DONE"}, {"action": "NORTH", "reward": 1402, "info": {}, "observation": {"remainingOverageTime": 60, "index": 1}, "status": "DONE"}, {"action": "NORTH", "reward": 8413, "info": {}, "observation": {"remainingOverageTime": 60, "index": 2}, "status": "ACTIVE"}, {"action": "SOUTH", "reward": 8410, "info": {}, "observation": {"remainingOverageTime": 60, "index": 3}, "status": "ACTIVE"}], [{"action": "NORTH", "reward": 902, "info": {}, "observation": {"remainingOverageTime": 60, "step": 84, "geese": [[], [], [14, 25, 36, 35, 24, 13, 2, 1, 0, 10, 76, 65, 54], [74, 63, 52, 41, 40, 29, 30, 19, 20, 9, 75]], "food": [33, 11], "index": 0}, "status": "DONE"}, {"action": "NORTH", "reward": 1402, "info": {}, "observation": {"remainingOverageTime": 60, "index": 1}, "status": "DONE"}, {"action": "NORTH", "reward": 8513, "info": {}, "observation": {"remainingOverageTime": 60, "index": 2}, "status": "ACTIVE"}, {"action": "SOUTH", "reward": 8511, "info": {}, "observation": {"remainingOverageTime": 60, "index": 3}, "status": "ACTIVE"}], [{"action": "NORTH", "reward": 902, "info": {}, "observation": {"remainingOverageTime": 60, "step": 85, "geese": [[], [], [3, 14, 25, 36, 35, 24, 13, 2, 1, 0, 10, 76, 65], [8, 74, 63, 52, 41, 40, 29, 30, 19, 20, 9]], "food": [33, 11], "index": 0}, "status": "DONE"}, {"action": "NORTH", "reward": 1402, "info": {}, "observation": {"remainingOverageTime": 60, "index": 1}, "status": "DONE"}, {"action": "NORTH", "reward": 8613, "info": {}, "observation": {"remainingOverageTime": 60, "index": 2}, "status": "ACTIVE"}, {"action": "SOUTH", "reward": 8611, "info": {}, "observation": {"remainingOverageTime": 60, "index": 3}, "status": "ACTIVE"}], [{"action": "NORTH", "reward": 902, "info": {}, "observation": {"remainingOverageTime": 60, "step": 86, "geese": [[], [], [4, 3, 14, 25, 36, 35, 24, 13, 2, 1, 0, 10, 76], [7, 8, 74, 63, 52, 41, 40, 29, 30, 19, 20]], "food": [33, 11], "index": 0}, "status": "DONE"}, {"action": "NORTH", "reward": 1402, "info": {}, "observation": {"remainingOverageTime": 60, "index": 1}, "status": "DONE"}, {"action": "EAST", "reward": 8713, "info": {}, "observation": {"remainingOverageTime": 60, "index": 2}, "status": "ACTIVE"}, {"action": "WEST", "reward": 8711, "info": {}, "observation": {"remainingOverageTime": 60, "index": 3}, "status": "ACTIVE"}], [{"action": "NORTH", "reward": 902, "info": {}, "observation": {"remainingOverageTime": 60, "step": 87, "geese": [[], [], [15, 4, 3, 14, 25, 36, 35, 24, 13, 2, 1, 0, 10], [18, 7, 8, 74, 63, 52, 41, 40, 29, 30, 19]], "food": [33, 11], "index": 0}, "status": "DONE"}, {"action": "NORTH", "reward": 1402, "info": {}, "observation": {"remainingOverageTime": 60, "index": 1}, "status": "DONE"}, {"action": "SOUTH", "reward": 8813, "info": {}, "observation": {"remainingOverageTime": 60, "index": 2}, "status": "ACTIVE"}, {"action": "SOUTH", "reward": 8811, "info": {}, "observation": {"remainingOverageTime": 60, "index": 3}, "status": "ACTIVE"}], [{"action": "NORTH", "reward": 902, "info": {}, "observation": {"remainingOverageTime": 60, "step": 88, "geese": [[], [], [16, 15, 4, 3, 14, 25, 36, 35, 24, 13, 2, 1, 0], [17, 18, 7, 8, 74, 63, 52, 41, 40, 29, 30]], "food": [33, 11], "index": 0}, "status": "DONE"}, {"action": "NORTH", "reward": 1402, "info": {}, "observation": {"remainingOverageTime": 60, "index": 1}, "status": "DONE"}, {"action": "EAST", "reward": 8913, "info": {}, "observation": {"remainingOverageTime": 60, "index": 2}, "status": "ACTIVE"}, {"action": "WEST", "reward": 8911, "info": {}, "observation": {"remainingOverageTime": 60, "index": 3}, "status": "ACTIVE"}], [{"action": "NORTH", "reward": 902, "info": {}, "observation": {"remainingOverageTime": 60, "step": 89, "geese": [[], [], [5, 16, 15, 4, 3, 14, 25, 36, 35, 24, 13, 2, 1], [6, 17, 18, 7, 8, 74, 63, 52, 41, 40, 29]], "food": [33, 11], "index": 0}, "status": "DONE"}, {"action": "NORTH", "reward": 1402, "info": {}, "observation": {"remainingOverageTime": 60, "index": 1}, "status": "DONE"}, {"action": "NORTH", "reward": 9013, "info": {}, "observation": {"remainingOverageTime": 60, "index": 2}, "status": "ACTIVE"}, {"action": "NORTH", "reward": 9011, "info": {}, "observation": {"remainingOverageTime": 60, "index": 3}, "status": "ACTIVE"}], [{"action": "NORTH", "reward": 902, "info": {}, "observation": {"remainingOverageTime": 60, "step": 90, "geese": [[], [], [71, 5, 16, 15, 4, 3, 14, 25, 36, 35, 24, 13, 2], [72, 6, 17, 18, 7, 8, 74, 63, 52, 41, 40]], "food": [33, 11], "index": 0}, "status": "DONE"}, {"action": "NORTH", "reward": 1402, "info": {}, "observation": {"remainingOverageTime": 60, "index": 1}, "status": "DONE"}, {"action": "NORTH", "reward": 9113, "info": {}, "observation": {"remainingOverageTime": 60, "index": 2}, "status": "ACTIVE"}, {"action": "NORTH", "reward": 9111, "info": {}, "observation": {"remainingOverageTime": 60, "index": 3}, "status": "ACTIVE"}], [{"action": "NORTH", "reward": 902, "info": {}, "observation": {"remainingOverageTime": 60, "step": 91, "geese": [[], [], [60, 71, 5, 16, 15, 4, 3, 14, 25, 36, 35, 24, 13], [61, 72, 6, 17, 18, 7, 8, 74, 63, 52, 41]], "food": [33, 11], "index": 0}, "status": "DONE"}, {"action": "NORTH", "reward": 1402, "info": {}, "observation": {"remainingOverageTime": 60, "index": 1}, "status": "DONE"}, {"action": "NORTH", "reward": 9213, "info": {}, "observation": {"remainingOverageTime": 60, "index": 2}, "status": "ACTIVE"}, {"action": "NORTH", "reward": 9211, "info": {}, "observation": {"remainingOverageTime": 60, "index": 3}, "status": "ACTIVE"}], [{"action": "NORTH", "reward": 902, "info": {}, "observation": {"remainingOverageTime": 60, "step": 92, "geese": [[], [], [49, 60, 71, 5, 16, 15, 4, 3, 14, 25, 36, 35, 24], [50, 61, 72, 6, 17, 18, 7, 8, 74, 63, 52]], "food": [33, 11], "index": 0}, "status": "DONE"}, {"action": "NORTH", "reward": 1402, "info": {}, "observation": {"remainingOverageTime": 60, "index": 1}, "status": "DONE"}, {"action": "NORTH", "reward": 9313, "info": {}, "observation": {"remainingOverageTime": 60, "index": 2}, "status": "ACTIVE"}, {"action": "NORTH", "reward": 9311, "info": {}, "observation": {"remainingOverageTime": 60, "index": 3}, "status": "ACTIVE"}], [{"action": "NORTH", "reward": 902, "info": {}, "observation": {"remainingOverageTime": 60, "step": 93, "geese": [[], [], [38, 49, 60, 71, 5, 16, 15, 4, 3, 14, 25, 36, 35], [39, 50, 61, 72, 6, 17, 18, 7, 8, 74, 63]], "food": [33, 11], "index": 0}, "status": "DONE"}, {"action": "NORTH", "reward": 1402, "info": {}, "observation": {"remainingOverageTime": 60, "index": 1}, "status": "DONE"}, {"action": "NORTH", "reward": 9413, "info": {}, "observation": {"remainingOverageTime": 60, "index": 2}, "status": "ACTIVE"}, {"action": "NORTH", "reward": 9411, "info": {}, "observation": {"remainingOverageTime": 60, "index": 3}, "status": "ACTIVE"}], [{"action": "NORTH", "reward": 902, "info": {}, "observation": {"remainingOverageTime": 60, "step": 94, "geese": [[], [], [37, 38, 49, 60, 71, 5, 16, 15, 4, 3, 14, 25, 36], [28, 39, 50, 61, 72, 6, 17, 18, 7, 8, 74]], "food": [33, 11], "index": 0}, "status": "DONE"}, {"action": "NORTH", "reward": 1402, "info": {}, "observation": {"remainingOverageTime": 60, "index": 1}, "status": "DONE"}, {"action": "WEST", "reward": 9513, "info": {}, "observation": {"remainingOverageTime": 60, "index": 2}, "status": "ACTIVE"}, {"action": "NORTH", "reward": 9511, "info": {}, "observation": {"remainingOverageTime": 60, "index": 3}, "status": "ACTIVE"}], [{"action": "NORTH", "reward": 902, "info": {}, "observation": {"remainingOverageTime": 60, "step": 95, "geese": [[], [], [36, 37, 38, 49, 60, 71, 5, 16, 15, 4, 3, 14, 25], [27, 28, 39, 50, 61, 72, 6, 17, 18, 7, 8]], "food": [33, 11], "index": 0}, "status": "DONE"}, {"action": "NORTH", "reward": 1402, "info": {}, "observation": {"remainingOverageTime": 60, "index": 1}, "status": "DONE"}, {"action": "WEST", "reward": 9613, "info": {}, "observation": {"remainingOverageTime": 60, "index": 2}, "status": "ACTIVE"}, {"action": "WEST", "reward": 9611, "info": {}, "observation": {"remainingOverageTime": 60, "index": 3}, "status": "ACTIVE"}], [{"action": "NORTH", "reward": 902, "info": {}, "observation": {"remainingOverageTime": 60, "step": 96, "geese": [[], [], [35, 36, 37, 38, 49, 60, 71, 5, 16, 15, 4, 3, 14], [26, 27, 28, 39, 50, 61, 72, 6, 17, 18, 7]], "food": [33, 11], "index": 0}, "status": "DONE"}, {"action": "NORTH", "reward": 1402, "info": {}, "observation": {"remainingOverageTime": 60, "index": 1}, "status": "DONE"}, {"action": "WEST", "reward": 9713, "info": {}, "observation": {"remainingOverageTime": 60, "index": 2}, "status": "ACTIVE"}, {"action": "WEST", "reward": 9711, "info": {}, "observation": {"remainingOverageTime": 60, "index": 3}, "status": "ACTIVE"}], [{"action": "NORTH", "reward": 902, "info": {}, "observation": {"remainingOverageTime": 60, "step": 97, "geese": [[], [], [34, 35, 36, 37, 38, 49, 60, 71, 5, 16, 15, 4, 3], [25, 26, 27, 28, 39, 50, 61, 72, 6, 17, 18]], "food": [33, 11], "index": 0}, "status": "DONE"}, {"action": "NORTH", "reward": 1402, "info": {}, "observation": {"remainingOverageTime": 60, "index": 1}, "status": "DONE"}, {"action": "WEST", "reward": 9813, "info": {}, "observation": {"remainingOverageTime": 60, "index": 2}, "status": "ACTIVE"}, {"action": "WEST", "reward": 9811, "info": {}, "observation": {"remainingOverageTime": 60, "index": 3}, "status": "ACTIVE"}], [{"action": "NORTH", "reward": 902, "info": {}, "observation": {"remainingOverageTime": 60, "step": 98, "geese": [[], [], [33, 34, 35, 36, 37, 38, 49, 60, 71, 5, 16, 15, 4, 3], [14, 25, 26, 27, 28, 39, 50, 61, 72, 6, 17]], "food": [11, 64], "index": 0}, "status": "DONE"}, {"action": "NORTH", "reward": 1402, "info": {}, "observation": {"remainingOverageTime": 60, "index": 1}, "status": "DONE"}, {"action": "WEST", "reward": 9914, "info": {}, "observation": {"remainingOverageTime": 60, "index": 2}, "status": "ACTIVE"}, {"action": "NORTH", "reward": 9911, "info": {}, "observation": {"remainingOverageTime": 60, "index": 3}, "status": "ACTIVE"}], [{"action": "NORTH", "reward": 902, "info": {}, "observation": {"remainingOverageTime": 60, "step": 99, "geese": [[], [], [22, 33, 34, 35, 36, 37, 38, 49, 60, 71, 5, 16, 15, 4], [13, 14, 25, 26, 27, 28, 39, 50, 61, 72, 6]], "food": [11, 64], "index": 0}, "status": "DONE"}, {"action": "NORTH", "reward": 1402, "info": {}, "observation": {"remainingOverageTime": 60, "index": 1}, "status": "DONE"}, {"action": "NORTH", "reward": 10014, "info": {}, "observation": {"remainingOverageTime": 60, "index": 2}, "status": "ACTIVE"}, {"action": "WEST", "reward": 10011, "info": {}, "observation": {"remainingOverageTime": 60, "index": 3}, "status": "ACTIVE"}], [{"action": "NORTH", "reward": 902, "info": {}, "observation": {"remainingOverageTime": 60, "step": 100, "geese": [[], [], [11, 22, 33, 34, 35, 36, 37, 38, 49, 60, 71, 5, 16, 15, 4], [12, 13, 14, 25, 26, 27, 28, 39, 50, 61, 72]], "food": [64, 32], "index": 0}, "status": "DONE"}, {"action": "NORTH", "reward": 1402, "info": {}, "observation": {"remainingOverageTime": 60, "index": 1}, "status": "DONE"}, {"action": "NORTH", "reward": 10115, "info": {}, "observation": {"remainingOverageTime": 60, "index": 2}, "status": "ACTIVE"}, {"action": "WEST", "reward": 10111, "info": {}, "observation": {"remainingOverageTime": 60, "index": 3}, "status": "ACTIVE"}], [{"action": "NORTH", "reward": 902, "info": {}, "observation": {"remainingOverageTime": 60, "step": 101, "geese": [[], [], [21, 11, 22, 33, 34, 35, 36, 37, 38, 49, 60, 71, 5, 16, 15], [23, 12, 13, 14, 25, 26, 27, 28, 39, 50, 61]], "food": [64, 32], "index": 0}, "status": "DONE"}, {"action": "NORTH", "reward": 1402, "info": {}, "observation": {"remainingOverageTime": 60, "index": 1}, "status": "DONE"}, {"action": "WEST", "reward": 10215, "info": {}, "observation": {"remainingOverageTime": 60, "index": 2}, "status": "ACTIVE"}, {"action": "SOUTH", "reward": 10211, "info": {}, "observation": {"remainingOverageTime": 60, "index": 3}, "status": "ACTIVE"}], [{"action": "NORTH", "reward": 902, "info": {}, "observation": {"remainingOverageTime": 60, "step": 102, "geese": [[], [], [32, 21, 11, 22, 33, 34, 35, 36, 37, 38, 49, 60, 71, 5, 16, 15], [24, 23, 12, 13, 14, 25, 26, 27, 28, 39, 50]], "food": [64, 42], "index": 0}, "status": "DONE"}, {"action": "NORTH", "reward": 1402, "info": {}, "observation": {"remainingOverageTime": 60, "index": 1}, "status": "DONE"}, {"action": "SOUTH", "reward": 10316, "info": {}, "observation": {"remainingOverageTime": 60, "index": 2}, "status": "ACTIVE"}, {"action": "EAST", "reward": 10311, "info": {}, "observation": {"remainingOverageTime": 60, "index": 3}, "status": "ACTIVE"}], [{"action": "NORTH", "reward": 902, "info": {}, "observation": {"remainingOverageTime": 60, "step": 103, "geese": [[], [], [43, 32, 21, 11, 22, 33, 34, 35, 36, 37, 38, 49, 60, 71, 5, 16], []], "food": [64, 42], "index": 0}, "status": "DONE"}, {"action": "NORTH", "reward": 1402, "info": {}, "observation": {"remainingOverageTime": 60, "index": 1}, "status": "DONE"}, {"action": "SOUTH", "reward": 10416, "info": {}, "observation": {"remainingOverageTime": 60, "index": 2}, "status": "DONE"}, {"action": "SOUTH", "reward": 10311, "info": {}, "observation": {"remainingOverageTime": 60, "index": 3}, "status": "DONE"}]], "rewards": [902, 1402, 10416, 10311], "statuses": ["DONE", "DONE", "DONE", "DONE"], "schema_version": 1, "info": {}}