{"id": "bcd713ec-db0e-11ee-b332-0242ac1c000c", "name": "hungry_geese", "title": "Hungry Geese", "description": "Similar to the classic snake game with multiple players", "version": "1.0.0", "configuration": {"episodeSteps": 200, "actTimeout": 1, "runTimeout": 1200, "columns": 11, "rows": 7, "hunger_rate": 40, "min_food": 2, "max_length": 99}, "specification": {"action": {"description": "Direction to move the head of your players goose.", "type": "string", "enum": ["NORTH", "EAST", "SOUTH", "WEST"], "default": "NORTH"}, "agents": [1, 2, 3, 4, 5, 6, 7, 8], "configuration": {"episodeSteps": {"description": "Maximum number of steps in the episode.", "type": "integer", "minimum": 1, "default": 200}, "actTimeout": {"description": "Maximum runtime (seconds) to obtain an action from an agent.", "type": "number", "minimum": 0, "default": 1}, "runTimeout": {"description": "Maximum runtime (seconds) of an episode (not necessarily DONE).", "type": "number", "minimum": 0, "default": 1200}, "columns": {"description": "Horizontal number of cells on the board.", "type": "integer", "default": 11, "minimum": 3}, "rows": {"description": "Vertical number of cells on the board.", "type": "integer", "default": 7, "minimum": 3}, "hunger_rate": {"description": "The number of steps before the goose shrinks a cell.", "type": "integer", "minimum": 1, "default": 40}, "min_food": {"description": "The minimum amount of food present for all steps.", "type": "integer", "default": 2, "minimum": 1}, "max_length": {"description": "The max length any goose can be. Total reward = (max length + 1) * steps survived + goose length.", "type": "integer", "default": 99}}, "info": {}, "observation": {"remainingOverageTime": {"description": "Total remaining banked time (seconds) that can be used in excess of per-step actTimeouts -- agent is disqualified with TIMEOUT status when this drops below 0.", "shared": false, "type": "number", "minimum": 0, "default": 60}, "step": {"description": "Current step within the episode.", "type": "integer", "shared": true, "minimum": 0, "default": 0}, "geese": {"description": "List of geese in order by the agent index.", "type": "array", "default": [], "shared": true}, "food": {"description": "Positions on the board where food is present.", "type": "array", "default": [], "shared": true}, "index": {"description": "Index of the current agent's goose in the list of geese.", "type": "integer", "minimum": 0, "defaults": [0, 1, 2, 3, 4, 5, 6, 7]}}, "reward": {"description": "steps survived * (max goose length + 1) + current goose length.", "type": ["number", "null"], "default": 0, "minimum": 0}}, "steps": [[{"action": "NORTH", "reward": 0, "info": {}, "observation": {"remainingOverageTime": 60, "step": 0, "geese": [[5], [2], [56], [30]], "food": [76, 52], "index": 0}, "status": "ACTIVE"}, {"action": "NORTH", "reward": 0, "info": {}, "observation": {"remainingOverageTime": 60, "index": 1}, "status": "ACTIVE"}, {"action": "NORTH", "reward": 0, "info": {}, "observation": {"remainingOverageTime": 60, "index": 2}, "status": "ACTIVE"}, {"action": "NORTH", "reward": 0, "info": {}, "observation": {"remainingOverageTime": 60, "index": 3}, "status": "ACTIVE"}], [{"action": "NORTH", "reward": 201, "info": {}, "observation": {"remainingOverageTime": 60, "step": 1, "geese": [[71], [68], [45], [41]], "food": [76, 52], "index": 0}, "status": "ACTIVE"}, {"action": "NORTH", "reward": 201, "info": {}, "observation": {"remainingOverageTime": 60, "index": 1}, "status": "ACTIVE"}, {"action": "NORTH", "reward": 201, "info": {}, "observation": {"remainingOverageTime": 60, "index": 2}, "status": "ACTIVE"}, {"action": "SOUTH", "reward": 201, "info": {}, "observation": {"remainingOverageTime": 60, "index": 3}, "status": "ACTIVE"}], [{"action": "NORTH", "reward": 301, "info": {}, "observation": {"remainingOverageTime": 60, "step": 2, "geese": [[60], [57], [46], []], "food": [76, 52], "index": 0}, "status": "ACTIVE"}, {"action": "NORTH", "reward": 301, "info": {}, "observation": {"remainingOverageTime": 60, "index": 1}, "status": "ACTIVE"}, {"action": "EAST", "reward": 301, "info": {}, "observation": {"remainingOverageTime": 60, "index": 2}, "status": "ACTIVE"}, {"action": "NORTH", "reward": 201, "info": {}, "observation": {"remainingOverageTime": 60, "index": 3}, "status": "DONE"}], [{"action": "NORTH", "reward": 401, "info": {}, "observation": {"remainingOverageTime": 60, "step": 3, "geese": [[49], [46], [47], []], "food": [76, 52], "index": 0}, "status": "ACTIVE"}, {"action": "NORTH", "reward": 401, "info": {}, "observation": {"remainingOverageTime": 60, "index": 1}, "status": "ACTIVE"}, {"action": "EAST", "reward": 401, "info": {}, "observation": {"remainingOverageTime": 60, "index": 2}, "status": "ACTIVE"}, {"action": "NORTH", "reward": 201, "info": {}, "observation": {"remainingOverageTime": 60, "index": 3}, "status": "DONE"}], [{"action": "EAST", "reward": 501, "info": {}, "observation": {"remainingOverageTime": 60, "step": 4, "geese": [[50], [47], [48], []], "food": [76, 52], "index": 0}, "status": "ACTIVE"}, {"action": "EAST", "reward": 501, "info": {}, "observation": {"remainingOverageTime": 60, "index": 1}, "status": "ACTIVE"}, {"action": "EAST", "reward": 501, "info": {}, "observation": {"remainingOverageTime": 60, "index": 2}, "status": "ACTIVE"}, {"action": "NORTH", "reward": 201, "info": {}, "observation": {"remainingOverageTime": 60, "index": 3}, "status": "DONE"}], [{"action": "EAST", "reward": 601, "info": {}, "observation": {"remainingOverageTime": 60, "step": 5, "geese": [[51], [48], [37], []], "food": [76, 52], "index": 0}, "status": "ACTIVE"}, {"action": "EAST", "reward": 601, "info": {}, "observation": {"remainingOverageTime": 60, "index": 1}, "status": "ACTIVE"}, {"action": "NORTH", "reward": 601, "info": {}, "observation": {"remainingOverageTime": 60, "index": 2}, "status": "ACTIVE"}, {"action": "NORTH", "reward": 201, "info": {}, "observation": {"remainingOverageTime": 60, "index": 3}, "status": "DONE"}], [{"action": "EAST", "reward": 702, "info": {}, "observation": {"remainingOverageTime": 60, "step": 6, "geese": [[52, 51], [49], [38], []], "food": [76, 8], "index": 0}, "status": "ACTIVE"}, {"action": "EAST", "reward": 701, "info": {}, "observation": {"remainingOverageTime": 60, "index": 1}, "status": "ACTIVE"}, {"action": "EAST", "reward": 701, "info": {}, "observation": {"remainingOverageTime": 60, "index": 2}, "status": "ACTIVE"}, {"action": "NORTH", "reward": 201, "info": {}, "observation": {"remainingOverageTime": 60, "index": 3}, "status": "DONE"}], [{"action": "NORTH", "reward": 802, "info": {}, "observation": {"remainingOverageTime": 60, "step": 7, "geese": [[41, 52], [38], [27], []], "food": [76, 8], "index": 0}, "status": "ACTIVE"}, {"action": "NORTH", "reward": 801, "info": {}, "observation": {"remainingOverageTime": 60, "index": 1}, "status": "ACTIVE"}, {"action": "NORTH", "reward": 801, "info": {}, "observation": {"remainingOverageTime": 60, "index": 2}, "status": "ACTIVE"}, {"action": "NORTH", "reward": 201, "info": {}, "observation": {"remainingOverageTime": 60, "index": 3}, "status": "DONE"}], [{"action": "NORTH", "reward": 902, "info": {}, "observation": {"remainingOverageTime": 60, "step": 8, "geese": [[30, 41], [27], [16], []], "food": [76, 8], "index": 0}, "status": "ACTIVE"}, {"action": "NORTH", "reward": 901, "info": {}, "observation": {"remainingOverageTime": 60, "index": 1}, "status": "ACTIVE"}, {"action": "NORTH", "reward": 901, "info": {}, "observation": {"remainingOverageTime": 60, "index": 2}, "status": "ACTIVE"}, {"action": "NORTH", "reward": 201, "info": {}, "observation": {"remainingOverageTime": 60, "index": 3}, "status": "DONE"}], [{"action": "NORTH", "reward": 1002, "info": {}, "observation": {"remainingOverageTime": 60, "step": 9, "geese": [[19, 30], [16], [5], []], "food": [76, 8], "index": 0}, "status": "ACTIVE"}, {"action": "NORTH", "reward": 1001, "info": {}, "observation": {"remainingOverageTime": 60, "index": 1}, "status": "ACTIVE"}, {"action": "NORTH", "reward": 1001, "info": {}, "observation": {"remainingOverageTime": 60, "index": 2}, "status": "ACTIVE"}, {"action": "NORTH", "reward": 201, "info": {}, "observation": {"remainingOverageTime": 60, "index": 3}, "status": "DONE"}], [{"action": "NORTH", "reward": 1103, "info": {}, "observation": {"remainingOverageTime": 60, "step": 10, "geese": [[8, 19, 30], [5], [6], []], "food": [76, 58], "index": 0}, "status": "ACTIVE"}, {"action": "NORTH", "reward": 1101, "info": {}, "observation": {"remainingOverageTime": 60, "index": 1}, "status": "ACTIVE"}, {"action": "EAST", "reward": 1101, "info": {}, "observation": {"remainingOverageTime": 60, "index": 2}, "status": "ACTIVE"}, {"action": "NORTH", "reward": 201, "info": {}, "observation": {"remainingOverageTime": 60, "index": 3}, "status": "DONE"}], [{"action": "NORTH", "reward": 1203, "info": {}, "observation": {"remainingOverageTime": 60, "step": 11, "geese": [[74, 8, 19], [71], [72], []], "food": [76, 58], "index": 0}, "status": "ACTIVE"}, {"action": "NORTH", "reward": 1201, "info": {}, "observation": {"remainingOverageTime": 60, "index": 1}, "status": "ACTIVE"}, {"action": "NORTH", "reward": 1201, "info": {}, "observation": {"remainingOverageTime": 60, "index": 2}, "status": "ACTIVE"}, {"action": "NORTH", "reward": 201, "info": {}, "observation": {"remainingOverageTime": 60, "index": 3}, "status": "DONE"}], [{"action": "EAST", "reward": 1303, "info": {}, "observation": {"remainingOverageTime": 60, "step": 12, "geese": [[75, 74, 8], [60], [61], []], "food": [76, 58], "index": 0}, "status": "ACTIVE"}, {"action": "NORTH", "reward": 1301, "info": {}, "observation": {"remainingOverageTime": 60, "index": 1}, "status": "ACTIVE"}, {"action": "NORTH", "reward": 1301, "info": {}, "observation": {"remainingOverageTime": 60, "index": 2}, "status": "ACTIVE"}, {"action": "NORTH", "reward": 201, "info": {}, "observation": {"remainingOverageTime": 60, "index": 3}, "status": "DONE"}], [{"action": "EAST", "reward": 1404, "info": {}, "observation": {"remainingOverageTime": 60, "step": 13, "geese": [[76, 75, 74, 8], [59], [60], []], "food": [58, 69], "index": 0}, "status": "ACTIVE"}, {"action": "WEST", "reward": 1401, "info": {}, "observation": {"remainingOverageTime": 60, "index": 1}, "status": "ACTIVE"}, {"action": "WEST", "reward": 1401, "info": {}, "observation": {"remainingOverageTime": 60, "index": 2}, "status": "ACTIVE"}, {"action": "NORTH", "reward": 201, "info": {}, "observation": {"remainingOverageTime": 60, "index": 3}, "status": "DONE"}], [{"action": "NORTH", "reward": 1504, "info": {}, "observation": {"remainingOverageTime": 60, "step": 14, "geese": [[65, 76, 75, 74], [58, 59], [71], []], "food": [69, 52], "index": 0}, "status": "ACTIVE"}, {"action": "WEST", "reward": 1502, "info": {}, "observation": {"remainingOverageTime": 60, "index": 1}, "status": "ACTIVE"}, {"action": "SOUTH", "reward": 1501, "info": {}, "observation": {"remainingOverageTime": 60, "index": 2}, "status": "ACTIVE"}, {"action": "NORTH", "reward": 201, "info": {}, "observation": {"remainingOverageTime": 60, "index": 3}, "status": "DONE"}], [{"action": "NORTH", "reward": 1604, "info": {}, "observation": {"remainingOverageTime": 60, "step": 15, "geese": [[54, 65, 76, 75], [69, 58, 59], [70], []], "food": [52, 17], "index": 0}, "status": "ACTIVE"}, {"action": "SOUTH", "reward": 1603, "info": {}, "observation": {"remainingOverageTime": 60, "index": 1}, "status": "ACTIVE"}, {"action": "WEST", "reward": 1601, "info": {}, "observation": {"remainingOverageTime": 60, "index": 2}, "status": "ACTIVE"}, {"action": "NORTH", "reward": 201, "info": {}, "observation": {"remainingOverageTime": 60, "index": 3}, "status": "DONE"}], [{"action": "WEST", "reward": 1704, "info": {}, "observation": {"remainingOverageTime": 60, "step": 16, "geese": [[53, 54, 65, 76], [3, 69, 58], [4], []], "food": [52, 17], "index": 0}, "status": "ACTIVE"}, {"action": "SOUTH", "reward": 1703, "info": {}, "observation": {"remainingOverageTime": 60, "index": 1}, "status": "ACTIVE"}, {"action": "SOUTH", "reward": 1701, "info": {}, "observation": {"remainingOverageTime": 60, "index": 2}, "status": "ACTIVE"}, {"action": "NORTH", "reward": 201, "info": {}, "observation": {"remainingOverageTime": 60, "index": 3}, "status": "DONE"}], [{"action": "WEST", "reward": 1805, "info": {}, "observation": {"remainingOverageTime": 60, "step": 17, "geese": [[52, 53, 54, 65, 76], [4, 3, 69], [5], []], "food": [17, 23], "index": 0}, "status": "ACTIVE"}, {"action": "EAST", "reward": 1803, "info": {}, "observation": {"remainingOverageTime": 60, "index": 1}, "status": "ACTIVE"}, {"action": "EAST", "reward": 1801, "info": {}, "observation": {"remainingOverageTime": 60, "index": 2}, "status": "ACTIVE"}, {"action": "NORTH", "reward": 201, "info": {}, "observation": {"remainingOverageTime": 60, "index": 3}, "status": "DONE"}], [{"action": "NORTH", "reward": 1905, "info": {}, "observation": {"remainingOverageTime": 60, "step": 18, "geese": [[41, 52, 53, 54, 65], [5, 4, 3], [6], []], "food": [17, 23], "index": 0}, "status": "ACTIVE"}, {"action": "EAST", "reward": 1903, "info": {}, "observation": {"remainingOverageTime": 60, "index": 1}, "status": "ACTIVE"}, {"action": "EAST", "reward": 1901, "info": {}, "observation": {"remainingOverageTime": 60, "index": 2}, "status": "ACTIVE"}, {"action": "NORTH", "reward": 201, "info": {}, "observation": {"remainingOverageTime": 60, "index": 3}, "status": "DONE"}], [{"action": "NORTH", "reward": 2005, "info": {}, "observation": {"remainingOverageTime": 60, "step": 19, "geese": [[30, 41, 52, 53, 54], [], [17, 6], []], "food": [23, 60], "index": 0}, "status": "ACTIVE"}, {"action": "EAST", "reward": 1903, "info": {}, "observation": {"remainingOverageTime": 60, "index": 1}, "status": "DONE"}, {"action": "SOUTH", "reward": 2002, "info": {}, "observation": {"remainingOverageTime": 60, "index": 2}, "status": "ACTIVE"}, {"action": "NORTH", "reward": 201, "info": {}, "observation": {"remainingOverageTime": 60, "index": 3}, "status": "DONE"}], [{"action": "WEST", "reward": 2105, "info": {}, "observation": {"remainingOverageTime": 60, "step": 20, "geese": [[29, 30, 41, 52, 53], [], [28, 17], []], "food": [23, 60], "index": 0}, "status": "ACTIVE"}, {"action": "NORTH", "reward": 1903, "info": {}, "observation": {"remainingOverageTime": 60, "index": 1}, "status": "DONE"}, {"action": "SOUTH", "reward": 2102, "info": {}, "observation": {"remainingOverageTime": 60, "index": 2}, "status": "ACTIVE"}, {"action": "NORTH", "reward": 201, "info": {}, "observation": {"remainingOverageTime": 60, "index": 3}, "status": "DONE"}], [{"action": "SOUTH", "reward": 2205, "info": {}, "observation": {"remainingOverageTime": 60, "step": 21, "geese": [[40, 29, 30, 41, 52], [], [39, 28], []], "food": [23, 60], "index": 0}, "status": "ACTIVE"}, {"action": "NORTH", "reward": 1903, "info": {}, "observation": {"remainingOverageTime": 60, "index": 1}, "status": "DONE"}, {"action": "SOUTH", "reward": 2202, "info": {}, "observation": {"remainingOverageTime": 60, "index": 2}, "status": "ACTIVE"}, {"action": "NORTH", "reward": 201, "info": {}, "observation": {"remainingOverageTime": 60, "index": 3}, "status": "DONE"}], [{"action": "SOUTH", "reward": 2305, "info": {}, "observation": {"remainingOverageTime": 60, "step": 22, "geese": [[51, 40, 29, 30, 41], [], [50, 39], []], "food": [23, 60], "index": 0}, "status": "ACTIVE"}, {"action": "NORTH", "reward": 1903, "info": {}, "observation": {"remainingOverageTime": 60, "index": 1}, "status": "DONE"}, {"action": "SOUTH", "reward": 2302, "info": {}, "observation": {"remainingOverageTime": 60, "index": 2}, "status": "ACTIVE"}, {"action": "NORTH", "reward": 201, "info": {}, "observation": {"remainingOverageTime": 60, "index": 3}, "status": "DONE"}], [{"action": "SOUTH", "reward": 2405, "info": {}, "observation": {"remainingOverageTime": 60, "step": 23, "geese": [[62, 51, 40, 29, 30], [], [61, 50], []], "food": [23, 60], "index": 0}, "status": "ACTIVE"}, {"action": "NORTH", "reward": 1903, "info": {}, "observation": {"remainingOverageTime": 60, "index": 1}, "status": "DONE"}, {"action": "SOUTH", "reward": 2402, "info": {}, "observation": {"remainingOverageTime": 60, "index": 2}, "status": "ACTIVE"}, {"action": "NORTH", "reward": 201, "info": {}, "observation": {"remainingOverageTime": 60, "index": 3}, "status": "DONE"}], [{"action": "EAST", "reward": 2505, "info": {}, "observation": {"remainingOverageTime": 60, "step": 24, "geese": [[63, 62, 51, 40, 29], [], [60, 61, 50], []], "food": [23, 69], "index": 0}, "status": "ACTIVE"}, {"action": "NORTH", "reward": 1903, "info": {}, "observation": {"remainingOverageTime": 60, "index": 1}, "status": "DONE"}, {"action": "WEST", "reward": 2503, "info": {}, "observation": {"remainingOverageTime": 60, "index": 2}, "status": "ACTIVE"}, {"action": "NORTH", "reward": 201, "info": {}, "observation": {"remainingOverageTime": 60, "index": 3}, "status": "DONE"}], [{"action": "SOUTH", "reward": 2605, "info": {}, "observation": {"remainingOverageTime": 60, "step": 25, "geese": [[74, 63, 62, 51, 40], [], [71, 60, 61], []], "food": [23, 69], "index": 0}, "status": "ACTIVE"}, {"action": "NORTH", "reward": 1903, "info": {}, "observation": {"remainingOverageTime": 60, "index": 1}, "status": "DONE"}, {"action": "SOUTH", "reward": 2603, "info": {}, "observation": {"remainingOverageTime": 60, "index": 2}, "status": "ACTIVE"}, {"action": "NORTH", "reward": 201, "info": {}, "observation": {"remainingOverageTime": 60, "index": 3}, "status": "DONE"}], [{"action": "WEST", "reward": 2705, "info": {}, "observation": {"remainingOverageTime": 60, "step": 26, "geese": [[73, 74, 63, 62, 51], [], [70, 71, 60], []], "food": [23, 69], "index": 0}, "status": "ACTIVE"}, {"action": "NORTH", "reward": 1903, "info": {}, "observation": {"remainingOverageTime": 60, "index": 1}, "status": "DONE"}, {"action": "WEST", "reward": 2703, "info": {}, "observation": {"remainingOverageTime": 60, "index": 2}, "status": "ACTIVE"}, {"action": "NORTH", "reward": 201, "info": {}, "observation": {"remainingOverageTime": 60, "index": 3}, "status": "DONE"}], [{"action": "WEST", "reward": 2805, "info": {}, "observation": {"remainingOverageTime": 60, "step": 27, "geese": [[72, 73, 74, 63, 62], [], [69, 70, 71, 60], []], "food": [23, 11], "index": 0}, "status": "ACTIVE"}, {"action": "NORTH", "reward": 1903, "info": {}, "observation": {"remainingOverageTime": 60, "index": 1}, "status": "DONE"}, {"action": "WEST", "reward": 2804, "info": {}, "observation": {"remainingOverageTime": 60, "index": 2}, "status": "ACTIVE"}, {"action": "NORTH", "reward": 201, "info": {}, "observation": {"remainingOverageTime": 60, "index": 3}, "status": "DONE"}], [{"action": "SOUTH", "reward": 2905, "info": {}, "observation": {"remainingOverageTime": 60, "step": 28, "geese": [[6, 72, 73, 74, 63], [], [3, 69, 70, 71], []], "food": [23, 11], "index": 0}, "status": "ACTIVE"}, {"action": "NORTH", "reward": 1903, "info": {}, "observation": {"remainingOverageTime": 60, "index": 1}, "status": "DONE"}, {"action": "SOUTH", "reward": 2904, "info": {}, "observation": {"remainingOverageTime": 60, "index": 2}, "status": "ACTIVE"}, {"action": "NORTH", "reward": 201, "info": {}, "observation": {"remainingOverageTime": 60, "index": 3}, "status": "DONE"}], [{"action": "SOUTH", "reward": 3005, "info": {}, "observation": {"remainingOverageTime": 60, "step": 29, "geese": [[17, 6, 72, 73, 74], [], [14, 3, 69, 70], []], "food": [23, 11], "index": 0}, "status": "ACTIVE"}, {"action": "NORTH", "reward": 1903, "info": {}, "observation": {"remainingOverageTime": 60, "index": 1}, "status": "DONE"}, {"action": "SOUTH", "reward": 3004, "info": {}, "observation": {"remainingOverageTime": 60, "index": 2}, "status": "ACTIVE"}, {"action": "NORTH", "reward": 201, "info": {}, "observation": {"remainingOverageTime": 60, "index": 3}, "status": "DONE"}], [{"action": "SOUTH", "reward": 3105, "info": {}, "observation": {"remainingOverageTime": 60, "step": 30, "geese": [[28, 17, 6, 72, 73], [], [25, 14, 3, 69], []], "food": [23, 11], "index": 0}, "status": "ACTIVE"}, {"action": "NORTH", "reward": 1903, "info": {}, "observation": {"remainingOverageTime": 60, "index": 1}, "status": "DONE"}, {"action": "SOUTH", "reward": 3104, "info": {}, "observation": {"remainingOverageTime": 60, "index": 2}, "status": "ACTIVE"}, {"action": "NORTH", "reward": 201, "info": {}, "observation": {"remainingOverageTime": 60, "index": 3}, "status": "DONE"}], [{"action": "WEST", "reward": 3205, "info": {}, "observation": {"remainingOverageTime": 60, "step": 31, "geese": [[27, 28, 17, 6, 72], [], [24, 25, 14, 3], []], "food": [23, 11], "index": 0}, "status": "ACTIVE"}, {"action": "NORTH", "reward": 1903, "info": {}, "observation": {"remainingOverageTime": 60, "index": 1}, "status": "DONE"}, {"action": "WEST", "reward": 3204, "info": {}, "observation": {"remainingOverageTime": 60, "index": 2}, "status": "ACTIVE"}, {"action": "NORTH", "reward": 201, "info": {}, "observation": {"remainingOverageTime": 60, "index": 3}, "status": "DONE"}], [{"action": "WEST", "reward": 3305, "info": {}, "observation": {"remainingOverageTime": 60, "step": 32, "geese": [[26, 27, 28, 17, 6], [], [23, 24, 25, 14, 3], []], "food": [11, 38], "index": 0}, "status": "ACTIVE"}, {"action": "NORTH", "reward": 1903, "info": {}, "observation": {"remainingOverageTime": 60, "index": 1}, "status": "DONE"}, {"action": "WEST", "reward": 3305, "info": {}, "observation": {"remainingOverageTime": 60, "index": 2}, "status": "ACTIVE"}, {"action": "NORTH", "reward": 201, "info": {}, "observation": {"remainingOverageTime": 60, "index": 3}, "status": "DONE"}], [{"action": "SOUTH", "reward": 3405, "info": {}, "observation": {"remainingOverageTime": 60, "step": 33, "geese": [[37, 26, 27, 28, 17], [], [12, 23, 24, 25, 14], []], "food": [11, 38], "index": 0}, "status": "ACTIVE"}, {"action": "NORTH", "reward": 1903, "info": {}, "observation": {"remainingOverageTime": 60, "index": 1}, "status": "DONE"}, {"action": "NORTH", "reward": 3405, "info": {}, "observation": {"remainingOverageTime": 60, "index": 2}, "status": "ACTIVE"}, {"action": "NORTH", "reward": 201, "info": {}, "observation": {"remainingOverageTime": 60, "index": 3}, "status": "DONE"}], [{"action": "EAST", "reward": 3506, "info": {}, "observation": {"remainingOverageTime": 60, "step": 34, "geese": [[38, 37, 26, 27, 28, 17], [], [11, 12, 23, 24, 25, 14], []], "food": [22, 69], "index": 0}, "status": "ACTIVE"}, {"action": "NORTH", "reward": 1903, "info": {}, "observation": {"remainingOverageTime": 60, "index": 1}, "status": "DONE"}, {"action": "WEST", "reward": 3506, "info": {}, "observation": {"remainingOverageTime": 60, "index": 2}, "status": "ACTIVE"}, {"action": "NORTH", "reward": 201, "info": {}, "observation": {"remainingOverageTime": 60, "index": 3}, "status": "DONE"}], [{"action": "SOUTH", "reward": 3606, "info": {}, "observation": {"remainingOverageTime": 60, "step": 35, "geese": [[49, 38, 37, 26, 27, 28], [], [22, 11, 12, 23, 24, 25, 14], []], "food": [69, 62], "index": 0}, "status": "ACTIVE"}, {"action": "NORTH", "reward": 1903, "info": {}, "observation": {"remainingOverageTime": 60, "index": 1}, "status": "DONE"}, {"action": "SOUTH", "reward": 3607, "info": {}, "observation": {"remainingOverageTime": 60, "index": 2}, "status": "ACTIVE"}, {"action": "NORTH", "reward": 201, "info": {}, "observation": {"remainingOverageTime": 60, "index": 3}, "status": "DONE"}], [{"action": "EAST", "reward": 3706, "info": {}, "observation": {"remainingOverageTime": 60, "step": 36, "geese": [[50, 49, 38, 37, 26, 27], [], [33, 22, 11, 12, 23, 24, 25], []], "food": [69, 62], "index": 0}, "status": "ACTIVE"}, {"action": "NORTH", "reward": 1903, "info": {}, "observation": {"remainingOverageTime": 60, "index": 1}, "status": "DONE"}, {"action": "SOUTH", "reward": 3707, "info": {}, "observation": {"remainingOverageTime": 60, "index": 2}, "status": "ACTIVE"}, {"action": "NORTH", "reward": 201, "info": {}, "observation": {"remainingOverageTime": 60, "index": 3}, "status": "DONE"}], [{"action": "EAST", "reward": 3806, "info": {}, "observation": {"remainingOverageTime": 60, "step": 37, "geese": [[51, 50, 49, 38, 37, 26], [], [34, 33, 22, 11, 12, 23, 24], []], "food": [69, 62], "index": 0}, "status": "ACTIVE"}, {"action": "NORTH", "reward": 1903, "info": {}, "observation": {"remainingOverageTime": 60, "index": 1}, "status": "DONE"}, {"action": "EAST", "reward": 3807, "info": {}, "observation": {"remainingOverageTime": 60, "index": 2}, "status": "ACTIVE"}, {"action": "NORTH", "reward": 201, "info": {}, "observation": {"remainingOverageTime": 60, "index": 3}, "status": "DONE"}], [{"action": "SOUTH", "reward": 3907, "info": {}, "observation": {"remainingOverageTime": 60, "step": 38, "geese": [[62, 51, 50, 49, 38, 37, 26], [], [35, 34, 33, 22, 11, 12, 23], []], "food": [69, 63], "index": 0}, "status": "ACTIVE"}, {"action": "NORTH", "reward": 1903, "info": {}, "observation": {"remainingOverageTime": 60, "index": 1}, "status": "DONE"}, {"action": "EAST", "reward": 3907, "info": {}, "observation": {"remainingOverageTime": 60, "index": 2}, "status": "ACTIVE"}, {"action": "NORTH", "reward": 201, "info": {}, "observation": {"remainingOverageTime": 60, "index": 3}, "status": "DONE"}], [{"action": "EAST", "reward": 4008, "info": {}, "observation": {"remainingOverageTime": 60, "step": 39, "geese": [[63, 62, 51, 50, 49, 38, 37, 26], [], [36, 35, 34, 33, 22, 11, 12], []], "food": [69, 23], "index": 0}, "status": "ACTIVE"}, {"action": "NORTH", "reward": 1903, "info": {}, "observation": {"remainingOverageTime": 60, "index": 1}, "status": "DONE"}, {"action": "EAST", "reward": 4007, "info": {}, "observation": {"remainingOverageTime": 60, "index": 2}, "status": "ACTIVE"}, {"action": "NORTH", "reward": 201, "info": {}, "observation": {"remainingOverageTime": 60, "index": 3}, "status": "DONE"}], [{"action": "SOUTH", "reward": 4107, "info": {}, "observation": {"remainingOverageTime": 60, "step": 40, "geese": [[74, 63, 62, 51, 50, 49, 38], [], [25, 36, 35, 34, 33, 22], []], "food": [69, 23], "index": 0}, "status": "ACTIVE"}, {"action": "NORTH", "reward": 1903, "info": {}, "observation": {"remainingOverageTime": 60, "index": 1}, "status": "DONE"}, {"action": "NORTH", "reward": 4106, "info": {}, "observation": {"remainingOverageTime": 60, "index": 2}, "status": "ACTIVE"}, {"action": "NORTH", "reward": 201, "info": {}, "observation": {"remainingOverageTime": 60, "index": 3}, "status": "DONE"}], [{"action": "WEST", "reward": 4207, "info": {}, "observation": {"remainingOverageTime": 60, "step": 41, "geese": [[73, 74, 63, 62, 51, 50, 49], [], [24, 25, 36, 35, 34, 33], []], "food": [69, 23], "index": 0}, "status": "ACTIVE"}, {"action": "NORTH", "reward": 1903, "info": {}, "observation": {"remainingOverageTime": 60, "index": 1}, "status": "DONE"}, {"action": "WEST", "reward": 4206, "info": {}, "observation": {"remainingOverageTime": 60, "index": 2}, "status": "ACTIVE"}, {"action": "NORTH", "reward": 201, "info": {}, "observation": {"remainingOverageTime": 60, "index": 3}, "status": "DONE"}], [{"action": "WEST", "reward": 4307, "info": {}, "observation": {"remainingOverageTime": 60, "step": 42, "geese": [[72, 73, 74, 63, 62, 51, 50], [], [23, 24, 25, 36, 35, 34, 33], []], "food": [69, 18], "index": 0}, "status": "ACTIVE"}, {"action": "NORTH", "reward": 1903, "info": {}, "observation": {"remainingOverageTime": 60, "index": 1}, "status": "DONE"}, {"action": "WEST", "reward": 4307, "info": {}, "observation": {"remainingOverageTime": 60, "index": 2}, "status": "ACTIVE"}, {"action": "NORTH", "reward": 201, "info": {}, "observation": {"remainingOverageTime": 60, "index": 3}, "status": "DONE"}], [{"action": "SOUTH", "reward": 4407, "info": {}, "observation": {"remainingOverageTime": 60, "step": 43, "geese": [[6, 72, 73, 74, 63, 62, 51], [], [12, 23, 24, 25, 36, 35, 34], []], "food": [69, 18], "index": 0}, "status": "ACTIVE"}, {"action": "NORTH", "reward": 1903, "info": {}, "observation": {"remainingOverageTime": 60, "index": 1}, "status": "DONE"}, {"action": "NORTH", "reward": 4407, "info": {}, "observation": {"remainingOverageTime": 60, "index": 2}, "status": "ACTIVE"}, {"action": "NORTH", "reward": 201, "info": {}, "observation": {"remainingOverageTime": 60, "index": 3}, "status": "DONE"}], [{"action": "EAST", "reward": 4507, "info": {}, "observation": {"remainingOverageTime": 60, "step": 44, "geese": [[7, 6, 72, 73, 74, 63, 62], [], [1, 12, 23, 24, 25, 36, 35], []], "food": [69, 18], "index": 0}, "status": "ACTIVE"}, {"action": "NORTH", "reward": 1903, "info": {}, "observation": {"remainingOverageTime": 60, "index": 1}, "status": "DONE"}, {"action": "NORTH", "reward": 4507, "info": {}, "observation": {"remainingOverageTime": 60, "index": 2}, "status": "ACTIVE"}, {"action": "NORTH", "reward": 201, "info": {}, "observation": {"remainingOverageTime": 60, "index": 3}, "status": "DONE"}], [{"action": "SOUTH", "reward": 4608, "info": {}, "observation": {"remainingOverageTime": 60, "step": 45, "geese": [[18, 7, 6, 72, 73, 74, 63, 62], [], [67, 1, 12, 23, 24, 25, 36], []], "food": [69, 61], "index": 0}, "status": "ACTIVE"}, {"action": "NORTH", "reward": 1903, "info": {}, "observation": {"remainingOverageTime": 60, "index": 1}, "status": "DONE"}, {"action": "NORTH", "reward": 4607, "info": {}, "observation": {"remainingOverageTime": 60, "index": 2}, "status": "ACTIVE"}, {"action": "NORTH", "reward": 201, "info": {}, "observation": {"remainingOverageTime": 60, "index": 3}, "status": "DONE"}], [{"action": "SOUTH", "reward": 4708, "info": {}, "observation": {"remainingOverageTime": 60, "step": 46, "geese": [[29, 18, 7, 6, 72, 73, 74, 63], [], [68, 67, 1, 12, 23, 24, 25], []], "food": [69, 61], "index": 0}, "status": "ACTIVE"}, {"action": "NORTH", "reward": 1903, "info": {}, "observation": {"remainingOverageTime": 60, "index": 1}, "status": "DONE"}, {"action": "EAST", "reward": 4707, "info": {}, "observation": {"remainingOverageTime": 60, "index": 2}, "status": "ACTIVE"}, {"action": "NORTH", "reward": 201, "info": {}, "observation": {"remainingOverageTime": 60, "index": 3}, "status": "DONE"}], [{"action": "SOUTH", "reward": 4808, "info": {}, "observation": {"remainingOverageTime": 60, "step": 47, "geese": [[40, 29, 18, 7, 6, 72, 73, 74], [], [69, 68, 67, 1, 12, 23, 24, 25], []], "food": [61, 58], "index": 0}, "status": "ACTIVE"}, {"action": "NORTH", "reward": 1903, "info": {}, "observation": {"remainingOverageTime": 60, "index": 1}, "status": "DONE"}, {"action": "EAST", "reward": 4808, "info": {}, "observation": {"remainingOverageTime": 60, "index": 2}, "status": "ACTIVE"}, {"action": "NORTH", "reward": 201, "info": {}, "observation": {"remainingOverageTime": 60, "index": 3}, "status": "DONE"}], [{"action": "SOUTH", "reward": 4908, "info": {}, "observation": {"remainingOverageTime": 60, "step": 48, "geese": [[51, 40, 29, 18, 7, 6, 72, 73], [], [58, 69, 68, 67, 1, 12, 23, 24, 25], []], "food": [61, 55], "index": 0}, "status": "ACTIVE"}, {"action": "NORTH", "reward": 1903, "info": {}, "observation": {"remainingOverageTime": 60, "index": 1}, "status": "DONE"}, {"action": "NORTH", "reward": 4909, "info": {}, "observation": {"remainingOverageTime": 60, "index": 2}, "status": "ACTIVE"}, {"action": "NORTH", "reward": 201, "info": {}, "observation": {"remainingOverageTime": 60, "index": 3}, "status": "DONE"}], [{"action": "SOUTH", "reward": 5008, "info": {}, "observation": {"remainingOverageTime": 60, "step": 49, "geese": [[62, 51, 40, 29, 18, 7, 6, 72], [], [59, 58, 69, 68, 67, 1, 12, 23, 24], []], "food": [61, 55], "index": 0}, "status": "ACTIVE"}, {"action": "NORTH", "reward": 1903, "info": {}, "observation": {"remainingOverageTime": 60, "index": 1}, "status": "DONE"}, {"action": "EAST", "reward": 5009, "info": {}, "observation": {"remainingOverageTime": 60, "index": 2}, "status": "ACTIVE"}, {"action": "NORTH", "reward": 201, "info": {}, "observation": {"remainingOverageTime": 60, "index": 3}, "status": "DONE"}], [{"action": "WEST", "reward": 5109, "info": {}, "observation": {"remainingOverageTime": 60, "step": 50, "geese": [[61, 62, 51, 40, 29, 18, 7, 6, 72], [], [60, 59, 58, 69, 68, 67, 1, 12, 23], []], "food": [55, 74], "index": 0}, "status": "ACTIVE"}, {"action": "NORTH", "reward": 1903, "info": {}, "observation": {"remainingOverageTime": 60, "index": 1}, "status": "DONE"}, {"action": "EAST", "reward": 5109, "info": {}, "observation": {"remainingOverageTime": 60, "index": 2}, "status": "ACTIVE"}, {"action": "NORTH", "reward": 201, "info": {}, "observation": {"remainingOverageTime": 60, "index": 3}, "status": "DONE"}], [{"action": "SOUTH", "reward": 5209, "info": {}, "observation": {"remainingOverageTime": 60, "step": 51, "geese": [[72, 61, 62, 51, 40, 29, 18, 7, 6], [], [71, 60, 59, 58, 69, 68, 67, 1, 12], []], "food": [55, 74], "index": 0}, "status": "ACTIVE"}, {"action": "NORTH", "reward": 1903, "info": {}, "observation": {"remainingOverageTime": 60, "index": 1}, "status": "DONE"}, {"action": "SOUTH", "reward": 5209, "info": {}, "observation": {"remainingOverageTime": 60, "index": 2}, "status": "ACTIVE"}, {"action": "NORTH", "reward": 201, "info": {}, "observation": {"remainingOverageTime": 60, "index": 3}, "status": "DONE"}], [{"action": "EAST", "reward": 5309, "info": {}, "observation": {"remainingOverageTime": 60, "step": 52, "geese": [[73, 72, 61, 62, 51, 40, 29, 18, 7], [], [70, 71, 60, 59, 58, 69, 68, 67, 1], []], "food": [55, 74], "index": 0}, "status": "ACTIVE"}, {"action": "NORTH", "reward": 1903, "info": {}, "observation": {"remainingOverageTime": 60, "index": 1}, "status": "DONE"}, {"action": "WEST", "reward": 5309, "info": {}, "observation": {"remainingOverageTime": 60, "index": 2}, "status": "ACTIVE"}, {"action": "NORTH", "reward": 201, "info": {}, "observation": {"remainingOverageTime": 60, "index": 3}, "status": "DONE"}], [{"action": "EAST", "reward": 5410, "info": {}, "observation": {"remainingOverageTime": 60, "step": 53, "geese": [[74, 73, 72, 61, 62, 51, 40, 29, 18, 7], [], [4, 70, 71, 60, 59, 58, 69, 68, 67], []], "food": [55, 12], "index": 0}, "status": "ACTIVE"}, {"action": "NORTH", "reward": 1903, "info": {}, "observation": {"remainingOverageTime": 60, "index": 1}, "status": "DONE"}, {"action": "SOUTH", "reward": 5409, "info": {}, "observation": {"remainingOverageTime": 60, "index": 2}, "status": "ACTIVE"}, {"action": "NORTH", "reward": 201, "info": {}, "observation": {"remainingOverageTime": 60, "index": 3}, "status": "DONE"}], [{"action": "NORTH", "reward": 5510, "info": {}, "observation": {"remainingOverageTime": 60, "step": 54, "geese": [[63, 74, 73, 72, 61, 62, 51, 40, 29, 18], [], [15, 4, 70, 71, 60, 59, 58, 69, 68], []], "food": [55, 12], "index": 0}, "status": "ACTIVE"}, {"action": "NORTH", "reward": 1903, "info": {}, "observation": {"remainingOverageTime": 60, "index": 1}, "status": "DONE"}, {"action": "SOUTH", "reward": 5509, "info": {}, "observation": {"remainingOverageTime": 60, "index": 2}, "status": "ACTIVE"}, {"action": "NORTH", "reward": 201, "info": {}, "observation": {"remainingOverageTime": 60, "index": 3}, "status": "DONE"}], [{"action": "NORTH", "reward": 5610, "info": {}, "observation": {"remainingOverageTime": 60, "step": 55, "geese": [[52, 63, 74, 73, 72, 61, 62, 51, 40, 29], [], [14, 15, 4, 70, 71, 60, 59, 58, 69], []], "food": [55, 12], "index": 0}, "status": "ACTIVE"}, {"action": "NORTH", "reward": 1903, "info": {}, "observation": {"remainingOverageTime": 60, "index": 1}, "status": "DONE"}, {"action": "WEST", "reward": 5609, "info": {}, "observation": {"remainingOverageTime": 60, "index": 2}, "status": "ACTIVE"}, {"action": "NORTH", "reward": 201, "info": {}, "observation": {"remainingOverageTime": 60, "index": 3}, "status": "DONE"}], [{"action": "NORTH", "reward": 5710, "info": {}, "observation": {"remainingOverageTime": 60, "step": 56, "geese": [[41, 52, 63, 74, 73, 72, 61, 62, 51, 40], [], [13, 14, 15, 4, 70, 71, 60, 59, 58], []], "food": [55, 12], "index": 0}, "status": "ACTIVE"}, {"action": "NORTH", "reward": 1903, "info": {}, "observation": {"remainingOverageTime": 60, "index": 1}, "status": "DONE"}, {"action": "WEST", "reward": 5709, "info": {}, "observation": {"remainingOverageTime": 60, "index": 2}, "status": "ACTIVE"}, {"action": "NORTH", "reward": 201, "info": {}, "observation": {"remainingOverageTime": 60, "index": 3}, "status": "DONE"}], [{"action": "NORTH", "reward": 5810, "info": {}, "observation": {"remainingOverageTime": 60, "step": 57, "geese": [[30, 41, 52, 63, 74, 73, 72, 61, 62, 51], [], [12, 13, 14, 15, 4, 70, 71, 60, 59, 58], []], "food": [55, 29], "index": 0}, "status": "ACTIVE"}, {"action": "NORTH", "reward": 1903, "info": {}, "observation": {"remainingOverageTime": 60, "index": 1}, "status": "DONE"}, {"action": "WEST", "reward": 5810, "info": {}, "observation": {"remainingOverageTime": 60, "index": 2}, "status": "ACTIVE"}, {"action": "NORTH", "reward": 201, "info": {}, "observation": {"remainingOverageTime": 60, "index": 3}, "status": "DONE"}], [{"action": "WEST", "reward": 5911, "info": {}, "observation": {"remainingOverageTime": 60, "step": 58, "geese": [[29, 30, 41, 52, 63, 74, 73, 72, 61, 62, 51], [], [11, 12, 13, 14, 15, 4, 70, 71, 60, 59], []], "food": [55, 20], "index": 0}, "status": "ACTIVE"}, {"action": "NORTH", "reward": 1903, "info": {}, "observation": {"remainingOverageTime": 60, "index": 1}, "status": "DONE"}, {"action": "WEST", "reward": 5910, "info": {}, "observation": {"remainingOverageTime": 60, "index": 2}, "status": "ACTIVE"}, {"action": "NORTH", "reward": 201, "info": {}, "observation": {"remainingOverageTime": 60, "index": 3}, "status": "DONE"}], [{"action": "SOUTH", "reward": 6011, "info": {}, "observation": {"remainingOverageTime": 60, "step": 59, "geese": [[40, 29, 30, 41, 52, 63, 74, 73, 72, 61, 62], [], [21, 11, 12, 13, 14, 15, 4, 70, 71, 60], []], "food": [55, 20], "index": 0}, "status": "ACTIVE"}, {"action": "NORTH", "reward": 1903, "info": {}, "observation": {"remainingOverageTime": 60, "index": 1}, "status": "DONE"}, {"action": "WEST", "reward": 6010, "info": {}, "observation": {"remainingOverageTime": 60, "index": 2}, "status": "ACTIVE"}, {"action": "NORTH", "reward": 201, "info": {}, "observation": {"remainingOverageTime": 60, "index": 3}, "status": "DONE"}], [{"action": "SOUTH", "reward": 6111, "info": {}, "observation": {"remainingOverageTime": 60, "step": 60, "geese": [[51, 40, 29, 30, 41, 52, 63, 74, 73, 72, 61], [], [20, 21, 11, 12, 13, 14, 15, 4, 70, 71, 60], []], "food": [55, 76], "index": 0}, "status": "ACTIVE"}, {"action": "NORTH", "reward": 1903, "info": {}, "observation": {"remainingOverageTime": 60, "index": 1}, "status": "DONE"}, {"action": "WEST", "reward": 6111, "info": {}, "observation": {"remainingOverageTime": 60, "index": 2}, "status": "ACTIVE"}, {"action": "NORTH", "reward": 201, "info": {}, "observation": {"remainingOverageTime": 60, "index": 3}, "status": "DONE"}], [{"action": "SOUTH", "reward": 6211, "info": {}, "observation": {"remainingOverageTime": 60, "step": 61, "geese": [[62, 51, 40, 29, 30, 41, 52, 63, 74, 73, 72], [], [31, 20, 21, 11, 12, 13, 14, 15, 4, 70, 71], []], "food": [55, 76], "index": 0}, "status": "ACTIVE"}, {"action": "NORTH", "reward": 1903, "info": {}, "observation": {"remainingOverageTime": 60, "index": 1}, "status": "DONE"}, {"action": "SOUTH", "reward": 6211, "info": {}, "observation": {"remainingOverageTime": 60, "index": 2}, "status": "ACTIVE"}, {"action": "NORTH", "reward": 201, "info": {}, "observation": {"remainingOverageTime": 60, "index": 3}, "status": "DONE"}], [{"action": "WEST", "reward": 6311, "info": {}, "observation": {"remainingOverageTime": 60, "step": 62, "geese": [[61, 62, 51, 40, 29, 30, 41, 52, 63, 74, 73], [], [32, 31, 20, 21, 11, 12, 13, 14, 15, 4, 70], []], "food": [55, 76], "index": 0}, "status": "ACTIVE"}, {"action": "NORTH", "reward": 1903, "info": {}, "observation": {"remainingOverageTime": 60, "index": 1}, "status": "DONE"}, {"action": "EAST", "reward": 6311, "info": {}, "observation": {"remainingOverageTime": 60, "index": 2}, "status": "ACTIVE"}, {"action": "NORTH", "reward": 201, "info": {}, "observation": {"remainingOverageTime": 60, "index": 3}, "status": "DONE"}], [{"action": "SOUTH", "reward": 6411, "info": {}, "observation": {"remainingOverageTime": 60, "step": 63, "geese": [[72, 61, 62, 51, 40, 29, 30, 41, 52, 63, 74], [], [22, 32, 31, 20, 21, 11, 12, 13, 14, 15, 4], []], "food": [55, 76], "index": 0}, "status": "ACTIVE"}, {"action": "NORTH", "reward": 1903, "info": {}, "observation": {"remainingOverageTime": 60, "index": 1}, "status": "DONE"}, {"action": "EAST", "reward": 6411, "info": {}, "observation": {"remainingOverageTime": 60, "index": 2}, "status": "ACTIVE"}, {"action": "NORTH", "reward": 201, "info": {}, "observation": {"remainingOverageTime": 60, "index": 3}, "status": "DONE"}], [{"action": "EAST", "reward": 6511, "info": {}, "observation": {"remainingOverageTime": 60, "step": 64, "geese": [[73, 72, 61, 62, 51, 40, 29, 30, 41, 52, 63], [], [33, 22, 32, 31, 20, 21, 11, 12, 13, 14, 15], []], "food": [55, 76], "index": 0}, "status": "ACTIVE"}, {"action": "NORTH", "reward": 1903, "info": {}, "observation": {"remainingOverageTime": 60, "index": 1}, "status": "DONE"}, {"action": "SOUTH", "reward": 6511, "info": {}, "observation": {"remainingOverageTime": 60, "index": 2}, "status": "ACTIVE"}, {"action": "NORTH", "reward": 201, "info": {}, "observation": {"remainingOverageTime": 60, "index": 3}, "status": "DONE"}], [{"action": "EAST", "reward": 6611, "info": {}, "observation": {"remainingOverageTime": 60, "step": 65, "geese": [[74, 73, 72, 61, 62, 51, 40, 29, 30, 41, 52], [], [44, 33, 22, 32, 31, 20, 21, 11, 12, 13, 14], []], "food": [55, 76], "index": 0}, "status": "ACTIVE"}, {"action": "NORTH", "reward": 1903, "info": {}, "observation": {"remainingOverageTime": 60, "index": 1}, "status": "DONE"}, {"action": "SOUTH", "reward": 6611, "info": {}, "observation": {"remainingOverageTime": 60, "index": 2}, "status": "ACTIVE"}, {"action": "NORTH", "reward": 201, "info": {}, "observation": {"remainingOverageTime": 60, "index": 3}, "status": "DONE"}], [{"action": "EAST", "reward": 6711, "info": {}, "observation": {"remainingOverageTime": 60, "step": 66, "geese": [[75, 74, 73, 72, 61, 62, 51, 40, 29, 30, 41], [], [55, 44, 33, 22, 32, 31, 20, 21, 11, 12, 13, 14], []], "food": [76, 70], "index": 0}, "status": "ACTIVE"}, {"action": "NORTH", "reward": 1903, "info": {}, "observation": {"remainingOverageTime": 60, "index": 1}, "status": "DONE"}, {"action": "SOUTH", "reward": 6712, "info": {}, "observation": {"remainingOverageTime": 60, "index": 2}, "status": "ACTIVE"}, {"action": "NORTH", "reward": 201, "info": {}, "observation": {"remainingOverageTime": 60, "index": 3}, "status": "DONE"}], [{"action": "EAST", "reward": 6812, "info": {}, "observation": {"remainingOverageTime": 60, "step": 67, "geese": [[76, 75, 74, 73, 72, 61, 62, 51, 40, 29, 30, 41], [], [65, 55, 44, 33, 22, 32, 31, 20, 21, 11, 12, 13], []], "food": [70, 24], "index": 0}, "status": "ACTIVE"}, {"action": "NORTH", "reward": 1903, "info": {}, "observation": {"remainingOverageTime": 60, "index": 1}, "status": "DONE"}, {"action": "WEST", "reward": 6812, "info": {}, "observation": {"remainingOverageTime": 60, "index": 2}, "status": "ACTIVE"}, {"action": "NORTH", "reward": 201, "info": {}, "observation": {"remainingOverageTime": 60, "index": 3}, "status": "DONE"}], [{"action": "SOUTH", "reward": 6912, "info": {}, "observation": {"remainingOverageTime": 60, "step": 68, "geese": [[10, 76, 75, 74, 73, 72, 61, 62, 51, 40, 29, 30], [], [64, 65, 55, 44, 33, 22, 32, 31, 20, 21, 11, 12], []], "food": [70, 24], "index": 0}, "status": "ACTIVE"}, {"action": "NORTH", "reward": 1903, "info": {}, "observation": {"remainingOverageTime": 60, "index": 1}, "status": "DONE"}, {"action": "WEST", "reward": 6912, "info": {}, "observation": {"remainingOverageTime": 60, "index": 2}, "status": "ACTIVE"}, {"action": "NORTH", "reward": 201, "info": {}, "observation": {"remainingOverageTime": 60, "index": 3}, "status": "DONE"}], [{"action": "EAST", "reward": 7012, "info": {}, "observation": {"remainingOverageTime": 60, "step": 69, "geese": [[0, 10, 76, 75, 74, 73, 72, 61, 62, 51, 40, 29], [], [63, 64, 65, 55, 44, 33, 22, 32, 31, 20, 21, 11], []], "food": [70, 24], "index": 0}, "status": "ACTIVE"}, {"action": "NORTH", "reward": 1903, "info": {}, "observation": {"remainingOverageTime": 60, "index": 1}, "status": "DONE"}, {"action": "WEST", "reward": 7012, "info": {}, "observation": {"remainingOverageTime": 60, "index": 2}, "status": "ACTIVE"}, {"action": "NORTH", "reward": 201, "info": {}, "observation": {"remainingOverageTime": 60, "index": 3}, "status": "DONE"}], [{"action": "EAST", "reward": 7112, "info": {}, "observation": {"remainingOverageTime": 60, "step": 70, "geese": [[1, 0, 10, 76, 75, 74, 73, 72, 61, 62, 51, 40], [], [52, 63, 64, 65, 55, 44, 33, 22, 32, 31, 20, 21], []], "food": [70, 24], "index": 0}, "status": "ACTIVE"}, {"action": "NORTH", "reward": 1903, "info": {}, "observation": {"remainingOverageTime": 60, "index": 1}, "status": "DONE"}, {"action": "NORTH", "reward": 7112, "info": {}, "observation": {"remainingOverageTime": 60, "index": 2}, "status": "ACTIVE"}, {"action": "NORTH", "reward": 201, "info": {}, "observation": {"remainingOverageTime": 60, "index": 3}, "status": "DONE"}], [{"action": "EAST", "reward": 7212, "info": {}, "observation": {"remainingOverageTime": 60, "step": 71, "geese": [[2, 1, 0, 10, 76, 75, 74, 73, 72, 61, 62, 51], [], [41, 52, 63, 64, 65, 55, 44, 33, 22, 32, 31, 20], []], "food": [70, 24], "index": 0}, "status": "ACTIVE"}, {"action": "NORTH", "reward": 1903, "info": {}, "observation": {"remainingOverageTime": 60, "index": 1}, "status": "DONE"}, {"action": "NORTH", "reward": 7212, "info": {}, "observation": {"remainingOverageTime": 60, "index": 2}, "status": "ACTIVE"}, {"action": "NORTH", "reward": 201, "info": {}, "observation": {"remainingOverageTime": 60, "index": 3}, "status": "DONE"}], [{"action": "SOUTH", "reward": 7312, "info": {}, "observation": {"remainingOverageTime": 60, "step": 72, "geese": [[13, 2, 1, 0, 10, 76, 75, 74, 73, 72, 61, 62], [], [30, 41, 52, 63, 64, 65, 55, 44, 33, 22, 32, 31], []], "food": [70, 24], "index": 0}, "status": "ACTIVE"}, {"action": "NORTH", "reward": 1903, "info": {}, "observation": {"remainingOverageTime": 60, "index": 1}, "status": "DONE"}, {"action": "NORTH", "reward": 7312, "info": {}, "observation": {"remainingOverageTime": 60, "index": 2}, "status": "ACTIVE"}, {"action": "NORTH", "reward": 201, "info": {}, "observation": {"remainingOverageTime": 60, "index": 3}, "status": "DONE"}], [{"action": "SOUTH", "reward": 7413, "info": {}, "observation": {"remainingOverageTime": 60, "step": 73, "geese": [[24, 13, 2, 1, 0, 10, 76, 75, 74, 73, 72, 61, 62], [], [29, 30, 41, 52, 63, 64, 65, 55, 44, 33, 22, 32], []], "food": [70, 9], "index": 0}, "status": "ACTIVE"}, {"action": "NORTH", "reward": 1903, "info": {}, "observation": {"remainingOverageTime": 60, "index": 1}, "status": "DONE"}, {"action": "WEST", "reward": 7412, "info": {}, "observation": {"remainingOverageTime": 60, "index": 2}, "status": "ACTIVE"}, {"action": "NORTH", "reward": 201, "info": {}, "observation": {"remainingOverageTime": 60, "index": 3}, "status": "DONE"}], [{"action": "EAST", "reward": 7513, "info": {}, "observation": {"remainingOverageTime": 60, "step": 74, "geese": [[25, 24, 13, 2, 1, 0, 10, 76, 75, 74, 73, 72, 61], [], [18, 29, 30, 41, 52, 63, 64, 65, 55, 44, 33, 22], []], "food": [70, 9], "index": 0}, "status": "ACTIVE"}, {"action": "NORTH", "reward": 1903, "info": {}, "observation": {"remainingOverageTime": 60, "index": 1}, "status": "DONE"}, {"action": "NORTH", "reward": 7512, "info": {}, "observation": {"remainingOverageTime": 60, "index": 2}, "status": "ACTIVE"}, {"action": "NORTH", "reward": 201, "info": {}, "observation": {"remainingOverageTime": 60, "index": 3}, "status": "DONE"}], [{"action": "EAST", "reward": 7613, "info": {}, "observation": {"remainingOverageTime": 60, "step": 75, "geese": [[26, 25, 24, 13, 2, 1, 0, 10, 76, 75, 74, 73, 72], [], [7, 18, 29, 30, 41, 52, 63, 64, 65, 55, 44, 33], []], "food": [70, 9], "index": 0}, "status": "ACTIVE"}, {"action": "NORTH", "reward": 1903, "info": {}, "observation": {"remainingOverageTime": 60, "index": 1}, "status": "DONE"}, {"action": "NORTH", "reward": 7612, "info": {}, "observation": {"remainingOverageTime": 60, "index": 2}, "status": "ACTIVE"}, {"action": "NORTH", "reward": 201, "info": {}, "observation": {"remainingOverageTime": 60, "index": 3}, "status": "DONE"}], [{"action": "SOUTH", "reward": 7713, "info": {}, "observation": {"remainingOverageTime": 60, "step": 76, "geese": [[37, 26, 25, 24, 13, 2, 1, 0, 10, 76, 75, 74, 73], [], [8, 7, 18, 29, 30, 41, 52, 63, 64, 65, 55, 44], []], "food": [70, 9], "index": 0}, "status": "ACTIVE"}, {"action": "NORTH", "reward": 1903, "info": {}, "observation": {"remainingOverageTime": 60, "index": 1}, "status": "DONE"}, {"action": "EAST", "reward": 7712, "info": {}, "observation": {"remainingOverageTime": 60, "index": 2}, "status": "ACTIVE"}, {"action": "NORTH", "reward": 201, "info": {}, "observation": {"remainingOverageTime": 60, "index": 3}, "status": "DONE"}], [{"action": "SOUTH", "reward": 7813, "info": {}, "observation": {"remainingOverageTime": 60, "step": 77, "geese": [[48, 37, 26, 25, 24, 13, 2, 1, 0, 10, 76, 75, 74], [], [9, 8, 7, 18, 29, 30, 41, 52, 63, 64, 65, 55, 44], []], "food": [70, 34], "index": 0}, "status": "ACTIVE"}, {"action": "NORTH", "reward": 1903, "info": {}, "observation": {"remainingOverageTime": 60, "index": 1}, "status": "DONE"}, {"action": "EAST", "reward": 7813, "info": {}, "observation": {"remainingOverageTime": 60, "index": 2}, "status": "ACTIVE"}, {"action": "NORTH", "reward": 201, "info": {}, "observation": {"remainingOverageTime": 60, "index": 3}, "status": "DONE"}], [{"action": "SOUTH", "reward": 7913, "info": {}, "observation": {"remainingOverageTime": 60, "step": 78, "geese": [[59, 48, 37, 26, 25, 24, 13, 2, 1, 0, 10, 76, 75], [], [20, 9, 8, 7, 18, 29, 30, 41, 52, 63, 64, 65, 55], []], "food": [70, 34], "index": 0}, "status": "ACTIVE"}, {"action": "NORTH", "reward": 1903, "info": {}, "observation": {"remainingOverageTime": 60, "index": 1}, "status": "DONE"}, {"action": "SOUTH", "reward": 7913, "info": {}, "observation": {"remainingOverageTime": 60, "index": 2}, "status": "ACTIVE"}, {"action": "NORTH", "reward": 201, "info": {}, "observation": {"remainingOverageTime": 60, "index": 3}, "status": "DONE"}], [{"action": "SOUTH", "reward": 8014, "info": {}, "observation": {"remainingOverageTime": 60, "step": 79, "geese": [[70, 59, 48, 37, 26, 25, 24, 13, 2, 1, 0, 10, 76, 75], [], [31, 20, 9, 8, 7, 18, 29, 30, 41, 52, 63, 64, 65], []], "food": [34, 57], "index": 0}, "status": "ACTIVE"}, {"action": "NORTH", "reward": 1903, "info": {}, "observation": {"remainingOverageTime": 60, "index": 1}, "status": "DONE"}, {"action": "SOUTH", "reward": 8013, "info": {}, "observation": {"remainingOverageTime": 60, "index": 2}, "status": "ACTIVE"}, {"action": "NORTH", "reward": 201, "info": {}, "observation": {"remainingOverageTime": 60, "index": 3}, "status": "DONE"}], [{"action": "WEST", "reward": 8113, "info": {}, "observation": {"remainingOverageTime": 60, "step": 80, "geese": [[69, 70, 59, 48, 37, 26, 25, 24, 13, 2, 1, 0, 10], [], [42, 31, 20, 9, 8, 7, 18, 29, 30, 41, 52, 63], []], "food": [34, 57], "index": 0}, "status": "ACTIVE"}, {"action": "NORTH", "reward": 1903, "info": {}, "observation": {"remainingOverageTime": 60, "index": 1}, "status": "DONE"}, {"action": "SOUTH", "reward": 8112, "info": {}, "observation": {"remainingOverageTime": 60, "index": 2}, "status": "ACTIVE"}, {"action": "NORTH", "reward": 201, "info": {}, "observation": {"remainingOverageTime": 60, "index": 3}, "status": "DONE"}], [{"action": "NORTH", "reward": 8213, "info": {}, "observation": {"remainingOverageTime": 60, "step": 81, "geese": [[58, 69, 70, 59, 48, 37, 26, 25, 24, 13, 2, 1, 0], [], [53, 42, 31, 20, 9, 8, 7, 18, 29, 30, 41, 52], []], "food": [34, 57], "index": 0}, "status": "ACTIVE"}, {"action": "NORTH", "reward": 1903, "info": {}, "observation": {"remainingOverageTime": 60, "index": 1}, "status": "DONE"}, {"action": "SOUTH", "reward": 8212, "info": {}, "observation": {"remainingOverageTime": 60, "index": 2}, "status": "ACTIVE"}, {"action": "NORTH", "reward": 201, "info": {}, "observation": {"remainingOverageTime": 60, "index": 3}, "status": "DONE"}], [{"action": "WEST", "reward": 8314, "info": {}, "observation": {"remainingOverageTime": 60, "step": 82, "geese": [[57, 58, 69, 70, 59, 48, 37, 26, 25, 24, 13, 2, 1, 0], [], [64, 53, 42, 31, 20, 9, 8, 7, 18, 29, 30, 41], []], "food": [34, 54], "index": 0}, "status": "ACTIVE"}, {"action": "NORTH", "reward": 1903, "info": {}, "observation": {"remainingOverageTime": 60, "index": 1}, "status": "DONE"}, {"action": "SOUTH", "reward": 8312, "info": {}, "observation": {"remainingOverageTime": 60, "index": 2}, "status": "ACTIVE"}, {"action": "NORTH", "reward": 201, "info": {}, "observation": {"remainingOverageTime": 60, "index": 3}, "status": "DONE"}], [{"action": "NORTH", "reward": 8414, "info": {}, "observation": {"remainingOverageTime": 60, "step": 83, "geese": [[46, 57, 58, 69, 70, 59, 48, 37, 26, 25, 24, 13, 2, 1], [], [65, 64, 53, 42, 31, 20, 9, 8, 7, 18, 29, 30], []], "food": [34, 54], "index": 0}, "status": "ACTIVE"}, {"action": "NORTH", "reward": 1903, "info": {}, "observation": {"remainingOverageTime": 60, "index": 1}, "status": "DONE"}, {"action": "EAST", "reward": 8412, "info": {}, "observation": {"remainingOverageTime": 60, "index": 2}, "status": "ACTIVE"}, {"action": "NORTH", "reward": 201, "info": {}, "observation": {"remainingOverageTime": 60, "index": 3}, "status": "DONE"}], [{"action": "NORTH", "reward": 8514, "info": {}, "observation": {"remainingOverageTime": 60, "step": 84, "geese": [[35, 46, 57, 58, 69, 70, 59, 48, 37, 26, 25, 24, 13, 2], [], [54, 65, 64, 53, 42, 31, 20, 9, 8, 7, 18, 29, 30], []], "food": [34, 63], "index": 0}, "status": "ACTIVE"}, {"action": "NORTH", "reward": 1903, "info": {}, "observation": {"remainingOverageTime": 60, "index": 1}, "status": "DONE"}, {"action": "NORTH", "reward": 8513, "info": {}, "observation": {"remainingOverageTime": 60, "index": 2}, "status": "ACTIVE"}, {"action": "NORTH", "reward": 201, "info": {}, "observation": {"remainingOverageTime": 60, "index": 3}, "status": "DONE"}], [{"action": "WEST", "reward": 8615, "info": {}, "observation": {"remainingOverageTime": 60, "step": 85, "geese": [[34, 35, 46, 57, 58, 69, 70, 59, 48, 37, 26, 25, 24, 13, 2], [], [44, 54, 65, 64, 53, 42, 31, 20, 9, 8, 7, 18, 29], []], "food": [63, 72], "index": 0}, "status": "ACTIVE"}, {"action": "NORTH", "reward": 1903, "info": {}, "observation": {"remainingOverageTime": 60, "index": 1}, "status": "DONE"}, {"action": "EAST", "reward": 8613, "info": {}, "observation": {"remainingOverageTime": 60, "index": 2}, "status": "ACTIVE"}, {"action": "NORTH", "reward": 201, "info": {}, "observation": {"remainingOverageTime": 60, "index": 3}, "status": "DONE"}], [{"action": "NORTH", "reward": 8715, "info": {}, "observation": {"remainingOverageTime": 60, "step": 86, "geese": [[23, 34, 35, 46, 57, 58, 69, 70, 59, 48, 37, 26, 25, 24, 13], [], [45, 44, 54, 65, 64, 53, 42, 31, 20, 9, 8, 7, 18], []], "food": [63, 72], "index": 0}, "status": "ACTIVE"}, {"action": "NORTH", "reward": 1903, "info": {}, "observation": {"remainingOverageTime": 60, "index": 1}, "status": "DONE"}, {"action": "EAST", "reward": 8713, "info": {}, "observation": {"remainingOverageTime": 60, "index": 2}, "status": "ACTIVE"}, {"action": "NORTH", "reward": 201, "info": {}, "observation": {"remainingOverageTime": 60, "index": 3}, "status": "DONE"}], [{"action": "NORTH", "reward": 8815, "info": {}, "observation": {"remainingOverageTime": 60, "step": 87, "geese": [[12, 23, 34, 35, 46, 57, 58, 69, 70, 59, 48, 37, 26, 25, 24], [], [56, 45, 44, 54, 65, 64, 53, 42, 31, 20, 9, 8, 7], []], "food": [63, 72], "index": 0}, "status": "ACTIVE"}, {"action": "NORTH", "reward": 1903, "info": {}, "observation": {"remainingOverageTime": 60, "index": 1}, "status": "DONE"}, {"action": "SOUTH", "reward": 8813, "info": {}, "observation": {"remainingOverageTime": 60, "index": 2}, "status": "ACTIVE"}, {"action": "NORTH", "reward": 201, "info": {}, "observation": {"remainingOverageTime": 60, "index": 3}, "status": "DONE"}], [{"action": "EAST", "reward": 8915, "info": {}, "observation": {"remainingOverageTime": 60, "step": 88, "geese": [[13, 12, 23, 34, 35, 46, 57, 58, 69, 70, 59, 48, 37, 26, 25], [], [67, 56, 45, 44, 54, 65, 64, 53, 42, 31, 20, 9, 8], []], "food": [63, 72], "index": 0}, "status": "ACTIVE"}, {"action": "NORTH", "reward": 1903, "info": {}, "observation": {"remainingOverageTime": 60, "index": 1}, "status": "DONE"}, {"action": "SOUTH", "reward": 8913, "info": {}, "observation": {"remainingOverageTime": 60, "index": 2}, "status": "ACTIVE"}, {"action": "NORTH", "reward": 201, "info": {}, "observation": {"remainingOverageTime": 60, "index": 3}, "status": "DONE"}], [{"action": "EAST", "reward": 9015, "info": {}, "observation": {"remainingOverageTime": 60, "step": 89, "geese": [[14, 13, 12, 23, 34, 35, 46, 57, 58, 69, 70, 59, 48, 37, 26], [], [68, 67, 56, 45, 44, 54, 65, 64, 53, 42, 31, 20, 9], []], "food": [63, 72], "index": 0}, "status": "ACTIVE"}, {"action": "NORTH", "reward": 1903, "info": {}, "observation": {"remainingOverageTime": 60, "index": 1}, "status": "DONE"}, {"action": "EAST", "reward": 9013, "info": {}, "observation": {"remainingOverageTime": 60, "index": 2}, "status": "ACTIVE"}, {"action": "NORTH", "reward": 201, "info": {}, "observation": {"remainingOverageTime": 60, "index": 3}, "status": "DONE"}], [{"action": "EAST", "reward": 9115, "info": {}, "observation": {"remainingOverageTime": 60, "step": 90, "geese": [[15, 14, 13, 12, 23, 34, 35, 46, 57, 58, 69, 70, 59, 48, 37], [], [2, 68, 67, 56, 45, 44, 54, 65, 64, 53, 42, 31, 20], []], "food": [63, 72], "index": 0}, "status": "ACTIVE"}, {"action": "NORTH", "reward": 1903, "info": {}, "observation": {"remainingOverageTime": 60, "index": 1}, "status": "DONE"}, {"action": "SOUTH", "reward": 9113, "info": {}, "observation": {"remainingOverageTime": 60, "index": 2}, "status": "ACTIVE"}, {"action": "NORTH", "reward": 201, "info": {}, "observation": {"remainingOverageTime": 60, "index": 3}, "status": "DONE"}], [{"action": "EAST", "reward": 9215, "info": {}, "observation": {"remainingOverageTime": 60, "step": 91, "geese": [[16, 15, 14, 13, 12, 23, 34, 35, 46, 57, 58, 69, 70, 59, 48], [], [3, 2, 68, 67, 56, 45, 44, 54, 65, 64, 53, 42, 31], []], "food": [63, 72], "index": 0}, "status": "ACTIVE"}, {"action": "NORTH", "reward": 1903, "info": {}, "observation": {"remainingOverageTime": 60, "index": 1}, "status": "DONE"}, {"action": "EAST", "reward": 9213, "info": {}, "observation": {"remainingOverageTime": 60, "index": 2}, "status": "ACTIVE"}, {"action": "NORTH", "reward": 201, "info": {}, "observation": {"remainingOverageTime": 60, "index": 3}, "status": "DONE"}], [{"action": "EAST", "reward": 9315, "info": {}, "observation": {"remainingOverageTime": 60, "step": 92, "geese": [[17, 16, 15, 14, 13, 12, 23, 34, 35, 46, 57, 58, 69, 70, 59], [], [4, 3, 2, 68, 67, 56, 45, 44, 54, 65, 64, 53, 42], []], "food": [63, 72], "index": 0}, "status": "ACTIVE"}, {"action": "NORTH", "reward": 1903, "info": {}, "observation": {"remainingOverageTime": 60, "index": 1}, "status": "DONE"}, {"action": "EAST", "reward": 9313, "info": {}, "observation": {"remainingOverageTime": 60, "index": 2}, "status": "ACTIVE"}, {"action": "NORTH", "reward": 201, "info": {}, "observation": {"remainingOverageTime": 60, "index": 3}, "status": "DONE"}], [{"action": "SOUTH", "reward": 9415, "info": {}, "observation": {"remainingOverageTime": 60, "step": 93, "geese": [[28, 17, 16, 15, 14, 13, 12, 23, 34, 35, 46, 57, 58, 69, 70], [], [5, 4, 3, 2, 68, 67, 56, 45, 44, 54, 65, 64, 53], []], "food": [63, 72], "index": 0}, "status": "ACTIVE"}, {"action": "NORTH", "reward": 1903, "info": {}, "observation": {"remainingOverageTime": 60, "index": 1}, "status": "DONE"}, {"action": "EAST", "reward": 9413, "info": {}, "observation": {"remainingOverageTime": 60, "index": 2}, "status": "ACTIVE"}, {"action": "NORTH", "reward": 201, "info": {}, "observation": {"remainingOverageTime": 60, "index": 3}, "status": "DONE"}], [{"action": "SOUTH", "reward": 9515, "info": {}, "observation": {"remainingOverageTime": 60, "step": 94, "geese": [[39, 28, 17, 16, 15, 14, 13, 12, 23, 34, 35, 46, 57, 58, 69], [], [71, 5, 4, 3, 2, 68, 67, 56, 45, 44, 54, 65, 64], []], "food": [63, 72], "index": 0}, "status": "ACTIVE"}, {"action": "NORTH", "reward": 1903, "info": {}, "observation": {"remainingOverageTime": 60, "index": 1}, "status": "DONE"}, {"action": "NORTH", "reward": 9513, "info": {}, "observation": {"remainingOverageTime": 60, "index": 2}, "status": "ACTIVE"}, {"action": "NORTH", "reward": 201, "info": {}, "observation": {"remainingOverageTime": 60, "index": 3}, "status": "DONE"}], [{"action": "SOUTH", "reward": 9615, "info": {}, "observation": {"remainingOverageTime": 60, "step": 95, "geese": [[50, 39, 28, 17, 16, 15, 14, 13, 12, 23, 34, 35, 46, 57, 58], [], [72, 71, 5, 4, 3, 2, 68, 67, 56, 45, 44, 54, 65, 64], []], "food": [63, 60], "index": 0}, "status": "ACTIVE"}, {"action": "NORTH", "reward": 1903, "info": {}, "observation": {"remainingOverageTime": 60, "index": 1}, "status": "DONE"}, {"action": "EAST", "reward": 9614, "info": {}, "observation": {"remainingOverageTime": 60, "index": 2}, "status": "ACTIVE"}, {"action": "NORTH", "reward": 201, "info": {}, "observation": {"remainingOverageTime": 60, "index": 3}, "status": "DONE"}], [{"action": "SOUTH", "reward": 9615, "info": {}, "observation": {"remainingOverageTime": 60, "step": 96, "geese": [[], [], [], []], "food": [63, 60], "index": 0}, "status": "DONE"}, {"action": "NORTH", "reward": 1903, "info": {}, "observation": {"remainingOverageTime": 60, "index": 1}, "status": "DONE"}, {"action": "NORTH", "reward": 9614, "info": {}, "observation": {"remainingOverageTime": 60, "index": 2}, "status": "DONE"}, {"action": "NORTH", "reward": 201, "info": {}, "observation": {"remainingOverageTime": 60, "index": 3}, "status": "DONE"}]], "rewards": [9615, 1903, 9614, 201], "statuses": ["DONE", "DONE", "DONE", "DONE"], "schema_version": 1, "info": {}}