{"id": "582315a0-db08-11ee-b332-0242ac1c000c", "name": "hungry_geese", "title": "Hungry Geese", "description": "Similar to the classic snake game with multiple players", "version": "1.0.0", "configuration": {"episodeSteps": 200, "actTimeout": 1, "runTimeout": 1200, "columns": 11, "rows": 7, "hunger_rate": 40, "min_food": 2, "max_length": 99}, "specification": {"action": {"description": "Direction to move the head of your players goose.", "type": "string", "enum": ["NORTH", "EAST", "SOUTH", "WEST"], "default": "NORTH"}, "agents": [1, 2, 3, 4, 5, 6, 7, 8], "configuration": {"episodeSteps": {"description": "Maximum number of steps in the episode.", "type": "integer", "minimum": 1, "default": 200}, "actTimeout": {"description": "Maximum runtime (seconds) to obtain an action from an agent.", "type": "number", "minimum": 0, "default": 1}, "runTimeout": {"description": "Maximum runtime (seconds) of an episode (not necessarily DONE).", "type": "number", "minimum": 0, "default": 1200}, "columns": {"description": "Horizontal number of cells on the board.", "type": "integer", "default": 11, "minimum": 3}, "rows": {"description": "Vertical number of cells on the board.", "type": "integer", "default": 7, "minimum": 3}, "hunger_rate": {"description": "The number of steps before the goose shrinks a cell.", "type": "integer", "minimum": 1, "default": 40}, "min_food": {"description": "The minimum amount of food present for all steps.", "type": "integer", "default": 2, "minimum": 1}, "max_length": {"description": "The max length any goose can be. Total reward = (max length + 1) * steps survived + goose length.", "type": "integer", "default": 99}}, "info": {}, "observation": {"remainingOverageTime": {"description": "Total remaining banked time (seconds) that can be used in excess of per-step actTimeouts -- agent is disqualified with TIMEOUT status when this drops below 0.", "shared": false, "type": "number", "minimum": 0, "default": 60}, "step": {"description": "Current step within the episode.", "type": "integer", "shared": true, "minimum": 0, "default": 0}, "geese": {"description": "List of geese in order by the agent index.", "type": "array", "default": [], "shared": true}, "food": {"description": "Positions on the board where food is present.", "type": "array", "default": [], "shared": true}, "index": {"description": "Index of the current agent's goose in the list of geese.", "type": "integer", "minimum": 0, "defaults": [0, 1, 2, 3, 4, 5, 6, 7]}}, "reward": {"description": "steps survived * (max goose length + 1) + current goose length.", "type": ["number", "null"], "default": 0, "minimum": 0}}, "steps": [[{"action": "NORTH", "reward": 0, "info": {}, "observation": {"remainingOverageTime": 60, "step": 0, "geese": [[32], [45], [64], [18]], "food": [44, 16], "index": 0}, "status": "ACTIVE"}, {"action": "NORTH", "reward": 0, "info": {}, "observation": {"remainingOverageTime": 60, "index": 1}, "status": "ACTIVE"}, {"action": "NORTH", "reward": 0, "info": {}, "observation": {"remainingOverageTime": 60, "index": 2}, "status": "ACTIVE"}, {"action": "NORTH", "reward": 0, "info": {}, "observation": {"remainingOverageTime": 60, "index": 3}, "status": "ACTIVE"}], [{"action": "EAST", "reward": 201, "info": {}, "observation": {"remainingOverageTime": 60, "step": 1, "geese": [[22], [44, 45], [53], [17]], "food": [16, 19], "index": 0}, "status": "ACTIVE"}, {"action": "WEST", "reward": 202, "info": {}, "observation": {"remainingOverageTime": 60, "index": 1}, "status": "ACTIVE"}, {"action": "NORTH", "reward": 201, "info": {}, "observation": {"remainingOverageTime": 60, "index": 2}, "status": "ACTIVE"}, {"action": "WEST", "reward": 201, "info": {}, "observation": {"remainingOverageTime": 60, "index": 3}, "status": "ACTIVE"}], [{"action": "WEST", "reward": 201, "info": {}, "observation": {"remainingOverageTime": 60, "step": 2, "geese": [[], [33, 44], [42], [16, 17]], "food": [19, 23], "index": 0}, "status": "DONE"}, {"action": "NORTH", "reward": 302, "info": {}, "observation": {"remainingOverageTime": 60, "index": 1}, "status": "ACTIVE"}, {"action": "NORTH", "reward": 301, "info": {}, "observation": {"remainingOverageTime": 60, "index": 2}, "status": "ACTIVE"}, {"action": "WEST", "reward": 302, "info": {}, "observation": {"remainingOverageTime": 60, "index": 3}, "status": "ACTIVE"}], [{"action": "NORTH", "reward": 201, "info": {}, "observation": {"remainingOverageTime": 60, "step": 3, "geese": [[], [22, 33], [31], []], "food": [19, 23], "index": 0}, "status": "DONE"}, {"action": "NORTH", "reward": 402, "info": {}, "observation": {"remainingOverageTime": 60, "index": 1}, "status": "ACTIVE"}, {"action": "NORTH", "reward": 401, "info": {}, "observation": {"remainingOverageTime": 60, "index": 2}, "status": "ACTIVE"}, {"action": "EAST", "reward": 302, "info": {}, "observation": {"remainingOverageTime": 60, "index": 3}, "status": "DONE"}], [{"action": "NORTH", "reward": 201, "info": {}, "observation": {"remainingOverageTime": 60, "step": 4, "geese": [[], [23, 22, 33], [20], []], "food": [19, 48], "index": 0}, "status": "DONE"}, {"action": "EAST", "reward": 503, "info": {}, "observation": {"remainingOverageTime": 60, "index": 1}, "status": "ACTIVE"}, {"action": "NORTH", "reward": 501, "info": {}, "observation": {"remainingOverageTime": 60, "index": 2}, "status": "ACTIVE"}, {"action": "NORTH", "reward": 302, "info": {}, "observation": {"remainingOverageTime": 60, "index": 3}, "status": "DONE"}], [{"action": "NORTH", "reward": 201, "info": {}, "observation": {"remainingOverageTime": 60, "step": 5, "geese": [[], [24, 23, 22], [19, 20], []], "food": [48, 31], "index": 0}, "status": "DONE"}, {"action": "EAST", "reward": 603, "info": {}, "observation": {"remainingOverageTime": 60, "index": 1}, "status": "ACTIVE"}, {"action": "WEST", "reward": 602, "info": {}, "observation": {"remainingOverageTime": 60, "index": 2}, "status": "ACTIVE"}, {"action": "NORTH", "reward": 302, "info": {}, "observation": {"remainingOverageTime": 60, "index": 3}, "status": "DONE"}], [{"action": "NORTH", "reward": 201, "info": {}, "observation": {"remainingOverageTime": 60, "step": 6, "geese": [[], [25, 24, 23], [], []], "food": [48, 31], "index": 0}, "status": "DONE"}, {"action": "EAST", "reward": 703, "info": {}, "observation": {"remainingOverageTime": 60, "index": 1}, "status": "DONE"}, {"action": "EAST", "reward": 602, "info": {}, "observation": {"remainingOverageTime": 60, "index": 2}, "status": "DONE"}, {"action": "NORTH", "reward": 302, "info": {}, "observation": {"remainingOverageTime": 60, "index": 3}, "status": "DONE"}]], "rewards": [201, 703, 602, 302], "statuses": ["DONE", "DONE", "DONE", "DONE"], "schema_version": 1, "info": {}}