{"id": "582315a0-db08-11ee-b332-0242ac1c000c", "name": "hungry_geese", "title": "Hungry Geese", "description": "Similar to the classic snake game with multiple players", "version": "1.0.0", "configuration": {"episodeSteps": 200, "actTimeout": 1, "runTimeout": 1200, "columns": 11, "rows": 7, "hunger_rate": 40, "min_food": 2, "max_length": 99}, "specification": {"action": {"description": "Direction to move the head of your players goose.", "type": "string", "enum": ["NORTH", "EAST", "SOUTH", "WEST"], "default": "NORTH"}, "agents": [1, 2, 3, 4, 5, 6, 7, 8], "configuration": {"episodeSteps": {"description": "Maximum number of steps in the episode.", "type": "integer", "minimum": 1, "default": 200}, "actTimeout": {"description": "Maximum runtime (seconds) to obtain an action from an agent.", "type": "number", "minimum": 0, "default": 1}, "runTimeout": {"description": "Maximum runtime (seconds) of an episode (not necessarily DONE).", "type": "number", "minimum": 0, "default": 1200}, "columns": {"description": "Horizontal number of cells on the board.", "type": "integer", "default": 11, "minimum": 3}, "rows": {"description": "Vertical number of cells on the board.", "type": "integer", "default": 7, "minimum": 3}, "hunger_rate": {"description": "The number of steps before the goose shrinks a cell.", "type": "integer", "minimum": 1, "default": 40}, "min_food": {"description": "The minimum amount of food present for all steps.", "type": "integer", "default": 2, "minimum": 1}, "max_length": {"description": "The max length any goose can be. Total reward = (max length + 1) * steps survived + goose length.", "type": "integer", "default": 99}}, "info": {}, "observation": {"remainingOverageTime": {"description": "Total remaining banked time (seconds) that can be used in excess of per-step actTimeouts -- agent is disqualified with TIMEOUT status when this drops below 0.", "shared": false, "type": "number", "minimum": 0, "default": 60}, "step": {"description": "Current step within the episode.", "type": "integer", "shared": true, "minimum": 0, "default": 0}, "geese": {"description": "List of geese in order by the agent index.", "type": "array", "default": [], "shared": true}, "food": {"description": "Positions on the board where food is present.", "type": "array", "default": [], "shared": true}, "index": {"description": "Index of the current agent's goose in the list of geese.", "type": "integer", "minimum": 0, "defaults": [0, 1, 2, 3, 4, 5, 6, 7]}}, "reward": {"description": "steps survived * (max goose length + 1) + current goose length.", "type": ["number", "null"], "default": 0, "minimum": 0}}, "steps": [[{"action": "NORTH", "reward": 0, "info": {}, "observation": {"remainingOverageTime": 60, "step": 0, "geese": [[39], [13], [22], [23]], "food": [6, 52], "index": 0}, "status": "ACTIVE"}, {"action": "NORTH", "reward": 0, "info": {}, "observation": {"remainingOverageTime": 60, "index": 1}, "status": "ACTIVE"}, {"action": "NORTH", "reward": 0, "info": {}, "observation": {"remainingOverageTime": 60, "index": 2}, "status": "ACTIVE"}, {"action": "NORTH", "reward": 0, "info": {}, "observation": {"remainingOverageTime": 60, "index": 3}, "status": "ACTIVE"}], [{"action": "NORTH", "reward": 201, "info": {}, "observation": {"remainingOverageTime": 60, "step": 1, "geese": [[28], [2], [11], [24]], "food": [6, 52], "index": 0}, "status": "ACTIVE"}, {"action": "NORTH", "reward": 201, "info": {}, "observation": {"remainingOverageTime": 60, "index": 1}, "status": "ACTIVE"}, {"action": "NORTH", "reward": 201, "info": {}, "observation": {"remainingOverageTime": 60, "index": 2}, "status": "ACTIVE"}, {"action": "EAST", "reward": 201, "info": {}, "observation": {"remainingOverageTime": 60, "index": 3}, "status": "ACTIVE"}], [{"action": "EAST", "reward": 301, "info": {}, "observation": {"remainingOverageTime": 60, "step": 2, "geese": [[29], [3], [0], [13]], "food": [6, 52], "index": 0}, "status": "ACTIVE"}, {"action": "EAST", "reward": 301, "info": {}, "observation": {"remainingOverageTime": 60, "index": 1}, "status": "ACTIVE"}, {"action": "NORTH", "reward": 301, "info": {}, "observation": {"remainingOverageTime": 60, "index": 2}, "status": "ACTIVE"}, {"action": "NORTH", "reward": 301, "info": {}, "observation": {"remainingOverageTime": 60, "index": 3}, "status": "ACTIVE"}], [{"action": "NORTH", "reward": 401, "info": {}, "observation": {"remainingOverageTime": 60, "step": 3, "geese": [[18], [4], [1], [14]], "food": [6, 52], "index": 0}, "status": "ACTIVE"}, {"action": "EAST", "reward": 401, "info": {}, "observation": {"remainingOverageTime": 60, "index": 1}, "status": "ACTIVE"}, {"action": "EAST", "reward": 401, "info": {}, "observation": {"remainingOverageTime": 60, "index": 2}, "status": "ACTIVE"}, {"action": "EAST", "reward": 401, "info": {}, "observation": {"remainingOverageTime": 60, "index": 3}, "status": "ACTIVE"}], [{"action": "WEST", "reward": 501, "info": {}, "observation": {"remainingOverageTime": 60, "step": 4, "geese": [[17], [5], [2], [15]], "food": [6, 52], "index": 0}, "status": "ACTIVE"}, {"action": "EAST", "reward": 501, "info": {}, "observation": {"remainingOverageTime": 60, "index": 1}, "status": "ACTIVE"}, {"action": "EAST", "reward": 501, "info": {}, "observation": {"remainingOverageTime": 60, "index": 2}, "status": "ACTIVE"}, {"action": "EAST", "reward": 501, "info": {}, "observation": {"remainingOverageTime": 60, "index": 3}, "status": "ACTIVE"}], [{"action": "EAST", "reward": 501, "info": {}, "observation": {"remainingOverageTime": 60, "step": 5, "geese": [[], [6, 5], [3], [26]], "food": [52, 32], "index": 0}, "status": "DONE"}, {"action": "EAST", "reward": 602, "info": {}, "observation": {"remainingOverageTime": 60, "index": 1}, "status": "ACTIVE"}, {"action": "EAST", "reward": 601, "info": {}, "observation": {"remainingOverageTime": 60, "index": 2}, "status": "ACTIVE"}, {"action": "SOUTH", "reward": 601, "info": {}, "observation": {"remainingOverageTime": 60, "index": 3}, "status": "ACTIVE"}], [{"action": "NORTH", "reward": 501, "info": {}, "observation": {"remainingOverageTime": 60, "step": 6, "geese": [[], [72, 6], [69], [27]], "food": [52, 32], "index": 0}, "status": "DONE"}, {"action": "NORTH", "reward": 702, "info": {}, "observation": {"remainingOverageTime": 60, "index": 1}, "status": "ACTIVE"}, {"action": "NORTH", "reward": 701, "info": {}, "observation": {"remainingOverageTime": 60, "index": 2}, "status": "ACTIVE"}, {"action": "EAST", "reward": 701, "info": {}, "observation": {"remainingOverageTime": 60, "index": 3}, "status": "ACTIVE"}], [{"action": "NORTH", "reward": 501, "info": {}, "observation": {"remainingOverageTime": 60, "step": 7, "geese": [[], [61, 72], [58], [28]], "food": [52, 32], "index": 0}, "status": "DONE"}, {"action": "NORTH", "reward": 802, "info": {}, "observation": {"remainingOverageTime": 60, "index": 1}, "status": "ACTIVE"}, {"action": "NORTH", "reward": 801, "info": {}, "observation": {"remainingOverageTime": 60, "index": 2}, "status": "ACTIVE"}, {"action": "EAST", "reward": 801, "info": {}, "observation": {"remainingOverageTime": 60, "index": 3}, "status": "ACTIVE"}], [{"action": "NORTH", "reward": 501, "info": {}, "observation": {"remainingOverageTime": 60, "step": 8, "geese": [[], [50, 61], [47], [29]], "food": [52, 32], "index": 0}, "status": "DONE"}, {"action": "NORTH", "reward": 902, "info": {}, "observation": {"remainingOverageTime": 60, "index": 1}, "status": "ACTIVE"}, {"action": "NORTH", "reward": 901, "info": {}, "observation": {"remainingOverageTime": 60, "index": 2}, "status": "ACTIVE"}, {"action": "EAST", "reward": 901, "info": {}, "observation": {"remainingOverageTime": 60, "index": 3}, "status": "ACTIVE"}], [{"action": "NORTH", "reward": 501, "info": {}, "observation": {"remainingOverageTime": 60, "step": 9, "geese": [[], [51, 50], [48], [30]], "food": [52, 32], "index": 0}, "status": "DONE"}, {"action": "EAST", "reward": 1002, "info": {}, "observation": {"remainingOverageTime": 60, "index": 1}, "status": "ACTIVE"}, {"action": "EAST", "reward": 1001, "info": {}, "observation": {"remainingOverageTime": 60, "index": 2}, "status": "ACTIVE"}, {"action": "EAST", "reward": 1001, "info": {}, "observation": {"remainingOverageTime": 60, "index": 3}, "status": "ACTIVE"}], [{"action": "NORTH", "reward": 501, "info": {}, "observation": {"remainingOverageTime": 60, "step": 10, "geese": [[], [52, 51, 50], [49], [31]], "food": [32, 4], "index": 0}, "status": "DONE"}, {"action": "EAST", "reward": 1103, "info": {}, "observation": {"remainingOverageTime": 60, "index": 1}, "status": "ACTIVE"}, {"action": "EAST", "reward": 1101, "info": {}, "observation": {"remainingOverageTime": 60, "index": 2}, "status": "ACTIVE"}, {"action": "EAST", "reward": 1101, "info": {}, "observation": {"remainingOverageTime": 60, "index": 3}, "status": "ACTIVE"}], [{"action": "NORTH", "reward": 501, "info": {}, "observation": {"remainingOverageTime": 60, "step": 11, "geese": [[], [41, 52, 51], [], [32, 31]], "food": [4, 61], "index": 0}, "status": "DONE"}, {"action": "NORTH", "reward": 1203, "info": {}, "observation": {"remainingOverageTime": 60, "index": 1}, "status": "ACTIVE"}, {"action": "WEST", "reward": 1101, "info": {}, "observation": {"remainingOverageTime": 60, "index": 2}, "status": "DONE"}, {"action": "EAST", "reward": 1202, "info": {}, "observation": {"remainingOverageTime": 60, "index": 3}, "status": "ACTIVE"}], [{"action": "NORTH", "reward": 501, "info": {}, "observation": {"remainingOverageTime": 60, "step": 12, "geese": [[], [40, 41, 52], [], [22, 32]], "food": [4, 61], "index": 0}, "status": "DONE"}, {"action": "WEST", "reward": 1303, "info": {}, "observation": {"remainingOverageTime": 60, "index": 1}, "status": "ACTIVE"}, {"action": "NORTH", "reward": 1101, "info": {}, "observation": {"remainingOverageTime": 60, "index": 2}, "status": "DONE"}, {"action": "EAST", "reward": 1302, "info": {}, "observation": {"remainingOverageTime": 60, "index": 3}, "status": "ACTIVE"}], [{"action": "NORTH", "reward": 501, "info": {}, "observation": {"remainingOverageTime": 60, "step": 13, "geese": [[], [51, 40, 41], [], [11, 22]], "food": [4, 61], "index": 0}, "status": "DONE"}, {"action": "SOUTH", "reward": 1403, "info": {}, "observation": {"remainingOverageTime": 60, "index": 1}, "status": "ACTIVE"}, {"action": "NORTH", "reward": 1101, "info": {}, "observation": {"remainingOverageTime": 60, "index": 2}, "status": "DONE"}, {"action": "NORTH", "reward": 1402, "info": {}, "observation": {"remainingOverageTime": 60, "index": 3}, "status": "ACTIVE"}], [{"action": "NORTH", "reward": 501, "info": {}, "observation": {"remainingOverageTime": 60, "step": 14, "geese": [[], [62, 51, 40], [], [0, 11]], "food": [4, 61], "index": 0}, "status": "DONE"}, {"action": "SOUTH", "reward": 1503, "info": {}, "observation": {"remainingOverageTime": 60, "index": 1}, "status": "ACTIVE"}, {"action": "NORTH", "reward": 1101, "info": {}, "observation": {"remainingOverageTime": 60, "index": 2}, "status": "DONE"}, {"action": "NORTH", "reward": 1502, "info": {}, "observation": {"remainingOverageTime": 60, "index": 3}, "status": "ACTIVE"}], [{"action": "NORTH", "reward": 501, "info": {}, "observation": {"remainingOverageTime": 60, "step": 15, "geese": [[], [61, 62, 51, 40], [], [1, 0]], "food": [4, 29], "index": 0}, "status": "DONE"}, {"action": "WEST", "reward": 1604, "info": {}, "observation": {"remainingOverageTime": 60, "index": 1}, "status": "ACTIVE"}, {"action": "NORTH", "reward": 1101, "info": {}, "observation": {"remainingOverageTime": 60, "index": 2}, "status": "DONE"}, {"action": "EAST", "reward": 1602, "info": {}, "observation": {"remainingOverageTime": 60, "index": 3}, "status": "ACTIVE"}], [{"action": "NORTH", "reward": 501, "info": {}, "observation": {"remainingOverageTime": 60, "step": 16, "geese": [[], [50, 61, 62, 51], [], [2, 1]], "food": [4, 29], "index": 0}, "status": "DONE"}, {"action": "NORTH", "reward": 1704, "info": {}, "observation": {"remainingOverageTime": 60, "index": 1}, "status": "ACTIVE"}, {"action": "NORTH", "reward": 1101, "info": {}, "observation": {"remainingOverageTime": 60, "index": 2}, "status": "DONE"}, {"action": "EAST", "reward": 1702, "info": {}, "observation": {"remainingOverageTime": 60, "index": 3}, "status": "ACTIVE"}], [{"action": "NORTH", "reward": 501, "info": {}, "observation": {"remainingOverageTime": 60, "step": 17, "geese": [[], [39, 50, 61, 62], [], [3, 2]], "food": [4, 29], "index": 0}, "status": "DONE"}, {"action": "NORTH", "reward": 1804, "info": {}, "observation": {"remainingOverageTime": 60, "index": 1}, "status": "ACTIVE"}, {"action": "NORTH", "reward": 1101, "info": {}, "observation": {"remainingOverageTime": 60, "index": 2}, "status": "DONE"}, {"action": "EAST", "reward": 1802, "info": {}, "observation": {"remainingOverageTime": 60, "index": 3}, "status": "ACTIVE"}], [{"action": "NORTH", "reward": 501, "info": {}, "observation": {"remainingOverageTime": 60, "step": 18, "geese": [[], [28, 39, 50, 61], [], [4, 3, 2]], "food": [29, 52], "index": 0}, "status": "DONE"}, {"action": "NORTH", "reward": 1904, "info": {}, "observation": {"remainingOverageTime": 60, "index": 1}, "status": "ACTIVE"}, {"action": "NORTH", "reward": 1101, "info": {}, "observation": {"remainingOverageTime": 60, "index": 2}, "status": "DONE"}, {"action": "EAST", "reward": 1903, "info": {}, "observation": {"remainingOverageTime": 60, "index": 3}, "status": "ACTIVE"}], [{"action": "NORTH", "reward": 501, "info": {}, "observation": {"remainingOverageTime": 60, "step": 19, "geese": [[], [29, 28, 39, 50, 61], [], [5, 4, 3]], "food": [52, 62], "index": 0}, "status": "DONE"}, {"action": "EAST", "reward": 2005, "info": {}, "observation": {"remainingOverageTime": 60, "index": 1}, "status": "ACTIVE"}, {"action": "NORTH", "reward": 1101, "info": {}, "observation": {"remainingOverageTime": 60, "index": 2}, "status": "DONE"}, {"action": "EAST", "reward": 2003, "info": {}, "observation": {"remainingOverageTime": 60, "index": 3}, "status": "ACTIVE"}], [{"action": "NORTH", "reward": 501, "info": {}, "observation": {"remainingOverageTime": 60, "step": 20, "geese": [[], [30, 29, 28, 39, 50], [], [71, 5, 4]], "food": [52, 62], "index": 0}, "status": "DONE"}, {"action": "EAST", "reward": 2105, "info": {}, "observation": {"remainingOverageTime": 60, "index": 1}, "status": "ACTIVE"}, {"action": "NORTH", "reward": 1101, "info": {}, "observation": {"remainingOverageTime": 60, "index": 2}, "status": "DONE"}, {"action": "NORTH", "reward": 2103, "info": {}, "observation": {"remainingOverageTime": 60, "index": 3}, "status": "ACTIVE"}], [{"action": "NORTH", "reward": 501, "info": {}, "observation": {"remainingOverageTime": 60, "step": 21, "geese": [[], [41, 30, 29, 28, 39], [], [60, 71, 5]], "food": [52, 62], "index": 0}, "status": "DONE"}, {"action": "SOUTH", "reward": 2205, "info": {}, "observation": {"remainingOverageTime": 60, "index": 1}, "status": "ACTIVE"}, {"action": "NORTH", "reward": 1101, "info": {}, "observation": {"remainingOverageTime": 60, "index": 2}, "status": "DONE"}, {"action": "NORTH", "reward": 2203, "info": {}, "observation": {"remainingOverageTime": 60, "index": 3}, "status": "ACTIVE"}], [{"action": "NORTH", "reward": 501, "info": {}, "observation": {"remainingOverageTime": 60, "step": 22, "geese": [[], [52, 41, 30, 29, 28, 39], [], [61, 60, 71]], "food": [62, 9], "index": 0}, "status": "DONE"}, {"action": "SOUTH", "reward": 2306, "info": {}, "observation": {"remainingOverageTime": 60, "index": 1}, "status": "ACTIVE"}, {"action": "NORTH", "reward": 1101, "info": {}, "observation": {"remainingOverageTime": 60, "index": 2}, "status": "DONE"}, {"action": "EAST", "reward": 2303, "info": {}, "observation": {"remainingOverageTime": 60, "index": 3}, "status": "ACTIVE"}], [{"action": "NORTH", "reward": 501, "info": {}, "observation": {"remainingOverageTime": 60, "step": 23, "geese": [[], [63, 52, 41, 30, 29, 28], [], [62, 61, 60, 71]], "food": [9, 19], "index": 0}, "status": "DONE"}, {"action": "SOUTH", "reward": 2406, "info": {}, "observation": {"remainingOverageTime": 60, "index": 1}, "status": "ACTIVE"}, {"action": "NORTH", "reward": 1101, "info": {}, "observation": {"remainingOverageTime": 60, "index": 2}, "status": "DONE"}, {"action": "EAST", "reward": 2404, "info": {}, "observation": {"remainingOverageTime": 60, "index": 3}, "status": "ACTIVE"}], [{"action": "NORTH", "reward": 501, "info": {}, "observation": {"remainingOverageTime": 60, "step": 24, "geese": [[], [64, 63, 52, 41, 30, 29], [], [51, 62, 61, 60]], "food": [9, 19], "index": 0}, "status": "DONE"}, {"action": "EAST", "reward": 2506, "info": {}, "observation": {"remainingOverageTime": 60, "index": 1}, "status": "ACTIVE"}, {"action": "NORTH", "reward": 1101, "info": {}, "observation": {"remainingOverageTime": 60, "index": 2}, "status": "DONE"}, {"action": "NORTH", "reward": 2504, "info": {}, "observation": {"remainingOverageTime": 60, "index": 3}, "status": "ACTIVE"}], [{"action": "NORTH", "reward": 501, "info": {}, "observation": {"remainingOverageTime": 60, "step": 25, "geese": [[], [53, 64, 63, 52, 41, 30], [], [40, 51, 62, 61]], "food": [9, 19], "index": 0}, "status": "DONE"}, {"action": "NORTH", "reward": 2606, "info": {}, "observation": {"remainingOverageTime": 60, "index": 1}, "status": "ACTIVE"}, {"action": "NORTH", "reward": 1101, "info": {}, "observation": {"remainingOverageTime": 60, "index": 2}, "status": "DONE"}, {"action": "NORTH", "reward": 2604, "info": {}, "observation": {"remainingOverageTime": 60, "index": 3}, "status": "ACTIVE"}], [{"action": "NORTH", "reward": 501, "info": {}, "observation": {"remainingOverageTime": 60, "step": 26, "geese": [[], [42, 53, 64, 63, 52, 41], [], [29, 40, 51, 62]], "food": [9, 19], "index": 0}, "status": "DONE"}, {"action": "NORTH", "reward": 2706, "info": {}, "observation": {"remainingOverageTime": 60, "index": 1}, "status": "ACTIVE"}, {"action": "NORTH", "reward": 1101, "info": {}, "observation": {"remainingOverageTime": 60, "index": 2}, "status": "DONE"}, {"action": "NORTH", "reward": 2704, "info": {}, "observation": {"remainingOverageTime": 60, "index": 3}, "status": "ACTIVE"}], [{"action": "NORTH", "reward": 501, "info": {}, "observation": {"remainingOverageTime": 60, "step": 27, "geese": [[], [31, 42, 53, 64, 63, 52], [], [18, 29, 40, 51]], "food": [9, 19], "index": 0}, "status": "DONE"}, {"action": "NORTH", "reward": 2806, "info": {}, "observation": {"remainingOverageTime": 60, "index": 1}, "status": "ACTIVE"}, {"action": "NORTH", "reward": 1101, "info": {}, "observation": {"remainingOverageTime": 60, "index": 2}, "status": "DONE"}, {"action": "NORTH", "reward": 2804, "info": {}, "observation": {"remainingOverageTime": 60, "index": 3}, "status": "ACTIVE"}], [{"action": "NORTH", "reward": 501, "info": {}, "observation": {"remainingOverageTime": 60, "step": 28, "geese": [[], [20, 31, 42, 53, 64, 63], [], [19, 18, 29, 40, 51]], "food": [9, 62], "index": 0}, "status": "DONE"}, {"action": "NORTH", "reward": 2906, "info": {}, "observation": {"remainingOverageTime": 60, "index": 1}, "status": "ACTIVE"}, {"action": "NORTH", "reward": 1101, "info": {}, "observation": {"remainingOverageTime": 60, "index": 2}, "status": "DONE"}, {"action": "EAST", "reward": 2905, "info": {}, "observation": {"remainingOverageTime": 60, "index": 3}, "status": "ACTIVE"}], [{"action": "NORTH", "reward": 501, "info": {}, "observation": {"remainingOverageTime": 60, "step": 29, "geese": [[], [9, 20, 31, 42, 53, 64, 63], [], [8, 19, 18, 29, 40]], "food": [62, 71], "index": 0}, "status": "DONE"}, {"action": "NORTH", "reward": 3007, "info": {}, "observation": {"remainingOverageTime": 60, "index": 1}, "status": "ACTIVE"}, {"action": "NORTH", "reward": 1101, "info": {}, "observation": {"remainingOverageTime": 60, "index": 2}, "status": "DONE"}, {"action": "NORTH", "reward": 3005, "info": {}, "observation": {"remainingOverageTime": 60, "index": 3}, "status": "ACTIVE"}], [{"action": "NORTH", "reward": 501, "info": {}, "observation": {"remainingOverageTime": 60, "step": 30, "geese": [[], [75, 9, 20, 31, 42, 53, 64], [], [74, 8, 19, 18, 29]], "food": [62, 71], "index": 0}, "status": "DONE"}, {"action": "NORTH", "reward": 3107, "info": {}, "observation": {"remainingOverageTime": 60, "index": 1}, "status": "ACTIVE"}, {"action": "NORTH", "reward": 1101, "info": {}, "observation": {"remainingOverageTime": 60, "index": 2}, "status": "DONE"}, {"action": "NORTH", "reward": 3105, "info": {}, "observation": {"remainingOverageTime": 60, "index": 3}, "status": "ACTIVE"}], [{"action": "NORTH", "reward": 501, "info": {}, "observation": {"remainingOverageTime": 60, "step": 31, "geese": [[], [64, 75, 9, 20, 31, 42, 53], [], [63, 74, 8, 19, 18]], "food": [62, 71], "index": 0}, "status": "DONE"}, {"action": "NORTH", "reward": 3207, "info": {}, "observation": {"remainingOverageTime": 60, "index": 1}, "status": "ACTIVE"}, {"action": "NORTH", "reward": 1101, "info": {}, "observation": {"remainingOverageTime": 60, "index": 2}, "status": "DONE"}, {"action": "NORTH", "reward": 3205, "info": {}, "observation": {"remainingOverageTime": 60, "index": 3}, "status": "ACTIVE"}], [{"action": "NORTH", "reward": 501, "info": {}, "observation": {"remainingOverageTime": 60, "step": 32, "geese": [[], [53, 64, 75, 9, 20, 31, 42], [], [62, 63, 74, 8, 19, 18]], "food": [71, 6], "index": 0}, "status": "DONE"}, {"action": "NORTH", "reward": 3307, "info": {}, "observation": {"remainingOverageTime": 60, "index": 1}, "status": "ACTIVE"}, {"action": "NORTH", "reward": 1101, "info": {}, "observation": {"remainingOverageTime": 60, "index": 2}, "status": "DONE"}, {"action": "WEST", "reward": 3306, "info": {}, "observation": {"remainingOverageTime": 60, "index": 3}, "status": "ACTIVE"}], [{"action": "NORTH", "reward": 501, "info": {}, "observation": {"remainingOverageTime": 60, "step": 33, "geese": [[], [52, 53, 64, 75, 9, 20, 31], [], [73, 62, 63, 74, 8, 19]], "food": [71, 6], "index": 0}, "status": "DONE"}, {"action": "WEST", "reward": 3407, "info": {}, "observation": {"remainingOverageTime": 60, "index": 1}, "status": "ACTIVE"}, {"action": "NORTH", "reward": 1101, "info": {}, "observation": {"remainingOverageTime": 60, "index": 2}, "status": "DONE"}, {"action": "SOUTH", "reward": 3406, "info": {}, "observation": {"remainingOverageTime": 60, "index": 3}, "status": "ACTIVE"}], [{"action": "NORTH", "reward": 501, "info": {}, "observation": {"remainingOverageTime": 60, "step": 34, "geese": [[], [51, 52, 53, 64, 75, 9, 20], [], [7, 73, 62, 63, 74, 8]], "food": [71, 6], "index": 0}, "status": "DONE"}, {"action": "WEST", "reward": 3507, "info": {}, "observation": {"remainingOverageTime": 60, "index": 1}, "status": "ACTIVE"}, {"action": "NORTH", "reward": 1101, "info": {}, "observation": {"remainingOverageTime": 60, "index": 2}, "status": "DONE"}, {"action": "SOUTH", "reward": 3506, "info": {}, "observation": {"remainingOverageTime": 60, "index": 3}, "status": "ACTIVE"}], [{"action": "NORTH", "reward": 501, "info": {}, "observation": {"remainingOverageTime": 60, "step": 35, "geese": [[], [50, 51, 52, 53, 64, 75, 9], [], [6, 7, 73, 62, 63, 74, 8]], "food": [71, 11], "index": 0}, "status": "DONE"}, {"action": "WEST", "reward": 3607, "info": {}, "observation": {"remainingOverageTime": 60, "index": 1}, "status": "ACTIVE"}, {"action": "NORTH", "reward": 1101, "info": {}, "observation": {"remainingOverageTime": 60, "index": 2}, "status": "DONE"}, {"action": "WEST", "reward": 3607, "info": {}, "observation": {"remainingOverageTime": 60, "index": 3}, "status": "ACTIVE"}], [{"action": "NORTH", "reward": 501, "info": {}, "observation": {"remainingOverageTime": 60, "step": 36, "geese": [[], [61, 50, 51, 52, 53, 64, 75], [], [72, 6, 7, 73, 62, 63, 74]], "food": [71, 11], "index": 0}, "status": "DONE"}, {"action": "SOUTH", "reward": 3707, "info": {}, "observation": {"remainingOverageTime": 60, "index": 1}, "status": "ACTIVE"}, {"action": "NORTH", "reward": 1101, "info": {}, "observation": {"remainingOverageTime": 60, "index": 2}, "status": "DONE"}, {"action": "NORTH", "reward": 3707, "info": {}, "observation": {"remainingOverageTime": 60, "index": 3}, "status": "ACTIVE"}], [{"action": "NORTH", "reward": 501, "info": {}, "observation": {"remainingOverageTime": 60, "step": 37, "geese": [[], [60, 61, 50, 51, 52, 53, 64], [], [71, 72, 6, 7, 73, 62, 63, 74]], "food": [11, 0], "index": 0}, "status": "DONE"}, {"action": "WEST", "reward": 3807, "info": {}, "observation": {"remainingOverageTime": 60, "index": 1}, "status": "ACTIVE"}, {"action": "NORTH", "reward": 1101, "info": {}, "observation": {"remainingOverageTime": 60, "index": 2}, "status": "DONE"}, {"action": "WEST", "reward": 3808, "info": {}, "observation": {"remainingOverageTime": 60, "index": 3}, "status": "ACTIVE"}], [{"action": "NORTH", "reward": 501, "info": {}, "observation": {"remainingOverageTime": 60, "step": 38, "geese": [[], [49, 60, 61, 50, 51, 52, 53], [], [5, 71, 72, 6, 7, 73, 62, 63]], "food": [11, 0], "index": 0}, "status": "DONE"}, {"action": "NORTH", "reward": 3907, "info": {}, "observation": {"remainingOverageTime": 60, "index": 1}, "status": "ACTIVE"}, {"action": "NORTH", "reward": 1101, "info": {}, "observation": {"remainingOverageTime": 60, "index": 2}, "status": "DONE"}, {"action": "SOUTH", "reward": 3908, "info": {}, "observation": {"remainingOverageTime": 60, "index": 3}, "status": "ACTIVE"}], [{"action": "NORTH", "reward": 501, "info": {}, "observation": {"remainingOverageTime": 60, "step": 39, "geese": [[], [38, 49, 60, 61, 50, 51, 52], [], [4, 5, 71, 72, 6, 7, 73, 62]], "food": [11, 0], "index": 0}, "status": "DONE"}, {"action": "NORTH", "reward": 4007, "info": {}, "observation": {"remainingOverageTime": 60, "index": 1}, "status": "ACTIVE"}, {"action": "NORTH", "reward": 1101, "info": {}, "observation": {"remainingOverageTime": 60, "index": 2}, "status": "DONE"}, {"action": "WEST", "reward": 4008, "info": {}, "observation": {"remainingOverageTime": 60, "index": 3}, "status": "ACTIVE"}], [{"action": "NORTH", "reward": 501, "info": {}, "observation": {"remainingOverageTime": 60, "step": 40, "geese": [[], [27, 38, 49, 60, 61, 50], [], [3, 4, 5, 71, 72, 6, 7]], "food": [11, 0], "index": 0}, "status": "DONE"}, {"action": "NORTH", "reward": 4106, "info": {}, "observation": {"remainingOverageTime": 60, "index": 1}, "status": "ACTIVE"}, {"action": "NORTH", "reward": 1101, "info": {}, "observation": {"remainingOverageTime": 60, "index": 2}, "status": "DONE"}, {"action": "WEST", "reward": 4107, "info": {}, "observation": {"remainingOverageTime": 60, "index": 3}, "status": "ACTIVE"}], [{"action": "NORTH", "reward": 501, "info": {}, "observation": {"remainingOverageTime": 60, "step": 41, "geese": [[], [16, 27, 38, 49, 60, 61], [], [2, 3, 4, 5, 71, 72, 6]], "food": [11, 0], "index": 0}, "status": "DONE"}, {"action": "NORTH", "reward": 4206, "info": {}, "observation": {"remainingOverageTime": 60, "index": 1}, "status": "ACTIVE"}, {"action": "NORTH", "reward": 1101, "info": {}, "observation": {"remainingOverageTime": 60, "index": 2}, "status": "DONE"}, {"action": "WEST", "reward": 4207, "info": {}, "observation": {"remainingOverageTime": 60, "index": 3}, "status": "ACTIVE"}], [{"action": "NORTH", "reward": 501, "info": {}, "observation": {"remainingOverageTime": 60, "step": 42, "geese": [[], [15, 16, 27, 38, 49, 60], [], [1, 2, 3, 4, 5, 71, 72]], "food": [11, 0], "index": 0}, "status": "DONE"}, {"action": "WEST", "reward": 4306, "info": {}, "observation": {"remainingOverageTime": 60, "index": 1}, "status": "ACTIVE"}, {"action": "NORTH", "reward": 1101, "info": {}, "observation": {"remainingOverageTime": 60, "index": 2}, "status": "DONE"}, {"action": "WEST", "reward": 4307, "info": {}, "observation": {"remainingOverageTime": 60, "index": 3}, "status": "ACTIVE"}], [{"action": "NORTH", "reward": 501, "info": {}, "observation": {"remainingOverageTime": 60, "step": 43, "geese": [[], [14, 15, 16, 27, 38, 49], [], [0, 1, 2, 3, 4, 5, 71, 72]], "food": [11, 65], "index": 0}, "status": "DONE"}, {"action": "WEST", "reward": 4406, "info": {}, "observation": {"remainingOverageTime": 60, "index": 1}, "status": "ACTIVE"}, {"action": "NORTH", "reward": 1101, "info": {}, "observation": {"remainingOverageTime": 60, "index": 2}, "status": "DONE"}, {"action": "WEST", "reward": 4408, "info": {}, "observation": {"remainingOverageTime": 60, "index": 3}, "status": "ACTIVE"}], [{"action": "NORTH", "reward": 501, "info": {}, "observation": {"remainingOverageTime": 60, "step": 44, "geese": [[], [13, 14, 15, 16, 27, 38], [], [11, 0, 1, 2, 3, 4, 5, 71, 72]], "food": [65, 69], "index": 0}, "status": "DONE"}, {"action": "WEST", "reward": 4506, "info": {}, "observation": {"remainingOverageTime": 60, "index": 1}, "status": "ACTIVE"}, {"action": "NORTH", "reward": 1101, "info": {}, "observation": {"remainingOverageTime": 60, "index": 2}, "status": "DONE"}, {"action": "SOUTH", "reward": 4509, "info": {}, "observation": {"remainingOverageTime": 60, "index": 3}, "status": "ACTIVE"}], [{"action": "NORTH", "reward": 501, "info": {}, "observation": {"remainingOverageTime": 60, "step": 45, "geese": [[], [24, 13, 14, 15, 16, 27], [], [21, 11, 0, 1, 2, 3, 4, 5, 71]], "food": [65, 69], "index": 0}, "status": "DONE"}, {"action": "SOUTH", "reward": 4606, "info": {}, "observation": {"remainingOverageTime": 60, "index": 1}, "status": "ACTIVE"}, {"action": "NORTH", "reward": 1101, "info": {}, "observation": {"remainingOverageTime": 60, "index": 2}, "status": "DONE"}, {"action": "WEST", "reward": 4609, "info": {}, "observation": {"remainingOverageTime": 60, "index": 3}, "status": "ACTIVE"}], [{"action": "NORTH", "reward": 501, "info": {}, "observation": {"remainingOverageTime": 60, "step": 46, "geese": [[], [25, 24, 13, 14, 15, 16], [], [32, 21, 11, 0, 1, 2, 3, 4, 5]], "food": [65, 69], "index": 0}, "status": "DONE"}, {"action": "EAST", "reward": 4706, "info": {}, "observation": {"remainingOverageTime": 60, "index": 1}, "status": "ACTIVE"}, {"action": "NORTH", "reward": 1101, "info": {}, "observation": {"remainingOverageTime": 60, "index": 2}, "status": "DONE"}, {"action": "SOUTH", "reward": 4709, "info": {}, "observation": {"remainingOverageTime": 60, "index": 3}, "status": "ACTIVE"}], [{"action": "NORTH", "reward": 501, "info": {}, "observation": {"remainingOverageTime": 60, "step": 47, "geese": [[], [36, 25, 24, 13, 14, 15], [], [43, 32, 21, 11, 0, 1, 2, 3, 4]], "food": [65, 69], "index": 0}, "status": "DONE"}, {"action": "SOUTH", "reward": 4806, "info": {}, "observation": {"remainingOverageTime": 60, "index": 1}, "status": "ACTIVE"}, {"action": "NORTH", "reward": 1101, "info": {}, "observation": {"remainingOverageTime": 60, "index": 2}, "status": "DONE"}, {"action": "SOUTH", "reward": 4809, "info": {}, "observation": {"remainingOverageTime": 60, "index": 3}, "status": "ACTIVE"}], [{"action": "NORTH", "reward": 501, "info": {}, "observation": {"remainingOverageTime": 60, "step": 48, "geese": [[], [47, 36, 25, 24, 13, 14], [], [54, 43, 32, 21, 11, 0, 1, 2, 3]], "food": [65, 69], "index": 0}, "status": "DONE"}, {"action": "SOUTH", "reward": 4906, "info": {}, "observation": {"remainingOverageTime": 60, "index": 1}, "status": "ACTIVE"}, {"action": "NORTH", "reward": 1101, "info": {}, "observation": {"remainingOverageTime": 60, "index": 2}, "status": "DONE"}, {"action": "SOUTH", "reward": 4909, "info": {}, "observation": {"remainingOverageTime": 60, "index": 3}, "status": "ACTIVE"}], [{"action": "NORTH", "reward": 501, "info": {}, "observation": {"remainingOverageTime": 60, "step": 49, "geese": [[], [58, 47, 36, 25, 24, 13], [], [65, 54, 43, 32, 21, 11, 0, 1, 2, 3]], "food": [69, 76], "index": 0}, "status": "DONE"}, {"action": "SOUTH", "reward": 5006, "info": {}, "observation": {"remainingOverageTime": 60, "index": 1}, "status": "ACTIVE"}, {"action": "NORTH", "reward": 1101, "info": {}, "observation": {"remainingOverageTime": 60, "index": 2}, "status": "DONE"}, {"action": "SOUTH", "reward": 5010, "info": {}, "observation": {"remainingOverageTime": 60, "index": 3}, "status": "ACTIVE"}], [{"action": "NORTH", "reward": 501, "info": {}, "observation": {"remainingOverageTime": 60, "step": 50, "geese": [[], [69, 58, 47, 36, 25, 24, 13], [], [76, 65, 54, 43, 32, 21, 11, 0, 1, 2, 3]], "food": [75, 59], "index": 0}, "status": "DONE"}, {"action": "SOUTH", "reward": 5107, "info": {}, "observation": {"remainingOverageTime": 60, "index": 1}, "status": "ACTIVE"}, {"action": "NORTH", "reward": 1101, "info": {}, "observation": {"remainingOverageTime": 60, "index": 2}, "status": "DONE"}, {"action": "SOUTH", "reward": 5111, "info": {}, "observation": {"remainingOverageTime": 60, "index": 3}, "status": "ACTIVE"}], [{"action": "NORTH", "reward": 501, "info": {}, "observation": {"remainingOverageTime": 60, "step": 51, "geese": [[], [68, 69, 58, 47, 36, 25, 24], [], [75, 76, 65, 54, 43, 32, 21, 11, 0, 1, 2, 3]], "food": [59, 53], "index": 0}, "status": "DONE"}, {"action": "WEST", "reward": 5207, "info": {}, "observation": {"remainingOverageTime": 60, "index": 1}, "status": "ACTIVE"}, {"action": "NORTH", "reward": 1101, "info": {}, "observation": {"remainingOverageTime": 60, "index": 2}, "status": "DONE"}, {"action": "WEST", "reward": 5212, "info": {}, "observation": {"remainingOverageTime": 60, "index": 3}, "status": "ACTIVE"}], [{"action": "NORTH", "reward": 501, "info": {}, "observation": {"remainingOverageTime": 60, "step": 52, "geese": [[], [57, 68, 69, 58, 47, 36, 25], [], [64, 75, 76, 65, 54, 43, 32, 21, 11, 0, 1, 2]], "food": [59, 53], "index": 0}, "status": "DONE"}, {"action": "NORTH", "reward": 5307, "info": {}, "observation": {"remainingOverageTime": 60, "index": 1}, "status": "ACTIVE"}, {"action": "NORTH", "reward": 1101, "info": {}, "observation": {"remainingOverageTime": 60, "index": 2}, "status": "DONE"}, {"action": "NORTH", "reward": 5312, "info": {}, "observation": {"remainingOverageTime": 60, "index": 3}, "status": "ACTIVE"}], [{"action": "NORTH", "reward": 501, "info": {}, "observation": {"remainingOverageTime": 60, "step": 53, "geese": [[], [46, 57, 68, 69, 58, 47, 36], [], [53, 64, 75, 76, 65, 54, 43, 32, 21, 11, 0, 1, 2]], "food": [59, 13], "index": 0}, "status": "DONE"}, {"action": "NORTH", "reward": 5407, "info": {}, "observation": {"remainingOverageTime": 60, "index": 1}, "status": "ACTIVE"}, {"action": "NORTH", "reward": 1101, "info": {}, "observation": {"remainingOverageTime": 60, "index": 2}, "status": "DONE"}, {"action": "NORTH", "reward": 5413, "info": {}, "observation": {"remainingOverageTime": 60, "index": 3}, "status": "ACTIVE"}], [{"action": "NORTH", "reward": 501, "info": {}, "observation": {"remainingOverageTime": 60, "step": 54, "geese": [[], [35, 46, 57, 68, 69, 58, 47], [], [52, 53, 64, 75, 76, 65, 54, 43, 32, 21, 11, 0, 1]], "food": [59, 13], "index": 0}, "status": "DONE"}, {"action": "NORTH", "reward": 5507, "info": {}, "observation": {"remainingOverageTime": 60, "index": 1}, "status": "ACTIVE"}, {"action": "NORTH", "reward": 1101, "info": {}, "observation": {"remainingOverageTime": 60, "index": 2}, "status": "DONE"}, {"action": "WEST", "reward": 5513, "info": {}, "observation": {"remainingOverageTime": 60, "index": 3}, "status": "ACTIVE"}], [{"action": "NORTH", "reward": 501, "info": {}, "observation": {"remainingOverageTime": 60, "step": 55, "geese": [[], [24, 35, 46, 57, 68, 69, 58], [], [63, 52, 53, 64, 75, 76, 65, 54, 43, 32, 21, 11, 0]], "food": [59, 13], "index": 0}, "status": "DONE"}, {"action": "NORTH", "reward": 5607, "info": {}, "observation": {"remainingOverageTime": 60, "index": 1}, "status": "ACTIVE"}, {"action": "NORTH", "reward": 1101, "info": {}, "observation": {"remainingOverageTime": 60, "index": 2}, "status": "DONE"}, {"action": "SOUTH", "reward": 5613, "info": {}, "observation": {"remainingOverageTime": 60, "index": 3}, "status": "ACTIVE"}], [{"action": "NORTH", "reward": 501, "info": {}, "observation": {"remainingOverageTime": 60, "step": 56, "geese": [[], [13, 24, 35, 46, 57, 68, 69, 58], [], [62, 63, 52, 53, 64, 75, 76, 65, 54, 43, 32, 21, 11]], "food": [59, 12], "index": 0}, "status": "DONE"}, {"action": "NORTH", "reward": 5708, "info": {}, "observation": {"remainingOverageTime": 60, "index": 1}, "status": "ACTIVE"}, {"action": "NORTH", "reward": 1101, "info": {}, "observation": {"remainingOverageTime": 60, "index": 2}, "status": "DONE"}, {"action": "WEST", "reward": 5713, "info": {}, "observation": {"remainingOverageTime": 60, "index": 3}, "status": "ACTIVE"}], [{"action": "NORTH", "reward": 501, "info": {}, "observation": {"remainingOverageTime": 60, "step": 57, "geese": [[], [12, 13, 24, 35, 46, 57, 68, 69, 58], [], [61, 62, 63, 52, 53, 64, 75, 76, 65, 54, 43, 32, 21]], "food": [59, 49], "index": 0}, "status": "DONE"}, {"action": "WEST", "reward": 5809, "info": {}, "observation": {"remainingOverageTime": 60, "index": 1}, "status": "ACTIVE"}, {"action": "NORTH", "reward": 1101, "info": {}, "observation": {"remainingOverageTime": 60, "index": 2}, "status": "DONE"}, {"action": "WEST", "reward": 5813, "info": {}, "observation": {"remainingOverageTime": 60, "index": 3}, "status": "ACTIVE"}], [{"action": "NORTH", "reward": 501, "info": {}, "observation": {"remainingOverageTime": 60, "step": 58, "geese": [[], [23, 12, 13, 24, 35, 46, 57, 68, 69], [], [50, 61, 62, 63, 52, 53, 64, 75, 76, 65, 54, 43, 32]], "food": [59, 49], "index": 0}, "status": "DONE"}, {"action": "SOUTH", "reward": 5909, "info": {}, "observation": {"remainingOverageTime": 60, "index": 1}, "status": "ACTIVE"}, {"action": "NORTH", "reward": 1101, "info": {}, "observation": {"remainingOverageTime": 60, "index": 2}, "status": "DONE"}, {"action": "NORTH", "reward": 5913, "info": {}, "observation": {"remainingOverageTime": 60, "index": 3}, "status": "ACTIVE"}], [{"action": "NORTH", "reward": 501, "info": {}, "observation": {"remainingOverageTime": 60, "step": 59, "geese": [[], [34, 23, 12, 13, 24, 35, 46, 57, 68], [], [49, 50, 61, 62, 63, 52, 53, 64, 75, 76, 65, 54, 43, 32]], "food": [59, 47], "index": 0}, "status": "DONE"}, {"action": "SOUTH", "reward": 6009, "info": {}, "observation": {"remainingOverageTime": 60, "index": 1}, "status": "ACTIVE"}, {"action": "NORTH", "reward": 1101, "info": {}, "observation": {"remainingOverageTime": 60, "index": 2}, "status": "DONE"}, {"action": "WEST", "reward": 6014, "info": {}, "observation": {"remainingOverageTime": 60, "index": 3}, "status": "ACTIVE"}], [{"action": "NORTH", "reward": 501, "info": {}, "observation": {"remainingOverageTime": 60, "step": 60, "geese": [[], [45, 34, 23, 12, 13, 24, 35, 46, 57], [], [60, 49, 50, 61, 62, 63, 52, 53, 64, 75, 76, 65, 54, 43]], "food": [59, 47], "index": 0}, "status": "DONE"}, {"action": "SOUTH", "reward": 6109, "info": {}, "observation": {"remainingOverageTime": 60, "index": 1}, "status": "ACTIVE"}, {"action": "NORTH", "reward": 1101, "info": {}, "observation": {"remainingOverageTime": 60, "index": 2}, "status": "DONE"}, {"action": "SOUTH", "reward": 6114, "info": {}, "observation": {"remainingOverageTime": 60, "index": 3}, "status": "ACTIVE"}], [{"action": "NORTH", "reward": 501, "info": {}, "observation": {"remainingOverageTime": 60, "step": 61, "geese": [[], [56, 45, 34, 23, 12, 13, 24, 35, 46], [], [59, 60, 49, 50, 61, 62, 63, 52, 53, 64, 75, 76, 65, 54, 43]], "food": [47, 48], "index": 0}, "status": "DONE"}, {"action": "SOUTH", "reward": 6209, "info": {}, "observation": {"remainingOverageTime": 60, "index": 1}, "status": "ACTIVE"}, {"action": "NORTH", "reward": 1101, "info": {}, "observation": {"remainingOverageTime": 60, "index": 2}, "status": "DONE"}, {"action": "WEST", "reward": 6215, "info": {}, "observation": {"remainingOverageTime": 60, "index": 3}, "status": "ACTIVE"}], [{"action": "NORTH", "reward": 501, "info": {}, "observation": {"remainingOverageTime": 60, "step": 62, "geese": [[], [57, 56, 45, 34, 23, 12, 13, 24, 35], [], [48, 59, 60, 49, 50, 61, 62, 63, 52, 53, 64, 75, 76, 65, 54, 43]], "food": [47, 21], "index": 0}, "status": "DONE"}, {"action": "EAST", "reward": 6309, "info": {}, "observation": {"remainingOverageTime": 60, "index": 1}, "status": "ACTIVE"}, {"action": "NORTH", "reward": 1101, "info": {}, "observation": {"remainingOverageTime": 60, "index": 2}, "status": "DONE"}, {"action": "NORTH", "reward": 6316, "info": {}, "observation": {"remainingOverageTime": 60, "index": 3}, "status": "ACTIVE"}], [{"action": "NORTH", "reward": 501, "info": {}, "observation": {"remainingOverageTime": 60, "step": 63, "geese": [[], [46, 57, 56, 45, 34, 23, 12, 13, 24], [], [47, 48, 59, 60, 49, 50, 61, 62, 63, 52, 53, 64, 75, 76, 65, 54, 43]], "food": [21, 5], "index": 0}, "status": "DONE"}, {"action": "NORTH", "reward": 6409, "info": {}, "observation": {"remainingOverageTime": 60, "index": 1}, "status": "ACTIVE"}, {"action": "NORTH", "reward": 1101, "info": {}, "observation": {"remainingOverageTime": 60, "index": 2}, "status": "DONE"}, {"action": "WEST", "reward": 6417, "info": {}, "observation": {"remainingOverageTime": 60, "index": 3}, "status": "ACTIVE"}], [{"action": "NORTH", "reward": 501, "info": {}, "observation": {"remainingOverageTime": 60, "step": 64, "geese": [[], [35, 46, 57, 56, 45, 34, 23, 12, 13], [], [36, 47, 48, 59, 60, 49, 50, 61, 62, 63, 52, 53, 64, 75, 76, 65, 54]], "food": [21, 5], "index": 0}, "status": "DONE"}, {"action": "NORTH", "reward": 6509, "info": {}, "observation": {"remainingOverageTime": 60, "index": 1}, "status": "ACTIVE"}, {"action": "NORTH", "reward": 1101, "info": {}, "observation": {"remainingOverageTime": 60, "index": 2}, "status": "DONE"}, {"action": "NORTH", "reward": 6517, "info": {}, "observation": {"remainingOverageTime": 60, "index": 3}, "status": "ACTIVE"}], [{"action": "NORTH", "reward": 501, "info": {}, "observation": {"remainingOverageTime": 60, "step": 65, "geese": [[], [24, 35, 46, 57, 56, 45, 34, 23, 12], [], [25, 36, 47, 48, 59, 60, 49, 50, 61, 62, 63, 52, 53, 64, 75, 76, 65]], "food": [21, 5], "index": 0}, "status": "DONE"}, {"action": "NORTH", "reward": 6609, "info": {}, "observation": {"remainingOverageTime": 60, "index": 1}, "status": "ACTIVE"}, {"action": "NORTH", "reward": 1101, "info": {}, "observation": {"remainingOverageTime": 60, "index": 2}, "status": "DONE"}, {"action": "NORTH", "reward": 6617, "info": {}, "observation": {"remainingOverageTime": 60, "index": 3}, "status": "ACTIVE"}], [{"action": "NORTH", "reward": 501, "info": {}, "observation": {"remainingOverageTime": 60, "step": 66, "geese": [[], [13, 24, 35, 46, 57, 56, 45, 34, 23], [], [14, 25, 36, 47, 48, 59, 60, 49, 50, 61, 62, 63, 52, 53, 64, 75, 76]], "food": [21, 5], "index": 0}, "status": "DONE"}, {"action": "NORTH", "reward": 6709, "info": {}, "observation": {"remainingOverageTime": 60, "index": 1}, "status": "ACTIVE"}, {"action": "NORTH", "reward": 1101, "info": {}, "observation": {"remainingOverageTime": 60, "index": 2}, "status": "DONE"}, {"action": "NORTH", "reward": 6717, "info": {}, "observation": {"remainingOverageTime": 60, "index": 3}, "status": "ACTIVE"}], [{"action": "NORTH", "reward": 501, "info": {}, "observation": {"remainingOverageTime": 60, "step": 67, "geese": [[], [2, 13, 24, 35, 46, 57, 56, 45, 34], [], [3, 14, 25, 36, 47, 48, 59, 60, 49, 50, 61, 62, 63, 52, 53, 64, 75]], "food": [21, 5], "index": 0}, "status": "DONE"}, {"action": "NORTH", "reward": 6809, "info": {}, "observation": {"remainingOverageTime": 60, "index": 1}, "status": "ACTIVE"}, {"action": "NORTH", "reward": 1101, "info": {}, "observation": {"remainingOverageTime": 60, "index": 2}, "status": "DONE"}, {"action": "NORTH", "reward": 6817, "info": {}, "observation": {"remainingOverageTime": 60, "index": 3}, "status": "ACTIVE"}], [{"action": "NORTH", "reward": 501, "info": {}, "observation": {"remainingOverageTime": 60, "step": 68, "geese": [[], [1, 2, 13, 24, 35, 46, 57, 56, 45], [], [4, 3, 14, 25, 36, 47, 48, 59, 60, 49, 50, 61, 62, 63, 52, 53, 64]], "food": [21, 5], "index": 0}, "status": "DONE"}, {"action": "WEST", "reward": 6909, "info": {}, "observation": {"remainingOverageTime": 60, "index": 1}, "status": "ACTIVE"}, {"action": "NORTH", "reward": 1101, "info": {}, "observation": {"remainingOverageTime": 60, "index": 2}, "status": "DONE"}, {"action": "EAST", "reward": 6917, "info": {}, "observation": {"remainingOverageTime": 60, "index": 3}, "status": "ACTIVE"}], [{"action": "NORTH", "reward": 501, "info": {}, "observation": {"remainingOverageTime": 60, "step": 69, "geese": [[], [12, 1, 2, 13, 24, 35, 46, 57, 56], [], [5, 4, 3, 14, 25, 36, 47, 48, 59, 60, 49, 50, 61, 62, 63, 52, 53, 64]], "food": [21, 42], "index": 0}, "status": "DONE"}, {"action": "SOUTH", "reward": 7009, "info": {}, "observation": {"remainingOverageTime": 60, "index": 1}, "status": "ACTIVE"}, {"action": "NORTH", "reward": 1101, "info": {}, "observation": {"remainingOverageTime": 60, "index": 2}, "status": "DONE"}, {"action": "EAST", "reward": 7018, "info": {}, "observation": {"remainingOverageTime": 60, "index": 3}, "status": "ACTIVE"}], [{"action": "NORTH", "reward": 501, "info": {}, "observation": {"remainingOverageTime": 60, "step": 70, "geese": [[], [23, 12, 1, 2, 13, 24, 35, 46, 57], [], [6, 5, 4, 3, 14, 25, 36, 47, 48, 59, 60, 49, 50, 61, 62, 63, 52, 53]], "food": [21, 42], "index": 0}, "status": "DONE"}, {"action": "SOUTH", "reward": 7109, "info": {}, "observation": {"remainingOverageTime": 60, "index": 1}, "status": "ACTIVE"}, {"action": "NORTH", "reward": 1101, "info": {}, "observation": {"remainingOverageTime": 60, "index": 2}, "status": "DONE"}, {"action": "EAST", "reward": 7118, "info": {}, "observation": {"remainingOverageTime": 60, "index": 3}, "status": "ACTIVE"}], [{"action": "NORTH", "reward": 501, "info": {}, "observation": {"remainingOverageTime": 60, "step": 71, "geese": [[], [34, 23, 12, 1, 2, 13, 24, 35, 46], [], [7, 6, 5, 4, 3, 14, 25, 36, 47, 48, 59, 60, 49, 50, 61, 62, 63, 52]], "food": [21, 42], "index": 0}, "status": "DONE"}, {"action": "SOUTH", "reward": 7209, "info": {}, "observation": {"remainingOverageTime": 60, "index": 1}, "status": "ACTIVE"}, {"action": "NORTH", "reward": 1101, "info": {}, "observation": {"remainingOverageTime": 60, "index": 2}, "status": "DONE"}, {"action": "EAST", "reward": 7218, "info": {}, "observation": {"remainingOverageTime": 60, "index": 3}, "status": "ACTIVE"}], [{"action": "NORTH", "reward": 501, "info": {}, "observation": {"remainingOverageTime": 60, "step": 72, "geese": [[], [45, 34, 23, 12, 1, 2, 13, 24, 35], [], [8, 7, 6, 5, 4, 3, 14, 25, 36, 47, 48, 59, 60, 49, 50, 61, 62, 63]], "food": [21, 42], "index": 0}, "status": "DONE"}, {"action": "SOUTH", "reward": 7309, "info": {}, "observation": {"remainingOverageTime": 60, "index": 1}, "status": "ACTIVE"}, {"action": "NORTH", "reward": 1101, "info": {}, "observation": {"remainingOverageTime": 60, "index": 2}, "status": "DONE"}, {"action": "EAST", "reward": 7318, "info": {}, "observation": {"remainingOverageTime": 60, "index": 3}, "status": "ACTIVE"}], [{"action": "NORTH", "reward": 501, "info": {}, "observation": {"remainingOverageTime": 60, "step": 73, "geese": [[], [46, 45, 34, 23, 12, 1, 2, 13, 24], [], [9, 8, 7, 6, 5, 4, 3, 14, 25, 36, 47, 48, 59, 60, 49, 50, 61, 62]], "food": [21, 42], "index": 0}, "status": "DONE"}, {"action": "EAST", "reward": 7409, "info": {}, "observation": {"remainingOverageTime": 60, "index": 1}, "status": "ACTIVE"}, {"action": "NORTH", "reward": 1101, "info": {}, "observation": {"remainingOverageTime": 60, "index": 2}, "status": "DONE"}, {"action": "EAST", "reward": 7418, "info": {}, "observation": {"remainingOverageTime": 60, "index": 3}, "status": "ACTIVE"}], [{"action": "NORTH", "reward": 501, "info": {}, "observation": {"remainingOverageTime": 60, "step": 74, "geese": [[], [35, 46, 45, 34, 23, 12, 1, 2, 13], [], [10, 9, 8, 7, 6, 5, 4, 3, 14, 25, 36, 47, 48, 59, 60, 49, 50, 61]], "food": [21, 42], "index": 0}, "status": "DONE"}, {"action": "NORTH", "reward": 7509, "info": {}, "observation": {"remainingOverageTime": 60, "index": 1}, "status": "ACTIVE"}, {"action": "NORTH", "reward": 1101, "info": {}, "observation": {"remainingOverageTime": 60, "index": 2}, "status": "DONE"}, {"action": "EAST", "reward": 7518, "info": {}, "observation": {"remainingOverageTime": 60, "index": 3}, "status": "ACTIVE"}], [{"action": "NORTH", "reward": 501, "info": {}, "observation": {"remainingOverageTime": 60, "step": 75, "geese": [[], [24, 35, 46, 45, 34, 23, 12, 1, 2], [], [21, 10, 9, 8, 7, 6, 5, 4, 3, 14, 25, 36, 47, 48, 59, 60, 49, 50, 61]], "food": [42, 65], "index": 0}, "status": "DONE"}, {"action": "NORTH", "reward": 7609, "info": {}, "observation": {"remainingOverageTime": 60, "index": 1}, "status": "ACTIVE"}, {"action": "NORTH", "reward": 1101, "info": {}, "observation": {"remainingOverageTime": 60, "index": 2}, "status": "DONE"}, {"action": "SOUTH", "reward": 7619, "info": {}, "observation": {"remainingOverageTime": 60, "index": 3}, "status": "ACTIVE"}], [{"action": "NORTH", "reward": 501, "info": {}, "observation": {"remainingOverageTime": 60, "step": 76, "geese": [[], [13, 24, 35, 46, 45, 34, 23, 12, 1], [], [32, 21, 10, 9, 8, 7, 6, 5, 4, 3, 14, 25, 36, 47, 48, 59, 60, 49, 50]], "food": [42, 65], "index": 0}, "status": "DONE"}, {"action": "NORTH", "reward": 7709, "info": {}, "observation": {"remainingOverageTime": 60, "index": 1}, "status": "ACTIVE"}, {"action": "NORTH", "reward": 1101, "info": {}, "observation": {"remainingOverageTime": 60, "index": 2}, "status": "DONE"}, {"action": "SOUTH", "reward": 7719, "info": {}, "observation": {"remainingOverageTime": 60, "index": 3}, "status": "ACTIVE"}], [{"action": "NORTH", "reward": 501, "info": {}, "observation": {"remainingOverageTime": 60, "step": 77, "geese": [[], [2, 13, 24, 35, 46, 45, 34, 23, 12], [], [43, 32, 21, 10, 9, 8, 7, 6, 5, 4, 3, 14, 25, 36, 47, 48, 59, 60, 49]], "food": [42, 65], "index": 0}, "status": "DONE"}, {"action": "NORTH", "reward": 7809, "info": {}, "observation": {"remainingOverageTime": 60, "index": 1}, "status": "ACTIVE"}, {"action": "NORTH", "reward": 1101, "info": {}, "observation": {"remainingOverageTime": 60, "index": 2}, "status": "DONE"}, {"action": "SOUTH", "reward": 7819, "info": {}, "observation": {"remainingOverageTime": 60, "index": 3}, "status": "ACTIVE"}], [{"action": "NORTH", "reward": 501, "info": {}, "observation": {"remainingOverageTime": 60, "step": 78, "geese": [[], [68, 2, 13, 24, 35, 46, 45, 34, 23], [], [42, 43, 32, 21, 10, 9, 8, 7, 6, 5, 4, 3, 14, 25, 36, 47, 48, 59, 60, 49]], "food": [65, 15], "index": 0}, "status": "DONE"}, {"action": "NORTH", "reward": 7909, "info": {}, "observation": {"remainingOverageTime": 60, "index": 1}, "status": "ACTIVE"}, {"action": "NORTH", "reward": 1101, "info": {}, "observation": {"remainingOverageTime": 60, "index": 2}, "status": "DONE"}, {"action": "WEST", "reward": 7920, "info": {}, "observation": {"remainingOverageTime": 60, "index": 3}, "status": "ACTIVE"}], [{"action": "NORTH", "reward": 501, "info": {}, "observation": {"remainingOverageTime": 60, "step": 79, "geese": [[], [57, 68, 2, 13, 24, 35, 46, 45, 34], [], [53, 42, 43, 32, 21, 10, 9, 8, 7, 6, 5, 4, 3, 14, 25, 36, 47, 48, 59, 60]], "food": [65, 15], "index": 0}, "status": "DONE"}, {"action": "NORTH", "reward": 8009, "info": {}, "observation": {"remainingOverageTime": 60, "index": 1}, "status": "ACTIVE"}, {"action": "NORTH", "reward": 1101, "info": {}, "observation": {"remainingOverageTime": 60, "index": 2}, "status": "DONE"}, {"action": "SOUTH", "reward": 8020, "info": {}, "observation": {"remainingOverageTime": 60, "index": 3}, "status": "ACTIVE"}], [{"action": "NORTH", "reward": 501, "info": {}, "observation": {"remainingOverageTime": 60, "step": 80, "geese": [[], [58, 57, 68, 2, 13, 24, 35, 46], [], [54, 53, 42, 43, 32, 21, 10, 9, 8, 7, 6, 5, 4, 3, 14, 25, 36, 47, 48]], "food": [65, 15], "index": 0}, "status": "DONE"}, {"action": "EAST", "reward": 8108, "info": {}, "observation": {"remainingOverageTime": 60, "index": 1}, "status": "ACTIVE"}, {"action": "NORTH", "reward": 1101, "info": {}, "observation": {"remainingOverageTime": 60, "index": 2}, "status": "DONE"}, {"action": "EAST", "reward": 8119, "info": {}, "observation": {"remainingOverageTime": 60, "index": 3}, "status": "ACTIVE"}], [{"action": "NORTH", "reward": 501, "info": {}, "observation": {"remainingOverageTime": 60, "step": 81, "geese": [[], [59, 58, 57, 68, 2, 13, 24, 35], [], [44, 54, 53, 42, 43, 32, 21, 10, 9, 8, 7, 6, 5, 4, 3, 14, 25, 36, 47]], "food": [65, 15], "index": 0}, "status": "DONE"}, {"action": "EAST", "reward": 8208, "info": {}, "observation": {"remainingOverageTime": 60, "index": 1}, "status": "ACTIVE"}, {"action": "NORTH", "reward": 1101, "info": {}, "observation": {"remainingOverageTime": 60, "index": 2}, "status": "DONE"}, {"action": "EAST", "reward": 8219, "info": {}, "observation": {"remainingOverageTime": 60, "index": 3}, "status": "ACTIVE"}], [{"action": "NORTH", "reward": 501, "info": {}, "observation": {"remainingOverageTime": 60, "step": 82, "geese": [[], [48, 59, 58, 57, 68, 2, 13, 24], [], [33, 44, 54, 53, 42, 43, 32, 21, 10, 9, 8, 7, 6, 5, 4, 3, 14, 25, 36]], "food": [65, 15], "index": 0}, "status": "DONE"}, {"action": "NORTH", "reward": 8308, "info": {}, "observation": {"remainingOverageTime": 60, "index": 1}, "status": "ACTIVE"}, {"action": "NORTH", "reward": 1101, "info": {}, "observation": {"remainingOverageTime": 60, "index": 2}, "status": "DONE"}, {"action": "NORTH", "reward": 8319, "info": {}, "observation": {"remainingOverageTime": 60, "index": 3}, "status": "ACTIVE"}], [{"action": "NORTH", "reward": 501, "info": {}, "observation": {"remainingOverageTime": 60, "step": 83, "geese": [[], [37, 48, 59, 58, 57, 68, 2, 13], [], [22, 33, 44, 54, 53, 42, 43, 32, 21, 10, 9, 8, 7, 6, 5, 4, 3, 14, 25]], "food": [65, 15], "index": 0}, "status": "DONE"}, {"action": "NORTH", "reward": 8408, "info": {}, "observation": {"remainingOverageTime": 60, "index": 1}, "status": "ACTIVE"}, {"action": "NORTH", "reward": 1101, "info": {}, "observation": {"remainingOverageTime": 60, "index": 2}, "status": "DONE"}, {"action": "NORTH", "reward": 8419, "info": {}, "observation": {"remainingOverageTime": 60, "index": 3}, "status": "ACTIVE"}], [{"action": "NORTH", "reward": 501, "info": {}, "observation": {"remainingOverageTime": 60, "step": 84, "geese": [[], [26, 37, 48, 59, 58, 57, 68, 2], [], [11, 22, 33, 44, 54, 53, 42, 43, 32, 21, 10, 9, 8, 7, 6, 5, 4, 3, 14]], "food": [65, 15], "index": 0}, "status": "DONE"}, {"action": "NORTH", "reward": 8508, "info": {}, "observation": {"remainingOverageTime": 60, "index": 1}, "status": "ACTIVE"}, {"action": "NORTH", "reward": 1101, "info": {}, "observation": {"remainingOverageTime": 60, "index": 2}, "status": "DONE"}, {"action": "NORTH", "reward": 8519, "info": {}, "observation": {"remainingOverageTime": 60, "index": 3}, "status": "ACTIVE"}], [{"action": "NORTH", "reward": 501, "info": {}, "observation": {"remainingOverageTime": 60, "step": 85, "geese": [[], [15, 26, 37, 48, 59, 58, 57, 68, 2], [], [12, 11, 22, 33, 44, 54, 53, 42, 43, 32, 21, 10, 9, 8, 7, 6, 5, 4, 3]], "food": [65, 50], "index": 0}, "status": "DONE"}, {"action": "NORTH", "reward": 8609, "info": {}, "observation": {"remainingOverageTime": 60, "index": 1}, "status": "ACTIVE"}, {"action": "NORTH", "reward": 1101, "info": {}, "observation": {"remainingOverageTime": 60, "index": 2}, "status": "DONE"}, {"action": "EAST", "reward": 8619, "info": {}, "observation": {"remainingOverageTime": 60, "index": 3}, "status": "ACTIVE"}], [{"action": "NORTH", "reward": 501, "info": {}, "observation": {"remainingOverageTime": 60, "step": 86, "geese": [[], [16, 15, 26, 37, 48, 59, 58, 57, 68], [], [13, 12, 11, 22, 33, 44, 54, 53, 42, 43, 32, 21, 10, 9, 8, 7, 6, 5, 4]], "food": [65, 50], "index": 0}, "status": "DONE"}, {"action": "EAST", "reward": 8709, "info": {}, "observation": {"remainingOverageTime": 60, "index": 1}, "status": "ACTIVE"}, {"action": "NORTH", "reward": 1101, "info": {}, "observation": {"remainingOverageTime": 60, "index": 2}, "status": "DONE"}, {"action": "EAST", "reward": 8719, "info": {}, "observation": {"remainingOverageTime": 60, "index": 3}, "status": "ACTIVE"}], [{"action": "NORTH", "reward": 501, "info": {}, "observation": {"remainingOverageTime": 60, "step": 87, "geese": [[], [17, 16, 15, 26, 37, 48, 59, 58, 57], [], [14, 13, 12, 11, 22, 33, 44, 54, 53, 42, 43, 32, 21, 10, 9, 8, 7, 6, 5]], "food": [65, 50], "index": 0}, "status": "DONE"}, {"action": "EAST", "reward": 8809, "info": {}, "observation": {"remainingOverageTime": 60, "index": 1}, "status": "ACTIVE"}, {"action": "NORTH", "reward": 1101, "info": {}, "observation": {"remainingOverageTime": 60, "index": 2}, "status": "DONE"}, {"action": "EAST", "reward": 8819, "info": {}, "observation": {"remainingOverageTime": 60, "index": 3}, "status": "ACTIVE"}], [{"action": "NORTH", "reward": 501, "info": {}, "observation": {"remainingOverageTime": 60, "step": 88, "geese": [[], [28, 17, 16, 15, 26, 37, 48, 59, 58], [], [25, 14, 13, 12, 11, 22, 33, 44, 54, 53, 42, 43, 32, 21, 10, 9, 8, 7, 6]], "food": [65, 50], "index": 0}, "status": "DONE"}, {"action": "SOUTH", "reward": 8909, "info": {}, "observation": {"remainingOverageTime": 60, "index": 1}, "status": "ACTIVE"}, {"action": "NORTH", "reward": 1101, "info": {}, "observation": {"remainingOverageTime": 60, "index": 2}, "status": "DONE"}, {"action": "SOUTH", "reward": 8919, "info": {}, "observation": {"remainingOverageTime": 60, "index": 3}, "status": "ACTIVE"}], [{"action": "NORTH", "reward": 501, "info": {}, "observation": {"remainingOverageTime": 60, "step": 89, "geese": [[], [39, 28, 17, 16, 15, 26, 37, 48, 59], [], [36, 25, 14, 13, 12, 11, 22, 33, 44, 54, 53, 42, 43, 32, 21, 10, 9, 8, 7]], "food": [65, 50], "index": 0}, "status": "DONE"}, {"action": "SOUTH", "reward": 9009, "info": {}, "observation": {"remainingOverageTime": 60, "index": 1}, "status": "ACTIVE"}, {"action": "NORTH", "reward": 1101, "info": {}, "observation": {"remainingOverageTime": 60, "index": 2}, "status": "DONE"}, {"action": "SOUTH", "reward": 9019, "info": {}, "observation": {"remainingOverageTime": 60, "index": 3}, "status": "ACTIVE"}], [{"action": "NORTH", "reward": 501, "info": {}, "observation": {"remainingOverageTime": 60, "step": 90, "geese": [[], [50, 39, 28, 17, 16, 15, 26, 37, 48, 59], [], [47, 36, 25, 14, 13, 12, 11, 22, 33, 44, 54, 53, 42, 43, 32, 21, 10, 9, 8]], "food": [65, 30], "index": 0}, "status": "DONE"}, {"action": "SOUTH", "reward": 9110, "info": {}, "observation": {"remainingOverageTime": 60, "index": 1}, "status": "ACTIVE"}, {"action": "NORTH", "reward": 1101, "info": {}, "observation": {"remainingOverageTime": 60, "index": 2}, "status": "DONE"}, {"action": "SOUTH", "reward": 9119, "info": {}, "observation": {"remainingOverageTime": 60, "index": 3}, "status": "ACTIVE"}], [{"action": "NORTH", "reward": 501, "info": {}, "observation": {"remainingOverageTime": 60, "step": 91, "geese": [[], [51, 50, 39, 28, 17, 16, 15, 26, 37, 48], [], [58, 47, 36, 25, 14, 13, 12, 11, 22, 33, 44, 54, 53, 42, 43, 32, 21, 10, 9]], "food": [65, 30], "index": 0}, "status": "DONE"}, {"action": "EAST", "reward": 9210, "info": {}, "observation": {"remainingOverageTime": 60, "index": 1}, "status": "ACTIVE"}, {"action": "NORTH", "reward": 1101, "info": {}, "observation": {"remainingOverageTime": 60, "index": 2}, "status": "DONE"}, {"action": "SOUTH", "reward": 9219, "info": {}, "observation": {"remainingOverageTime": 60, "index": 3}, "status": "ACTIVE"}], [{"action": "NORTH", "reward": 501, "info": {}, "observation": {"remainingOverageTime": 60, "step": 92, "geese": [[], [40, 51, 50, 39, 28, 17, 16, 15, 26, 37], [], [59, 58, 47, 36, 25, 14, 13, 12, 11, 22, 33, 44, 54, 53, 42, 43, 32, 21, 10]], "food": [65, 30], "index": 0}, "status": "DONE"}, {"action": "NORTH", "reward": 9310, "info": {}, "observation": {"remainingOverageTime": 60, "index": 1}, "status": "ACTIVE"}, {"action": "NORTH", "reward": 1101, "info": {}, "observation": {"remainingOverageTime": 60, "index": 2}, "status": "DONE"}, {"action": "EAST", "reward": 9319, "info": {}, "observation": {"remainingOverageTime": 60, "index": 3}, "status": "ACTIVE"}], [{"action": "NORTH", "reward": 501, "info": {}, "observation": {"remainingOverageTime": 60, "step": 93, "geese": [[], [29, 40, 51, 50, 39, 28, 17, 16, 15, 26], [], [60, 59, 58, 47, 36, 25, 14, 13, 12, 11, 22, 33, 44, 54, 53, 42, 43, 32, 21]], "food": [65, 30], "index": 0}, "status": "DONE"}, {"action": "NORTH", "reward": 9410, "info": {}, "observation": {"remainingOverageTime": 60, "index": 1}, "status": "ACTIVE"}, {"action": "NORTH", "reward": 1101, "info": {}, "observation": {"remainingOverageTime": 60, "index": 2}, "status": "DONE"}, {"action": "EAST", "reward": 9419, "info": {}, "observation": {"remainingOverageTime": 60, "index": 3}, "status": "ACTIVE"}], [{"action": "NORTH", "reward": 501, "info": {}, "observation": {"remainingOverageTime": 60, "step": 94, "geese": [[], [30, 29, 40, 51, 50, 39, 28, 17, 16, 15, 26], [], [61, 60, 59, 58, 47, 36, 25, 14, 13, 12, 11, 22, 33, 44, 54, 53, 42, 43, 32]], "food": [65, 57], "index": 0}, "status": "DONE"}, {"action": "EAST", "reward": 9511, "info": {}, "observation": {"remainingOverageTime": 60, "index": 1}, "status": "ACTIVE"}, {"action": "NORTH", "reward": 1101, "info": {}, "observation": {"remainingOverageTime": 60, "index": 2}, "status": "DONE"}, {"action": "EAST", "reward": 9519, "info": {}, "observation": {"remainingOverageTime": 60, "index": 3}, "status": "ACTIVE"}], [{"action": "NORTH", "reward": 501, "info": {}, "observation": {"remainingOverageTime": 60, "step": 95, "geese": [[], [31, 30, 29, 40, 51, 50, 39, 28, 17, 16, 15], [], [62, 61, 60, 59, 58, 47, 36, 25, 14, 13, 12, 11, 22, 33, 44, 54, 53, 42, 43]], "food": [65, 57], "index": 0}, "status": "DONE"}, {"action": "EAST", "reward": 9611, "info": {}, "observation": {"remainingOverageTime": 60, "index": 1}, "status": "ACTIVE"}, {"action": "NORTH", "reward": 1101, "info": {}, "observation": {"remainingOverageTime": 60, "index": 2}, "status": "DONE"}, {"action": "EAST", "reward": 9619, "info": {}, "observation": {"remainingOverageTime": 60, "index": 3}, "status": "ACTIVE"}], [{"action": "NORTH", "reward": 501, "info": {}, "observation": {"remainingOverageTime": 60, "step": 96, "geese": [[], [32, 31, 30, 29, 40, 51, 50, 39, 28, 17, 16], [], [63, 62, 61, 60, 59, 58, 47, 36, 25, 14, 13, 12, 11, 22, 33, 44, 54, 53, 42]], "food": [65, 57], "index": 0}, "status": "DONE"}, {"action": "EAST", "reward": 9711, "info": {}, "observation": {"remainingOverageTime": 60, "index": 1}, "status": "ACTIVE"}, {"action": "NORTH", "reward": 1101, "info": {}, "observation": {"remainingOverageTime": 60, "index": 2}, "status": "DONE"}, {"action": "EAST", "reward": 9719, "info": {}, "observation": {"remainingOverageTime": 60, "index": 3}, "status": "ACTIVE"}], [{"action": "NORTH", "reward": 501, "info": {}, "observation": {"remainingOverageTime": 60, "step": 97, "geese": [[], [43, 32, 31, 30, 29, 40, 51, 50, 39, 28, 17], [], [64, 63, 62, 61, 60, 59, 58, 47, 36, 25, 14, 13, 12, 11, 22, 33, 44, 54, 53]], "food": [65, 57], "index": 0}, "status": "DONE"}, {"action": "SOUTH", "reward": 9811, "info": {}, "observation": {"remainingOverageTime": 60, "index": 1}, "status": "ACTIVE"}, {"action": "NORTH", "reward": 1101, "info": {}, "observation": {"remainingOverageTime": 60, "index": 2}, "status": "DONE"}, {"action": "EAST", "reward": 9819, "info": {}, "observation": {"remainingOverageTime": 60, "index": 3}, "status": "ACTIVE"}], [{"action": "NORTH", "reward": 501, "info": {}, "observation": {"remainingOverageTime": 60, "step": 98, "geese": [[], [42, 43, 32, 31, 30, 29, 40, 51, 50, 39, 28], [], [65, 64, 63, 62, 61, 60, 59, 58, 47, 36, 25, 14, 13, 12, 11, 22, 33, 44, 54, 53]], "food": [57, 16], "index": 0}, "status": "DONE"}, {"action": "WEST", "reward": 9911, "info": {}, "observation": {"remainingOverageTime": 60, "index": 1}, "status": "ACTIVE"}, {"action": "NORTH", "reward": 1101, "info": {}, "observation": {"remainingOverageTime": 60, "index": 2}, "status": "DONE"}, {"action": "EAST", "reward": 9920, "info": {}, "observation": {"remainingOverageTime": 60, "index": 3}, "status": "ACTIVE"}], [{"action": "NORTH", "reward": 501, "info": {}, "observation": {"remainingOverageTime": 60, "step": 99, "geese": [[], [41, 42, 43, 32, 31, 30, 29, 40, 51, 50, 39], [], [55, 65, 64, 63, 62, 61, 60, 59, 58, 47, 36, 25, 14, 13, 12, 11, 22, 33, 44, 54]], "food": [57, 16], "index": 0}, "status": "DONE"}, {"action": "WEST", "reward": 10011, "info": {}, "observation": {"remainingOverageTime": 60, "index": 1}, "status": "ACTIVE"}, {"action": "NORTH", "reward": 1101, "info": {}, "observation": {"remainingOverageTime": 60, "index": 2}, "status": "DONE"}, {"action": "EAST", "reward": 10020, "info": {}, "observation": {"remainingOverageTime": 60, "index": 3}, "status": "ACTIVE"}], [{"action": "NORTH", "reward": 501, "info": {}, "observation": {"remainingOverageTime": 60, "step": 100, "geese": [[], [52, 41, 42, 43, 32, 31, 30, 29, 40, 51, 50], [], [56, 55, 65, 64, 63, 62, 61, 60, 59, 58, 47, 36, 25, 14, 13, 12, 11, 22, 33, 44]], "food": [57, 16], "index": 0}, "status": "DONE"}, {"action": "SOUTH", "reward": 10111, "info": {}, "observation": {"remainingOverageTime": 60, "index": 1}, "status": "ACTIVE"}, {"action": "NORTH", "reward": 1101, "info": {}, "observation": {"remainingOverageTime": 60, "index": 2}, "status": "DONE"}, {"action": "EAST", "reward": 10120, "info": {}, "observation": {"remainingOverageTime": 60, "index": 3}, "status": "ACTIVE"}], [{"action": "NORTH", "reward": 501, "info": {}, "observation": {"remainingOverageTime": 60, "step": 101, "geese": [[], [53, 52, 41, 42, 43, 32, 31, 30, 29, 40, 51], [], [57, 56, 55, 65, 64, 63, 62, 61, 60, 59, 58, 47, 36, 25, 14, 13, 12, 11, 22, 33, 44]], "food": [16, 26], "index": 0}, "status": "DONE"}, {"action": "EAST", "reward": 10211, "info": {}, "observation": {"remainingOverageTime": 60, "index": 1}, "status": "ACTIVE"}, {"action": "NORTH", "reward": 1101, "info": {}, "observation": {"remainingOverageTime": 60, "index": 2}, "status": "DONE"}, {"action": "EAST", "reward": 10221, "info": {}, "observation": {"remainingOverageTime": 60, "index": 3}, "status": "ACTIVE"}], [{"action": "NORTH", "reward": 501, "info": {}, "observation": {"remainingOverageTime": 60, "step": 102, "geese": [[], [54, 53, 52, 41, 42, 43, 32, 31, 30, 29, 40], [], [68, 57, 56, 55, 65, 64, 63, 62, 61, 60, 59, 58, 47, 36, 25, 14, 13, 12, 11, 22, 33]], "food": [16, 26], "index": 0}, "status": "DONE"}, {"action": "EAST", "reward": 10311, "info": {}, "observation": {"remainingOverageTime": 60, "index": 1}, "status": "ACTIVE"}, {"action": "NORTH", "reward": 1101, "info": {}, "observation": {"remainingOverageTime": 60, "index": 2}, "status": "DONE"}, {"action": "SOUTH", "reward": 10321, "info": {}, "observation": {"remainingOverageTime": 60, "index": 3}, "status": "ACTIVE"}], [{"action": "NORTH", "reward": 501, "info": {}, "observation": {"remainingOverageTime": 60, "step": 103, "geese": [[], [44, 54, 53, 52, 41, 42, 43, 32, 31, 30, 29], [], [2, 68, 57, 56, 55, 65, 64, 63, 62, 61, 60, 59, 58, 47, 36, 25, 14, 13, 12, 11, 22]], "food": [16, 26], "index": 0}, "status": "DONE"}, {"action": "EAST", "reward": 10411, "info": {}, "observation": {"remainingOverageTime": 60, "index": 1}, "status": "ACTIVE"}, {"action": "NORTH", "reward": 1101, "info": {}, "observation": {"remainingOverageTime": 60, "index": 2}, "status": "DONE"}, {"action": "SOUTH", "reward": 10421, "info": {}, "observation": {"remainingOverageTime": 60, "index": 3}, "status": "ACTIVE"}], [{"action": "NORTH", "reward": 501, "info": {}, "observation": {"remainingOverageTime": 60, "step": 104, "geese": [[], [33, 44, 54, 53, 52, 41, 42, 43, 32, 31, 30], [], [3, 2, 68, 57, 56, 55, 65, 64, 63, 62, 61, 60, 59, 58, 47, 36, 25, 14, 13, 12, 11]], "food": [16, 26], "index": 0}, "status": "DONE"}, {"action": "NORTH", "reward": 10511, "info": {}, "observation": {"remainingOverageTime": 60, "index": 1}, "status": "ACTIVE"}, {"action": "NORTH", "reward": 1101, "info": {}, "observation": {"remainingOverageTime": 60, "index": 2}, "status": "DONE"}, {"action": "EAST", "reward": 10521, "info": {}, "observation": {"remainingOverageTime": 60, "index": 3}, "status": "ACTIVE"}], [{"action": "NORTH", "reward": 501, "info": {}, "observation": {"remainingOverageTime": 60, "step": 105, "geese": [[], [22, 33, 44, 54, 53, 52, 41, 42, 43, 32, 31], [], [4, 3, 2, 68, 57, 56, 55, 65, 64, 63, 62, 61, 60, 59, 58, 47, 36, 25, 14, 13, 12]], "food": [16, 26], "index": 0}, "status": "DONE"}, {"action": "NORTH", "reward": 10611, "info": {}, "observation": {"remainingOverageTime": 60, "index": 1}, "status": "ACTIVE"}, {"action": "NORTH", "reward": 1101, "info": {}, "observation": {"remainingOverageTime": 60, "index": 2}, "status": "DONE"}, {"action": "EAST", "reward": 10621, "info": {}, "observation": {"remainingOverageTime": 60, "index": 3}, "status": "ACTIVE"}], [{"action": "NORTH", "reward": 501, "info": {}, "observation": {"remainingOverageTime": 60, "step": 106, "geese": [[], [23, 22, 33, 44, 54, 53, 52, 41, 42, 43, 32], [], [5, 4, 3, 2, 68, 57, 56, 55, 65, 64, 63, 62, 61, 60, 59, 58, 47, 36, 25, 14, 13]], "food": [16, 26], "index": 0}, "status": "DONE"}, {"action": "EAST", "reward": 10711, "info": {}, "observation": {"remainingOverageTime": 60, "index": 1}, "status": "ACTIVE"}, {"action": "NORTH", "reward": 1101, "info": {}, "observation": {"remainingOverageTime": 60, "index": 2}, "status": "DONE"}, {"action": "EAST", "reward": 10721, "info": {}, "observation": {"remainingOverageTime": 60, "index": 3}, "status": "ACTIVE"}], [{"action": "NORTH", "reward": 501, "info": {}, "observation": {"remainingOverageTime": 60, "step": 107, "geese": [[], [24, 23, 22, 33, 44, 54, 53, 52, 41, 42, 43], [], [6, 5, 4, 3, 2, 68, 57, 56, 55, 65, 64, 63, 62, 61, 60, 59, 58, 47, 36, 25, 14]], "food": [16, 26], "index": 0}, "status": "DONE"}, {"action": "EAST", "reward": 10811, "info": {}, "observation": {"remainingOverageTime": 60, "index": 1}, "status": "ACTIVE"}, {"action": "NORTH", "reward": 1101, "info": {}, "observation": {"remainingOverageTime": 60, "index": 2}, "status": "DONE"}, {"action": "EAST", "reward": 10821, "info": {}, "observation": {"remainingOverageTime": 60, "index": 3}, "status": "ACTIVE"}], [{"action": "NORTH", "reward": 501, "info": {}, "observation": {"remainingOverageTime": 60, "step": 108, "geese": [[], [35, 24, 23, 22, 33, 44, 54, 53, 52, 41, 42], [], [7, 6, 5, 4, 3, 2, 68, 57, 56, 55, 65, 64, 63, 62, 61, 60, 59, 58, 47, 36, 25]], "food": [16, 26], "index": 0}, "status": "DONE"}, {"action": "SOUTH", "reward": 10911, "info": {}, "observation": {"remainingOverageTime": 60, "index": 1}, "status": "ACTIVE"}, {"action": "NORTH", "reward": 1101, "info": {}, "observation": {"remainingOverageTime": 60, "index": 2}, "status": "DONE"}, {"action": "EAST", "reward": 10921, "info": {}, "observation": {"remainingOverageTime": 60, "index": 3}, "status": "ACTIVE"}], [{"action": "NORTH", "reward": 501, "info": {}, "observation": {"remainingOverageTime": 60, "step": 109, "geese": [[], [46, 35, 24, 23, 22, 33, 44, 54, 53, 52, 41], [], [18, 7, 6, 5, 4, 3, 2, 68, 57, 56, 55, 65, 64, 63, 62, 61, 60, 59, 58, 47, 36]], "food": [16, 26], "index": 0}, "status": "DONE"}, {"action": "SOUTH", "reward": 11011, "info": {}, "observation": {"remainingOverageTime": 60, "index": 1}, "status": "ACTIVE"}, {"action": "NORTH", "reward": 1101, "info": {}, "observation": {"remainingOverageTime": 60, "index": 2}, "status": "DONE"}, {"action": "SOUTH", "reward": 11021, "info": {}, "observation": {"remainingOverageTime": 60, "index": 3}, "status": "ACTIVE"}], [{"action": "NORTH", "reward": 501, "info": {}, "observation": {"remainingOverageTime": 60, "step": 110, "geese": [[], [45, 46, 35, 24, 23, 22, 33, 44, 54, 53, 52], [], [17, 18, 7, 6, 5, 4, 3, 2, 68, 57, 56, 55, 65, 64, 63, 62, 61, 60, 59, 58, 47]], "food": [16, 26], "index": 0}, "status": "DONE"}, {"action": "WEST", "reward": 11111, "info": {}, "observation": {"remainingOverageTime": 60, "index": 1}, "status": "ACTIVE"}, {"action": "NORTH", "reward": 1101, "info": {}, "observation": {"remainingOverageTime": 60, "index": 2}, "status": "DONE"}, {"action": "WEST", "reward": 11121, "info": {}, "observation": {"remainingOverageTime": 60, "index": 3}, "status": "ACTIVE"}], [{"action": "NORTH", "reward": 501, "info": {}, "observation": {"remainingOverageTime": 60, "step": 111, "geese": [[], [34, 45, 46, 35, 24, 23, 22, 33, 44, 54, 53], [], [16, 17, 18, 7, 6, 5, 4, 3, 2, 68, 57, 56, 55, 65, 64, 63, 62, 61, 60, 59, 58, 47]], "food": [26, 67], "index": 0}, "status": "DONE"}, {"action": "NORTH", "reward": 11211, "info": {}, "observation": {"remainingOverageTime": 60, "index": 1}, "status": "ACTIVE"}, {"action": "NORTH", "reward": 1101, "info": {}, "observation": {"remainingOverageTime": 60, "index": 2}, "status": "DONE"}, {"action": "WEST", "reward": 11222, "info": {}, "observation": {"remainingOverageTime": 60, "index": 3}, "status": "ACTIVE"}], [{"action": "NORTH", "reward": 501, "info": {}, "observation": {"remainingOverageTime": 60, "step": 112, "geese": [[], [], [], [15, 16, 17, 18, 7, 6, 5, 4, 3, 2, 68, 57, 56, 55, 65, 64, 63, 62, 61, 60, 59, 58]], "food": [26, 67], "index": 0}, "status": "DONE"}, {"action": "NORTH", "reward": 11211, "info": {}, "observation": {"remainingOverageTime": 60, "index": 1}, "status": "DONE"}, {"action": "NORTH", "reward": 1101, "info": {}, "observation": {"remainingOverageTime": 60, "index": 2}, "status": "DONE"}, {"action": "WEST", "reward": 11322, "info": {}, "observation": {"remainingOverageTime": 60, "index": 3}, "status": "DONE"}]], "rewards": [501, 11211, 1101, 11322], "statuses": ["DONE", "DONE", "DONE", "DONE"], "schema_version": 1, "info": {}}