{"id": "582315a0-db08-11ee-b332-0242ac1c000c", "name": "hungry_geese", "title": "Hungry Geese", "description": "Similar to the classic snake game with multiple players", "version": "1.0.0", "configuration": {"episodeSteps": 200, "actTimeout": 1, "runTimeout": 1200, "columns": 11, "rows": 7, "hunger_rate": 40, "min_food": 2, "max_length": 99}, "specification": {"action": {"description": "Direction to move the head of your players goose.", "type": "string", "enum": ["NORTH", "EAST", "SOUTH", "WEST"], "default": "NORTH"}, "agents": [1, 2, 3, 4, 5, 6, 7, 8], "configuration": {"episodeSteps": {"description": "Maximum number of steps in the episode.", "type": "integer", "minimum": 1, "default": 200}, "actTimeout": {"description": "Maximum runtime (seconds) to obtain an action from an agent.", "type": "number", "minimum": 0, "default": 1}, "runTimeout": {"description": "Maximum runtime (seconds) of an episode (not necessarily DONE).", "type": "number", "minimum": 0, "default": 1200}, "columns": {"description": "Horizontal number of cells on the board.", "type": "integer", "default": 11, "minimum": 3}, "rows": {"description": "Vertical number of cells on the board.", "type": "integer", "default": 7, "minimum": 3}, "hunger_rate": {"description": "The number of steps before the goose shrinks a cell.", "type": "integer", "minimum": 1, "default": 40}, "min_food": {"description": "The minimum amount of food present for all steps.", "type": "integer", "default": 2, "minimum": 1}, "max_length": {"description": "The max length any goose can be. Total reward = (max length + 1) * steps survived + goose length.", "type": "integer", "default": 99}}, "info": {}, "observation": {"remainingOverageTime": {"description": "Total remaining banked time (seconds) that can be used in excess of per-step actTimeouts -- agent is disqualified with TIMEOUT status when this drops below 0.", "shared": false, "type": "number", "minimum": 0, "default": 60}, "step": {"description": "Current step within the episode.", "type": "integer", "shared": true, "minimum": 0, "default": 0}, "geese": {"description": "List of geese in order by the agent index.", "type": "array", "default": [], "shared": true}, "food": {"description": "Positions on the board where food is present.", "type": "array", "default": [], "shared": true}, "index": {"description": "Index of the current agent's goose in the list of geese.", "type": "integer", "minimum": 0, "defaults": [0, 1, 2, 3, 4, 5, 6, 7]}}, "reward": {"description": "steps survived * (max goose length + 1) + current goose length.", "type": ["number", "null"], "default": 0, "minimum": 0}}, "steps": [[{"action": "NORTH", "reward": 0, "info": {}, "observation": {"remainingOverageTime": 60, "step": 0, "geese": [[29], [13], [75], [18]], "food": [63, 70], "index": 0}, "status": "ACTIVE"}, {"action": "NORTH", "reward": 0, "info": {}, "observation": {"remainingOverageTime": 60, "index": 1}, "status": "ACTIVE"}, {"action": "NORTH", "reward": 0, "info": {}, "observation": {"remainingOverageTime": 60, "index": 2}, "status": "ACTIVE"}, {"action": "NORTH", "reward": 0, "info": {}, "observation": {"remainingOverageTime": 60, "index": 3}, "status": "ACTIVE"}], [{"action": "EAST", "reward": 201, "info": {}, "observation": {"remainingOverageTime": 60, "step": 1, "geese": [[30], [14], [64], [19]], "food": [63, 70], "index": 0}, "status": "ACTIVE"}, {"action": "EAST", "reward": 201, "info": {}, "observation": {"remainingOverageTime": 60, "index": 1}, "status": "ACTIVE"}, {"action": "NORTH", "reward": 201, "info": {}, "observation": {"remainingOverageTime": 60, "index": 2}, "status": "ACTIVE"}, {"action": "EAST", "reward": 201, "info": {}, "observation": {"remainingOverageTime": 60, "index": 3}, "status": "ACTIVE"}], [{"action": "SOUTH", "reward": 301, "info": {}, "observation": {"remainingOverageTime": 60, "step": 2, "geese": [[41], [15], [63, 64], [30]], "food": [70, 62], "index": 0}, "status": "ACTIVE"}, {"action": "EAST", "reward": 301, "info": {}, "observation": {"remainingOverageTime": 60, "index": 1}, "status": "ACTIVE"}, {"action": "WEST", "reward": 302, "info": {}, "observation": {"remainingOverageTime": 60, "index": 2}, "status": "ACTIVE"}, {"action": "SOUTH", "reward": 301, "info": {}, "observation": {"remainingOverageTime": 60, "index": 3}, "status": "ACTIVE"}], [{"action": "SOUTH", "reward": 401, "info": {}, "observation": {"remainingOverageTime": 60, "step": 3, "geese": [[52], [26], [62, 63, 64], [41]], "food": [70, 54], "index": 0}, "status": "ACTIVE"}, {"action": "SOUTH", "reward": 401, "info": {}, "observation": {"remainingOverageTime": 60, "index": 1}, "status": "ACTIVE"}, {"action": "WEST", "reward": 403, "info": {}, "observation": {"remainingOverageTime": 60, "index": 2}, "status": "ACTIVE"}, {"action": "SOUTH", "reward": 401, "info": {}, "observation": {"remainingOverageTime": 60, "index": 3}, "status": "ACTIVE"}], [{"action": "EAST", "reward": 501, "info": {}, "observation": {"remainingOverageTime": 60, "step": 4, "geese": [[53], [37], [73, 62, 63], [42]], "food": [70, 54], "index": 0}, "status": "ACTIVE"}, {"action": "SOUTH", "reward": 501, "info": {}, "observation": {"remainingOverageTime": 60, "index": 1}, "status": "ACTIVE"}, {"action": "SOUTH", "reward": 503, "info": {}, "observation": {"remainingOverageTime": 60, "index": 2}, "status": "ACTIVE"}, {"action": "EAST", "reward": 501, "info": {}, "observation": {"remainingOverageTime": 60, "index": 3}, "status": "ACTIVE"}], [{"action": "EAST", "reward": 602, "info": {}, "observation": {"remainingOverageTime": 60, "step": 5, "geese": [[54, 53], [], [72, 73, 62], [43]], "food": [70, 39], "index": 0}, "status": "ACTIVE"}, {"action": "NORTH", "reward": 501, "info": {}, "observation": {"remainingOverageTime": 60, "index": 1}, "status": "DONE"}, {"action": "WEST", "reward": 603, "info": {}, "observation": {"remainingOverageTime": 60, "index": 2}, "status": "ACTIVE"}, {"action": "EAST", "reward": 601, "info": {}, "observation": {"remainingOverageTime": 60, "index": 3}, "status": "ACTIVE"}], [{"action": "NORTH", "reward": 702, "info": {}, "observation": {"remainingOverageTime": 60, "step": 6, "geese": [[43, 54], [], [71, 72, 73], []], "food": [70, 39], "index": 0}, "status": "ACTIVE"}, {"action": "NORTH", "reward": 501, "info": {}, "observation": {"remainingOverageTime": 60, "index": 1}, "status": "DONE"}, {"action": "WEST", "reward": 703, "info": {}, "observation": {"remainingOverageTime": 60, "index": 2}, "status": "ACTIVE"}, {"action": "WEST", "reward": 601, "info": {}, "observation": {"remainingOverageTime": 60, "index": 3}, "status": "DONE"}], [{"action": "WEST", "reward": 802, "info": {}, "observation": {"remainingOverageTime": 60, "step": 7, "geese": [[42, 43], [], [70, 71, 72, 73], []], "food": [39, 2], "index": 0}, "status": "ACTIVE"}, {"action": "NORTH", "reward": 501, "info": {}, "observation": {"remainingOverageTime": 60, "index": 1}, "status": "DONE"}, {"action": "WEST", "reward": 804, "info": {}, "observation": {"remainingOverageTime": 60, "index": 2}, "status": "ACTIVE"}, {"action": "NORTH", "reward": 601, "info": {}, "observation": {"remainingOverageTime": 60, "index": 3}, "status": "DONE"}], [{"action": "WEST", "reward": 902, "info": {}, "observation": {"remainingOverageTime": 60, "step": 8, "geese": [[41, 42], [], [4, 70, 71, 72], []], "food": [39, 2], "index": 0}, "status": "ACTIVE"}, {"action": "NORTH", "reward": 501, "info": {}, "observation": {"remainingOverageTime": 60, "index": 1}, "status": "DONE"}, {"action": "SOUTH", "reward": 904, "info": {}, "observation": {"remainingOverageTime": 60, "index": 2}, "status": "ACTIVE"}, {"action": "NORTH", "reward": 601, "info": {}, "observation": {"remainingOverageTime": 60, "index": 3}, "status": "DONE"}], [{"action": "WEST", "reward": 1002, "info": {}, "observation": {"remainingOverageTime": 60, "step": 9, "geese": [[40, 41], [], [3, 4, 70, 71], []], "food": [39, 2], "index": 0}, "status": "ACTIVE"}, {"action": "NORTH", "reward": 501, "info": {}, "observation": {"remainingOverageTime": 60, "index": 1}, "status": "DONE"}, {"action": "WEST", "reward": 1004, "info": {}, "observation": {"remainingOverageTime": 60, "index": 2}, "status": "ACTIVE"}, {"action": "NORTH", "reward": 601, "info": {}, "observation": {"remainingOverageTime": 60, "index": 3}, "status": "DONE"}], [{"action": "WEST", "reward": 1103, "info": {}, "observation": {"remainingOverageTime": 60, "step": 10, "geese": [[39, 40, 41], [], [2, 3, 4, 70, 71], []], "food": [48, 17], "index": 0}, "status": "ACTIVE"}, {"action": "NORTH", "reward": 501, "info": {}, "observation": {"remainingOverageTime": 60, "index": 1}, "status": "DONE"}, {"action": "WEST", "reward": 1105, "info": {}, "observation": {"remainingOverageTime": 60, "index": 2}, "status": "ACTIVE"}, {"action": "NORTH", "reward": 601, "info": {}, "observation": {"remainingOverageTime": 60, "index": 3}, "status": "DONE"}], [{"action": "NORTH", "reward": 1203, "info": {}, "observation": {"remainingOverageTime": 60, "step": 11, "geese": [[28, 39, 40], [], [68, 2, 3, 4, 70], []], "food": [48, 17], "index": 0}, "status": "ACTIVE"}, {"action": "NORTH", "reward": 501, "info": {}, "observation": {"remainingOverageTime": 60, "index": 1}, "status": "DONE"}, {"action": "NORTH", "reward": 1205, "info": {}, "observation": {"remainingOverageTime": 60, "index": 2}, "status": "ACTIVE"}, {"action": "NORTH", "reward": 601, "info": {}, "observation": {"remainingOverageTime": 60, "index": 3}, "status": "DONE"}], [{"action": "NORTH", "reward": 1304, "info": {}, "observation": {"remainingOverageTime": 60, "step": 12, "geese": [[17, 28, 39, 40], [], [57, 68, 2, 3, 4], []], "food": [48, 7], "index": 0}, "status": "ACTIVE"}, {"action": "NORTH", "reward": 501, "info": {}, "observation": {"remainingOverageTime": 60, "index": 1}, "status": "DONE"}, {"action": "NORTH", "reward": 1305, "info": {}, "observation": {"remainingOverageTime": 60, "index": 2}, "status": "ACTIVE"}, {"action": "NORTH", "reward": 601, "info": {}, "observation": {"remainingOverageTime": 60, "index": 3}, "status": "DONE"}], [{"action": "NORTH", "reward": 1404, "info": {}, "observation": {"remainingOverageTime": 60, "step": 13, "geese": [[6, 17, 28, 39], [], [46, 57, 68, 2, 3], []], "food": [48, 7], "index": 0}, "status": "ACTIVE"}, {"action": "NORTH", "reward": 501, "info": {}, "observation": {"remainingOverageTime": 60, "index": 1}, "status": "DONE"}, {"action": "NORTH", "reward": 1405, "info": {}, "observation": {"remainingOverageTime": 60, "index": 2}, "status": "ACTIVE"}, {"action": "NORTH", "reward": 601, "info": {}, "observation": {"remainingOverageTime": 60, "index": 3}, "status": "DONE"}], [{"action": "EAST", "reward": 1505, "info": {}, "observation": {"remainingOverageTime": 60, "step": 14, "geese": [[7, 6, 17, 28, 39], [], [47, 46, 57, 68, 2], []], "food": [48, 10], "index": 0}, "status": "ACTIVE"}, {"action": "NORTH", "reward": 501, "info": {}, "observation": {"remainingOverageTime": 60, "index": 1}, "status": "DONE"}, {"action": "EAST", "reward": 1505, "info": {}, "observation": {"remainingOverageTime": 60, "index": 2}, "status": "ACTIVE"}, {"action": "NORTH", "reward": 601, "info": {}, "observation": {"remainingOverageTime": 60, "index": 3}, "status": "DONE"}], [{"action": "EAST", "reward": 1605, "info": {}, "observation": {"remainingOverageTime": 60, "step": 15, "geese": [[8, 7, 6, 17, 28], [], [48, 47, 46, 57, 68, 2], []], "food": [10, 13], "index": 0}, "status": "ACTIVE"}, {"action": "NORTH", "reward": 501, "info": {}, "observation": {"remainingOverageTime": 60, "index": 1}, "status": "DONE"}, {"action": "EAST", "reward": 1606, "info": {}, "observation": {"remainingOverageTime": 60, "index": 2}, "status": "ACTIVE"}, {"action": "NORTH", "reward": 601, "info": {}, "observation": {"remainingOverageTime": 60, "index": 3}, "status": "DONE"}], [{"action": "EAST", "reward": 1705, "info": {}, "observation": {"remainingOverageTime": 60, "step": 16, "geese": [[9, 8, 7, 6, 17], [], [37, 48, 47, 46, 57, 68], []], "food": [10, 13], "index": 0}, "status": "ACTIVE"}, {"action": "NORTH", "reward": 501, "info": {}, "observation": {"remainingOverageTime": 60, "index": 1}, "status": "DONE"}, {"action": "NORTH", "reward": 1706, "info": {}, "observation": {"remainingOverageTime": 60, "index": 2}, "status": "ACTIVE"}, {"action": "NORTH", "reward": 601, "info": {}, "observation": {"remainingOverageTime": 60, "index": 3}, "status": "DONE"}], [{"action": "EAST", "reward": 1806, "info": {}, "observation": {"remainingOverageTime": 60, "step": 17, "geese": [[10, 9, 8, 7, 6, 17], [], [26, 37, 48, 47, 46, 57], []], "food": [13, 55], "index": 0}, "status": "ACTIVE"}, {"action": "NORTH", "reward": 501, "info": {}, "observation": {"remainingOverageTime": 60, "index": 1}, "status": "DONE"}, {"action": "NORTH", "reward": 1806, "info": {}, "observation": {"remainingOverageTime": 60, "index": 2}, "status": "ACTIVE"}, {"action": "NORTH", "reward": 601, "info": {}, "observation": {"remainingOverageTime": 60, "index": 3}, "status": "DONE"}], [{"action": "EAST", "reward": 1906, "info": {}, "observation": {"remainingOverageTime": 60, "step": 18, "geese": [[0, 10, 9, 8, 7, 6], [], [15, 26, 37, 48, 47, 46], []], "food": [13, 55], "index": 0}, "status": "ACTIVE"}, {"action": "NORTH", "reward": 501, "info": {}, "observation": {"remainingOverageTime": 60, "index": 1}, "status": "DONE"}, {"action": "NORTH", "reward": 1906, "info": {}, "observation": {"remainingOverageTime": 60, "index": 2}, "status": "ACTIVE"}, {"action": "NORTH", "reward": 601, "info": {}, "observation": {"remainingOverageTime": 60, "index": 3}, "status": "DONE"}], [{"action": "NORTH", "reward": 2006, "info": {}, "observation": {"remainingOverageTime": 60, "step": 19, "geese": [[66, 0, 10, 9, 8, 7], [], [14, 15, 26, 37, 48, 47], []], "food": [13, 55], "index": 0}, "status": "ACTIVE"}, {"action": "NORTH", "reward": 501, "info": {}, "observation": {"remainingOverageTime": 60, "index": 1}, "status": "DONE"}, {"action": "WEST", "reward": 2006, "info": {}, "observation": {"remainingOverageTime": 60, "index": 2}, "status": "ACTIVE"}, {"action": "NORTH", "reward": 601, "info": {}, "observation": {"remainingOverageTime": 60, "index": 3}, "status": "DONE"}], [{"action": "NORTH", "reward": 2107, "info": {}, "observation": {"remainingOverageTime": 60, "step": 20, "geese": [[55, 66, 0, 10, 9, 8, 7], [], [13, 14, 15, 26, 37, 48, 47], []], "food": [25, 60], "index": 0}, "status": "ACTIVE"}, {"action": "NORTH", "reward": 501, "info": {}, "observation": {"remainingOverageTime": 60, "index": 1}, "status": "DONE"}, {"action": "WEST", "reward": 2107, "info": {}, "observation": {"remainingOverageTime": 60, "index": 2}, "status": "ACTIVE"}, {"action": "NORTH", "reward": 601, "info": {}, "observation": {"remainingOverageTime": 60, "index": 3}, "status": "DONE"}], [{"action": "EAST", "reward": 2207, "info": {}, "observation": {"remainingOverageTime": 60, "step": 21, "geese": [[56, 55, 66, 0, 10, 9, 8], [], [24, 13, 14, 15, 26, 37, 48], []], "food": [25, 60], "index": 0}, "status": "ACTIVE"}, {"action": "NORTH", "reward": 501, "info": {}, "observation": {"remainingOverageTime": 60, "index": 1}, "status": "DONE"}, {"action": "SOUTH", "reward": 2207, "info": {}, "observation": {"remainingOverageTime": 60, "index": 2}, "status": "ACTIVE"}, {"action": "NORTH", "reward": 601, "info": {}, "observation": {"remainingOverageTime": 60, "index": 3}, "status": "DONE"}], [{"action": "EAST", "reward": 2307, "info": {}, "observation": {"remainingOverageTime": 60, "step": 22, "geese": [[57, 56, 55, 66, 0, 10, 9], [], [25, 24, 13, 14, 15, 26, 37, 48], []], "food": [60, 42], "index": 0}, "status": "ACTIVE"}, {"action": "NORTH", "reward": 501, "info": {}, "observation": {"remainingOverageTime": 60, "index": 1}, "status": "DONE"}, {"action": "EAST", "reward": 2308, "info": {}, "observation": {"remainingOverageTime": 60, "index": 2}, "status": "ACTIVE"}, {"action": "NORTH", "reward": 601, "info": {}, "observation": {"remainingOverageTime": 60, "index": 3}, "status": "DONE"}], [{"action": "EAST", "reward": 2407, "info": {}, "observation": {"remainingOverageTime": 60, "step": 23, "geese": [[58, 57, 56, 55, 66, 0, 10], [], [36, 25, 24, 13, 14, 15, 26, 37], []], "food": [60, 42], "index": 0}, "status": "ACTIVE"}, {"action": "NORTH", "reward": 501, "info": {}, "observation": {"remainingOverageTime": 60, "index": 1}, "status": "DONE"}, {"action": "SOUTH", "reward": 2408, "info": {}, "observation": {"remainingOverageTime": 60, "index": 2}, "status": "ACTIVE"}, {"action": "NORTH", "reward": 601, "info": {}, "observation": {"remainingOverageTime": 60, "index": 3}, "status": "DONE"}], [{"action": "EAST", "reward": 2507, "info": {}, "observation": {"remainingOverageTime": 60, "step": 24, "geese": [[59, 58, 57, 56, 55, 66, 0], [], [37, 36, 25, 24, 13, 14, 15, 26], []], "food": [60, 42], "index": 0}, "status": "ACTIVE"}, {"action": "NORTH", "reward": 501, "info": {}, "observation": {"remainingOverageTime": 60, "index": 1}, "status": "DONE"}, {"action": "EAST", "reward": 2508, "info": {}, "observation": {"remainingOverageTime": 60, "index": 2}, "status": "ACTIVE"}, {"action": "NORTH", "reward": 601, "info": {}, "observation": {"remainingOverageTime": 60, "index": 3}, "status": "DONE"}], [{"action": "EAST", "reward": 2608, "info": {}, "observation": {"remainingOverageTime": 60, "step": 25, "geese": [[60, 59, 58, 57, 56, 55, 66, 0], [], [38, 37, 36, 25, 24, 13, 14, 15], []], "food": [42, 30], "index": 0}, "status": "ACTIVE"}, {"action": "NORTH", "reward": 501, "info": {}, "observation": {"remainingOverageTime": 60, "index": 1}, "status": "DONE"}, {"action": "EAST", "reward": 2608, "info": {}, "observation": {"remainingOverageTime": 60, "index": 2}, "status": "ACTIVE"}, {"action": "NORTH", "reward": 601, "info": {}, "observation": {"remainingOverageTime": 60, "index": 3}, "status": "DONE"}], [{"action": "NORTH", "reward": 2708, "info": {}, "observation": {"remainingOverageTime": 60, "step": 26, "geese": [[49, 60, 59, 58, 57, 56, 55, 66], [], [27, 38, 37, 36, 25, 24, 13, 14], []], "food": [42, 30], "index": 0}, "status": "ACTIVE"}, {"action": "NORTH", "reward": 501, "info": {}, "observation": {"remainingOverageTime": 60, "index": 1}, "status": "DONE"}, {"action": "NORTH", "reward": 2708, "info": {}, "observation": {"remainingOverageTime": 60, "index": 2}, "status": "ACTIVE"}, {"action": "NORTH", "reward": 601, "info": {}, "observation": {"remainingOverageTime": 60, "index": 3}, "status": "DONE"}], [{"action": "EAST", "reward": 2808, "info": {}, "observation": {"remainingOverageTime": 60, "step": 27, "geese": [[50, 49, 60, 59, 58, 57, 56, 55], [], [28, 27, 38, 37, 36, 25, 24, 13], []], "food": [42, 30], "index": 0}, "status": "ACTIVE"}, {"action": "NORTH", "reward": 501, "info": {}, "observation": {"remainingOverageTime": 60, "index": 1}, "status": "DONE"}, {"action": "EAST", "reward": 2808, "info": {}, "observation": {"remainingOverageTime": 60, "index": 2}, "status": "ACTIVE"}, {"action": "NORTH", "reward": 601, "info": {}, "observation": {"remainingOverageTime": 60, "index": 3}, "status": "DONE"}], [{"action": "NORTH", "reward": 2908, "info": {}, "observation": {"remainingOverageTime": 60, "step": 28, "geese": [[39, 50, 49, 60, 59, 58, 57, 56], [], [29, 28, 27, 38, 37, 36, 25, 24], []], "food": [42, 30], "index": 0}, "status": "ACTIVE"}, {"action": "NORTH", "reward": 501, "info": {}, "observation": {"remainingOverageTime": 60, "index": 1}, "status": "DONE"}, {"action": "EAST", "reward": 2908, "info": {}, "observation": {"remainingOverageTime": 60, "index": 2}, "status": "ACTIVE"}, {"action": "NORTH", "reward": 601, "info": {}, "observation": {"remainingOverageTime": 60, "index": 3}, "status": "DONE"}], [{"action": "EAST", "reward": 3008, "info": {}, "observation": {"remainingOverageTime": 60, "step": 29, "geese": [[40, 39, 50, 49, 60, 59, 58, 57], [], [30, 29, 28, 27, 38, 37, 36, 25, 24], []], "food": [42, 2], "index": 0}, "status": "ACTIVE"}, {"action": "NORTH", "reward": 501, "info": {}, "observation": {"remainingOverageTime": 60, "index": 1}, "status": "DONE"}, {"action": "EAST", "reward": 3009, "info": {}, "observation": {"remainingOverageTime": 60, "index": 2}, "status": "ACTIVE"}, {"action": "NORTH", "reward": 601, "info": {}, "observation": {"remainingOverageTime": 60, "index": 3}, "status": "DONE"}], [{"action": "EAST", "reward": 3108, "info": {}, "observation": {"remainingOverageTime": 60, "step": 30, "geese": [[41, 40, 39, 50, 49, 60, 59, 58], [], [31, 30, 29, 28, 27, 38, 37, 36, 25], []], "food": [42, 2], "index": 0}, "status": "ACTIVE"}, {"action": "NORTH", "reward": 501, "info": {}, "observation": {"remainingOverageTime": 60, "index": 1}, "status": "DONE"}, {"action": "EAST", "reward": 3109, "info": {}, "observation": {"remainingOverageTime": 60, "index": 2}, "status": "ACTIVE"}, {"action": "NORTH", "reward": 601, "info": {}, "observation": {"remainingOverageTime": 60, "index": 3}, "status": "DONE"}], [{"action": "EAST", "reward": 3108, "info": {}, "observation": {"remainingOverageTime": 60, "step": 31, "geese": [[], [], [], []], "food": [2, 16], "index": 0}, "status": "DONE"}, {"action": "NORTH", "reward": 501, "info": {}, "observation": {"remainingOverageTime": 60, "index": 1}, "status": "DONE"}, {"action": "SOUTH", "reward": 3109, "info": {}, "observation": {"remainingOverageTime": 60, "index": 2}, "status": "DONE"}, {"action": "NORTH", "reward": 601, "info": {}, "observation": {"remainingOverageTime": 60, "index": 3}, "status": "DONE"}]], "rewards": [3108, 501, 3109, 601], "statuses": ["DONE", "DONE", "DONE", "DONE"], "schema_version": 1, "info": {}}