{"id": "22af11e2-db0f-11ee-b332-0242ac1c000c", "name": "hungry_geese", "title": "Hungry Geese", "description": "Similar to the classic snake game with multiple players", "version": "1.0.0", "configuration": {"episodeSteps": 200, "actTimeout": 1, "runTimeout": 1200, "columns": 11, "rows": 7, "hunger_rate": 40, "min_food": 2, "max_length": 99}, "specification": {"action": {"description": "Direction to move the head of your players goose.", "type": "string", "enum": ["NORTH", "EAST", "SOUTH", "WEST"], "default": "NORTH"}, "agents": [1, 2, 3, 4, 5, 6, 7, 8], "configuration": {"episodeSteps": {"description": "Maximum number of steps in the episode.", "type": "integer", "minimum": 1, "default": 200}, "actTimeout": {"description": "Maximum runtime (seconds) to obtain an action from an agent.", "type": "number", "minimum": 0, "default": 1}, "runTimeout": {"description": "Maximum runtime (seconds) of an episode (not necessarily DONE).", "type": "number", "minimum": 0, "default": 1200}, "columns": {"description": "Horizontal number of cells on the board.", "type": "integer", "default": 11, "minimum": 3}, "rows": {"description": "Vertical number of cells on the board.", "type": "integer", "default": 7, "minimum": 3}, "hunger_rate": {"description": "The number of steps before the goose shrinks a cell.", "type": "integer", "minimum": 1, "default": 40}, "min_food": {"description": "The minimum amount of food present for all steps.", "type": "integer", "default": 2, "minimum": 1}, "max_length": {"description": "The max length any goose can be. Total reward = (max length + 1) * steps survived + goose length.", "type": "integer", "default": 99}}, "info": {}, "observation": {"remainingOverageTime": {"description": "Total remaining banked time (seconds) that can be used in excess of per-step actTimeouts -- agent is disqualified with TIMEOUT status when this drops below 0.", "shared": false, "type": "number", "minimum": 0, "default": 60}, "step": {"description": "Current step within the episode.", "type": "integer", "shared": true, "minimum": 0, "default": 0}, "geese": {"description": "List of geese in order by the agent index.", "type": "array", "default": [], "shared": true}, "food": {"description": "Positions on the board where food is present.", "type": "array", "default": [], "shared": true}, "index": {"description": "Index of the current agent's goose in the list of geese.", "type": "integer", "minimum": 0, "defaults": [0, 1, 2, 3, 4, 5, 6, 7]}}, "reward": {"description": "steps survived * (max goose length + 1) + current goose length.", "type": ["number", "null"], "default": 0, "minimum": 0}}, "steps": [[{"action": "NORTH", "reward": 0, "info": {}, "observation": {"remainingOverageTime": 60, "step": 0, "geese": [[8], [22], [34], [70]], "food": [60, 31], "index": 0}, "status": "ACTIVE"}, {"action": "NORTH", "reward": 0, "info": {}, "observation": {"remainingOverageTime": 60, "index": 1}, "status": "ACTIVE"}, {"action": "NORTH", "reward": 0, "info": {}, "observation": {"remainingOverageTime": 60, "index": 2}, "status": "ACTIVE"}, {"action": "NORTH", "reward": 0, "info": {}, "observation": {"remainingOverageTime": 60, "index": 3}, "status": "ACTIVE"}], [{"action": "EAST", "reward": 201, "info": {}, "observation": {"remainingOverageTime": 60, "step": 1, "geese": [[9], [32], [35], [71]], "food": [60, 31], "index": 0}, "status": "ACTIVE"}, {"action": "WEST", "reward": 201, "info": {}, "observation": {"remainingOverageTime": 60, "index": 1}, "status": "ACTIVE"}, {"action": "EAST", "reward": 201, "info": {}, "observation": {"remainingOverageTime": 60, "index": 2}, "status": "ACTIVE"}, {"action": "EAST", "reward": 201, "info": {}, "observation": {"remainingOverageTime": 60, "index": 3}, "status": "ACTIVE"}], [{"action": "WEST", "reward": 201, "info": {}, "observation": {"remainingOverageTime": 60, "step": 2, "geese": [[], [31, 32], [46], [60, 71]], "food": [23, 29], "index": 0}, "status": "DONE"}, {"action": "WEST", "reward": 302, "info": {}, "observation": {"remainingOverageTime": 60, "index": 1}, "status": "ACTIVE"}, {"action": "SOUTH", "reward": 301, "info": {}, "observation": {"remainingOverageTime": 60, "index": 2}, "status": "ACTIVE"}, {"action": "NORTH", "reward": 302, "info": {}, "observation": {"remainingOverageTime": 60, "index": 3}, "status": "ACTIVE"}], [{"action": "NORTH", "reward": 201, "info": {}, "observation": {"remainingOverageTime": 60, "step": 3, "geese": [[], [30, 31], [], [61, 60]], "food": [23, 29], "index": 0}, "status": "DONE"}, {"action": "WEST", "reward": 402, "info": {}, "observation": {"remainingOverageTime": 60, "index": 1}, "status": "ACTIVE"}, {"action": "NORTH", "reward": 301, "info": {}, "observation": {"remainingOverageTime": 60, "index": 2}, "status": "DONE"}, {"action": "EAST", "reward": 402, "info": {}, "observation": {"remainingOverageTime": 60, "index": 3}, "status": "ACTIVE"}], [{"action": "NORTH", "reward": 201, "info": {}, "observation": {"remainingOverageTime": 60, "step": 4, "geese": [[], [29, 30, 31], [], [50, 61]], "food": [23, 59], "index": 0}, "status": "DONE"}, {"action": "WEST", "reward": 503, "info": {}, "observation": {"remainingOverageTime": 60, "index": 1}, "status": "ACTIVE"}, {"action": "NORTH", "reward": 301, "info": {}, "observation": {"remainingOverageTime": 60, "index": 2}, "status": "DONE"}, {"action": "NORTH", "reward": 502, "info": {}, "observation": {"remainingOverageTime": 60, "index": 3}, "status": "ACTIVE"}], [{"action": "NORTH", "reward": 201, "info": {}, "observation": {"remainingOverageTime": 60, "step": 5, "geese": [[], [28, 29, 30], [], [49, 50]], "food": [23, 59], "index": 0}, "status": "DONE"}, {"action": "WEST", "reward": 603, "info": {}, "observation": {"remainingOverageTime": 60, "index": 1}, "status": "ACTIVE"}, {"action": "NORTH", "reward": 301, "info": {}, "observation": {"remainingOverageTime": 60, "index": 2}, "status": "DONE"}, {"action": "WEST", "reward": 602, "info": {}, "observation": {"remainingOverageTime": 60, "index": 3}, "status": "ACTIVE"}], [{"action": "NORTH", "reward": 201, "info": {}, "observation": {"remainingOverageTime": 60, "step": 6, "geese": [[], [27, 28, 29], [], [48, 49]], "food": [23, 59], "index": 0}, "status": "DONE"}, {"action": "WEST", "reward": 703, "info": {}, "observation": {"remainingOverageTime": 60, "index": 1}, "status": "ACTIVE"}, {"action": "NORTH", "reward": 301, "info": {}, "observation": {"remainingOverageTime": 60, "index": 2}, "status": "DONE"}, {"action": "WEST", "reward": 702, "info": {}, "observation": {"remainingOverageTime": 60, "index": 3}, "status": "ACTIVE"}], [{"action": "NORTH", "reward": 201, "info": {}, "observation": {"remainingOverageTime": 60, "step": 7, "geese": [[], [26, 27, 28], [], [59, 48, 49]], "food": [23, 6], "index": 0}, "status": "DONE"}, {"action": "WEST", "reward": 803, "info": {}, "observation": {"remainingOverageTime": 60, "index": 1}, "status": "ACTIVE"}, {"action": "NORTH", "reward": 301, "info": {}, "observation": {"remainingOverageTime": 60, "index": 2}, "status": "DONE"}, {"action": "SOUTH", "reward": 803, "info": {}, "observation": {"remainingOverageTime": 60, "index": 3}, "status": "ACTIVE"}], [{"action": "NORTH", "reward": 201, "info": {}, "observation": {"remainingOverageTime": 60, "step": 8, "geese": [[], [25, 26, 27], [], [60, 59, 48]], "food": [23, 6], "index": 0}, "status": "DONE"}, {"action": "WEST", "reward": 903, "info": {}, "observation": {"remainingOverageTime": 60, "index": 1}, "status": "ACTIVE"}, {"action": "NORTH", "reward": 301, "info": {}, "observation": {"remainingOverageTime": 60, "index": 2}, "status": "DONE"}, {"action": "EAST", "reward": 903, "info": {}, "observation": {"remainingOverageTime": 60, "index": 3}, "status": "ACTIVE"}], [{"action": "NORTH", "reward": 201, "info": {}, "observation": {"remainingOverageTime": 60, "step": 9, "geese": [[], [24, 25, 26], [], [61, 60, 59]], "food": [23, 6], "index": 0}, "status": "DONE"}, {"action": "WEST", "reward": 1003, "info": {}, "observation": {"remainingOverageTime": 60, "index": 1}, "status": "ACTIVE"}, {"action": "NORTH", "reward": 301, "info": {}, "observation": {"remainingOverageTime": 60, "index": 2}, "status": "DONE"}, {"action": "EAST", "reward": 1003, "info": {}, "observation": {"remainingOverageTime": 60, "index": 3}, "status": "ACTIVE"}], [{"action": "NORTH", "reward": 201, "info": {}, "observation": {"remainingOverageTime": 60, "step": 10, "geese": [[], [23, 24, 25, 26], [], [72, 61, 60]], "food": [6, 74], "index": 0}, "status": "DONE"}, {"action": "WEST", "reward": 1104, "info": {}, "observation": {"remainingOverageTime": 60, "index": 1}, "status": "ACTIVE"}, {"action": "NORTH", "reward": 301, "info": {}, "observation": {"remainingOverageTime": 60, "index": 2}, "status": "DONE"}, {"action": "SOUTH", "reward": 1103, "info": {}, "observation": {"remainingOverageTime": 60, "index": 3}, "status": "ACTIVE"}], [{"action": "NORTH", "reward": 201, "info": {}, "observation": {"remainingOverageTime": 60, "step": 11, "geese": [[], [12, 23, 24, 25], [], [6, 72, 61, 60]], "food": [74, 63], "index": 0}, "status": "DONE"}, {"action": "NORTH", "reward": 1204, "info": {}, "observation": {"remainingOverageTime": 60, "index": 1}, "status": "ACTIVE"}, {"action": "NORTH", "reward": 301, "info": {}, "observation": {"remainingOverageTime": 60, "index": 2}, "status": "DONE"}, {"action": "SOUTH", "reward": 1204, "info": {}, "observation": {"remainingOverageTime": 60, "index": 3}, "status": "ACTIVE"}], [{"action": "NORTH", "reward": 201, "info": {}, "observation": {"remainingOverageTime": 60, "step": 12, "geese": [[], [1, 12, 23, 24], [], [7, 6, 72, 61]], "food": [74, 63], "index": 0}, "status": "DONE"}, {"action": "NORTH", "reward": 1304, "info": {}, "observation": {"remainingOverageTime": 60, "index": 1}, "status": "ACTIVE"}, {"action": "NORTH", "reward": 301, "info": {}, "observation": {"remainingOverageTime": 60, "index": 2}, "status": "DONE"}, {"action": "EAST", "reward": 1304, "info": {}, "observation": {"remainingOverageTime": 60, "index": 3}, "status": "ACTIVE"}], [{"action": "NORTH", "reward": 201, "info": {}, "observation": {"remainingOverageTime": 60, "step": 13, "geese": [[], [67, 1, 12, 23], [], [8, 7, 6, 72]], "food": [74, 63], "index": 0}, "status": "DONE"}, {"action": "NORTH", "reward": 1404, "info": {}, "observation": {"remainingOverageTime": 60, "index": 1}, "status": "ACTIVE"}, {"action": "NORTH", "reward": 301, "info": {}, "observation": {"remainingOverageTime": 60, "index": 2}, "status": "DONE"}, {"action": "EAST", "reward": 1404, "info": {}, "observation": {"remainingOverageTime": 60, "index": 3}, "status": "ACTIVE"}], [{"action": "NORTH", "reward": 201, "info": {}, "observation": {"remainingOverageTime": 60, "step": 14, "geese": [[], [56, 67, 1, 12], [], [74, 8, 7, 6, 72]], "food": [63, 64], "index": 0}, "status": "DONE"}, {"action": "NORTH", "reward": 1504, "info": {}, "observation": {"remainingOverageTime": 60, "index": 1}, "status": "ACTIVE"}, {"action": "NORTH", "reward": 301, "info": {}, "observation": {"remainingOverageTime": 60, "index": 2}, "status": "DONE"}, {"action": "NORTH", "reward": 1505, "info": {}, "observation": {"remainingOverageTime": 60, "index": 3}, "status": "ACTIVE"}], [{"action": "NORTH", "reward": 201, "info": {}, "observation": {"remainingOverageTime": 60, "step": 15, "geese": [[], [55, 56, 67, 1], [], [63, 74, 8, 7, 6, 72]], "food": [64, 54], "index": 0}, "status": "DONE"}, {"action": "WEST", "reward": 1604, "info": {}, "observation": {"remainingOverageTime": 60, "index": 1}, "status": "ACTIVE"}, {"action": "NORTH", "reward": 301, "info": {}, "observation": {"remainingOverageTime": 60, "index": 2}, "status": "DONE"}, {"action": "NORTH", "reward": 1606, "info": {}, "observation": {"remainingOverageTime": 60, "index": 3}, "status": "ACTIVE"}], [{"action": "NORTH", "reward": 201, "info": {}, "observation": {"remainingOverageTime": 60, "step": 16, "geese": [[], [44, 55, 56, 67], [], [64, 63, 74, 8, 7, 6, 72]], "food": [54, 36], "index": 0}, "status": "DONE"}, {"action": "NORTH", "reward": 1704, "info": {}, "observation": {"remainingOverageTime": 60, "index": 1}, "status": "ACTIVE"}, {"action": "NORTH", "reward": 301, "info": {}, "observation": {"remainingOverageTime": 60, "index": 2}, "status": "DONE"}, {"action": "EAST", "reward": 1707, "info": {}, "observation": {"remainingOverageTime": 60, "index": 3}, "status": "ACTIVE"}], [{"action": "NORTH", "reward": 201, "info": {}, "observation": {"remainingOverageTime": 60, "step": 17, "geese": [[], [54, 44, 55, 56, 67], [], [53, 64, 63, 74, 8, 7, 6]], "food": [36, 39], "index": 0}, "status": "DONE"}, {"action": "WEST", "reward": 1805, "info": {}, "observation": {"remainingOverageTime": 60, "index": 1}, "status": "ACTIVE"}, {"action": "NORTH", "reward": 301, "info": {}, "observation": {"remainingOverageTime": 60, "index": 2}, "status": "DONE"}, {"action": "NORTH", "reward": 1807, "info": {}, "observation": {"remainingOverageTime": 60, "index": 3}, "status": "ACTIVE"}], [{"action": "NORTH", "reward": 201, "info": {}, "observation": {"remainingOverageTime": 60, "step": 18, "geese": [[], [43, 54, 44, 55, 56], [], [42, 53, 64, 63, 74, 8, 7]], "food": [36, 39], "index": 0}, "status": "DONE"}, {"action": "NORTH", "reward": 1905, "info": {}, "observation": {"remainingOverageTime": 60, "index": 1}, "status": "ACTIVE"}, {"action": "NORTH", "reward": 301, "info": {}, "observation": {"remainingOverageTime": 60, "index": 2}, "status": "DONE"}, {"action": "NORTH", "reward": 1907, "info": {}, "observation": {"remainingOverageTime": 60, "index": 3}, "status": "ACTIVE"}], [{"action": "NORTH", "reward": 201, "info": {}, "observation": {"remainingOverageTime": 60, "step": 19, "geese": [[], [33, 43, 54, 44, 55], [], [41, 42, 53, 64, 63, 74, 8]], "food": [36, 39], "index": 0}, "status": "DONE"}, {"action": "EAST", "reward": 2005, "info": {}, "observation": {"remainingOverageTime": 60, "index": 1}, "status": "ACTIVE"}, {"action": "NORTH", "reward": 301, "info": {}, "observation": {"remainingOverageTime": 60, "index": 2}, "status": "DONE"}, {"action": "WEST", "reward": 2007, "info": {}, "observation": {"remainingOverageTime": 60, "index": 3}, "status": "ACTIVE"}], [{"action": "NORTH", "reward": 201, "info": {}, "observation": {"remainingOverageTime": 60, "step": 20, "geese": [[], [34, 33, 43, 54, 44], [], [40, 41, 42, 53, 64, 63, 74]], "food": [36, 39], "index": 0}, "status": "DONE"}, {"action": "EAST", "reward": 2105, "info": {}, "observation": {"remainingOverageTime": 60, "index": 1}, "status": "ACTIVE"}, {"action": "NORTH", "reward": 301, "info": {}, "observation": {"remainingOverageTime": 60, "index": 2}, "status": "DONE"}, {"action": "WEST", "reward": 2107, "info": {}, "observation": {"remainingOverageTime": 60, "index": 3}, "status": "ACTIVE"}], [{"action": "NORTH", "reward": 201, "info": {}, "observation": {"remainingOverageTime": 60, "step": 21, "geese": [[], [35, 34, 33, 43, 54], [], [39, 40, 41, 42, 53, 64, 63, 74]], "food": [36, 14], "index": 0}, "status": "DONE"}, {"action": "EAST", "reward": 2205, "info": {}, "observation": {"remainingOverageTime": 60, "index": 1}, "status": "ACTIVE"}, {"action": "NORTH", "reward": 301, "info": {}, "observation": {"remainingOverageTime": 60, "index": 2}, "status": "DONE"}, {"action": "WEST", "reward": 2208, "info": {}, "observation": {"remainingOverageTime": 60, "index": 3}, "status": "ACTIVE"}], [{"action": "NORTH", "reward": 201, "info": {}, "observation": {"remainingOverageTime": 60, "step": 22, "geese": [[], [36, 35, 34, 33, 43, 54], [], [28, 39, 40, 41, 42, 53, 64, 63]], "food": [14, 25], "index": 0}, "status": "DONE"}, {"action": "EAST", "reward": 2306, "info": {}, "observation": {"remainingOverageTime": 60, "index": 1}, "status": "ACTIVE"}, {"action": "NORTH", "reward": 301, "info": {}, "observation": {"remainingOverageTime": 60, "index": 2}, "status": "DONE"}, {"action": "NORTH", "reward": 2308, "info": {}, "observation": {"remainingOverageTime": 60, "index": 3}, "status": "ACTIVE"}], [{"action": "NORTH", "reward": 201, "info": {}, "observation": {"remainingOverageTime": 60, "step": 23, "geese": [[], [25, 36, 35, 34, 33, 43, 54], [], [17, 28, 39, 40, 41, 42, 53, 64]], "food": [14, 12], "index": 0}, "status": "DONE"}, {"action": "NORTH", "reward": 2407, "info": {}, "observation": {"remainingOverageTime": 60, "index": 1}, "status": "ACTIVE"}, {"action": "NORTH", "reward": 301, "info": {}, "observation": {"remainingOverageTime": 60, "index": 2}, "status": "DONE"}, {"action": "NORTH", "reward": 2408, "info": {}, "observation": {"remainingOverageTime": 60, "index": 3}, "status": "ACTIVE"}], [{"action": "NORTH", "reward": 201, "info": {}, "observation": {"remainingOverageTime": 60, "step": 24, "geese": [[], [14, 25, 36, 35, 34, 33, 43, 54], [], [18, 17, 28, 39, 40, 41, 42, 53]], "food": [12, 67], "index": 0}, "status": "DONE"}, {"action": "NORTH", "reward": 2508, "info": {}, "observation": {"remainingOverageTime": 60, "index": 1}, "status": "ACTIVE"}, {"action": "NORTH", "reward": 301, "info": {}, "observation": {"remainingOverageTime": 60, "index": 2}, "status": "DONE"}, {"action": "EAST", "reward": 2508, "info": {}, "observation": {"remainingOverageTime": 60, "index": 3}, "status": "ACTIVE"}], [{"action": "NORTH", "reward": 201, "info": {}, "observation": {"remainingOverageTime": 60, "step": 25, "geese": [[], [13, 14, 25, 36, 35, 34, 33, 43], [], [19, 18, 17, 28, 39, 40, 41, 42]], "food": [12, 67], "index": 0}, "status": "DONE"}, {"action": "WEST", "reward": 2608, "info": {}, "observation": {"remainingOverageTime": 60, "index": 1}, "status": "ACTIVE"}, {"action": "NORTH", "reward": 301, "info": {}, "observation": {"remainingOverageTime": 60, "index": 2}, "status": "DONE"}, {"action": "EAST", "reward": 2608, "info": {}, "observation": {"remainingOverageTime": 60, "index": 3}, "status": "ACTIVE"}], [{"action": "NORTH", "reward": 201, "info": {}, "observation": {"remainingOverageTime": 60, "step": 26, "geese": [[], [12, 13, 14, 25, 36, 35, 34, 33, 43], [], [20, 19, 18, 17, 28, 39, 40, 41]], "food": [67, 8], "index": 0}, "status": "DONE"}, {"action": "WEST", "reward": 2709, "info": {}, "observation": {"remainingOverageTime": 60, "index": 1}, "status": "ACTIVE"}, {"action": "NORTH", "reward": 301, "info": {}, "observation": {"remainingOverageTime": 60, "index": 2}, "status": "DONE"}, {"action": "EAST", "reward": 2708, "info": {}, "observation": {"remainingOverageTime": 60, "index": 3}, "status": "ACTIVE"}], [{"action": "NORTH", "reward": 201, "info": {}, "observation": {"remainingOverageTime": 60, "step": 27, "geese": [[], [1, 12, 13, 14, 25, 36, 35, 34, 33], [], [9, 20, 19, 18, 17, 28, 39, 40]], "food": [67, 8], "index": 0}, "status": "DONE"}, {"action": "NORTH", "reward": 2809, "info": {}, "observation": {"remainingOverageTime": 60, "index": 1}, "status": "ACTIVE"}, {"action": "NORTH", "reward": 301, "info": {}, "observation": {"remainingOverageTime": 60, "index": 2}, "status": "DONE"}, {"action": "NORTH", "reward": 2808, "info": {}, "observation": {"remainingOverageTime": 60, "index": 3}, "status": "ACTIVE"}], [{"action": "NORTH", "reward": 201, "info": {}, "observation": {"remainingOverageTime": 60, "step": 28, "geese": [[], [67, 1, 12, 13, 14, 25, 36, 35, 34, 33], [], [8, 9, 20, 19, 18, 17, 28, 39, 40]], "food": [46, 38], "index": 0}, "status": "DONE"}, {"action": "NORTH", "reward": 2910, "info": {}, "observation": {"remainingOverageTime": 60, "index": 1}, "status": "ACTIVE"}, {"action": "NORTH", "reward": 301, "info": {}, "observation": {"remainingOverageTime": 60, "index": 2}, "status": "DONE"}, {"action": "WEST", "reward": 2909, "info": {}, "observation": {"remainingOverageTime": 60, "index": 3}, "status": "ACTIVE"}], [{"action": "NORTH", "reward": 201, "info": {}, "observation": {"remainingOverageTime": 60, "step": 29, "geese": [[], [68, 67, 1, 12, 13, 14, 25, 36, 35, 34], [], [7, 8, 9, 20, 19, 18, 17, 28, 39]], "food": [46, 38], "index": 0}, "status": "DONE"}, {"action": "EAST", "reward": 3010, "info": {}, "observation": {"remainingOverageTime": 60, "index": 1}, "status": "ACTIVE"}, {"action": "NORTH", "reward": 301, "info": {}, "observation": {"remainingOverageTime": 60, "index": 2}, "status": "DONE"}, {"action": "WEST", "reward": 3009, "info": {}, "observation": {"remainingOverageTime": 60, "index": 3}, "status": "ACTIVE"}], [{"action": "NORTH", "reward": 201, "info": {}, "observation": {"remainingOverageTime": 60, "step": 30, "geese": [[], [57, 68, 67, 1, 12, 13, 14, 25, 36, 35], [], [6, 7, 8, 9, 20, 19, 18, 17, 28]], "food": [46, 38], "index": 0}, "status": "DONE"}, {"action": "NORTH", "reward": 3110, "info": {}, "observation": {"remainingOverageTime": 60, "index": 1}, "status": "ACTIVE"}, {"action": "NORTH", "reward": 301, "info": {}, "observation": {"remainingOverageTime": 60, "index": 2}, "status": "DONE"}, {"action": "WEST", "reward": 3109, "info": {}, "observation": {"remainingOverageTime": 60, "index": 3}, "status": "ACTIVE"}], [{"action": "NORTH", "reward": 201, "info": {}, "observation": {"remainingOverageTime": 60, "step": 31, "geese": [[], [46, 57, 68, 67, 1, 12, 13, 14, 25, 36, 35], [], [5, 6, 7, 8, 9, 20, 19, 18, 17]], "food": [38, 48], "index": 0}, "status": "DONE"}, {"action": "NORTH", "reward": 3211, "info": {}, "observation": {"remainingOverageTime": 60, "index": 1}, "status": "ACTIVE"}, {"action": "NORTH", "reward": 301, "info": {}, "observation": {"remainingOverageTime": 60, "index": 2}, "status": "DONE"}, {"action": "WEST", "reward": 3209, "info": {}, "observation": {"remainingOverageTime": 60, "index": 3}, "status": "ACTIVE"}], [{"action": "NORTH", "reward": 201, "info": {}, "observation": {"remainingOverageTime": 60, "step": 32, "geese": [[], [47, 46, 57, 68, 67, 1, 12, 13, 14, 25, 36], [], [16, 5, 6, 7, 8, 9, 20, 19, 18]], "food": [38, 48], "index": 0}, "status": "DONE"}, {"action": "EAST", "reward": 3311, "info": {}, "observation": {"remainingOverageTime": 60, "index": 1}, "status": "ACTIVE"}, {"action": "NORTH", "reward": 301, "info": {}, "observation": {"remainingOverageTime": 60, "index": 2}, "status": "DONE"}, {"action": "SOUTH", "reward": 3309, "info": {}, "observation": {"remainingOverageTime": 60, "index": 3}, "status": "ACTIVE"}], [{"action": "NORTH", "reward": 201, "info": {}, "observation": {"remainingOverageTime": 60, "step": 33, "geese": [[], [48, 47, 46, 57, 68, 67, 1, 12, 13, 14, 25, 36], [], [27, 16, 5, 6, 7, 8, 9, 20, 19]], "food": [38, 3], "index": 0}, "status": "DONE"}, {"action": "EAST", "reward": 3412, "info": {}, "observation": {"remainingOverageTime": 60, "index": 1}, "status": "ACTIVE"}, {"action": "NORTH", "reward": 301, "info": {}, "observation": {"remainingOverageTime": 60, "index": 2}, "status": "DONE"}, {"action": "SOUTH", "reward": 3409, "info": {}, "observation": {"remainingOverageTime": 60, "index": 3}, "status": "ACTIVE"}], [{"action": "NORTH", "reward": 201, "info": {}, "observation": {"remainingOverageTime": 60, "step": 34, "geese": [[], [59, 48, 47, 46, 57, 68, 67, 1, 12, 13, 14, 25], [], [38, 27, 16, 5, 6, 7, 8, 9, 20, 19]], "food": [3, 40], "index": 0}, "status": "DONE"}, {"action": "SOUTH", "reward": 3512, "info": {}, "observation": {"remainingOverageTime": 60, "index": 1}, "status": "ACTIVE"}, {"action": "NORTH", "reward": 301, "info": {}, "observation": {"remainingOverageTime": 60, "index": 2}, "status": "DONE"}, {"action": "SOUTH", "reward": 3510, "info": {}, "observation": {"remainingOverageTime": 60, "index": 3}, "status": "ACTIVE"}], [{"action": "NORTH", "reward": 201, "info": {}, "observation": {"remainingOverageTime": 60, "step": 35, "geese": [[], [58, 59, 48, 47, 46, 57, 68, 67, 1, 12, 13, 14], [], [39, 38, 27, 16, 5, 6, 7, 8, 9, 20]], "food": [3, 40], "index": 0}, "status": "DONE"}, {"action": "WEST", "reward": 3612, "info": {}, "observation": {"remainingOverageTime": 60, "index": 1}, "status": "ACTIVE"}, {"action": "NORTH", "reward": 301, "info": {}, "observation": {"remainingOverageTime": 60, "index": 2}, "status": "DONE"}, {"action": "EAST", "reward": 3610, "info": {}, "observation": {"remainingOverageTime": 60, "index": 3}, "status": "ACTIVE"}], [{"action": "NORTH", "reward": 201, "info": {}, "observation": {"remainingOverageTime": 60, "step": 36, "geese": [[], [69, 58, 59, 48, 47, 46, 57, 68, 67, 1, 12, 13], [], [40, 39, 38, 27, 16, 5, 6, 7, 8, 9, 20]], "food": [3, 49], "index": 0}, "status": "DONE"}, {"action": "SOUTH", "reward": 3712, "info": {}, "observation": {"remainingOverageTime": 60, "index": 1}, "status": "ACTIVE"}, {"action": "NORTH", "reward": 301, "info": {}, "observation": {"remainingOverageTime": 60, "index": 2}, "status": "DONE"}, {"action": "EAST", "reward": 3711, "info": {}, "observation": {"remainingOverageTime": 60, "index": 3}, "status": "ACTIVE"}], [{"action": "NORTH", "reward": 201, "info": {}, "observation": {"remainingOverageTime": 60, "step": 37, "geese": [[], [3, 69, 58, 59, 48, 47, 46, 57, 68, 67, 1, 12, 13], [], [51, 40, 39, 38, 27, 16, 5, 6, 7, 8, 9]], "food": [49, 56], "index": 0}, "status": "DONE"}, {"action": "SOUTH", "reward": 3813, "info": {}, "observation": {"remainingOverageTime": 60, "index": 1}, "status": "ACTIVE"}, {"action": "NORTH", "reward": 301, "info": {}, "observation": {"remainingOverageTime": 60, "index": 2}, "status": "DONE"}, {"action": "SOUTH", "reward": 3811, "info": {}, "observation": {"remainingOverageTime": 60, "index": 3}, "status": "ACTIVE"}], [{"action": "NORTH", "reward": 201, "info": {}, "observation": {"remainingOverageTime": 60, "step": 38, "geese": [[], [4, 3, 69, 58, 59, 48, 47, 46, 57, 68, 67, 1, 12], [], [50, 51, 40, 39, 38, 27, 16, 5, 6, 7, 8]], "food": [49, 56], "index": 0}, "status": "DONE"}, {"action": "EAST", "reward": 3913, "info": {}, "observation": {"remainingOverageTime": 60, "index": 1}, "status": "ACTIVE"}, {"action": "NORTH", "reward": 301, "info": {}, "observation": {"remainingOverageTime": 60, "index": 2}, "status": "DONE"}, {"action": "WEST", "reward": 3911, "info": {}, "observation": {"remainingOverageTime": 60, "index": 3}, "status": "ACTIVE"}], [{"action": "NORTH", "reward": 201, "info": {}, "observation": {"remainingOverageTime": 60, "step": 39, "geese": [[], [15, 4, 3, 69, 58, 59, 48, 47, 46, 57, 68, 67, 1], [], [49, 50, 51, 40, 39, 38, 27, 16, 5, 6, 7, 8]], "food": [56, 20], "index": 0}, "status": "DONE"}, {"action": "SOUTH", "reward": 4013, "info": {}, "observation": {"remainingOverageTime": 60, "index": 1}, "status": "ACTIVE"}, {"action": "NORTH", "reward": 301, "info": {}, "observation": {"remainingOverageTime": 60, "index": 2}, "status": "DONE"}, {"action": "WEST", "reward": 4012, "info": {}, "observation": {"remainingOverageTime": 60, "index": 3}, "status": "ACTIVE"}], [{"action": "NORTH", "reward": 201, "info": {}, "observation": {"remainingOverageTime": 60, "step": 40, "geese": [[], [14, 15, 4, 3, 69, 58, 59, 48, 47, 46, 57, 68], [], [60, 49, 50, 51, 40, 39, 38, 27, 16, 5, 6]], "food": [56, 20], "index": 0}, "status": "DONE"}, {"action": "WEST", "reward": 4112, "info": {}, "observation": {"remainingOverageTime": 60, "index": 1}, "status": "ACTIVE"}, {"action": "NORTH", "reward": 301, "info": {}, "observation": {"remainingOverageTime": 60, "index": 2}, "status": "DONE"}, {"action": "SOUTH", "reward": 4111, "info": {}, "observation": {"remainingOverageTime": 60, "index": 3}, "status": "ACTIVE"}], [{"action": "NORTH", "reward": 201, "info": {}, "observation": {"remainingOverageTime": 60, "step": 41, "geese": [[], [13, 14, 15, 4, 3, 69, 58, 59, 48, 47, 46, 57], [], [61, 60, 49, 50, 51, 40, 39, 38, 27, 16, 5]], "food": [56, 20], "index": 0}, "status": "DONE"}, {"action": "WEST", "reward": 4212, "info": {}, "observation": {"remainingOverageTime": 60, "index": 1}, "status": "ACTIVE"}, {"action": "NORTH", "reward": 301, "info": {}, "observation": {"remainingOverageTime": 60, "index": 2}, "status": "DONE"}, {"action": "EAST", "reward": 4211, "info": {}, "observation": {"remainingOverageTime": 60, "index": 3}, "status": "ACTIVE"}], [{"action": "NORTH", "reward": 201, "info": {}, "observation": {"remainingOverageTime": 60, "step": 42, "geese": [[], [2, 13, 14, 15, 4, 3, 69, 58, 59, 48, 47, 46], [], [62, 61, 60, 49, 50, 51, 40, 39, 38, 27, 16]], "food": [56, 20], "index": 0}, "status": "DONE"}, {"action": "NORTH", "reward": 4312, "info": {}, "observation": {"remainingOverageTime": 60, "index": 1}, "status": "ACTIVE"}, {"action": "NORTH", "reward": 301, "info": {}, "observation": {"remainingOverageTime": 60, "index": 2}, "status": "DONE"}, {"action": "EAST", "reward": 4311, "info": {}, "observation": {"remainingOverageTime": 60, "index": 3}, "status": "ACTIVE"}], [{"action": "NORTH", "reward": 201, "info": {}, "observation": {"remainingOverageTime": 60, "step": 43, "geese": [[], [68, 2, 13, 14, 15, 4, 3, 69, 58, 59, 48, 47], [], [63, 62, 61, 60, 49, 50, 51, 40, 39, 38, 27]], "food": [56, 20], "index": 0}, "status": "DONE"}, {"action": "NORTH", "reward": 4412, "info": {}, "observation": {"remainingOverageTime": 60, "index": 1}, "status": "ACTIVE"}, {"action": "NORTH", "reward": 301, "info": {}, "observation": {"remainingOverageTime": 60, "index": 2}, "status": "DONE"}, {"action": "EAST", "reward": 4411, "info": {}, "observation": {"remainingOverageTime": 60, "index": 3}, "status": "ACTIVE"}], [{"action": "NORTH", "reward": 201, "info": {}, "observation": {"remainingOverageTime": 60, "step": 44, "geese": [[], [57, 68, 2, 13, 14, 15, 4, 3, 69, 58, 59, 48], [], [64, 63, 62, 61, 60, 49, 50, 51, 40, 39, 38]], "food": [56, 20], "index": 0}, "status": "DONE"}, {"action": "NORTH", "reward": 4512, "info": {}, "observation": {"remainingOverageTime": 60, "index": 1}, "status": "ACTIVE"}, {"action": "NORTH", "reward": 301, "info": {}, "observation": {"remainingOverageTime": 60, "index": 2}, "status": "DONE"}, {"action": "EAST", "reward": 4511, "info": {}, "observation": {"remainingOverageTime": 60, "index": 3}, "status": "ACTIVE"}], [{"action": "NORTH", "reward": 201, "info": {}, "observation": {"remainingOverageTime": 60, "step": 45, "geese": [[], [56, 57, 68, 2, 13, 14, 15, 4, 3, 69, 58, 59, 48], [], [75, 64, 63, 62, 61, 60, 49, 50, 51, 40, 39]], "food": [20, 8], "index": 0}, "status": "DONE"}, {"action": "WEST", "reward": 4613, "info": {}, "observation": {"remainingOverageTime": 60, "index": 1}, "status": "ACTIVE"}, {"action": "NORTH", "reward": 301, "info": {}, "observation": {"remainingOverageTime": 60, "index": 2}, "status": "DONE"}, {"action": "SOUTH", "reward": 4611, "info": {}, "observation": {"remainingOverageTime": 60, "index": 3}, "status": "ACTIVE"}], [{"action": "NORTH", "reward": 201, "info": {}, "observation": {"remainingOverageTime": 60, "step": 46, "geese": [[], [55, 56, 57, 68, 2, 13, 14, 15, 4, 3, 69, 58, 59], [], [74, 75, 64, 63, 62, 61, 60, 49, 50, 51, 40]], "food": [20, 8], "index": 0}, "status": "DONE"}, {"action": "WEST", "reward": 4713, "info": {}, "observation": {"remainingOverageTime": 60, "index": 1}, "status": "ACTIVE"}, {"action": "NORTH", "reward": 301, "info": {}, "observation": {"remainingOverageTime": 60, "index": 2}, "status": "DONE"}, {"action": "WEST", "reward": 4711, "info": {}, "observation": {"remainingOverageTime": 60, "index": 3}, "status": "ACTIVE"}], [{"action": "NORTH", "reward": 201, "info": {}, "observation": {"remainingOverageTime": 60, "step": 47, "geese": [[], [65, 55, 56, 57, 68, 2, 13, 14, 15, 4, 3, 69, 58], [], [8, 74, 75, 64, 63, 62, 61, 60, 49, 50, 51, 40]], "food": [20, 52], "index": 0}, "status": "DONE"}, {"action": "WEST", "reward": 4813, "info": {}, "observation": {"remainingOverageTime": 60, "index": 1}, "status": "ACTIVE"}, {"action": "NORTH", "reward": 301, "info": {}, "observation": {"remainingOverageTime": 60, "index": 2}, "status": "DONE"}, {"action": "SOUTH", "reward": 4812, "info": {}, "observation": {"remainingOverageTime": 60, "index": 3}, "status": "ACTIVE"}], [{"action": "NORTH", "reward": 201, "info": {}, "observation": {"remainingOverageTime": 60, "step": 48, "geese": [[], [54, 65, 55, 56, 57, 68, 2, 13, 14, 15, 4, 3, 69], [], [9, 8, 74, 75, 64, 63, 62, 61, 60, 49, 50, 51]], "food": [20, 52], "index": 0}, "status": "DONE"}, {"action": "NORTH", "reward": 4913, "info": {}, "observation": {"remainingOverageTime": 60, "index": 1}, "status": "ACTIVE"}, {"action": "NORTH", "reward": 301, "info": {}, "observation": {"remainingOverageTime": 60, "index": 2}, "status": "DONE"}, {"action": "EAST", "reward": 4912, "info": {}, "observation": {"remainingOverageTime": 60, "index": 3}, "status": "ACTIVE"}], [{"action": "NORTH", "reward": 201, "info": {}, "observation": {"remainingOverageTime": 60, "step": 49, "geese": [[], [53, 54, 65, 55, 56, 57, 68, 2, 13, 14, 15, 4, 3], [], [20, 9, 8, 74, 75, 64, 63, 62, 61, 60, 49, 50, 51]], "food": [52, 44], "index": 0}, "status": "DONE"}, {"action": "WEST", "reward": 5013, "info": {}, "observation": {"remainingOverageTime": 60, "index": 1}, "status": "ACTIVE"}, {"action": "NORTH", "reward": 301, "info": {}, "observation": {"remainingOverageTime": 60, "index": 2}, "status": "DONE"}, {"action": "SOUTH", "reward": 5013, "info": {}, "observation": {"remainingOverageTime": 60, "index": 3}, "status": "ACTIVE"}], [{"action": "NORTH", "reward": 201, "info": {}, "observation": {"remainingOverageTime": 60, "step": 50, "geese": [[], [52, 53, 54, 65, 55, 56, 57, 68, 2, 13, 14, 15, 4, 3], [], [21, 20, 9, 8, 74, 75, 64, 63, 62, 61, 60, 49, 50]], "food": [44, 1], "index": 0}, "status": "DONE"}, {"action": "WEST", "reward": 5114, "info": {}, "observation": {"remainingOverageTime": 60, "index": 1}, "status": "ACTIVE"}, {"action": "NORTH", "reward": 301, "info": {}, "observation": {"remainingOverageTime": 60, "index": 2}, "status": "DONE"}, {"action": "EAST", "reward": 5113, "info": {}, "observation": {"remainingOverageTime": 60, "index": 3}, "status": "ACTIVE"}], [{"action": "NORTH", "reward": 201, "info": {}, "observation": {"remainingOverageTime": 60, "step": 51, "geese": [[], [41, 52, 53, 54, 65, 55, 56, 57, 68, 2, 13, 14, 15, 4], [], [11, 21, 20, 9, 8, 74, 75, 64, 63, 62, 61, 60, 49]], "food": [44, 1], "index": 0}, "status": "DONE"}, {"action": "NORTH", "reward": 5214, "info": {}, "observation": {"remainingOverageTime": 60, "index": 1}, "status": "ACTIVE"}, {"action": "NORTH", "reward": 301, "info": {}, "observation": {"remainingOverageTime": 60, "index": 2}, "status": "DONE"}, {"action": "EAST", "reward": 5213, "info": {}, "observation": {"remainingOverageTime": 60, "index": 3}, "status": "ACTIVE"}], [{"action": "NORTH", "reward": 201, "info": {}, "observation": {"remainingOverageTime": 60, "step": 52, "geese": [[], [42, 41, 52, 53, 54, 65, 55, 56, 57, 68, 2, 13, 14, 15], [], [12, 11, 21, 20, 9, 8, 74, 75, 64, 63, 62, 61, 60]], "food": [44, 1], "index": 0}, "status": "DONE"}, {"action": "EAST", "reward": 5314, "info": {}, "observation": {"remainingOverageTime": 60, "index": 1}, "status": "ACTIVE"}, {"action": "NORTH", "reward": 301, "info": {}, "observation": {"remainingOverageTime": 60, "index": 2}, "status": "DONE"}, {"action": "EAST", "reward": 5313, "info": {}, "observation": {"remainingOverageTime": 60, "index": 3}, "status": "ACTIVE"}], [{"action": "NORTH", "reward": 201, "info": {}, "observation": {"remainingOverageTime": 60, "step": 53, "geese": [[], [43, 42, 41, 52, 53, 54, 65, 55, 56, 57, 68, 2, 13, 14], [], [1, 12, 11, 21, 20, 9, 8, 74, 75, 64, 63, 62, 61, 60]], "food": [44, 45], "index": 0}, "status": "DONE"}, {"action": "EAST", "reward": 5414, "info": {}, "observation": {"remainingOverageTime": 60, "index": 1}, "status": "ACTIVE"}, {"action": "NORTH", "reward": 301, "info": {}, "observation": {"remainingOverageTime": 60, "index": 2}, "status": "DONE"}, {"action": "NORTH", "reward": 5414, "info": {}, "observation": {"remainingOverageTime": 60, "index": 3}, "status": "ACTIVE"}], [{"action": "NORTH", "reward": 201, "info": {}, "observation": {"remainingOverageTime": 60, "step": 54, "geese": [[], [33, 43, 42, 41, 52, 53, 54, 65, 55, 56, 57, 68, 2, 13], [], []], "food": [44, 45], "index": 0}, "status": "DONE"}, {"action": "EAST", "reward": 5514, "info": {}, "observation": {"remainingOverageTime": 60, "index": 1}, "status": "DONE"}, {"action": "NORTH", "reward": 301, "info": {}, "observation": {"remainingOverageTime": 60, "index": 2}, "status": "DONE"}, {"action": "EAST", "reward": 5414, "info": {}, "observation": {"remainingOverageTime": 60, "index": 3}, "status": "DONE"}]], "rewards": [201, 5514, 301, 5414], "statuses": ["DONE", "DONE", "DONE", "DONE"], "schema_version": 1, "info": {}}