{"id": "a676eb6a-db0c-11ee-b332-0242ac1c000c", "name": "hungry_geese", "title": "Hungry Geese", "description": "Similar to the classic snake game with multiple players", "version": "1.0.0", "configuration": {"episodeSteps": 200, "actTimeout": 1, "runTimeout": 1200, "columns": 11, "rows": 7, "hunger_rate": 40, "min_food": 2, "max_length": 99}, "specification": {"action": {"description": "Direction to move the head of your players goose.", "type": "string", "enum": ["NORTH", "EAST", "SOUTH", "WEST"], "default": "NORTH"}, "agents": [1, 2, 3, 4, 5, 6, 7, 8], "configuration": {"episodeSteps": {"description": "Maximum number of steps in the episode.", "type": "integer", "minimum": 1, "default": 200}, "actTimeout": {"description": "Maximum runtime (seconds) to obtain an action from an agent.", "type": "number", "minimum": 0, "default": 1}, "runTimeout": {"description": "Maximum runtime (seconds) of an episode (not necessarily DONE).", "type": "number", "minimum": 0, "default": 1200}, "columns": {"description": "Horizontal number of cells on the board.", "type": "integer", "default": 11, "minimum": 3}, "rows": {"description": "Vertical number of cells on the board.", "type": "integer", "default": 7, "minimum": 3}, "hunger_rate": {"description": "The number of steps before the goose shrinks a cell.", "type": "integer", "minimum": 1, "default": 40}, "min_food": {"description": "The minimum amount of food present for all steps.", "type": "integer", "default": 2, "minimum": 1}, "max_length": {"description": "The max length any goose can be. Total reward = (max length + 1) * steps survived + goose length.", "type": "integer", "default": 99}}, "info": {}, "observation": {"remainingOverageTime": {"description": "Total remaining banked time (seconds) that can be used in excess of per-step actTimeouts -- agent is disqualified with TIMEOUT status when this drops below 0.", "shared": false, "type": "number", "minimum": 0, "default": 60}, "step": {"description": "Current step within the episode.", "type": "integer", "shared": true, "minimum": 0, "default": 0}, "geese": {"description": "List of geese in order by the agent index.", "type": "array", "default": [], "shared": true}, "food": {"description": "Positions on the board where food is present.", "type": "array", "default": [], "shared": true}, "index": {"description": "Index of the current agent's goose in the list of geese.", "type": "integer", "minimum": 0, "defaults": [0, 1, 2, 3, 4, 5, 6, 7]}}, "reward": {"description": "steps survived * (max goose length + 1) + current goose length.", "type": ["number", "null"], "default": 0, "minimum": 0}}, "steps": [[{"action": "NORTH", "reward": 0, "info": {}, "observation": {"remainingOverageTime": 60, "step": 0, "geese": [[64], [51], [69], [55]], "food": [36, 30], "index": 0}, "status": "ACTIVE"}, {"action": "NORTH", "reward": 0, "info": {}, "observation": {"remainingOverageTime": 60, "index": 1}, "status": "ACTIVE"}, {"action": "NORTH", "reward": 0, "info": {}, "observation": {"remainingOverageTime": 60, "index": 2}, "status": "ACTIVE"}, {"action": "NORTH", "reward": 0, "info": {}, "observation": {"remainingOverageTime": 60, "index": 3}, "status": "ACTIVE"}], [{"action": "NORTH", "reward": 201, "info": {}, "observation": {"remainingOverageTime": 60, "step": 1, "geese": [[53], [52], [58], [56]], "food": [36, 30], "index": 0}, "status": "ACTIVE"}, {"action": "EAST", "reward": 201, "info": {}, "observation": {"remainingOverageTime": 60, "index": 1}, "status": "ACTIVE"}, {"action": "NORTH", "reward": 201, "info": {}, "observation": {"remainingOverageTime": 60, "index": 2}, "status": "ACTIVE"}, {"action": "EAST", "reward": 201, "info": {}, "observation": {"remainingOverageTime": 60, "index": 3}, "status": "ACTIVE"}], [{"action": "NORTH", "reward": 301, "info": {}, "observation": {"remainingOverageTime": 60, "step": 2, "geese": [[42], [41], [47], [45]], "food": [36, 30], "index": 0}, "status": "ACTIVE"}, {"action": "NORTH", "reward": 301, "info": {}, "observation": {"remainingOverageTime": 60, "index": 1}, "status": "ACTIVE"}, {"action": "NORTH", "reward": 301, "info": {}, "observation": {"remainingOverageTime": 60, "index": 2}, "status": "ACTIVE"}, {"action": "NORTH", "reward": 301, "info": {}, "observation": {"remainingOverageTime": 60, "index": 3}, "status": "ACTIVE"}], [{"action": "NORTH", "reward": 401, "info": {}, "observation": {"remainingOverageTime": 60, "step": 3, "geese": [[31], [30, 41], [36, 47], []], "food": [35, 16], "index": 0}, "status": "ACTIVE"}, {"action": "NORTH", "reward": 402, "info": {}, "observation": {"remainingOverageTime": 60, "index": 1}, "status": "ACTIVE"}, {"action": "NORTH", "reward": 402, "info": {}, "observation": {"remainingOverageTime": 60, "index": 2}, "status": "ACTIVE"}, {"action": "SOUTH", "reward": 301, "info": {}, "observation": {"remainingOverageTime": 60, "index": 3}, "status": "DONE"}], [{"action": "NORTH", "reward": 501, "info": {}, "observation": {"remainingOverageTime": 60, "step": 4, "geese": [[20], [19, 30], [35, 36, 47], []], "food": [16, 23], "index": 0}, "status": "ACTIVE"}, {"action": "NORTH", "reward": 502, "info": {}, "observation": {"remainingOverageTime": 60, "index": 1}, "status": "ACTIVE"}, {"action": "WEST", "reward": 503, "info": {}, "observation": {"remainingOverageTime": 60, "index": 2}, "status": "ACTIVE"}, {"action": "NORTH", "reward": 301, "info": {}, "observation": {"remainingOverageTime": 60, "index": 3}, "status": "DONE"}], [{"action": "EAST", "reward": 601, "info": {}, "observation": {"remainingOverageTime": 60, "step": 5, "geese": [[21], [18, 19], [24, 35, 36], []], "food": [16, 23], "index": 0}, "status": "ACTIVE"}, {"action": "WEST", "reward": 602, "info": {}, "observation": {"remainingOverageTime": 60, "index": 1}, "status": "ACTIVE"}, {"action": "NORTH", "reward": 603, "info": {}, "observation": {"remainingOverageTime": 60, "index": 2}, "status": "ACTIVE"}, {"action": "NORTH", "reward": 301, "info": {}, "observation": {"remainingOverageTime": 60, "index": 3}, "status": "DONE"}], [{"action": "EAST", "reward": 701, "info": {}, "observation": {"remainingOverageTime": 60, "step": 6, "geese": [[11], [17, 18], [23, 24, 35, 36], []], "food": [16, 22], "index": 0}, "status": "ACTIVE"}, {"action": "WEST", "reward": 702, "info": {}, "observation": {"remainingOverageTime": 60, "index": 1}, "status": "ACTIVE"}, {"action": "WEST", "reward": 704, "info": {}, "observation": {"remainingOverageTime": 60, "index": 2}, "status": "ACTIVE"}, {"action": "NORTH", "reward": 301, "info": {}, "observation": {"remainingOverageTime": 60, "index": 3}, "status": "DONE"}], [{"action": "WEST", "reward": 701, "info": {}, "observation": {"remainingOverageTime": 60, "step": 7, "geese": [[], [16, 17, 18], [12, 23, 24, 35], []], "food": [22, 47], "index": 0}, "status": "DONE"}, {"action": "WEST", "reward": 803, "info": {}, "observation": {"remainingOverageTime": 60, "index": 1}, "status": "ACTIVE"}, {"action": "NORTH", "reward": 804, "info": {}, "observation": {"remainingOverageTime": 60, "index": 2}, "status": "ACTIVE"}, {"action": "NORTH", "reward": 301, "info": {}, "observation": {"remainingOverageTime": 60, "index": 3}, "status": "DONE"}], [{"action": "NORTH", "reward": 701, "info": {}, "observation": {"remainingOverageTime": 60, "step": 8, "geese": [[], [15, 16, 17], [11, 12, 23, 24], []], "food": [22, 47], "index": 0}, "status": "DONE"}, {"action": "WEST", "reward": 903, "info": {}, "observation": {"remainingOverageTime": 60, "index": 1}, "status": "ACTIVE"}, {"action": "WEST", "reward": 904, "info": {}, "observation": {"remainingOverageTime": 60, "index": 2}, "status": "ACTIVE"}, {"action": "NORTH", "reward": 301, "info": {}, "observation": {"remainingOverageTime": 60, "index": 3}, "status": "DONE"}], [{"action": "NORTH", "reward": 701, "info": {}, "observation": {"remainingOverageTime": 60, "step": 9, "geese": [[], [14, 15, 16], [22, 11, 12, 23, 24], []], "food": [47, 53], "index": 0}, "status": "DONE"}, {"action": "WEST", "reward": 1003, "info": {}, "observation": {"remainingOverageTime": 60, "index": 1}, "status": "ACTIVE"}, {"action": "SOUTH", "reward": 1005, "info": {}, "observation": {"remainingOverageTime": 60, "index": 2}, "status": "ACTIVE"}, {"action": "NORTH", "reward": 301, "info": {}, "observation": {"remainingOverageTime": 60, "index": 3}, "status": "DONE"}], [{"action": "NORTH", "reward": 701, "info": {}, "observation": {"remainingOverageTime": 60, "step": 10, "geese": [[], [25, 14, 15], [32, 22, 11, 12, 23], []], "food": [47, 53], "index": 0}, "status": "DONE"}, {"action": "SOUTH", "reward": 1103, "info": {}, "observation": {"remainingOverageTime": 60, "index": 1}, "status": "ACTIVE"}, {"action": "WEST", "reward": 1105, "info": {}, "observation": {"remainingOverageTime": 60, "index": 2}, "status": "ACTIVE"}, {"action": "NORTH", "reward": 301, "info": {}, "observation": {"remainingOverageTime": 60, "index": 3}, "status": "DONE"}], [{"action": "NORTH", "reward": 701, "info": {}, "observation": {"remainingOverageTime": 60, "step": 11, "geese": [[], [36, 25, 14], [31, 32, 22, 11, 12], []], "food": [47, 53], "index": 0}, "status": "DONE"}, {"action": "SOUTH", "reward": 1203, "info": {}, "observation": {"remainingOverageTime": 60, "index": 1}, "status": "ACTIVE"}, {"action": "WEST", "reward": 1205, "info": {}, "observation": {"remainingOverageTime": 60, "index": 2}, "status": "ACTIVE"}, {"action": "NORTH", "reward": 301, "info": {}, "observation": {"remainingOverageTime": 60, "index": 3}, "status": "DONE"}], [{"action": "NORTH", "reward": 701, "info": {}, "observation": {"remainingOverageTime": 60, "step": 12, "geese": [[], [47, 36, 25, 14], [42, 31, 32, 22, 11], []], "food": [53, 24], "index": 0}, "status": "DONE"}, {"action": "SOUTH", "reward": 1304, "info": {}, "observation": {"remainingOverageTime": 60, "index": 1}, "status": "ACTIVE"}, {"action": "SOUTH", "reward": 1305, "info": {}, "observation": {"remainingOverageTime": 60, "index": 2}, "status": "ACTIVE"}, {"action": "NORTH", "reward": 301, "info": {}, "observation": {"remainingOverageTime": 60, "index": 3}, "status": "DONE"}], [{"action": "NORTH", "reward": 701, "info": {}, "observation": {"remainingOverageTime": 60, "step": 13, "geese": [[], [46, 47, 36, 25], [53, 42, 31, 32, 22, 11], []], "food": [24, 12], "index": 0}, "status": "DONE"}, {"action": "WEST", "reward": 1404, "info": {}, "observation": {"remainingOverageTime": 60, "index": 1}, "status": "ACTIVE"}, {"action": "SOUTH", "reward": 1406, "info": {}, "observation": {"remainingOverageTime": 60, "index": 2}, "status": "ACTIVE"}, {"action": "NORTH", "reward": 301, "info": {}, "observation": {"remainingOverageTime": 60, "index": 3}, "status": "DONE"}], [{"action": "NORTH", "reward": 701, "info": {}, "observation": {"remainingOverageTime": 60, "step": 14, "geese": [[], [35, 46, 47, 36], [54, 53, 42, 31, 32, 22], []], "food": [24, 12], "index": 0}, "status": "DONE"}, {"action": "NORTH", "reward": 1504, "info": {}, "observation": {"remainingOverageTime": 60, "index": 1}, "status": "ACTIVE"}, {"action": "EAST", "reward": 1506, "info": {}, "observation": {"remainingOverageTime": 60, "index": 2}, "status": "ACTIVE"}, {"action": "NORTH", "reward": 301, "info": {}, "observation": {"remainingOverageTime": 60, "index": 3}, "status": "DONE"}], [{"action": "NORTH", "reward": 701, "info": {}, "observation": {"remainingOverageTime": 60, "step": 15, "geese": [[], [24, 35, 46, 47, 36], [44, 54, 53, 42, 31, 32], []], "food": [12, 52], "index": 0}, "status": "DONE"}, {"action": "NORTH", "reward": 1605, "info": {}, "observation": {"remainingOverageTime": 60, "index": 1}, "status": "ACTIVE"}, {"action": "EAST", "reward": 1606, "info": {}, "observation": {"remainingOverageTime": 60, "index": 2}, "status": "ACTIVE"}, {"action": "NORTH", "reward": 301, "info": {}, "observation": {"remainingOverageTime": 60, "index": 3}, "status": "DONE"}], [{"action": "NORTH", "reward": 701, "info": {}, "observation": {"remainingOverageTime": 60, "step": 16, "geese": [[], [13, 24, 35, 46, 47], [33, 44, 54, 53, 42, 31], []], "food": [12, 52], "index": 0}, "status": "DONE"}, {"action": "NORTH", "reward": 1705, "info": {}, "observation": {"remainingOverageTime": 60, "index": 1}, "status": "ACTIVE"}, {"action": "NORTH", "reward": 1706, "info": {}, "observation": {"remainingOverageTime": 60, "index": 2}, "status": "ACTIVE"}, {"action": "NORTH", "reward": 301, "info": {}, "observation": {"remainingOverageTime": 60, "index": 3}, "status": "DONE"}], [{"action": "NORTH", "reward": 701, "info": {}, "observation": {"remainingOverageTime": 60, "step": 17, "geese": [[], [12, 13, 24, 35, 46, 47], [22, 33, 44, 54, 53, 42], []], "food": [52, 64], "index": 0}, "status": "DONE"}, {"action": "WEST", "reward": 1806, "info": {}, "observation": {"remainingOverageTime": 60, "index": 1}, "status": "ACTIVE"}, {"action": "NORTH", "reward": 1806, "info": {}, "observation": {"remainingOverageTime": 60, "index": 2}, "status": "ACTIVE"}, {"action": "NORTH", "reward": 301, "info": {}, "observation": {"remainingOverageTime": 60, "index": 3}, "status": "DONE"}], [{"action": "NORTH", "reward": 701, "info": {}, "observation": {"remainingOverageTime": 60, "step": 18, "geese": [[], [1, 12, 13, 24, 35, 46], [32, 22, 33, 44, 54, 53], []], "food": [52, 64], "index": 0}, "status": "DONE"}, {"action": "NORTH", "reward": 1906, "info": {}, "observation": {"remainingOverageTime": 60, "index": 1}, "status": "ACTIVE"}, {"action": "WEST", "reward": 1906, "info": {}, "observation": {"remainingOverageTime": 60, "index": 2}, "status": "ACTIVE"}, {"action": "NORTH", "reward": 301, "info": {}, "observation": {"remainingOverageTime": 60, "index": 3}, "status": "DONE"}], [{"action": "NORTH", "reward": 701, "info": {}, "observation": {"remainingOverageTime": 60, "step": 19, "geese": [[], [67, 1, 12, 13, 24, 35], [31, 32, 22, 33, 44, 54], []], "food": [52, 64], "index": 0}, "status": "DONE"}, {"action": "NORTH", "reward": 2006, "info": {}, "observation": {"remainingOverageTime": 60, "index": 1}, "status": "ACTIVE"}, {"action": "WEST", "reward": 2006, "info": {}, "observation": {"remainingOverageTime": 60, "index": 2}, "status": "ACTIVE"}, {"action": "NORTH", "reward": 301, "info": {}, "observation": {"remainingOverageTime": 60, "index": 3}, "status": "DONE"}], [{"action": "NORTH", "reward": 701, "info": {}, "observation": {"remainingOverageTime": 60, "step": 20, "geese": [[], [56, 67, 1, 12, 13, 24], [30, 31, 32, 22, 33, 44], []], "food": [52, 64], "index": 0}, "status": "DONE"}, {"action": "NORTH", "reward": 2106, "info": {}, "observation": {"remainingOverageTime": 60, "index": 1}, "status": "ACTIVE"}, {"action": "WEST", "reward": 2106, "info": {}, "observation": {"remainingOverageTime": 60, "index": 2}, "status": "ACTIVE"}, {"action": "NORTH", "reward": 301, "info": {}, "observation": {"remainingOverageTime": 60, "index": 3}, "status": "DONE"}], [{"action": "NORTH", "reward": 701, "info": {}, "observation": {"remainingOverageTime": 60, "step": 21, "geese": [[], [55, 56, 67, 1, 12, 13], [41, 30, 31, 32, 22, 33], []], "food": [52, 64], "index": 0}, "status": "DONE"}, {"action": "WEST", "reward": 2206, "info": {}, "observation": {"remainingOverageTime": 60, "index": 1}, "status": "ACTIVE"}, {"action": "SOUTH", "reward": 2206, "info": {}, "observation": {"remainingOverageTime": 60, "index": 2}, "status": "ACTIVE"}, {"action": "NORTH", "reward": 301, "info": {}, "observation": {"remainingOverageTime": 60, "index": 3}, "status": "DONE"}], [{"action": "NORTH", "reward": 701, "info": {}, "observation": {"remainingOverageTime": 60, "step": 22, "geese": [[], [65, 55, 56, 67, 1, 12], [52, 41, 30, 31, 32, 22, 33], []], "food": [64, 76], "index": 0}, "status": "DONE"}, {"action": "WEST", "reward": 2306, "info": {}, "observation": {"remainingOverageTime": 60, "index": 1}, "status": "ACTIVE"}, {"action": "SOUTH", "reward": 2307, "info": {}, "observation": {"remainingOverageTime": 60, "index": 2}, "status": "ACTIVE"}, {"action": "NORTH", "reward": 301, "info": {}, "observation": {"remainingOverageTime": 60, "index": 3}, "status": "DONE"}], [{"action": "NORTH", "reward": 701, "info": {}, "observation": {"remainingOverageTime": 60, "step": 23, "geese": [[], [64, 65, 55, 56, 67, 1, 12], [53, 52, 41, 30, 31, 32, 22], []], "food": [76, 25], "index": 0}, "status": "DONE"}, {"action": "WEST", "reward": 2407, "info": {}, "observation": {"remainingOverageTime": 60, "index": 1}, "status": "ACTIVE"}, {"action": "EAST", "reward": 2407, "info": {}, "observation": {"remainingOverageTime": 60, "index": 2}, "status": "ACTIVE"}, {"action": "NORTH", "reward": 301, "info": {}, "observation": {"remainingOverageTime": 60, "index": 3}, "status": "DONE"}], [{"action": "NORTH", "reward": 701, "info": {}, "observation": {"remainingOverageTime": 60, "step": 24, "geese": [[], [75, 64, 65, 55, 56, 67, 1], [54, 53, 52, 41, 30, 31, 32], []], "food": [76, 25], "index": 0}, "status": "DONE"}, {"action": "SOUTH", "reward": 2507, "info": {}, "observation": {"remainingOverageTime": 60, "index": 1}, "status": "ACTIVE"}, {"action": "EAST", "reward": 2507, "info": {}, "observation": {"remainingOverageTime": 60, "index": 2}, "status": "ACTIVE"}, {"action": "NORTH", "reward": 301, "info": {}, "observation": {"remainingOverageTime": 60, "index": 3}, "status": "DONE"}], [{"action": "NORTH", "reward": 701, "info": {}, "observation": {"remainingOverageTime": 60, "step": 25, "geese": [[], [76, 75, 64, 65, 55, 56, 67, 1], [44, 54, 53, 52, 41, 30, 31], []], "food": [25, 73], "index": 0}, "status": "DONE"}, {"action": "EAST", "reward": 2608, "info": {}, "observation": {"remainingOverageTime": 60, "index": 1}, "status": "ACTIVE"}, {"action": "EAST", "reward": 2607, "info": {}, "observation": {"remainingOverageTime": 60, "index": 2}, "status": "ACTIVE"}, {"action": "NORTH", "reward": 301, "info": {}, "observation": {"remainingOverageTime": 60, "index": 3}, "status": "DONE"}], [{"action": "NORTH", "reward": 701, "info": {}, "observation": {"remainingOverageTime": 60, "step": 26, "geese": [[], [10, 76, 75, 64, 65, 55, 56, 67], [45, 44, 54, 53, 52, 41, 30], []], "food": [25, 73], "index": 0}, "status": "DONE"}, {"action": "SOUTH", "reward": 2708, "info": {}, "observation": {"remainingOverageTime": 60, "index": 1}, "status": "ACTIVE"}, {"action": "EAST", "reward": 2707, "info": {}, "observation": {"remainingOverageTime": 60, "index": 2}, "status": "ACTIVE"}, {"action": "NORTH", "reward": 301, "info": {}, "observation": {"remainingOverageTime": 60, "index": 3}, "status": "DONE"}], [{"action": "NORTH", "reward": 701, "info": {}, "observation": {"remainingOverageTime": 60, "step": 27, "geese": [[], [9, 10, 76, 75, 64, 65, 55, 56], [46, 45, 44, 54, 53, 52, 41], []], "food": [25, 73], "index": 0}, "status": "DONE"}, {"action": "WEST", "reward": 2808, "info": {}, "observation": {"remainingOverageTime": 60, "index": 1}, "status": "ACTIVE"}, {"action": "EAST", "reward": 2807, "info": {}, "observation": {"remainingOverageTime": 60, "index": 2}, "status": "ACTIVE"}, {"action": "NORTH", "reward": 301, "info": {}, "observation": {"remainingOverageTime": 60, "index": 3}, "status": "DONE"}], [{"action": "NORTH", "reward": 701, "info": {}, "observation": {"remainingOverageTime": 60, "step": 28, "geese": [[], [8, 9, 10, 76, 75, 64, 65, 55], [47, 46, 45, 44, 54, 53, 52], []], "food": [25, 73], "index": 0}, "status": "DONE"}, {"action": "WEST", "reward": 2908, "info": {}, "observation": {"remainingOverageTime": 60, "index": 1}, "status": "ACTIVE"}, {"action": "EAST", "reward": 2907, "info": {}, "observation": {"remainingOverageTime": 60, "index": 2}, "status": "ACTIVE"}, {"action": "NORTH", "reward": 301, "info": {}, "observation": {"remainingOverageTime": 60, "index": 3}, "status": "DONE"}], [{"action": "NORTH", "reward": 701, "info": {}, "observation": {"remainingOverageTime": 60, "step": 29, "geese": [[], [74, 8, 9, 10, 76, 75, 64, 65], [36, 47, 46, 45, 44, 54, 53], []], "food": [25, 73], "index": 0}, "status": "DONE"}, {"action": "NORTH", "reward": 3008, "info": {}, "observation": {"remainingOverageTime": 60, "index": 1}, "status": "ACTIVE"}, {"action": "NORTH", "reward": 3007, "info": {}, "observation": {"remainingOverageTime": 60, "index": 2}, "status": "ACTIVE"}, {"action": "NORTH", "reward": 301, "info": {}, "observation": {"remainingOverageTime": 60, "index": 3}, "status": "DONE"}], [{"action": "NORTH", "reward": 701, "info": {}, "observation": {"remainingOverageTime": 60, "step": 30, "geese": [[], [73, 74, 8, 9, 10, 76, 75, 64, 65], [25, 36, 47, 46, 45, 44, 54, 53], []], "food": [7, 0], "index": 0}, "status": "DONE"}, {"action": "WEST", "reward": 3109, "info": {}, "observation": {"remainingOverageTime": 60, "index": 1}, "status": "ACTIVE"}, {"action": "NORTH", "reward": 3108, "info": {}, "observation": {"remainingOverageTime": 60, "index": 2}, "status": "ACTIVE"}, {"action": "NORTH", "reward": 301, "info": {}, "observation": {"remainingOverageTime": 60, "index": 3}, "status": "DONE"}], [{"action": "NORTH", "reward": 701, "info": {}, "observation": {"remainingOverageTime": 60, "step": 31, "geese": [[], [7, 73, 74, 8, 9, 10, 76, 75, 64, 65], [14, 25, 36, 47, 46, 45, 44, 54], []], "food": [0, 5], "index": 0}, "status": "DONE"}, {"action": "SOUTH", "reward": 3210, "info": {}, "observation": {"remainingOverageTime": 60, "index": 1}, "status": "ACTIVE"}, {"action": "NORTH", "reward": 3208, "info": {}, "observation": {"remainingOverageTime": 60, "index": 2}, "status": "ACTIVE"}, {"action": "NORTH", "reward": 301, "info": {}, "observation": {"remainingOverageTime": 60, "index": 3}, "status": "DONE"}], [{"action": "NORTH", "reward": 701, "info": {}, "observation": {"remainingOverageTime": 60, "step": 32, "geese": [[], [6, 7, 73, 74, 8, 9, 10, 76, 75, 64], [15, 14, 25, 36, 47, 46, 45, 44], []], "food": [0, 5], "index": 0}, "status": "DONE"}, {"action": "WEST", "reward": 3310, "info": {}, "observation": {"remainingOverageTime": 60, "index": 1}, "status": "ACTIVE"}, {"action": "EAST", "reward": 3308, "info": {}, "observation": {"remainingOverageTime": 60, "index": 2}, "status": "ACTIVE"}, {"action": "NORTH", "reward": 301, "info": {}, "observation": {"remainingOverageTime": 60, "index": 3}, "status": "DONE"}], [{"action": "NORTH", "reward": 701, "info": {}, "observation": {"remainingOverageTime": 60, "step": 33, "geese": [[], [5, 6, 7, 73, 74, 8, 9, 10, 76, 75, 64], [4, 15, 14, 25, 36, 47, 46, 45], []], "food": [0, 53], "index": 0}, "status": "DONE"}, {"action": "WEST", "reward": 3411, "info": {}, "observation": {"remainingOverageTime": 60, "index": 1}, "status": "ACTIVE"}, {"action": "NORTH", "reward": 3408, "info": {}, "observation": {"remainingOverageTime": 60, "index": 2}, "status": "ACTIVE"}, {"action": "NORTH", "reward": 301, "info": {}, "observation": {"remainingOverageTime": 60, "index": 3}, "status": "DONE"}], [{"action": "NORTH", "reward": 701, "info": {}, "observation": {"remainingOverageTime": 60, "step": 34, "geese": [[], [71, 5, 6, 7, 73, 74, 8, 9, 10, 76, 75], [3, 4, 15, 14, 25, 36, 47, 46], []], "food": [0, 53], "index": 0}, "status": "DONE"}, {"action": "NORTH", "reward": 3511, "info": {}, "observation": {"remainingOverageTime": 60, "index": 1}, "status": "ACTIVE"}, {"action": "WEST", "reward": 3508, "info": {}, "observation": {"remainingOverageTime": 60, "index": 2}, "status": "ACTIVE"}, {"action": "NORTH", "reward": 301, "info": {}, "observation": {"remainingOverageTime": 60, "index": 3}, "status": "DONE"}], [{"action": "NORTH", "reward": 701, "info": {}, "observation": {"remainingOverageTime": 60, "step": 35, "geese": [[], [72, 71, 5, 6, 7, 73, 74, 8, 9, 10, 76], [2, 3, 4, 15, 14, 25, 36, 47], []], "food": [0, 53], "index": 0}, "status": "DONE"}, {"action": "EAST", "reward": 3611, "info": {}, "observation": {"remainingOverageTime": 60, "index": 1}, "status": "ACTIVE"}, {"action": "WEST", "reward": 3608, "info": {}, "observation": {"remainingOverageTime": 60, "index": 2}, "status": "ACTIVE"}, {"action": "NORTH", "reward": 301, "info": {}, "observation": {"remainingOverageTime": 60, "index": 3}, "status": "DONE"}], [{"action": "NORTH", "reward": 701, "info": {}, "observation": {"remainingOverageTime": 60, "step": 36, "geese": [[], [61, 72, 71, 5, 6, 7, 73, 74, 8, 9, 10], [1, 2, 3, 4, 15, 14, 25, 36], []], "food": [0, 53], "index": 0}, "status": "DONE"}, {"action": "NORTH", "reward": 3711, "info": {}, "observation": {"remainingOverageTime": 60, "index": 1}, "status": "ACTIVE"}, {"action": "WEST", "reward": 3708, "info": {}, "observation": {"remainingOverageTime": 60, "index": 2}, "status": "ACTIVE"}, {"action": "NORTH", "reward": 301, "info": {}, "observation": {"remainingOverageTime": 60, "index": 3}, "status": "DONE"}], [{"action": "NORTH", "reward": 701, "info": {}, "observation": {"remainingOverageTime": 60, "step": 37, "geese": [[], [62, 61, 72, 71, 5, 6, 7, 73, 74, 8, 9], [0, 1, 2, 3, 4, 15, 14, 25, 36], []], "food": [53, 51], "index": 0}, "status": "DONE"}, {"action": "EAST", "reward": 3811, "info": {}, "observation": {"remainingOverageTime": 60, "index": 1}, "status": "ACTIVE"}, {"action": "WEST", "reward": 3809, "info": {}, "observation": {"remainingOverageTime": 60, "index": 2}, "status": "ACTIVE"}, {"action": "NORTH", "reward": 301, "info": {}, "observation": {"remainingOverageTime": 60, "index": 3}, "status": "DONE"}], [{"action": "NORTH", "reward": 701, "info": {}, "observation": {"remainingOverageTime": 60, "step": 38, "geese": [[], [51, 62, 61, 72, 71, 5, 6, 7, 73, 74, 8, 9], [66, 0, 1, 2, 3, 4, 15, 14, 25], []], "food": [53, 39], "index": 0}, "status": "DONE"}, {"action": "NORTH", "reward": 3912, "info": {}, "observation": {"remainingOverageTime": 60, "index": 1}, "status": "ACTIVE"}, {"action": "NORTH", "reward": 3909, "info": {}, "observation": {"remainingOverageTime": 60, "index": 2}, "status": "ACTIVE"}, {"action": "NORTH", "reward": 301, "info": {}, "observation": {"remainingOverageTime": 60, "index": 3}, "status": "DONE"}], [{"action": "NORTH", "reward": 701, "info": {}, "observation": {"remainingOverageTime": 60, "step": 39, "geese": [[], [52, 51, 62, 61, 72, 71, 5, 6, 7, 73, 74, 8], [55, 66, 0, 1, 2, 3, 4, 15, 14], []], "food": [53, 39], "index": 0}, "status": "DONE"}, {"action": "EAST", "reward": 4012, "info": {}, "observation": {"remainingOverageTime": 60, "index": 1}, "status": "ACTIVE"}, {"action": "NORTH", "reward": 4009, "info": {}, "observation": {"remainingOverageTime": 60, "index": 2}, "status": "ACTIVE"}, {"action": "NORTH", "reward": 301, "info": {}, "observation": {"remainingOverageTime": 60, "index": 3}, "status": "DONE"}], [{"action": "NORTH", "reward": 701, "info": {}, "observation": {"remainingOverageTime": 60, "step": 40, "geese": [[], [53, 52, 51, 62, 61, 72, 71, 5, 6, 7, 73, 74], [56, 55, 66, 0, 1, 2, 3, 4], []], "food": [39, 16], "index": 0}, "status": "DONE"}, {"action": "EAST", "reward": 4112, "info": {}, "observation": {"remainingOverageTime": 60, "index": 1}, "status": "ACTIVE"}, {"action": "EAST", "reward": 4108, "info": {}, "observation": {"remainingOverageTime": 60, "index": 2}, "status": "ACTIVE"}, {"action": "NORTH", "reward": 301, "info": {}, "observation": {"remainingOverageTime": 60, "index": 3}, "status": "DONE"}], [{"action": "NORTH", "reward": 701, "info": {}, "observation": {"remainingOverageTime": 60, "step": 41, "geese": [[], [42, 53, 52, 51, 62, 61, 72, 71, 5, 6, 7, 73], [57, 56, 55, 66, 0, 1, 2, 3], []], "food": [39, 16], "index": 0}, "status": "DONE"}, {"action": "NORTH", "reward": 4212, "info": {}, "observation": {"remainingOverageTime": 60, "index": 1}, "status": "ACTIVE"}, {"action": "EAST", "reward": 4208, "info": {}, "observation": {"remainingOverageTime": 60, "index": 2}, "status": "ACTIVE"}, {"action": "NORTH", "reward": 301, "info": {}, "observation": {"remainingOverageTime": 60, "index": 3}, "status": "DONE"}], [{"action": "NORTH", "reward": 701, "info": {}, "observation": {"remainingOverageTime": 60, "step": 42, "geese": [[], [41, 42, 53, 52, 51, 62, 61, 72, 71, 5, 6, 7], [58, 57, 56, 55, 66, 0, 1, 2], []], "food": [39, 16], "index": 0}, "status": "DONE"}, {"action": "WEST", "reward": 4312, "info": {}, "observation": {"remainingOverageTime": 60, "index": 1}, "status": "ACTIVE"}, {"action": "EAST", "reward": 4308, "info": {}, "observation": {"remainingOverageTime": 60, "index": 2}, "status": "ACTIVE"}, {"action": "NORTH", "reward": 301, "info": {}, "observation": {"remainingOverageTime": 60, "index": 3}, "status": "DONE"}], [{"action": "NORTH", "reward": 701, "info": {}, "observation": {"remainingOverageTime": 60, "step": 43, "geese": [[], [40, 41, 42, 53, 52, 51, 62, 61, 72, 71, 5, 6], [59, 58, 57, 56, 55, 66, 0, 1], []], "food": [39, 16], "index": 0}, "status": "DONE"}, {"action": "WEST", "reward": 4412, "info": {}, "observation": {"remainingOverageTime": 60, "index": 1}, "status": "ACTIVE"}, {"action": "EAST", "reward": 4408, "info": {}, "observation": {"remainingOverageTime": 60, "index": 2}, "status": "ACTIVE"}, {"action": "NORTH", "reward": 301, "info": {}, "observation": {"remainingOverageTime": 60, "index": 3}, "status": "DONE"}], [{"action": "NORTH", "reward": 701, "info": {}, "observation": {"remainingOverageTime": 60, "step": 44, "geese": [[], [39, 40, 41, 42, 53, 52, 51, 62, 61, 72, 71, 5, 6], [70, 59, 58, 57, 56, 55, 66, 0], []], "food": [16, 45], "index": 0}, "status": "DONE"}, {"action": "WEST", "reward": 4513, "info": {}, "observation": {"remainingOverageTime": 60, "index": 1}, "status": "ACTIVE"}, {"action": "SOUTH", "reward": 4508, "info": {}, "observation": {"remainingOverageTime": 60, "index": 2}, "status": "ACTIVE"}, {"action": "NORTH", "reward": 301, "info": {}, "observation": {"remainingOverageTime": 60, "index": 3}, "status": "DONE"}], [{"action": "NORTH", "reward": 701, "info": {}, "observation": {"remainingOverageTime": 60, "step": 45, "geese": [[], [28, 39, 40, 41, 42, 53, 52, 51, 62, 61, 72, 71, 5], [4, 70, 59, 58, 57, 56, 55, 66], []], "food": [16, 45], "index": 0}, "status": "DONE"}, {"action": "NORTH", "reward": 4613, "info": {}, "observation": {"remainingOverageTime": 60, "index": 1}, "status": "ACTIVE"}, {"action": "SOUTH", "reward": 4608, "info": {}, "observation": {"remainingOverageTime": 60, "index": 2}, "status": "ACTIVE"}, {"action": "NORTH", "reward": 301, "info": {}, "observation": {"remainingOverageTime": 60, "index": 3}, "status": "DONE"}], [{"action": "NORTH", "reward": 701, "info": {}, "observation": {"remainingOverageTime": 60, "step": 46, "geese": [[], [17, 28, 39, 40, 41, 42, 53, 52, 51, 62, 61, 72, 71], [5, 4, 70, 59, 58, 57, 56, 55], []], "food": [16, 45], "index": 0}, "status": "DONE"}, {"action": "NORTH", "reward": 4713, "info": {}, "observation": {"remainingOverageTime": 60, "index": 1}, "status": "ACTIVE"}, {"action": "EAST", "reward": 4708, "info": {}, "observation": {"remainingOverageTime": 60, "index": 2}, "status": "ACTIVE"}, {"action": "NORTH", "reward": 301, "info": {}, "observation": {"remainingOverageTime": 60, "index": 3}, "status": "DONE"}], [{"action": "NORTH", "reward": 701, "info": {}, "observation": {"remainingOverageTime": 60, "step": 47, "geese": [[], [18, 17, 28, 39, 40, 41, 42, 53, 52, 51, 62, 61, 72], [71, 5, 4, 70, 59, 58, 57, 56], []], "food": [16, 45], "index": 0}, "status": "DONE"}, {"action": "EAST", "reward": 4813, "info": {}, "observation": {"remainingOverageTime": 60, "index": 1}, "status": "ACTIVE"}, {"action": "NORTH", "reward": 4808, "info": {}, "observation": {"remainingOverageTime": 60, "index": 2}, "status": "ACTIVE"}, {"action": "NORTH", "reward": 301, "info": {}, "observation": {"remainingOverageTime": 60, "index": 3}, "status": "DONE"}], [{"action": "NORTH", "reward": 701, "info": {}, "observation": {"remainingOverageTime": 60, "step": 48, "geese": [[], [19, 18, 17, 28, 39, 40, 41, 42, 53, 52, 51, 62, 61], [60, 71, 5, 4, 70, 59, 58, 57], []], "food": [16, 45], "index": 0}, "status": "DONE"}, {"action": "EAST", "reward": 4913, "info": {}, "observation": {"remainingOverageTime": 60, "index": 1}, "status": "ACTIVE"}, {"action": "NORTH", "reward": 4908, "info": {}, "observation": {"remainingOverageTime": 60, "index": 2}, "status": "ACTIVE"}, {"action": "NORTH", "reward": 301, "info": {}, "observation": {"remainingOverageTime": 60, "index": 3}, "status": "DONE"}], [{"action": "NORTH", "reward": 701, "info": {}, "observation": {"remainingOverageTime": 60, "step": 49, "geese": [[], [20, 19, 18, 17, 28, 39, 40, 41, 42, 53, 52, 51, 62], [49, 60, 71, 5, 4, 70, 59, 58], []], "food": [16, 45], "index": 0}, "status": "DONE"}, {"action": "EAST", "reward": 5013, "info": {}, "observation": {"remainingOverageTime": 60, "index": 1}, "status": "ACTIVE"}, {"action": "NORTH", "reward": 5008, "info": {}, "observation": {"remainingOverageTime": 60, "index": 2}, "status": "ACTIVE"}, {"action": "NORTH", "reward": 301, "info": {}, "observation": {"remainingOverageTime": 60, "index": 3}, "status": "DONE"}], [{"action": "NORTH", "reward": 701, "info": {}, "observation": {"remainingOverageTime": 60, "step": 50, "geese": [[], [21, 20, 19, 18, 17, 28, 39, 40, 41, 42, 53, 52, 51], [38, 49, 60, 71, 5, 4, 70, 59], []], "food": [16, 45], "index": 0}, "status": "DONE"}, {"action": "EAST", "reward": 5113, "info": {}, "observation": {"remainingOverageTime": 60, "index": 1}, "status": "ACTIVE"}, {"action": "NORTH", "reward": 5108, "info": {}, "observation": {"remainingOverageTime": 60, "index": 2}, "status": "ACTIVE"}, {"action": "NORTH", "reward": 301, "info": {}, "observation": {"remainingOverageTime": 60, "index": 3}, "status": "DONE"}], [{"action": "NORTH", "reward": 701, "info": {}, "observation": {"remainingOverageTime": 60, "step": 51, "geese": [[], [11, 21, 20, 19, 18, 17, 28, 39, 40, 41, 42, 53, 52], [27, 38, 49, 60, 71, 5, 4, 70], []], "food": [16, 45], "index": 0}, "status": "DONE"}, {"action": "EAST", "reward": 5213, "info": {}, "observation": {"remainingOverageTime": 60, "index": 1}, "status": "ACTIVE"}, {"action": "NORTH", "reward": 5208, "info": {}, "observation": {"remainingOverageTime": 60, "index": 2}, "status": "ACTIVE"}, {"action": "NORTH", "reward": 301, "info": {}, "observation": {"remainingOverageTime": 60, "index": 3}, "status": "DONE"}], [{"action": "NORTH", "reward": 701, "info": {}, "observation": {"remainingOverageTime": 60, "step": 52, "geese": [[], [12, 11, 21, 20, 19, 18, 17, 28, 39, 40, 41, 42, 53], [16, 27, 38, 49, 60, 71, 5, 4, 70], []], "food": [45, 0], "index": 0}, "status": "DONE"}, {"action": "EAST", "reward": 5313, "info": {}, "observation": {"remainingOverageTime": 60, "index": 1}, "status": "ACTIVE"}, {"action": "NORTH", "reward": 5309, "info": {}, "observation": {"remainingOverageTime": 60, "index": 2}, "status": "ACTIVE"}, {"action": "NORTH", "reward": 301, "info": {}, "observation": {"remainingOverageTime": 60, "index": 3}, "status": "DONE"}], [{"action": "NORTH", "reward": 701, "info": {}, "observation": {"remainingOverageTime": 60, "step": 53, "geese": [[], [1, 12, 11, 21, 20, 19, 18, 17, 28, 39, 40, 41, 42], [15, 16, 27, 38, 49, 60, 71, 5, 4], []], "food": [45, 0], "index": 0}, "status": "DONE"}, {"action": "NORTH", "reward": 5413, "info": {}, "observation": {"remainingOverageTime": 60, "index": 1}, "status": "ACTIVE"}, {"action": "WEST", "reward": 5409, "info": {}, "observation": {"remainingOverageTime": 60, "index": 2}, "status": "ACTIVE"}, {"action": "NORTH", "reward": 301, "info": {}, "observation": {"remainingOverageTime": 60, "index": 3}, "status": "DONE"}], [{"action": "NORTH", "reward": 701, "info": {}, "observation": {"remainingOverageTime": 60, "step": 54, "geese": [[], [0, 1, 12, 11, 21, 20, 19, 18, 17, 28, 39, 40, 41, 42], [14, 15, 16, 27, 38, 49, 60, 71, 5], []], "food": [45, 69], "index": 0}, "status": "DONE"}, {"action": "WEST", "reward": 5514, "info": {}, "observation": {"remainingOverageTime": 60, "index": 1}, "status": "ACTIVE"}, {"action": "WEST", "reward": 5509, "info": {}, "observation": {"remainingOverageTime": 60, "index": 2}, "status": "ACTIVE"}, {"action": "NORTH", "reward": 301, "info": {}, "observation": {"remainingOverageTime": 60, "index": 3}, "status": "DONE"}], [{"action": "NORTH", "reward": 701, "info": {}, "observation": {"remainingOverageTime": 60, "step": 55, "geese": [[], [66, 0, 1, 12, 11, 21, 20, 19, 18, 17, 28, 39, 40, 41], [3, 14, 15, 16, 27, 38, 49, 60, 71], []], "food": [45, 69], "index": 0}, "status": "DONE"}, {"action": "NORTH", "reward": 5614, "info": {}, "observation": {"remainingOverageTime": 60, "index": 1}, "status": "ACTIVE"}, {"action": "NORTH", "reward": 5609, "info": {}, "observation": {"remainingOverageTime": 60, "index": 2}, "status": "ACTIVE"}, {"action": "NORTH", "reward": 301, "info": {}, "observation": {"remainingOverageTime": 60, "index": 3}, "status": "DONE"}], [{"action": "NORTH", "reward": 701, "info": {}, "observation": {"remainingOverageTime": 60, "step": 56, "geese": [[], [67, 66, 0, 1, 12, 11, 21, 20, 19, 18, 17, 28, 39, 40], [69, 3, 14, 15, 16, 27, 38, 49, 60, 71], []], "food": [45, 34], "index": 0}, "status": "DONE"}, {"action": "EAST", "reward": 5714, "info": {}, "observation": {"remainingOverageTime": 60, "index": 1}, "status": "ACTIVE"}, {"action": "NORTH", "reward": 5710, "info": {}, "observation": {"remainingOverageTime": 60, "index": 2}, "status": "ACTIVE"}, {"action": "NORTH", "reward": 301, "info": {}, "observation": {"remainingOverageTime": 60, "index": 3}, "status": "DONE"}], [{"action": "NORTH", "reward": 701, "info": {}, "observation": {"remainingOverageTime": 60, "step": 57, "geese": [[], [56, 67, 66, 0, 1, 12, 11, 21, 20, 19, 18, 17, 28, 39], [58, 69, 3, 14, 15, 16, 27, 38, 49, 60], []], "food": [45, 34], "index": 0}, "status": "DONE"}, {"action": "NORTH", "reward": 5814, "info": {}, "observation": {"remainingOverageTime": 60, "index": 1}, "status": "ACTIVE"}, {"action": "NORTH", "reward": 5810, "info": {}, "observation": {"remainingOverageTime": 60, "index": 2}, "status": "ACTIVE"}, {"action": "NORTH", "reward": 301, "info": {}, "observation": {"remainingOverageTime": 60, "index": 3}, "status": "DONE"}], [{"action": "NORTH", "reward": 701, "info": {}, "observation": {"remainingOverageTime": 60, "step": 58, "geese": [[], [45, 56, 67, 66, 0, 1, 12, 11, 21, 20, 19, 18, 17, 28, 39], [47, 58, 69, 3, 14, 15, 16, 27, 38, 49], []], "food": [34, 73], "index": 0}, "status": "DONE"}, {"action": "NORTH", "reward": 5915, "info": {}, "observation": {"remainingOverageTime": 60, "index": 1}, "status": "ACTIVE"}, {"action": "NORTH", "reward": 5910, "info": {}, "observation": {"remainingOverageTime": 60, "index": 2}, "status": "ACTIVE"}, {"action": "NORTH", "reward": 301, "info": {}, "observation": {"remainingOverageTime": 60, "index": 3}, "status": "DONE"}], [{"action": "NORTH", "reward": 701, "info": {}, "observation": {"remainingOverageTime": 60, "step": 59, "geese": [[], [34, 45, 56, 67, 66, 0, 1, 12, 11, 21, 20, 19, 18, 17, 28, 39], [48, 47, 58, 69, 3, 14, 15, 16, 27, 38], []], "food": [73, 71], "index": 0}, "status": "DONE"}, {"action": "NORTH", "reward": 6016, "info": {}, "observation": {"remainingOverageTime": 60, "index": 1}, "status": "ACTIVE"}, {"action": "EAST", "reward": 6010, "info": {}, "observation": {"remainingOverageTime": 60, "index": 2}, "status": "ACTIVE"}, {"action": "NORTH", "reward": 301, "info": {}, "observation": {"remainingOverageTime": 60, "index": 3}, "status": "DONE"}], [{"action": "NORTH", "reward": 701, "info": {}, "observation": {"remainingOverageTime": 60, "step": 60, "geese": [[], [33, 34, 45, 56, 67, 66, 0, 1, 12, 11, 21, 20, 19, 18, 17, 28], [49, 48, 47, 58, 69, 3, 14, 15, 16, 27], []], "food": [73, 71], "index": 0}, "status": "DONE"}, {"action": "WEST", "reward": 6116, "info": {}, "observation": {"remainingOverageTime": 60, "index": 1}, "status": "ACTIVE"}, {"action": "EAST", "reward": 6110, "info": {}, "observation": {"remainingOverageTime": 60, "index": 2}, "status": "ACTIVE"}, {"action": "NORTH", "reward": 301, "info": {}, "observation": {"remainingOverageTime": 60, "index": 3}, "status": "DONE"}], [{"action": "NORTH", "reward": 701, "info": {}, "observation": {"remainingOverageTime": 60, "step": 61, "geese": [[], [43, 33, 34, 45, 56, 67, 66, 0, 1, 12, 11, 21, 20, 19, 18, 17], [60, 49, 48, 47, 58, 69, 3, 14, 15, 16], []], "food": [73, 71], "index": 0}, "status": "DONE"}, {"action": "WEST", "reward": 6216, "info": {}, "observation": {"remainingOverageTime": 60, "index": 1}, "status": "ACTIVE"}, {"action": "SOUTH", "reward": 6210, "info": {}, "observation": {"remainingOverageTime": 60, "index": 2}, "status": "ACTIVE"}, {"action": "NORTH", "reward": 301, "info": {}, "observation": {"remainingOverageTime": 60, "index": 3}, "status": "DONE"}], [{"action": "NORTH", "reward": 701, "info": {}, "observation": {"remainingOverageTime": 60, "step": 62, "geese": [[], [42, 43, 33, 34, 45, 56, 67, 66, 0, 1, 12, 11, 21, 20, 19, 18], [71, 60, 49, 48, 47, 58, 69, 3, 14, 15, 16], []], "food": [73, 72], "index": 0}, "status": "DONE"}, {"action": "WEST", "reward": 6316, "info": {}, "observation": {"remainingOverageTime": 60, "index": 1}, "status": "ACTIVE"}, {"action": "SOUTH", "reward": 6311, "info": {}, "observation": {"remainingOverageTime": 60, "index": 2}, "status": "ACTIVE"}, {"action": "NORTH", "reward": 301, "info": {}, "observation": {"remainingOverageTime": 60, "index": 3}, "status": "DONE"}], [{"action": "NORTH", "reward": 701, "info": {}, "observation": {"remainingOverageTime": 60, "step": 63, "geese": [[], [41, 42, 43, 33, 34, 45, 56, 67, 66, 0, 1, 12, 11, 21, 20, 19], [72, 71, 60, 49, 48, 47, 58, 69, 3, 14, 15, 16], []], "food": [73, 38], "index": 0}, "status": "DONE"}, {"action": "WEST", "reward": 6416, "info": {}, "observation": {"remainingOverageTime": 60, "index": 1}, "status": "ACTIVE"}, {"action": "EAST", "reward": 6412, "info": {}, "observation": {"remainingOverageTime": 60, "index": 2}, "status": "ACTIVE"}, {"action": "NORTH", "reward": 301, "info": {}, "observation": {"remainingOverageTime": 60, "index": 3}, "status": "DONE"}], [{"action": "NORTH", "reward": 701, "info": {}, "observation": {"remainingOverageTime": 60, "step": 64, "geese": [[], [40, 41, 42, 43, 33, 34, 45, 56, 67, 66, 0, 1, 12, 11, 21, 20], [73, 72, 71, 60, 49, 48, 47, 58, 69, 3, 14, 15, 16], []], "food": [38, 75], "index": 0}, "status": "DONE"}, {"action": "WEST", "reward": 6516, "info": {}, "observation": {"remainingOverageTime": 60, "index": 1}, "status": "ACTIVE"}, {"action": "EAST", "reward": 6513, "info": {}, "observation": {"remainingOverageTime": 60, "index": 2}, "status": "ACTIVE"}, {"action": "NORTH", "reward": 301, "info": {}, "observation": {"remainingOverageTime": 60, "index": 3}, "status": "DONE"}], [{"action": "NORTH", "reward": 701, "info": {}, "observation": {"remainingOverageTime": 60, "step": 65, "geese": [[], [39, 40, 41, 42, 43, 33, 34, 45, 56, 67, 66, 0, 1, 12, 11, 21], [74, 73, 72, 71, 60, 49, 48, 47, 58, 69, 3, 14, 15], []], "food": [38, 75], "index": 0}, "status": "DONE"}, {"action": "WEST", "reward": 6616, "info": {}, "observation": {"remainingOverageTime": 60, "index": 1}, "status": "ACTIVE"}, {"action": "EAST", "reward": 6613, "info": {}, "observation": {"remainingOverageTime": 60, "index": 2}, "status": "ACTIVE"}, {"action": "NORTH", "reward": 301, "info": {}, "observation": {"remainingOverageTime": 60, "index": 3}, "status": "DONE"}], [{"action": "NORTH", "reward": 701, "info": {}, "observation": {"remainingOverageTime": 60, "step": 66, "geese": [[], [38, 39, 40, 41, 42, 43, 33, 34, 45, 56, 67, 66, 0, 1, 12, 11, 21], [75, 74, 73, 72, 71, 60, 49, 48, 47, 58, 69, 3, 14, 15], []], "food": [8, 6], "index": 0}, "status": "DONE"}, {"action": "WEST", "reward": 6717, "info": {}, "observation": {"remainingOverageTime": 60, "index": 1}, "status": "ACTIVE"}, {"action": "EAST", "reward": 6714, "info": {}, "observation": {"remainingOverageTime": 60, "index": 2}, "status": "ACTIVE"}, {"action": "NORTH", "reward": 301, "info": {}, "observation": {"remainingOverageTime": 60, "index": 3}, "status": "DONE"}], [{"action": "NORTH", "reward": 701, "info": {}, "observation": {"remainingOverageTime": 60, "step": 67, "geese": [[], [27, 38, 39, 40, 41, 42, 43, 33, 34, 45, 56, 67, 66, 0, 1, 12, 11], [9, 75, 74, 73, 72, 71, 60, 49, 48, 47, 58, 69, 3, 14], []], "food": [8, 6], "index": 0}, "status": "DONE"}, {"action": "NORTH", "reward": 6817, "info": {}, "observation": {"remainingOverageTime": 60, "index": 1}, "status": "ACTIVE"}, {"action": "SOUTH", "reward": 6814, "info": {}, "observation": {"remainingOverageTime": 60, "index": 2}, "status": "ACTIVE"}, {"action": "NORTH", "reward": 301, "info": {}, "observation": {"remainingOverageTime": 60, "index": 3}, "status": "DONE"}], [{"action": "NORTH", "reward": 701, "info": {}, "observation": {"remainingOverageTime": 60, "step": 68, "geese": [[], [28, 27, 38, 39, 40, 41, 42, 43, 33, 34, 45, 56, 67, 66, 0, 1, 12], [8, 9, 75, 74, 73, 72, 71, 60, 49, 48, 47, 58, 69, 3, 14], []], "food": [6, 44], "index": 0}, "status": "DONE"}, {"action": "EAST", "reward": 6917, "info": {}, "observation": {"remainingOverageTime": 60, "index": 1}, "status": "ACTIVE"}, {"action": "WEST", "reward": 6915, "info": {}, "observation": {"remainingOverageTime": 60, "index": 2}, "status": "ACTIVE"}, {"action": "NORTH", "reward": 301, "info": {}, "observation": {"remainingOverageTime": 60, "index": 3}, "status": "DONE"}], [{"action": "NORTH", "reward": 701, "info": {}, "observation": {"remainingOverageTime": 60, "step": 69, "geese": [[], [17, 28, 27, 38, 39, 40, 41, 42, 43, 33, 34, 45, 56, 67, 66, 0, 1], [7, 8, 9, 75, 74, 73, 72, 71, 60, 49, 48, 47, 58, 69, 3], []], "food": [6, 44], "index": 0}, "status": "DONE"}, {"action": "NORTH", "reward": 7017, "info": {}, "observation": {"remainingOverageTime": 60, "index": 1}, "status": "ACTIVE"}, {"action": "WEST", "reward": 7015, "info": {}, "observation": {"remainingOverageTime": 60, "index": 2}, "status": "ACTIVE"}, {"action": "NORTH", "reward": 301, "info": {}, "observation": {"remainingOverageTime": 60, "index": 3}, "status": "DONE"}], [{"action": "NORTH", "reward": 701, "info": {}, "observation": {"remainingOverageTime": 60, "step": 70, "geese": [[], [16, 17, 28, 27, 38, 39, 40, 41, 42, 43, 33, 34, 45, 56, 67, 66, 0], [], []], "food": [6, 44], "index": 0}, "status": "DONE"}, {"action": "WEST", "reward": 7117, "info": {}, "observation": {"remainingOverageTime": 60, "index": 1}, "status": "DONE"}, {"action": "EAST", "reward": 7015, "info": {}, "observation": {"remainingOverageTime": 60, "index": 2}, "status": "DONE"}, {"action": "NORTH", "reward": 301, "info": {}, "observation": {"remainingOverageTime": 60, "index": 3}, "status": "DONE"}]], "rewards": [701, 7117, 7015, 301], "statuses": ["DONE", "DONE", "DONE", "DONE"], "schema_version": 1, "info": {}}