{"id": "a676eb6a-db0c-11ee-b332-0242ac1c000c", "name": "hungry_geese", "title": "Hungry Geese", "description": "Similar to the classic snake game with multiple players", "version": "1.0.0", "configuration": {"episodeSteps": 200, "actTimeout": 1, "runTimeout": 1200, "columns": 11, "rows": 7, "hunger_rate": 40, "min_food": 2, "max_length": 99}, "specification": {"action": {"description": "Direction to move the head of your players goose.", "type": "string", "enum": ["NORTH", "EAST", "SOUTH", "WEST"], "default": "NORTH"}, "agents": [1, 2, 3, 4, 5, 6, 7, 8], "configuration": {"episodeSteps": {"description": "Maximum number of steps in the episode.", "type": "integer", "minimum": 1, "default": 200}, "actTimeout": {"description": "Maximum runtime (seconds) to obtain an action from an agent.", "type": "number", "minimum": 0, "default": 1}, "runTimeout": {"description": "Maximum runtime (seconds) of an episode (not necessarily DONE).", "type": "number", "minimum": 0, "default": 1200}, "columns": {"description": "Horizontal number of cells on the board.", "type": "integer", "default": 11, "minimum": 3}, "rows": {"description": "Vertical number of cells on the board.", "type": "integer", "default": 7, "minimum": 3}, "hunger_rate": {"description": "The number of steps before the goose shrinks a cell.", "type": "integer", "minimum": 1, "default": 40}, "min_food": {"description": "The minimum amount of food present for all steps.", "type": "integer", "default": 2, "minimum": 1}, "max_length": {"description": "The max length any goose can be. Total reward = (max length + 1) * steps survived + goose length.", "type": "integer", "default": 99}}, "info": {}, "observation": {"remainingOverageTime": {"description": "Total remaining banked time (seconds) that can be used in excess of per-step actTimeouts -- agent is disqualified with TIMEOUT status when this drops below 0.", "shared": false, "type": "number", "minimum": 0, "default": 60}, "step": {"description": "Current step within the episode.", "type": "integer", "shared": true, "minimum": 0, "default": 0}, "geese": {"description": "List of geese in order by the agent index.", "type": "array", "default": [], "shared": true}, "food": {"description": "Positions on the board where food is present.", "type": "array", "default": [], "shared": true}, "index": {"description": "Index of the current agent's goose in the list of geese.", "type": "integer", "minimum": 0, "defaults": [0, 1, 2, 3, 4, 5, 6, 7]}}, "reward": {"description": "steps survived * (max goose length + 1) + current goose length.", "type": ["number", "null"], "default": 0, "minimum": 0}}, "steps": [[{"action": "NORTH", "reward": 0, "info": {}, "observation": {"remainingOverageTime": 60, "step": 0, "geese": [[18], [44], [56], [74]], "food": [31, 47], "index": 0}, "status": "ACTIVE"}, {"action": "NORTH", "reward": 0, "info": {}, "observation": {"remainingOverageTime": 60, "index": 1}, "status": "ACTIVE"}, {"action": "NORTH", "reward": 0, "info": {}, "observation": {"remainingOverageTime": 60, "index": 2}, "status": "ACTIVE"}, {"action": "NORTH", "reward": 0, "info": {}, "observation": {"remainingOverageTime": 60, "index": 3}, "status": "ACTIVE"}], [{"action": "EAST", "reward": 201, "info": {}, "observation": {"remainingOverageTime": 60, "step": 1, "geese": [[19], [33], [57], [75]], "food": [31, 47], "index": 0}, "status": "ACTIVE"}, {"action": "NORTH", "reward": 201, "info": {}, "observation": {"remainingOverageTime": 60, "index": 1}, "status": "ACTIVE"}, {"action": "EAST", "reward": 201, "info": {}, "observation": {"remainingOverageTime": 60, "index": 2}, "status": "ACTIVE"}, {"action": "EAST", "reward": 201, "info": {}, "observation": {"remainingOverageTime": 60, "index": 3}, "status": "ACTIVE"}], [{"action": "EAST", "reward": 301, "info": {}, "observation": {"remainingOverageTime": 60, "step": 2, "geese": [[20], [22], [58], [64]], "food": [31, 47], "index": 0}, "status": "ACTIVE"}, {"action": "NORTH", "reward": 301, "info": {}, "observation": {"remainingOverageTime": 60, "index": 1}, "status": "ACTIVE"}, {"action": "EAST", "reward": 301, "info": {}, "observation": {"remainingOverageTime": 60, "index": 2}, "status": "ACTIVE"}, {"action": "NORTH", "reward": 301, "info": {}, "observation": {"remainingOverageTime": 60, "index": 3}, "status": "ACTIVE"}], [{"action": "SOUTH", "reward": 402, "info": {}, "observation": {"remainingOverageTime": 60, "step": 3, "geese": [[31, 20], [11], [47, 58], [65]], "food": [28, 42], "index": 0}, "status": "ACTIVE"}, {"action": "NORTH", "reward": 401, "info": {}, "observation": {"remainingOverageTime": 60, "index": 1}, "status": "ACTIVE"}, {"action": "NORTH", "reward": 402, "info": {}, "observation": {"remainingOverageTime": 60, "index": 2}, "status": "ACTIVE"}, {"action": "EAST", "reward": 401, "info": {}, "observation": {"remainingOverageTime": 60, "index": 3}, "status": "ACTIVE"}], [{"action": "SOUTH", "reward": 503, "info": {}, "observation": {"remainingOverageTime": 60, "step": 4, "geese": [[42, 31, 20], [12], [48, 47], [54]], "food": [28, 41], "index": 0}, "status": "ACTIVE"}, {"action": "EAST", "reward": 501, "info": {}, "observation": {"remainingOverageTime": 60, "index": 1}, "status": "ACTIVE"}, {"action": "EAST", "reward": 502, "info": {}, "observation": {"remainingOverageTime": 60, "index": 2}, "status": "ACTIVE"}, {"action": "NORTH", "reward": 501, "info": {}, "observation": {"remainingOverageTime": 60, "index": 3}, "status": "ACTIVE"}], [{"action": "WEST", "reward": 604, "info": {}, "observation": {"remainingOverageTime": 60, "step": 5, "geese": [[41, 42, 31, 20], [13], [49, 48], []], "food": [28, 63], "index": 0}, "status": "ACTIVE"}, {"action": "EAST", "reward": 601, "info": {}, "observation": {"remainingOverageTime": 60, "index": 1}, "status": "ACTIVE"}, {"action": "EAST", "reward": 602, "info": {}, "observation": {"remainingOverageTime": 60, "index": 2}, "status": "ACTIVE"}, {"action": "SOUTH", "reward": 501, "info": {}, "observation": {"remainingOverageTime": 60, "index": 3}, "status": "DONE"}], [{"action": "SOUTH", "reward": 704, "info": {}, "observation": {"remainingOverageTime": 60, "step": 6, "geese": [[52, 41, 42, 31], [14], [50, 49], []], "food": [28, 63], "index": 0}, "status": "ACTIVE"}, {"action": "EAST", "reward": 701, "info": {}, "observation": {"remainingOverageTime": 60, "index": 1}, "status": "ACTIVE"}, {"action": "EAST", "reward": 702, "info": {}, "observation": {"remainingOverageTime": 60, "index": 2}, "status": "ACTIVE"}, {"action": "NORTH", "reward": 501, "info": {}, "observation": {"remainingOverageTime": 60, "index": 3}, "status": "DONE"}], [{"action": "SOUTH", "reward": 805, "info": {}, "observation": {"remainingOverageTime": 60, "step": 7, "geese": [[63, 52, 41, 42, 31], [15], [39, 50], []], "food": [28, 9], "index": 0}, "status": "ACTIVE"}, {"action": "EAST", "reward": 801, "info": {}, "observation": {"remainingOverageTime": 60, "index": 1}, "status": "ACTIVE"}, {"action": "NORTH", "reward": 802, "info": {}, "observation": {"remainingOverageTime": 60, "index": 2}, "status": "ACTIVE"}, {"action": "NORTH", "reward": 501, "info": {}, "observation": {"remainingOverageTime": 60, "index": 3}, "status": "DONE"}], [{"action": "EAST", "reward": 905, "info": {}, "observation": {"remainingOverageTime": 60, "step": 8, "geese": [[64, 63, 52, 41, 42], [16], [28, 39, 50], []], "food": [9, 55], "index": 0}, "status": "ACTIVE"}, {"action": "EAST", "reward": 901, "info": {}, "observation": {"remainingOverageTime": 60, "index": 1}, "status": "ACTIVE"}, {"action": "NORTH", "reward": 903, "info": {}, "observation": {"remainingOverageTime": 60, "index": 2}, "status": "ACTIVE"}, {"action": "NORTH", "reward": 501, "info": {}, "observation": {"remainingOverageTime": 60, "index": 3}, "status": "DONE"}], [{"action": "EAST", "reward": 1005, "info": {}, "observation": {"remainingOverageTime": 60, "step": 9, "geese": [[65, 64, 63, 52, 41], [5], [29, 28, 39], []], "food": [9, 55], "index": 0}, "status": "ACTIVE"}, {"action": "NORTH", "reward": 1001, "info": {}, "observation": {"remainingOverageTime": 60, "index": 1}, "status": "ACTIVE"}, {"action": "EAST", "reward": 1003, "info": {}, "observation": {"remainingOverageTime": 60, "index": 2}, "status": "ACTIVE"}, {"action": "NORTH", "reward": 501, "info": {}, "observation": {"remainingOverageTime": 60, "index": 3}, "status": "DONE"}], [{"action": "EAST", "reward": 1106, "info": {}, "observation": {"remainingOverageTime": 60, "step": 10, "geese": [[55, 65, 64, 63, 52, 41], [6], [30, 29, 28], []], "food": [9, 69], "index": 0}, "status": "ACTIVE"}, {"action": "EAST", "reward": 1101, "info": {}, "observation": {"remainingOverageTime": 60, "index": 1}, "status": "ACTIVE"}, {"action": "EAST", "reward": 1103, "info": {}, "observation": {"remainingOverageTime": 60, "index": 2}, "status": "ACTIVE"}, {"action": "NORTH", "reward": 501, "info": {}, "observation": {"remainingOverageTime": 60, "index": 3}, "status": "DONE"}], [{"action": "EAST", "reward": 1206, "info": {}, "observation": {"remainingOverageTime": 60, "step": 11, "geese": [[56, 55, 65, 64, 63, 52], [7], [31, 30, 29], []], "food": [9, 69], "index": 0}, "status": "ACTIVE"}, {"action": "EAST", "reward": 1201, "info": {}, "observation": {"remainingOverageTime": 60, "index": 1}, "status": "ACTIVE"}, {"action": "EAST", "reward": 1203, "info": {}, "observation": {"remainingOverageTime": 60, "index": 2}, "status": "ACTIVE"}, {"action": "NORTH", "reward": 501, "info": {}, "observation": {"remainingOverageTime": 60, "index": 3}, "status": "DONE"}], [{"action": "EAST", "reward": 1306, "info": {}, "observation": {"remainingOverageTime": 60, "step": 12, "geese": [[57, 56, 55, 65, 64, 63], [8], [20, 31, 30], []], "food": [9, 69], "index": 0}, "status": "ACTIVE"}, {"action": "EAST", "reward": 1301, "info": {}, "observation": {"remainingOverageTime": 60, "index": 1}, "status": "ACTIVE"}, {"action": "NORTH", "reward": 1303, "info": {}, "observation": {"remainingOverageTime": 60, "index": 2}, "status": "ACTIVE"}, {"action": "NORTH", "reward": 501, "info": {}, "observation": {"remainingOverageTime": 60, "index": 3}, "status": "DONE"}], [{"action": "EAST", "reward": 1406, "info": {}, "observation": {"remainingOverageTime": 60, "step": 13, "geese": [[58, 57, 56, 55, 65, 64], [74], [21, 20, 31], []], "food": [9, 69], "index": 0}, "status": "ACTIVE"}, {"action": "NORTH", "reward": 1401, "info": {}, "observation": {"remainingOverageTime": 60, "index": 1}, "status": "ACTIVE"}, {"action": "EAST", "reward": 1403, "info": {}, "observation": {"remainingOverageTime": 60, "index": 2}, "status": "ACTIVE"}, {"action": "NORTH", "reward": 501, "info": {}, "observation": {"remainingOverageTime": 60, "index": 3}, "status": "DONE"}], [{"action": "SOUTH", "reward": 1507, "info": {}, "observation": {"remainingOverageTime": 60, "step": 14, "geese": [[69, 58, 57, 56, 55, 65, 64], [75], [10, 21, 20], []], "food": [9, 35], "index": 0}, "status": "ACTIVE"}, {"action": "EAST", "reward": 1501, "info": {}, "observation": {"remainingOverageTime": 60, "index": 1}, "status": "ACTIVE"}, {"action": "NORTH", "reward": 1503, "info": {}, "observation": {"remainingOverageTime": 60, "index": 2}, "status": "ACTIVE"}, {"action": "NORTH", "reward": 501, "info": {}, "observation": {"remainingOverageTime": 60, "index": 3}, "status": "DONE"}], [{"action": "WEST", "reward": 1607, "info": {}, "observation": {"remainingOverageTime": 60, "step": 15, "geese": [[68, 69, 58, 57, 56, 55, 65], [64], [0, 10, 21], []], "food": [9, 35], "index": 0}, "status": "ACTIVE"}, {"action": "NORTH", "reward": 1601, "info": {}, "observation": {"remainingOverageTime": 60, "index": 1}, "status": "ACTIVE"}, {"action": "EAST", "reward": 1603, "info": {}, "observation": {"remainingOverageTime": 60, "index": 2}, "status": "ACTIVE"}, {"action": "NORTH", "reward": 501, "info": {}, "observation": {"remainingOverageTime": 60, "index": 3}, "status": "DONE"}], [{"action": "SOUTH", "reward": 1707, "info": {}, "observation": {"remainingOverageTime": 60, "step": 16, "geese": [[2, 68, 69, 58, 57, 56, 55], [], [11, 0, 10], []], "food": [9, 35], "index": 0}, "status": "ACTIVE"}, {"action": "SOUTH", "reward": 1601, "info": {}, "observation": {"remainingOverageTime": 60, "index": 1}, "status": "DONE"}, {"action": "SOUTH", "reward": 1703, "info": {}, "observation": {"remainingOverageTime": 60, "index": 2}, "status": "ACTIVE"}, {"action": "NORTH", "reward": 501, "info": {}, "observation": {"remainingOverageTime": 60, "index": 3}, "status": "DONE"}], [{"action": "SOUTH", "reward": 1807, "info": {}, "observation": {"remainingOverageTime": 60, "step": 17, "geese": [[13, 2, 68, 69, 58, 57, 56], [], [21, 11, 0], []], "food": [9, 35], "index": 0}, "status": "ACTIVE"}, {"action": "NORTH", "reward": 1601, "info": {}, "observation": {"remainingOverageTime": 60, "index": 1}, "status": "DONE"}, {"action": "WEST", "reward": 1803, "info": {}, "observation": {"remainingOverageTime": 60, "index": 2}, "status": "ACTIVE"}, {"action": "NORTH", "reward": 501, "info": {}, "observation": {"remainingOverageTime": 60, "index": 3}, "status": "DONE"}], [{"action": "SOUTH", "reward": 1907, "info": {}, "observation": {"remainingOverageTime": 60, "step": 18, "geese": [[24, 13, 2, 68, 69, 58, 57], [], [10, 21, 11], []], "food": [9, 35], "index": 0}, "status": "ACTIVE"}, {"action": "NORTH", "reward": 1601, "info": {}, "observation": {"remainingOverageTime": 60, "index": 1}, "status": "DONE"}, {"action": "NORTH", "reward": 1903, "info": {}, "observation": {"remainingOverageTime": 60, "index": 2}, "status": "ACTIVE"}, {"action": "NORTH", "reward": 501, "info": {}, "observation": {"remainingOverageTime": 60, "index": 3}, "status": "DONE"}], [{"action": "SOUTH", "reward": 2008, "info": {}, "observation": {"remainingOverageTime": 60, "step": 19, "geese": [[35, 24, 13, 2, 68, 69, 58, 57], [], [9, 10, 21, 11], []], "food": [28, 43], "index": 0}, "status": "ACTIVE"}, {"action": "NORTH", "reward": 1601, "info": {}, "observation": {"remainingOverageTime": 60, "index": 1}, "status": "DONE"}, {"action": "WEST", "reward": 2004, "info": {}, "observation": {"remainingOverageTime": 60, "index": 2}, "status": "ACTIVE"}, {"action": "NORTH", "reward": 501, "info": {}, "observation": {"remainingOverageTime": 60, "index": 3}, "status": "DONE"}], [{"action": "WEST", "reward": 2108, "info": {}, "observation": {"remainingOverageTime": 60, "step": 20, "geese": [[34, 35, 24, 13, 2, 68, 69, 58], [], [20, 9, 10, 21], []], "food": [28, 43], "index": 0}, "status": "ACTIVE"}, {"action": "NORTH", "reward": 1601, "info": {}, "observation": {"remainingOverageTime": 60, "index": 1}, "status": "DONE"}, {"action": "SOUTH", "reward": 2104, "info": {}, "observation": {"remainingOverageTime": 60, "index": 2}, "status": "ACTIVE"}, {"action": "NORTH", "reward": 501, "info": {}, "observation": {"remainingOverageTime": 60, "index": 3}, "status": "DONE"}], [{"action": "WEST", "reward": 2208, "info": {}, "observation": {"remainingOverageTime": 60, "step": 21, "geese": [[33, 34, 35, 24, 13, 2, 68, 69], [], [21, 20, 9, 10], []], "food": [28, 43], "index": 0}, "status": "ACTIVE"}, {"action": "NORTH", "reward": 1601, "info": {}, "observation": {"remainingOverageTime": 60, "index": 1}, "status": "DONE"}, {"action": "EAST", "reward": 2204, "info": {}, "observation": {"remainingOverageTime": 60, "index": 2}, "status": "ACTIVE"}, {"action": "NORTH", "reward": 501, "info": {}, "observation": {"remainingOverageTime": 60, "index": 3}, "status": "DONE"}], [{"action": "WEST", "reward": 2309, "info": {}, "observation": {"remainingOverageTime": 60, "step": 22, "geese": [[43, 33, 34, 35, 24, 13, 2, 68, 69], [], [32, 21, 20, 9], []], "food": [28, 75], "index": 0}, "status": "ACTIVE"}, {"action": "NORTH", "reward": 1601, "info": {}, "observation": {"remainingOverageTime": 60, "index": 1}, "status": "DONE"}, {"action": "SOUTH", "reward": 2304, "info": {}, "observation": {"remainingOverageTime": 60, "index": 2}, "status": "ACTIVE"}, {"action": "NORTH", "reward": 501, "info": {}, "observation": {"remainingOverageTime": 60, "index": 3}, "status": "DONE"}], [{"action": "WEST", "reward": 2409, "info": {}, "observation": {"remainingOverageTime": 60, "step": 23, "geese": [[42, 43, 33, 34, 35, 24, 13, 2, 68], [], [31, 32, 21, 20], []], "food": [28, 75], "index": 0}, "status": "ACTIVE"}, {"action": "NORTH", "reward": 1601, "info": {}, "observation": {"remainingOverageTime": 60, "index": 1}, "status": "DONE"}, {"action": "WEST", "reward": 2404, "info": {}, "observation": {"remainingOverageTime": 60, "index": 2}, "status": "ACTIVE"}, {"action": "NORTH", "reward": 501, "info": {}, "observation": {"remainingOverageTime": 60, "index": 3}, "status": "DONE"}], [{"action": "SOUTH", "reward": 2509, "info": {}, "observation": {"remainingOverageTime": 60, "step": 24, "geese": [[53, 42, 43, 33, 34, 35, 24, 13, 2], [], [20, 31, 32, 21], []], "food": [28, 75], "index": 0}, "status": "ACTIVE"}, {"action": "NORTH", "reward": 1601, "info": {}, "observation": {"remainingOverageTime": 60, "index": 1}, "status": "DONE"}, {"action": "NORTH", "reward": 2504, "info": {}, "observation": {"remainingOverageTime": 60, "index": 2}, "status": "ACTIVE"}, {"action": "NORTH", "reward": 501, "info": {}, "observation": {"remainingOverageTime": 60, "index": 3}, "status": "DONE"}], [{"action": "SOUTH", "reward": 2609, "info": {}, "observation": {"remainingOverageTime": 60, "step": 25, "geese": [[64, 53, 42, 43, 33, 34, 35, 24, 13], [], [9, 20, 31, 32], []], "food": [28, 75], "index": 0}, "status": "ACTIVE"}, {"action": "NORTH", "reward": 1601, "info": {}, "observation": {"remainingOverageTime": 60, "index": 1}, "status": "DONE"}, {"action": "NORTH", "reward": 2604, "info": {}, "observation": {"remainingOverageTime": 60, "index": 2}, "status": "ACTIVE"}, {"action": "NORTH", "reward": 501, "info": {}, "observation": {"remainingOverageTime": 60, "index": 3}, "status": "DONE"}], [{"action": "WEST", "reward": 2709, "info": {}, "observation": {"remainingOverageTime": 60, "step": 26, "geese": [[63, 64, 53, 42, 43, 33, 34, 35, 24], [], [8, 9, 20, 31], []], "food": [28, 75], "index": 0}, "status": "ACTIVE"}, {"action": "NORTH", "reward": 1601, "info": {}, "observation": {"remainingOverageTime": 60, "index": 1}, "status": "DONE"}, {"action": "WEST", "reward": 2704, "info": {}, "observation": {"remainingOverageTime": 60, "index": 2}, "status": "ACTIVE"}, {"action": "NORTH", "reward": 501, "info": {}, "observation": {"remainingOverageTime": 60, "index": 3}, "status": "DONE"}], [{"action": "NORTH", "reward": 2809, "info": {}, "observation": {"remainingOverageTime": 60, "step": 27, "geese": [[52, 63, 64, 53, 42, 43, 33, 34, 35], [], [7, 8, 9, 20], []], "food": [28, 75], "index": 0}, "status": "ACTIVE"}, {"action": "NORTH", "reward": 1601, "info": {}, "observation": {"remainingOverageTime": 60, "index": 1}, "status": "DONE"}, {"action": "WEST", "reward": 2804, "info": {}, "observation": {"remainingOverageTime": 60, "index": 2}, "status": "ACTIVE"}, {"action": "NORTH", "reward": 501, "info": {}, "observation": {"remainingOverageTime": 60, "index": 3}, "status": "DONE"}], [{"action": "NORTH", "reward": 2909, "info": {}, "observation": {"remainingOverageTime": 60, "step": 28, "geese": [[41, 52, 63, 64, 53, 42, 43, 33, 34], [], [73, 7, 8, 9], []], "food": [28, 75], "index": 0}, "status": "ACTIVE"}, {"action": "NORTH", "reward": 1601, "info": {}, "observation": {"remainingOverageTime": 60, "index": 1}, "status": "DONE"}, {"action": "NORTH", "reward": 2904, "info": {}, "observation": {"remainingOverageTime": 60, "index": 2}, "status": "ACTIVE"}, {"action": "NORTH", "reward": 501, "info": {}, "observation": {"remainingOverageTime": 60, "index": 3}, "status": "DONE"}], [{"action": "NORTH", "reward": 3009, "info": {}, "observation": {"remainingOverageTime": 60, "step": 29, "geese": [[30, 41, 52, 63, 64, 53, 42, 43, 33], [], [74, 73, 7, 8], []], "food": [28, 75], "index": 0}, "status": "ACTIVE"}, {"action": "NORTH", "reward": 1601, "info": {}, "observation": {"remainingOverageTime": 60, "index": 1}, "status": "DONE"}, {"action": "EAST", "reward": 3004, "info": {}, "observation": {"remainingOverageTime": 60, "index": 2}, "status": "ACTIVE"}, {"action": "NORTH", "reward": 501, "info": {}, "observation": {"remainingOverageTime": 60, "index": 3}, "status": "DONE"}], [{"action": "WEST", "reward": 3109, "info": {}, "observation": {"remainingOverageTime": 60, "step": 30, "geese": [[29, 30, 41, 52, 63, 64, 53, 42, 43], [], [75, 74, 73, 7, 8], []], "food": [28, 56], "index": 0}, "status": "ACTIVE"}, {"action": "NORTH", "reward": 1601, "info": {}, "observation": {"remainingOverageTime": 60, "index": 1}, "status": "DONE"}, {"action": "EAST", "reward": 3105, "info": {}, "observation": {"remainingOverageTime": 60, "index": 2}, "status": "ACTIVE"}, {"action": "NORTH", "reward": 501, "info": {}, "observation": {"remainingOverageTime": 60, "index": 3}, "status": "DONE"}], [{"action": "WEST", "reward": 3210, "info": {}, "observation": {"remainingOverageTime": 60, "step": 31, "geese": [[28, 29, 30, 41, 52, 63, 64, 53, 42, 43], [], [76, 75, 74, 73, 7], []], "food": [56, 68], "index": 0}, "status": "ACTIVE"}, {"action": "NORTH", "reward": 1601, "info": {}, "observation": {"remainingOverageTime": 60, "index": 1}, "status": "DONE"}, {"action": "EAST", "reward": 3205, "info": {}, "observation": {"remainingOverageTime": 60, "index": 2}, "status": "ACTIVE"}, {"action": "NORTH", "reward": 501, "info": {}, "observation": {"remainingOverageTime": 60, "index": 3}, "status": "DONE"}], [{"action": "NORTH", "reward": 3310, "info": {}, "observation": {"remainingOverageTime": 60, "step": 32, "geese": [[17, 28, 29, 30, 41, 52, 63, 64, 53, 42], [], [66, 76, 75, 74, 73], []], "food": [56, 68], "index": 0}, "status": "ACTIVE"}, {"action": "NORTH", "reward": 1601, "info": {}, "observation": {"remainingOverageTime": 60, "index": 1}, "status": "DONE"}, {"action": "EAST", "reward": 3305, "info": {}, "observation": {"remainingOverageTime": 60, "index": 2}, "status": "ACTIVE"}, {"action": "NORTH", "reward": 501, "info": {}, "observation": {"remainingOverageTime": 60, "index": 3}, "status": "DONE"}], [{"action": "NORTH", "reward": 3410, "info": {}, "observation": {"remainingOverageTime": 60, "step": 33, "geese": [[6, 17, 28, 29, 30, 41, 52, 63, 64, 53], [], [67, 66, 76, 75, 74], []], "food": [56, 68], "index": 0}, "status": "ACTIVE"}, {"action": "NORTH", "reward": 1601, "info": {}, "observation": {"remainingOverageTime": 60, "index": 1}, "status": "DONE"}, {"action": "EAST", "reward": 3405, "info": {}, "observation": {"remainingOverageTime": 60, "index": 2}, "status": "ACTIVE"}, {"action": "NORTH", "reward": 501, "info": {}, "observation": {"remainingOverageTime": 60, "index": 3}, "status": "DONE"}], [{"action": "EAST", "reward": 3510, "info": {}, "observation": {"remainingOverageTime": 60, "step": 34, "geese": [[7, 6, 17, 28, 29, 30, 41, 52, 63, 64], [], [68, 67, 66, 76, 75, 74], []], "food": [56, 15], "index": 0}, "status": "ACTIVE"}, {"action": "NORTH", "reward": 1601, "info": {}, "observation": {"remainingOverageTime": 60, "index": 1}, "status": "DONE"}, {"action": "EAST", "reward": 3506, "info": {}, "observation": {"remainingOverageTime": 60, "index": 2}, "status": "ACTIVE"}, {"action": "NORTH", "reward": 501, "info": {}, "observation": {"remainingOverageTime": 60, "index": 3}, "status": "DONE"}], [{"action": "NORTH", "reward": 3610, "info": {}, "observation": {"remainingOverageTime": 60, "step": 35, "geese": [[73, 7, 6, 17, 28, 29, 30, 41, 52, 63], [], [57, 68, 67, 66, 76, 75], []], "food": [56, 15], "index": 0}, "status": "ACTIVE"}, {"action": "NORTH", "reward": 1601, "info": {}, "observation": {"remainingOverageTime": 60, "index": 1}, "status": "DONE"}, {"action": "NORTH", "reward": 3606, "info": {}, "observation": {"remainingOverageTime": 60, "index": 2}, "status": "ACTIVE"}, {"action": "NORTH", "reward": 501, "info": {}, "observation": {"remainingOverageTime": 60, "index": 3}, "status": "DONE"}], [{"action": "WEST", "reward": 3710, "info": {}, "observation": {"remainingOverageTime": 60, "step": 36, "geese": [[72, 73, 7, 6, 17, 28, 29, 30, 41, 52], [], [56, 57, 68, 67, 66, 76, 75], []], "food": [15, 5], "index": 0}, "status": "ACTIVE"}, {"action": "NORTH", "reward": 1601, "info": {}, "observation": {"remainingOverageTime": 60, "index": 1}, "status": "DONE"}, {"action": "WEST", "reward": 3707, "info": {}, "observation": {"remainingOverageTime": 60, "index": 2}, "status": "ACTIVE"}, {"action": "NORTH", "reward": 501, "info": {}, "observation": {"remainingOverageTime": 60, "index": 3}, "status": "DONE"}], [{"action": "WEST", "reward": 3810, "info": {}, "observation": {"remainingOverageTime": 60, "step": 37, "geese": [[71, 72, 73, 7, 6, 17, 28, 29, 30, 41], [], [45, 56, 57, 68, 67, 66, 76], []], "food": [15, 5], "index": 0}, "status": "ACTIVE"}, {"action": "NORTH", "reward": 1601, "info": {}, "observation": {"remainingOverageTime": 60, "index": 1}, "status": "DONE"}, {"action": "NORTH", "reward": 3807, "info": {}, "observation": {"remainingOverageTime": 60, "index": 2}, "status": "ACTIVE"}, {"action": "NORTH", "reward": 501, "info": {}, "observation": {"remainingOverageTime": 60, "index": 3}, "status": "DONE"}], [{"action": "SOUTH", "reward": 3911, "info": {}, "observation": {"remainingOverageTime": 60, "step": 38, "geese": [[5, 71, 72, 73, 7, 6, 17, 28, 29, 30, 41], [], [46, 45, 56, 57, 68, 67, 66], []], "food": [15, 63], "index": 0}, "status": "ACTIVE"}, {"action": "NORTH", "reward": 1601, "info": {}, "observation": {"remainingOverageTime": 60, "index": 1}, "status": "DONE"}, {"action": "EAST", "reward": 3907, "info": {}, "observation": {"remainingOverageTime": 60, "index": 2}, "status": "ACTIVE"}, {"action": "NORTH", "reward": 501, "info": {}, "observation": {"remainingOverageTime": 60, "index": 3}, "status": "DONE"}], [{"action": "WEST", "reward": 4011, "info": {}, "observation": {"remainingOverageTime": 60, "step": 39, "geese": [[4, 5, 71, 72, 73, 7, 6, 17, 28, 29, 30], [], [47, 46, 45, 56, 57, 68, 67], []], "food": [15, 63], "index": 0}, "status": "ACTIVE"}, {"action": "NORTH", "reward": 1601, "info": {}, "observation": {"remainingOverageTime": 60, "index": 1}, "status": "DONE"}, {"action": "EAST", "reward": 4007, "info": {}, "observation": {"remainingOverageTime": 60, "index": 2}, "status": "ACTIVE"}, {"action": "NORTH", "reward": 501, "info": {}, "observation": {"remainingOverageTime": 60, "index": 3}, "status": "DONE"}], [{"action": "SOUTH", "reward": 4111, "info": {}, "observation": {"remainingOverageTime": 60, "step": 40, "geese": [[15, 4, 5, 71, 72, 73, 7, 6, 17, 28, 29], [], [48, 47, 46, 45, 56, 57], []], "food": [63, 36], "index": 0}, "status": "ACTIVE"}, {"action": "NORTH", "reward": 1601, "info": {}, "observation": {"remainingOverageTime": 60, "index": 1}, "status": "DONE"}, {"action": "EAST", "reward": 4106, "info": {}, "observation": {"remainingOverageTime": 60, "index": 2}, "status": "ACTIVE"}, {"action": "NORTH", "reward": 501, "info": {}, "observation": {"remainingOverageTime": 60, "index": 3}, "status": "DONE"}], [{"action": "WEST", "reward": 4211, "info": {}, "observation": {"remainingOverageTime": 60, "step": 41, "geese": [[14, 15, 4, 5, 71, 72, 73, 7, 6, 17, 28], [], [37, 48, 47, 46, 45, 56], []], "food": [63, 36], "index": 0}, "status": "ACTIVE"}, {"action": "NORTH", "reward": 1601, "info": {}, "observation": {"remainingOverageTime": 60, "index": 1}, "status": "DONE"}, {"action": "NORTH", "reward": 4206, "info": {}, "observation": {"remainingOverageTime": 60, "index": 2}, "status": "ACTIVE"}, {"action": "NORTH", "reward": 501, "info": {}, "observation": {"remainingOverageTime": 60, "index": 3}, "status": "DONE"}], [{"action": "NORTH", "reward": 4311, "info": {}, "observation": {"remainingOverageTime": 60, "step": 42, "geese": [[3, 14, 15, 4, 5, 71, 72, 73, 7, 6, 17], [], [36, 37, 48, 47, 46, 45, 56], []], "food": [63, 44], "index": 0}, "status": "ACTIVE"}, {"action": "NORTH", "reward": 1601, "info": {}, "observation": {"remainingOverageTime": 60, "index": 1}, "status": "DONE"}, {"action": "WEST", "reward": 4307, "info": {}, "observation": {"remainingOverageTime": 60, "index": 2}, "status": "ACTIVE"}, {"action": "NORTH", "reward": 501, "info": {}, "observation": {"remainingOverageTime": 60, "index": 3}, "status": "DONE"}], [{"action": "NORTH", "reward": 4411, "info": {}, "observation": {"remainingOverageTime": 60, "step": 43, "geese": [[69, 3, 14, 15, 4, 5, 71, 72, 73, 7, 6], [], [35, 36, 37, 48, 47, 46, 45], []], "food": [63, 44], "index": 0}, "status": "ACTIVE"}, {"action": "NORTH", "reward": 1601, "info": {}, "observation": {"remainingOverageTime": 60, "index": 1}, "status": "DONE"}, {"action": "WEST", "reward": 4407, "info": {}, "observation": {"remainingOverageTime": 60, "index": 2}, "status": "ACTIVE"}, {"action": "NORTH", "reward": 501, "info": {}, "observation": {"remainingOverageTime": 60, "index": 3}, "status": "DONE"}], [{"action": "NORTH", "reward": 4511, "info": {}, "observation": {"remainingOverageTime": 60, "step": 44, "geese": [[58, 69, 3, 14, 15, 4, 5, 71, 72, 73, 7], [], [34, 35, 36, 37, 48, 47, 46], []], "food": [63, 44], "index": 0}, "status": "ACTIVE"}, {"action": "NORTH", "reward": 1601, "info": {}, "observation": {"remainingOverageTime": 60, "index": 1}, "status": "DONE"}, {"action": "WEST", "reward": 4507, "info": {}, "observation": {"remainingOverageTime": 60, "index": 2}, "status": "ACTIVE"}, {"action": "NORTH", "reward": 501, "info": {}, "observation": {"remainingOverageTime": 60, "index": 3}, "status": "DONE"}], [{"action": "WEST", "reward": 4611, "info": {}, "observation": {"remainingOverageTime": 60, "step": 45, "geese": [[57, 58, 69, 3, 14, 15, 4, 5, 71, 72, 73], [], [33, 34, 35, 36, 37, 48, 47], []], "food": [63, 44], "index": 0}, "status": "ACTIVE"}, {"action": "NORTH", "reward": 1601, "info": {}, "observation": {"remainingOverageTime": 60, "index": 1}, "status": "DONE"}, {"action": "WEST", "reward": 4607, "info": {}, "observation": {"remainingOverageTime": 60, "index": 2}, "status": "ACTIVE"}, {"action": "NORTH", "reward": 501, "info": {}, "observation": {"remainingOverageTime": 60, "index": 3}, "status": "DONE"}], [{"action": "WEST", "reward": 4711, "info": {}, "observation": {"remainingOverageTime": 60, "step": 46, "geese": [[56, 57, 58, 69, 3, 14, 15, 4, 5, 71, 72], [], [44, 33, 34, 35, 36, 37, 48, 47], []], "food": [63, 73], "index": 0}, "status": "ACTIVE"}, {"action": "NORTH", "reward": 1601, "info": {}, "observation": {"remainingOverageTime": 60, "index": 1}, "status": "DONE"}, {"action": "SOUTH", "reward": 4708, "info": {}, "observation": {"remainingOverageTime": 60, "index": 2}, "status": "ACTIVE"}, {"action": "NORTH", "reward": 501, "info": {}, "observation": {"remainingOverageTime": 60, "index": 3}, "status": "DONE"}], [{"action": "SOUTH", "reward": 4811, "info": {}, "observation": {"remainingOverageTime": 60, "step": 47, "geese": [[67, 56, 57, 58, 69, 3, 14, 15, 4, 5, 71], [], [54, 44, 33, 34, 35, 36, 37, 48], []], "food": [63, 73], "index": 0}, "status": "ACTIVE"}, {"action": "NORTH", "reward": 1601, "info": {}, "observation": {"remainingOverageTime": 60, "index": 1}, "status": "DONE"}, {"action": "WEST", "reward": 4808, "info": {}, "observation": {"remainingOverageTime": 60, "index": 2}, "status": "ACTIVE"}, {"action": "NORTH", "reward": 501, "info": {}, "observation": {"remainingOverageTime": 60, "index": 3}, "status": "DONE"}], [{"action": "WEST", "reward": 4911, "info": {}, "observation": {"remainingOverageTime": 60, "step": 48, "geese": [[66, 67, 56, 57, 58, 69, 3, 14, 15, 4, 5], [], [53, 54, 44, 33, 34, 35, 36, 37], []], "food": [63, 73], "index": 0}, "status": "ACTIVE"}, {"action": "NORTH", "reward": 1601, "info": {}, "observation": {"remainingOverageTime": 60, "index": 1}, "status": "DONE"}, {"action": "WEST", "reward": 4908, "info": {}, "observation": {"remainingOverageTime": 60, "index": 2}, "status": "ACTIVE"}, {"action": "NORTH", "reward": 501, "info": {}, "observation": {"remainingOverageTime": 60, "index": 3}, "status": "DONE"}], [{"action": "WEST", "reward": 5011, "info": {}, "observation": {"remainingOverageTime": 60, "step": 49, "geese": [[76, 66, 67, 56, 57, 58, 69, 3, 14, 15, 4], [], [52, 53, 54, 44, 33, 34, 35, 36], []], "food": [63, 73], "index": 0}, "status": "ACTIVE"}, {"action": "NORTH", "reward": 1601, "info": {}, "observation": {"remainingOverageTime": 60, "index": 1}, "status": "DONE"}, {"action": "WEST", "reward": 5008, "info": {}, "observation": {"remainingOverageTime": 60, "index": 2}, "status": "ACTIVE"}, {"action": "NORTH", "reward": 501, "info": {}, "observation": {"remainingOverageTime": 60, "index": 3}, "status": "DONE"}], [{"action": "WEST", "reward": 5111, "info": {}, "observation": {"remainingOverageTime": 60, "step": 50, "geese": [[75, 76, 66, 67, 56, 57, 58, 69, 3, 14, 15], [], [63, 52, 53, 54, 44, 33, 34, 35, 36], []], "food": [73, 2], "index": 0}, "status": "ACTIVE"}, {"action": "NORTH", "reward": 1601, "info": {}, "observation": {"remainingOverageTime": 60, "index": 1}, "status": "DONE"}, {"action": "SOUTH", "reward": 5109, "info": {}, "observation": {"remainingOverageTime": 60, "index": 2}, "status": "ACTIVE"}, {"action": "NORTH", "reward": 501, "info": {}, "observation": {"remainingOverageTime": 60, "index": 3}, "status": "DONE"}], [{"action": "SOUTH", "reward": 5211, "info": {}, "observation": {"remainingOverageTime": 60, "step": 51, "geese": [[9, 75, 76, 66, 67, 56, 57, 58, 69, 3, 14], [], [62, 63, 52, 53, 54, 44, 33, 34, 35], []], "food": [73, 2], "index": 0}, "status": "ACTIVE"}, {"action": "NORTH", "reward": 1601, "info": {}, "observation": {"remainingOverageTime": 60, "index": 1}, "status": "DONE"}, {"action": "WEST", "reward": 5209, "info": {}, "observation": {"remainingOverageTime": 60, "index": 2}, "status": "ACTIVE"}, {"action": "NORTH", "reward": 501, "info": {}, "observation": {"remainingOverageTime": 60, "index": 3}, "status": "DONE"}], [{"action": "EAST", "reward": 5311, "info": {}, "observation": {"remainingOverageTime": 60, "step": 52, "geese": [[10, 9, 75, 76, 66, 67, 56, 57, 58, 69, 3], [], [73, 62, 63, 52, 53, 54, 44, 33, 34, 35], []], "food": [2, 40], "index": 0}, "status": "ACTIVE"}, {"action": "NORTH", "reward": 1601, "info": {}, "observation": {"remainingOverageTime": 60, "index": 1}, "status": "DONE"}, {"action": "SOUTH", "reward": 5310, "info": {}, "observation": {"remainingOverageTime": 60, "index": 2}, "status": "ACTIVE"}, {"action": "NORTH", "reward": 501, "info": {}, "observation": {"remainingOverageTime": 60, "index": 3}, "status": "DONE"}], [{"action": "EAST", "reward": 5411, "info": {}, "observation": {"remainingOverageTime": 60, "step": 53, "geese": [[0, 10, 9, 75, 76, 66, 67, 56, 57, 58, 69], [], [7, 73, 62, 63, 52, 53, 54, 44, 33, 34], []], "food": [2, 40], "index": 0}, "status": "ACTIVE"}, {"action": "NORTH", "reward": 1601, "info": {}, "observation": {"remainingOverageTime": 60, "index": 1}, "status": "DONE"}, {"action": "SOUTH", "reward": 5410, "info": {}, "observation": {"remainingOverageTime": 60, "index": 2}, "status": "ACTIVE"}, {"action": "NORTH", "reward": 501, "info": {}, "observation": {"remainingOverageTime": 60, "index": 3}, "status": "DONE"}], [{"action": "EAST", "reward": 5511, "info": {}, "observation": {"remainingOverageTime": 60, "step": 54, "geese": [[1, 0, 10, 9, 75, 76, 66, 67, 56, 57, 58], [], [18, 7, 73, 62, 63, 52, 53, 54, 44, 33], []], "food": [2, 40], "index": 0}, "status": "ACTIVE"}, {"action": "NORTH", "reward": 1601, "info": {}, "observation": {"remainingOverageTime": 60, "index": 1}, "status": "DONE"}, {"action": "SOUTH", "reward": 5510, "info": {}, "observation": {"remainingOverageTime": 60, "index": 2}, "status": "ACTIVE"}, {"action": "NORTH", "reward": 501, "info": {}, "observation": {"remainingOverageTime": 60, "index": 3}, "status": "DONE"}], [{"action": "EAST", "reward": 5612, "info": {}, "observation": {"remainingOverageTime": 60, "step": 55, "geese": [[2, 1, 0, 10, 9, 75, 76, 66, 67, 56, 57, 58], [], [29, 18, 7, 73, 62, 63, 52, 53, 54, 44], []], "food": [40, 28], "index": 0}, "status": "ACTIVE"}, {"action": "NORTH", "reward": 1601, "info": {}, "observation": {"remainingOverageTime": 60, "index": 1}, "status": "DONE"}, {"action": "SOUTH", "reward": 5610, "info": {}, "observation": {"remainingOverageTime": 60, "index": 2}, "status": "ACTIVE"}, {"action": "NORTH", "reward": 501, "info": {}, "observation": {"remainingOverageTime": 60, "index": 3}, "status": "DONE"}], [{"action": "EAST", "reward": 5712, "info": {}, "observation": {"remainingOverageTime": 60, "step": 56, "geese": [[3, 2, 1, 0, 10, 9, 75, 76, 66, 67, 56, 57], [], [28, 29, 18, 7, 73, 62, 63, 52, 53, 54, 44], []], "food": [40, 49], "index": 0}, "status": "ACTIVE"}, {"action": "NORTH", "reward": 1601, "info": {}, "observation": {"remainingOverageTime": 60, "index": 1}, "status": "DONE"}, {"action": "WEST", "reward": 5711, "info": {}, "observation": {"remainingOverageTime": 60, "index": 2}, "status": "ACTIVE"}, {"action": "NORTH", "reward": 501, "info": {}, "observation": {"remainingOverageTime": 60, "index": 3}, "status": "DONE"}], [{"action": "EAST", "reward": 5812, "info": {}, "observation": {"remainingOverageTime": 60, "step": 57, "geese": [[4, 3, 2, 1, 0, 10, 9, 75, 76, 66, 67, 56], [], [39, 28, 29, 18, 7, 73, 62, 63, 52, 53, 54], []], "food": [40, 49], "index": 0}, "status": "ACTIVE"}, {"action": "NORTH", "reward": 1601, "info": {}, "observation": {"remainingOverageTime": 60, "index": 1}, "status": "DONE"}, {"action": "SOUTH", "reward": 5811, "info": {}, "observation": {"remainingOverageTime": 60, "index": 2}, "status": "ACTIVE"}, {"action": "NORTH", "reward": 501, "info": {}, "observation": {"remainingOverageTime": 60, "index": 3}, "status": "DONE"}], [{"action": "EAST", "reward": 5912, "info": {}, "observation": {"remainingOverageTime": 60, "step": 58, "geese": [[5, 4, 3, 2, 1, 0, 10, 9, 75, 76, 66, 67], [], [40, 39, 28, 29, 18, 7, 73, 62, 63, 52, 53, 54], []], "food": [49, 58], "index": 0}, "status": "ACTIVE"}, {"action": "NORTH", "reward": 1601, "info": {}, "observation": {"remainingOverageTime": 60, "index": 1}, "status": "DONE"}, {"action": "EAST", "reward": 5912, "info": {}, "observation": {"remainingOverageTime": 60, "index": 2}, "status": "ACTIVE"}, {"action": "NORTH", "reward": 501, "info": {}, "observation": {"remainingOverageTime": 60, "index": 3}, "status": "DONE"}], [{"action": "NORTH", "reward": 6012, "info": {}, "observation": {"remainingOverageTime": 60, "step": 59, "geese": [[71, 5, 4, 3, 2, 1, 0, 10, 9, 75, 76, 66], [], [51, 40, 39, 28, 29, 18, 7, 73, 62, 63, 52, 53], []], "food": [49, 58], "index": 0}, "status": "ACTIVE"}, {"action": "NORTH", "reward": 1601, "info": {}, "observation": {"remainingOverageTime": 60, "index": 1}, "status": "DONE"}, {"action": "SOUTH", "reward": 6012, "info": {}, "observation": {"remainingOverageTime": 60, "index": 2}, "status": "ACTIVE"}, {"action": "NORTH", "reward": 501, "info": {}, "observation": {"remainingOverageTime": 60, "index": 3}, "status": "DONE"}], [{"action": "NORTH", "reward": 6112, "info": {}, "observation": {"remainingOverageTime": 60, "step": 60, "geese": [[60, 71, 5, 4, 3, 2, 1, 0, 10, 9, 75, 76], [], [50, 51, 40, 39, 28, 29, 18, 7, 73, 62, 63, 52], []], "food": [49, 58], "index": 0}, "status": "ACTIVE"}, {"action": "NORTH", "reward": 1601, "info": {}, "observation": {"remainingOverageTime": 60, "index": 1}, "status": "DONE"}, {"action": "WEST", "reward": 6112, "info": {}, "observation": {"remainingOverageTime": 60, "index": 2}, "status": "ACTIVE"}, {"action": "NORTH", "reward": 501, "info": {}, "observation": {"remainingOverageTime": 60, "index": 3}, "status": "DONE"}], [{"action": "WEST", "reward": 6212, "info": {}, "observation": {"remainingOverageTime": 60, "step": 61, "geese": [[59, 60, 71, 5, 4, 3, 2, 1, 0, 10, 9, 75], [], [49, 50, 51, 40, 39, 28, 29, 18, 7, 73, 62, 63, 52], []], "food": [58, 12], "index": 0}, "status": "ACTIVE"}, {"action": "NORTH", "reward": 1601, "info": {}, "observation": {"remainingOverageTime": 60, "index": 1}, "status": "DONE"}, {"action": "WEST", "reward": 6213, "info": {}, "observation": {"remainingOverageTime": 60, "index": 2}, "status": "ACTIVE"}, {"action": "NORTH", "reward": 501, "info": {}, "observation": {"remainingOverageTime": 60, "index": 3}, "status": "DONE"}], [{"action": "WEST", "reward": 6313, "info": {}, "observation": {"remainingOverageTime": 60, "step": 62, "geese": [[58, 59, 60, 71, 5, 4, 3, 2, 1, 0, 10, 9, 75], [], [38, 49, 50, 51, 40, 39, 28, 29, 18, 7, 73, 62, 63], []], "food": [12, 41], "index": 0}, "status": "ACTIVE"}, {"action": "NORTH", "reward": 1601, "info": {}, "observation": {"remainingOverageTime": 60, "index": 1}, "status": "DONE"}, {"action": "NORTH", "reward": 6313, "info": {}, "observation": {"remainingOverageTime": 60, "index": 2}, "status": "ACTIVE"}, {"action": "NORTH", "reward": 501, "info": {}, "observation": {"remainingOverageTime": 60, "index": 3}, "status": "DONE"}], [{"action": "NORTH", "reward": 6413, "info": {}, "observation": {"remainingOverageTime": 60, "step": 63, "geese": [[47, 58, 59, 60, 71, 5, 4, 3, 2, 1, 0, 10, 9], [], [27, 38, 49, 50, 51, 40, 39, 28, 29, 18, 7, 73, 62], []], "food": [12, 41], "index": 0}, "status": "ACTIVE"}, {"action": "NORTH", "reward": 1601, "info": {}, "observation": {"remainingOverageTime": 60, "index": 1}, "status": "DONE"}, {"action": "NORTH", "reward": 6413, "info": {}, "observation": {"remainingOverageTime": 60, "index": 2}, "status": "ACTIVE"}, {"action": "NORTH", "reward": 501, "info": {}, "observation": {"remainingOverageTime": 60, "index": 3}, "status": "DONE"}], [{"action": "NORTH", "reward": 6513, "info": {}, "observation": {"remainingOverageTime": 60, "step": 64, "geese": [[36, 47, 58, 59, 60, 71, 5, 4, 3, 2, 1, 0, 10], [], [16, 27, 38, 49, 50, 51, 40, 39, 28, 29, 18, 7, 73], []], "food": [12, 41], "index": 0}, "status": "ACTIVE"}, {"action": "NORTH", "reward": 1601, "info": {}, "observation": {"remainingOverageTime": 60, "index": 1}, "status": "DONE"}, {"action": "NORTH", "reward": 6513, "info": {}, "observation": {"remainingOverageTime": 60, "index": 2}, "status": "ACTIVE"}, {"action": "NORTH", "reward": 501, "info": {}, "observation": {"remainingOverageTime": 60, "index": 3}, "status": "DONE"}], [{"action": "NORTH", "reward": 6613, "info": {}, "observation": {"remainingOverageTime": 60, "step": 65, "geese": [[25, 36, 47, 58, 59, 60, 71, 5, 4, 3, 2, 1, 0], [], [15, 16, 27, 38, 49, 50, 51, 40, 39, 28, 29, 18, 7], []], "food": [12, 41], "index": 0}, "status": "ACTIVE"}, {"action": "NORTH", "reward": 1601, "info": {}, "observation": {"remainingOverageTime": 60, "index": 1}, "status": "DONE"}, {"action": "WEST", "reward": 6613, "info": {}, "observation": {"remainingOverageTime": 60, "index": 2}, "status": "ACTIVE"}, {"action": "NORTH", "reward": 501, "info": {}, "observation": {"remainingOverageTime": 60, "index": 3}, "status": "DONE"}], [{"action": "WEST", "reward": 6713, "info": {}, "observation": {"remainingOverageTime": 60, "step": 66, "geese": [[24, 25, 36, 47, 58, 59, 60, 71, 5, 4, 3, 2, 1], [], [], []], "food": [12, 41], "index": 0}, "status": "DONE"}, {"action": "NORTH", "reward": 1601, "info": {}, "observation": {"remainingOverageTime": 60, "index": 1}, "status": "DONE"}, {"action": "EAST", "reward": 6613, "info": {}, "observation": {"remainingOverageTime": 60, "index": 2}, "status": "DONE"}, {"action": "NORTH", "reward": 501, "info": {}, "observation": {"remainingOverageTime": 60, "index": 3}, "status": "DONE"}]], "rewards": [6713, 1601, 6613, 501], "statuses": ["DONE", "DONE", "DONE", "DONE"], "schema_version": 1, "info": {}}