{"id": "22af11e2-db0f-11ee-b332-0242ac1c000c", "name": "hungry_geese", "title": "Hungry Geese", "description": "Similar to the classic snake game with multiple players", "version": "1.0.0", "configuration": {"episodeSteps": 200, "actTimeout": 1, "runTimeout": 1200, "columns": 11, "rows": 7, "hunger_rate": 40, "min_food": 2, "max_length": 99}, "specification": {"action": {"description": "Direction to move the head of your players goose.", "type": "string", "enum": ["NORTH", "EAST", "SOUTH", "WEST"], "default": "NORTH"}, "agents": [1, 2, 3, 4, 5, 6, 7, 8], "configuration": {"episodeSteps": {"description": "Maximum number of steps in the episode.", "type": "integer", "minimum": 1, "default": 200}, "actTimeout": {"description": "Maximum runtime (seconds) to obtain an action from an agent.", "type": "number", "minimum": 0, "default": 1}, "runTimeout": {"description": "Maximum runtime (seconds) of an episode (not necessarily DONE).", "type": "number", "minimum": 0, "default": 1200}, "columns": {"description": "Horizontal number of cells on the board.", "type": "integer", "default": 11, "minimum": 3}, "rows": {"description": "Vertical number of cells on the board.", "type": "integer", "default": 7, "minimum": 3}, "hunger_rate": {"description": "The number of steps before the goose shrinks a cell.", "type": "integer", "minimum": 1, "default": 40}, "min_food": {"description": "The minimum amount of food present for all steps.", "type": "integer", "default": 2, "minimum": 1}, "max_length": {"description": "The max length any goose can be. Total reward = (max length + 1) * steps survived + goose length.", "type": "integer", "default": 99}}, "info": {}, "observation": {"remainingOverageTime": {"description": "Total remaining banked time (seconds) that can be used in excess of per-step actTimeouts -- agent is disqualified with TIMEOUT status when this drops below 0.", "shared": false, "type": "number", "minimum": 0, "default": 60}, "step": {"description": "Current step within the episode.", "type": "integer", "shared": true, "minimum": 0, "default": 0}, "geese": {"description": "List of geese in order by the agent index.", "type": "array", "default": [], "shared": true}, "food": {"description": "Positions on the board where food is present.", "type": "array", "default": [], "shared": true}, "index": {"description": "Index of the current agent's goose in the list of geese.", "type": "integer", "minimum": 0, "defaults": [0, 1, 2, 3, 4, 5, 6, 7]}}, "reward": {"description": "steps survived * (max goose length + 1) + current goose length.", "type": ["number", "null"], "default": 0, "minimum": 0}}, "steps": [[{"action": "NORTH", "reward": 0, "info": {}, "observation": {"remainingOverageTime": 60, "step": 0, "geese": [[19], [38], [30], [2]], "food": [46, 44], "index": 0}, "status": "ACTIVE"}, {"action": "NORTH", "reward": 0, "info": {}, "observation": {"remainingOverageTime": 60, "index": 1}, "status": "ACTIVE"}, {"action": "NORTH", "reward": 0, "info": {}, "observation": {"remainingOverageTime": 60, "index": 2}, "status": "ACTIVE"}, {"action": "NORTH", "reward": 0, "info": {}, "observation": {"remainingOverageTime": 60, "index": 3}, "status": "ACTIVE"}], [{"action": "EAST", "reward": 201, "info": {}, "observation": {"remainingOverageTime": 60, "step": 1, "geese": [[20], [37], [31], [68]], "food": [46, 44], "index": 0}, "status": "ACTIVE"}, {"action": "WEST", "reward": 201, "info": {}, "observation": {"remainingOverageTime": 60, "index": 1}, "status": "ACTIVE"}, {"action": "EAST", "reward": 201, "info": {}, "observation": {"remainingOverageTime": 60, "index": 2}, "status": "ACTIVE"}, {"action": "NORTH", "reward": 201, "info": {}, "observation": {"remainingOverageTime": 60, "index": 3}, "status": "ACTIVE"}], [{"action": "EAST", "reward": 301, "info": {}, "observation": {"remainingOverageTime": 60, "step": 2, "geese": [[21], [36], [32], [57]], "food": [46, 44], "index": 0}, "status": "ACTIVE"}, {"action": "WEST", "reward": 301, "info": {}, "observation": {"remainingOverageTime": 60, "index": 1}, "status": "ACTIVE"}, {"action": "EAST", "reward": 301, "info": {}, "observation": {"remainingOverageTime": 60, "index": 2}, "status": "ACTIVE"}, {"action": "NORTH", "reward": 301, "info": {}, "observation": {"remainingOverageTime": 60, "index": 3}, "status": "ACTIVE"}], [{"action": "EAST", "reward": 401, "info": {}, "observation": {"remainingOverageTime": 60, "step": 3, "geese": [[11], [35], [22], [46, 57]], "food": [44, 66], "index": 0}, "status": "ACTIVE"}, {"action": "WEST", "reward": 401, "info": {}, "observation": {"remainingOverageTime": 60, "index": 1}, "status": "ACTIVE"}, {"action": "EAST", "reward": 401, "info": {}, "observation": {"remainingOverageTime": 60, "index": 2}, "status": "ACTIVE"}, {"action": "NORTH", "reward": 402, "info": {}, "observation": {"remainingOverageTime": 60, "index": 3}, "status": "ACTIVE"}], [{"action": "NORTH", "reward": 501, "info": {}, "observation": {"remainingOverageTime": 60, "step": 4, "geese": [[0], [24], [33], [45, 46]], "food": [44, 66], "index": 0}, "status": "ACTIVE"}, {"action": "NORTH", "reward": 501, "info": {}, "observation": {"remainingOverageTime": 60, "index": 1}, "status": "ACTIVE"}, {"action": "SOUTH", "reward": 501, "info": {}, "observation": {"remainingOverageTime": 60, "index": 2}, "status": "ACTIVE"}, {"action": "WEST", "reward": 502, "info": {}, "observation": {"remainingOverageTime": 60, "index": 3}, "status": "ACTIVE"}], [{"action": "NORTH", "reward": 602, "info": {}, "observation": {"remainingOverageTime": 60, "step": 5, "geese": [[66, 0], [23], [44, 33], [56, 45]], "food": [49, 53], "index": 0}, "status": "ACTIVE"}, {"action": "WEST", "reward": 601, "info": {}, "observation": {"remainingOverageTime": 60, "index": 1}, "status": "ACTIVE"}, {"action": "SOUTH", "reward": 602, "info": {}, "observation": {"remainingOverageTime": 60, "index": 2}, "status": "ACTIVE"}, {"action": "SOUTH", "reward": 602, "info": {}, "observation": {"remainingOverageTime": 60, "index": 3}, "status": "ACTIVE"}], [{"action": "WEST", "reward": 702, "info": {}, "observation": {"remainingOverageTime": 60, "step": 6, "geese": [[76, 66], [22], [54, 44], [57, 56]], "food": [49, 53], "index": 0}, "status": "ACTIVE"}, {"action": "WEST", "reward": 701, "info": {}, "observation": {"remainingOverageTime": 60, "index": 1}, "status": "ACTIVE"}, {"action": "WEST", "reward": 702, "info": {}, "observation": {"remainingOverageTime": 60, "index": 2}, "status": "ACTIVE"}, {"action": "EAST", "reward": 702, "info": {}, "observation": {"remainingOverageTime": 60, "index": 3}, "status": "ACTIVE"}], [{"action": "WEST", "reward": 802, "info": {}, "observation": {"remainingOverageTime": 60, "step": 7, "geese": [[75, 76], [], [53, 54, 44], [58, 57]], "food": [49, 70], "index": 0}, "status": "ACTIVE"}, {"action": "EAST", "reward": 701, "info": {}, "observation": {"remainingOverageTime": 60, "index": 1}, "status": "DONE"}, {"action": "WEST", "reward": 803, "info": {}, "observation": {"remainingOverageTime": 60, "index": 2}, "status": "ACTIVE"}, {"action": "EAST", "reward": 802, "info": {}, "observation": {"remainingOverageTime": 60, "index": 3}, "status": "ACTIVE"}], [{"action": "WEST", "reward": 902, "info": {}, "observation": {"remainingOverageTime": 60, "step": 8, "geese": [[74, 75], [], [52, 53, 54], [59, 58]], "food": [49, 70], "index": 0}, "status": "ACTIVE"}, {"action": "NORTH", "reward": 701, "info": {}, "observation": {"remainingOverageTime": 60, "index": 1}, "status": "DONE"}, {"action": "WEST", "reward": 903, "info": {}, "observation": {"remainingOverageTime": 60, "index": 2}, "status": "ACTIVE"}, {"action": "EAST", "reward": 902, "info": {}, "observation": {"remainingOverageTime": 60, "index": 3}, "status": "ACTIVE"}], [{"action": "WEST", "reward": 1002, "info": {}, "observation": {"remainingOverageTime": 60, "step": 9, "geese": [[73, 74], [], [51, 52, 53], [70, 59, 58]], "food": [49, 71], "index": 0}, "status": "ACTIVE"}, {"action": "NORTH", "reward": 701, "info": {}, "observation": {"remainingOverageTime": 60, "index": 1}, "status": "DONE"}, {"action": "WEST", "reward": 1003, "info": {}, "observation": {"remainingOverageTime": 60, "index": 2}, "status": "ACTIVE"}, {"action": "SOUTH", "reward": 1003, "info": {}, "observation": {"remainingOverageTime": 60, "index": 3}, "status": "ACTIVE"}], [{"action": "WEST", "reward": 1102, "info": {}, "observation": {"remainingOverageTime": 60, "step": 10, "geese": [[72, 73], [], [50, 51, 52], [71, 70, 59, 58]], "food": [49, 27], "index": 0}, "status": "ACTIVE"}, {"action": "NORTH", "reward": 701, "info": {}, "observation": {"remainingOverageTime": 60, "index": 1}, "status": "DONE"}, {"action": "WEST", "reward": 1103, "info": {}, "observation": {"remainingOverageTime": 60, "index": 2}, "status": "ACTIVE"}, {"action": "EAST", "reward": 1104, "info": {}, "observation": {"remainingOverageTime": 60, "index": 3}, "status": "ACTIVE"}], [{"action": "SOUTH", "reward": 1202, "info": {}, "observation": {"remainingOverageTime": 60, "step": 11, "geese": [[6, 72], [], [49, 50, 51, 52], [5, 71, 70, 59]], "food": [27, 0], "index": 0}, "status": "ACTIVE"}, {"action": "NORTH", "reward": 701, "info": {}, "observation": {"remainingOverageTime": 60, "index": 1}, "status": "DONE"}, {"action": "WEST", "reward": 1204, "info": {}, "observation": {"remainingOverageTime": 60, "index": 2}, "status": "ACTIVE"}, {"action": "SOUTH", "reward": 1204, "info": {}, "observation": {"remainingOverageTime": 60, "index": 3}, "status": "ACTIVE"}], [{"action": "SOUTH", "reward": 1302, "info": {}, "observation": {"remainingOverageTime": 60, "step": 12, "geese": [[17, 6], [], [38, 49, 50, 51], [16, 5, 71, 70]], "food": [27, 0], "index": 0}, "status": "ACTIVE"}, {"action": "NORTH", "reward": 701, "info": {}, "observation": {"remainingOverageTime": 60, "index": 1}, "status": "DONE"}, {"action": "NORTH", "reward": 1304, "info": {}, "observation": {"remainingOverageTime": 60, "index": 2}, "status": "ACTIVE"}, {"action": "SOUTH", "reward": 1304, "info": {}, "observation": {"remainingOverageTime": 60, "index": 3}, "status": "ACTIVE"}], [{"action": "EAST", "reward": 1402, "info": {}, "observation": {"remainingOverageTime": 60, "step": 13, "geese": [[18, 17], [], [37, 38, 49, 50], [15, 16, 5, 71]], "food": [27, 0], "index": 0}, "status": "ACTIVE"}, {"action": "NORTH", "reward": 701, "info": {}, "observation": {"remainingOverageTime": 60, "index": 1}, "status": "DONE"}, {"action": "WEST", "reward": 1404, "info": {}, "observation": {"remainingOverageTime": 60, "index": 2}, "status": "ACTIVE"}, {"action": "WEST", "reward": 1404, "info": {}, "observation": {"remainingOverageTime": 60, "index": 3}, "status": "ACTIVE"}], [{"action": "WEST", "reward": 1402, "info": {}, "observation": {"remainingOverageTime": 60, "step": 14, "geese": [[], [], [36, 37, 38, 49], [4, 15, 16, 5]], "food": [27, 0], "index": 0}, "status": "DONE"}, {"action": "NORTH", "reward": 701, "info": {}, "observation": {"remainingOverageTime": 60, "index": 1}, "status": "DONE"}, {"action": "WEST", "reward": 1504, "info": {}, "observation": {"remainingOverageTime": 60, "index": 2}, "status": "ACTIVE"}, {"action": "NORTH", "reward": 1504, "info": {}, "observation": {"remainingOverageTime": 60, "index": 3}, "status": "ACTIVE"}], [{"action": "NORTH", "reward": 1402, "info": {}, "observation": {"remainingOverageTime": 60, "step": 15, "geese": [[], [], [25, 36, 37, 38], [3, 4, 15, 16]], "food": [27, 0], "index": 0}, "status": "DONE"}, {"action": "NORTH", "reward": 701, "info": {}, "observation": {"remainingOverageTime": 60, "index": 1}, "status": "DONE"}, {"action": "NORTH", "reward": 1604, "info": {}, "observation": {"remainingOverageTime": 60, "index": 2}, "status": "ACTIVE"}, {"action": "WEST", "reward": 1604, "info": {}, "observation": {"remainingOverageTime": 60, "index": 3}, "status": "ACTIVE"}], [{"action": "NORTH", "reward": 1402, "info": {}, "observation": {"remainingOverageTime": 60, "step": 16, "geese": [[], [], [26, 25, 36, 37], [2, 3, 4, 15]], "food": [27, 0], "index": 0}, "status": "DONE"}, {"action": "NORTH", "reward": 701, "info": {}, "observation": {"remainingOverageTime": 60, "index": 1}, "status": "DONE"}, {"action": "EAST", "reward": 1704, "info": {}, "observation": {"remainingOverageTime": 60, "index": 2}, "status": "ACTIVE"}, {"action": "WEST", "reward": 1704, "info": {}, "observation": {"remainingOverageTime": 60, "index": 3}, "status": "ACTIVE"}], [{"action": "NORTH", "reward": 1402, "info": {}, "observation": {"remainingOverageTime": 60, "step": 17, "geese": [[], [], [27, 26, 25, 36, 37], [1, 2, 3, 4]], "food": [0, 15], "index": 0}, "status": "DONE"}, {"action": "NORTH", "reward": 701, "info": {}, "observation": {"remainingOverageTime": 60, "index": 1}, "status": "DONE"}, {"action": "EAST", "reward": 1805, "info": {}, "observation": {"remainingOverageTime": 60, "index": 2}, "status": "ACTIVE"}, {"action": "WEST", "reward": 1804, "info": {}, "observation": {"remainingOverageTime": 60, "index": 3}, "status": "ACTIVE"}], [{"action": "NORTH", "reward": 1402, "info": {}, "observation": {"remainingOverageTime": 60, "step": 18, "geese": [[], [], [16, 27, 26, 25, 36], [0, 1, 2, 3, 4]], "food": [15, 66], "index": 0}, "status": "DONE"}, {"action": "NORTH", "reward": 701, "info": {}, "observation": {"remainingOverageTime": 60, "index": 1}, "status": "DONE"}, {"action": "NORTH", "reward": 1905, "info": {}, "observation": {"remainingOverageTime": 60, "index": 2}, "status": "ACTIVE"}, {"action": "WEST", "reward": 1905, "info": {}, "observation": {"remainingOverageTime": 60, "index": 3}, "status": "ACTIVE"}], [{"action": "NORTH", "reward": 1402, "info": {}, "observation": {"remainingOverageTime": 60, "step": 19, "geese": [[], [], [15, 16, 27, 26, 25, 36], [66, 0, 1, 2, 3, 4]], "food": [9, 64], "index": 0}, "status": "DONE"}, {"action": "NORTH", "reward": 701, "info": {}, "observation": {"remainingOverageTime": 60, "index": 1}, "status": "DONE"}, {"action": "WEST", "reward": 2006, "info": {}, "observation": {"remainingOverageTime": 60, "index": 2}, "status": "ACTIVE"}, {"action": "NORTH", "reward": 2006, "info": {}, "observation": {"remainingOverageTime": 60, "index": 3}, "status": "ACTIVE"}], [{"action": "NORTH", "reward": 1402, "info": {}, "observation": {"remainingOverageTime": 60, "step": 20, "geese": [[], [], [4, 15, 16, 27, 26, 25], [55, 66, 0, 1, 2, 3]], "food": [9, 64], "index": 0}, "status": "DONE"}, {"action": "NORTH", "reward": 701, "info": {}, "observation": {"remainingOverageTime": 60, "index": 1}, "status": "DONE"}, {"action": "NORTH", "reward": 2106, "info": {}, "observation": {"remainingOverageTime": 60, "index": 2}, "status": "ACTIVE"}, {"action": "NORTH", "reward": 2106, "info": {}, "observation": {"remainingOverageTime": 60, "index": 3}, "status": "ACTIVE"}], [{"action": "NORTH", "reward": 1402, "info": {}, "observation": {"remainingOverageTime": 60, "step": 21, "geese": [[], [], [5, 4, 15, 16, 27, 26], [65, 55, 66, 0, 1, 2]], "food": [9, 64], "index": 0}, "status": "DONE"}, {"action": "NORTH", "reward": 701, "info": {}, "observation": {"remainingOverageTime": 60, "index": 1}, "status": "DONE"}, {"action": "EAST", "reward": 2206, "info": {}, "observation": {"remainingOverageTime": 60, "index": 2}, "status": "ACTIVE"}, {"action": "WEST", "reward": 2206, "info": {}, "observation": {"remainingOverageTime": 60, "index": 3}, "status": "ACTIVE"}], [{"action": "NORTH", "reward": 1402, "info": {}, "observation": {"remainingOverageTime": 60, "step": 22, "geese": [[], [], [6, 5, 4, 15, 16, 27], [64, 65, 55, 66, 0, 1, 2]], "food": [9, 23], "index": 0}, "status": "DONE"}, {"action": "NORTH", "reward": 701, "info": {}, "observation": {"remainingOverageTime": 60, "index": 1}, "status": "DONE"}, {"action": "EAST", "reward": 2306, "info": {}, "observation": {"remainingOverageTime": 60, "index": 2}, "status": "ACTIVE"}, {"action": "WEST", "reward": 2307, "info": {}, "observation": {"remainingOverageTime": 60, "index": 3}, "status": "ACTIVE"}], [{"action": "NORTH", "reward": 1402, "info": {}, "observation": {"remainingOverageTime": 60, "step": 23, "geese": [[], [], [7, 6, 5, 4, 15, 16], [75, 64, 65, 55, 66, 0, 1]], "food": [9, 23], "index": 0}, "status": "DONE"}, {"action": "NORTH", "reward": 701, "info": {}, "observation": {"remainingOverageTime": 60, "index": 1}, "status": "DONE"}, {"action": "EAST", "reward": 2406, "info": {}, "observation": {"remainingOverageTime": 60, "index": 2}, "status": "ACTIVE"}, {"action": "SOUTH", "reward": 2407, "info": {}, "observation": {"remainingOverageTime": 60, "index": 3}, "status": "ACTIVE"}], [{"action": "NORTH", "reward": 1402, "info": {}, "observation": {"remainingOverageTime": 60, "step": 24, "geese": [[], [], [8, 7, 6, 5, 4, 15], [9, 75, 64, 65, 55, 66, 0, 1]], "food": [23, 10], "index": 0}, "status": "DONE"}, {"action": "NORTH", "reward": 701, "info": {}, "observation": {"remainingOverageTime": 60, "index": 1}, "status": "DONE"}, {"action": "EAST", "reward": 2506, "info": {}, "observation": {"remainingOverageTime": 60, "index": 2}, "status": "ACTIVE"}, {"action": "SOUTH", "reward": 2508, "info": {}, "observation": {"remainingOverageTime": 60, "index": 3}, "status": "ACTIVE"}], [{"action": "NORTH", "reward": 1402, "info": {}, "observation": {"remainingOverageTime": 60, "step": 25, "geese": [[], [], [19, 8, 7, 6, 5, 4], [10, 9, 75, 64, 65, 55, 66, 0, 1]], "food": [23, 54], "index": 0}, "status": "DONE"}, {"action": "NORTH", "reward": 701, "info": {}, "observation": {"remainingOverageTime": 60, "index": 1}, "status": "DONE"}, {"action": "SOUTH", "reward": 2606, "info": {}, "observation": {"remainingOverageTime": 60, "index": 2}, "status": "ACTIVE"}, {"action": "EAST", "reward": 2609, "info": {}, "observation": {"remainingOverageTime": 60, "index": 3}, "status": "ACTIVE"}], [{"action": "NORTH", "reward": 1402, "info": {}, "observation": {"remainingOverageTime": 60, "step": 26, "geese": [[], [], [20, 19, 8, 7, 6, 5], [21, 10, 9, 75, 64, 65, 55, 66, 0]], "food": [23, 54], "index": 0}, "status": "DONE"}, {"action": "NORTH", "reward": 701, "info": {}, "observation": {"remainingOverageTime": 60, "index": 1}, "status": "DONE"}, {"action": "EAST", "reward": 2706, "info": {}, "observation": {"remainingOverageTime": 60, "index": 2}, "status": "ACTIVE"}, {"action": "SOUTH", "reward": 2709, "info": {}, "observation": {"remainingOverageTime": 60, "index": 3}, "status": "ACTIVE"}], [{"action": "NORTH", "reward": 1402, "info": {}, "observation": {"remainingOverageTime": 60, "step": 27, "geese": [[], [], [31, 20, 19, 8, 7, 6], [11, 21, 10, 9, 75, 64, 65, 55, 66]], "food": [23, 54], "index": 0}, "status": "DONE"}, {"action": "NORTH", "reward": 701, "info": {}, "observation": {"remainingOverageTime": 60, "index": 1}, "status": "DONE"}, {"action": "SOUTH", "reward": 2806, "info": {}, "observation": {"remainingOverageTime": 60, "index": 2}, "status": "ACTIVE"}, {"action": "EAST", "reward": 2809, "info": {}, "observation": {"remainingOverageTime": 60, "index": 3}, "status": "ACTIVE"}], [{"action": "NORTH", "reward": 1402, "info": {}, "observation": {"remainingOverageTime": 60, "step": 28, "geese": [[], [], [32, 31, 20, 19, 8, 7], [12, 11, 21, 10, 9, 75, 64, 65, 55]], "food": [23, 54], "index": 0}, "status": "DONE"}, {"action": "NORTH", "reward": 701, "info": {}, "observation": {"remainingOverageTime": 60, "index": 1}, "status": "DONE"}, {"action": "EAST", "reward": 2906, "info": {}, "observation": {"remainingOverageTime": 60, "index": 2}, "status": "ACTIVE"}, {"action": "EAST", "reward": 2909, "info": {}, "observation": {"remainingOverageTime": 60, "index": 3}, "status": "ACTIVE"}], [{"action": "NORTH", "reward": 1402, "info": {}, "observation": {"remainingOverageTime": 60, "step": 29, "geese": [[], [], [43, 32, 31, 20, 19, 8], [23, 12, 11, 21, 10, 9, 75, 64, 65, 55]], "food": [54, 63], "index": 0}, "status": "DONE"}, {"action": "NORTH", "reward": 701, "info": {}, "observation": {"remainingOverageTime": 60, "index": 1}, "status": "DONE"}, {"action": "SOUTH", "reward": 3006, "info": {}, "observation": {"remainingOverageTime": 60, "index": 2}, "status": "ACTIVE"}, {"action": "SOUTH", "reward": 3010, "info": {}, "observation": {"remainingOverageTime": 60, "index": 3}, "status": "ACTIVE"}], [{"action": "NORTH", "reward": 1402, "info": {}, "observation": {"remainingOverageTime": 60, "step": 30, "geese": [[], [], [54, 43, 32, 31, 20, 19, 8], [24, 23, 12, 11, 21, 10, 9, 75, 64, 65]], "food": [63, 76], "index": 0}, "status": "DONE"}, {"action": "NORTH", "reward": 701, "info": {}, "observation": {"remainingOverageTime": 60, "index": 1}, "status": "DONE"}, {"action": "SOUTH", "reward": 3107, "info": {}, "observation": {"remainingOverageTime": 60, "index": 2}, "status": "ACTIVE"}, {"action": "EAST", "reward": 3110, "info": {}, "observation": {"remainingOverageTime": 60, "index": 3}, "status": "ACTIVE"}], [{"action": "NORTH", "reward": 1402, "info": {}, "observation": {"remainingOverageTime": 60, "step": 31, "geese": [[], [], [65, 54, 43, 32, 31, 20, 19], [13, 24, 23, 12, 11, 21, 10, 9, 75, 64]], "food": [63, 76], "index": 0}, "status": "DONE"}, {"action": "NORTH", "reward": 701, "info": {}, "observation": {"remainingOverageTime": 60, "index": 1}, "status": "DONE"}, {"action": "SOUTH", "reward": 3207, "info": {}, "observation": {"remainingOverageTime": 60, "index": 2}, "status": "ACTIVE"}, {"action": "NORTH", "reward": 3210, "info": {}, "observation": {"remainingOverageTime": 60, "index": 3}, "status": "ACTIVE"}], [{"action": "NORTH", "reward": 1402, "info": {}, "observation": {"remainingOverageTime": 60, "step": 32, "geese": [[], [], [76, 65, 54, 43, 32, 31, 20, 19], [14, 13, 24, 23, 12, 11, 21, 10, 9, 75]], "food": [63, 64], "index": 0}, "status": "DONE"}, {"action": "NORTH", "reward": 701, "info": {}, "observation": {"remainingOverageTime": 60, "index": 1}, "status": "DONE"}, {"action": "SOUTH", "reward": 3308, "info": {}, "observation": {"remainingOverageTime": 60, "index": 2}, "status": "ACTIVE"}, {"action": "EAST", "reward": 3310, "info": {}, "observation": {"remainingOverageTime": 60, "index": 3}, "status": "ACTIVE"}], [{"action": "NORTH", "reward": 1402, "info": {}, "observation": {"remainingOverageTime": 60, "step": 33, "geese": [[], [], [75, 76, 65, 54, 43, 32, 31, 20], [15, 14, 13, 24, 23, 12, 11, 21, 10, 9]], "food": [63, 64], "index": 0}, "status": "DONE"}, {"action": "NORTH", "reward": 701, "info": {}, "observation": {"remainingOverageTime": 60, "index": 1}, "status": "DONE"}, {"action": "WEST", "reward": 3408, "info": {}, "observation": {"remainingOverageTime": 60, "index": 2}, "status": "ACTIVE"}, {"action": "EAST", "reward": 3410, "info": {}, "observation": {"remainingOverageTime": 60, "index": 3}, "status": "ACTIVE"}], [{"action": "NORTH", "reward": 1402, "info": {}, "observation": {"remainingOverageTime": 60, "step": 34, "geese": [[], [], [64, 75, 76, 65, 54, 43, 32, 31, 20], [16, 15, 14, 13, 24, 23, 12, 11, 21, 10]], "food": [63, 34], "index": 0}, "status": "DONE"}, {"action": "NORTH", "reward": 701, "info": {}, "observation": {"remainingOverageTime": 60, "index": 1}, "status": "DONE"}, {"action": "NORTH", "reward": 3509, "info": {}, "observation": {"remainingOverageTime": 60, "index": 2}, "status": "ACTIVE"}, {"action": "EAST", "reward": 3510, "info": {}, "observation": {"remainingOverageTime": 60, "index": 3}, "status": "ACTIVE"}], [{"action": "NORTH", "reward": 1402, "info": {}, "observation": {"remainingOverageTime": 60, "step": 35, "geese": [[], [], [63, 64, 75, 76, 65, 54, 43, 32, 31, 20], [27, 16, 15, 14, 13, 24, 23, 12, 11, 21]], "food": [34, 40], "index": 0}, "status": "DONE"}, {"action": "NORTH", "reward": 701, "info": {}, "observation": {"remainingOverageTime": 60, "index": 1}, "status": "DONE"}, {"action": "WEST", "reward": 3610, "info": {}, "observation": {"remainingOverageTime": 60, "index": 2}, "status": "ACTIVE"}, {"action": "SOUTH", "reward": 3610, "info": {}, "observation": {"remainingOverageTime": 60, "index": 3}, "status": "ACTIVE"}], [{"action": "NORTH", "reward": 1402, "info": {}, "observation": {"remainingOverageTime": 60, "step": 36, "geese": [[], [], [52, 63, 64, 75, 76, 65, 54, 43, 32, 31], [28, 27, 16, 15, 14, 13, 24, 23, 12, 11]], "food": [34, 40], "index": 0}, "status": "DONE"}, {"action": "NORTH", "reward": 701, "info": {}, "observation": {"remainingOverageTime": 60, "index": 1}, "status": "DONE"}, {"action": "NORTH", "reward": 3710, "info": {}, "observation": {"remainingOverageTime": 60, "index": 2}, "status": "ACTIVE"}, {"action": "EAST", "reward": 3710, "info": {}, "observation": {"remainingOverageTime": 60, "index": 3}, "status": "ACTIVE"}], [{"action": "NORTH", "reward": 1402, "info": {}, "observation": {"remainingOverageTime": 60, "step": 37, "geese": [[], [], [41, 52, 63, 64, 75, 76, 65, 54, 43, 32], [29, 28, 27, 16, 15, 14, 13, 24, 23, 12]], "food": [34, 40], "index": 0}, "status": "DONE"}, {"action": "NORTH", "reward": 701, "info": {}, "observation": {"remainingOverageTime": 60, "index": 1}, "status": "DONE"}, {"action": "NORTH", "reward": 3810, "info": {}, "observation": {"remainingOverageTime": 60, "index": 2}, "status": "ACTIVE"}, {"action": "EAST", "reward": 3810, "info": {}, "observation": {"remainingOverageTime": 60, "index": 3}, "status": "ACTIVE"}], [{"action": "NORTH", "reward": 1402, "info": {}, "observation": {"remainingOverageTime": 60, "step": 38, "geese": [[], [], [42, 41, 52, 63, 64, 75, 76, 65, 54, 43], [18, 29, 28, 27, 16, 15, 14, 13, 24, 23]], "food": [34, 40], "index": 0}, "status": "DONE"}, {"action": "NORTH", "reward": 701, "info": {}, "observation": {"remainingOverageTime": 60, "index": 1}, "status": "DONE"}, {"action": "EAST", "reward": 3910, "info": {}, "observation": {"remainingOverageTime": 60, "index": 2}, "status": "ACTIVE"}, {"action": "NORTH", "reward": 3910, "info": {}, "observation": {"remainingOverageTime": 60, "index": 3}, "status": "ACTIVE"}], [{"action": "NORTH", "reward": 1402, "info": {}, "observation": {"remainingOverageTime": 60, "step": 39, "geese": [[], [], [43, 42, 41, 52, 63, 64, 75, 76, 65, 54], [7, 18, 29, 28, 27, 16, 15, 14, 13, 24]], "food": [34, 40], "index": 0}, "status": "DONE"}, {"action": "NORTH", "reward": 701, "info": {}, "observation": {"remainingOverageTime": 60, "index": 1}, "status": "DONE"}, {"action": "EAST", "reward": 4010, "info": {}, "observation": {"remainingOverageTime": 60, "index": 2}, "status": "ACTIVE"}, {"action": "NORTH", "reward": 4010, "info": {}, "observation": {"remainingOverageTime": 60, "index": 3}, "status": "ACTIVE"}], [{"action": "NORTH", "reward": 1402, "info": {}, "observation": {"remainingOverageTime": 60, "step": 40, "geese": [[], [], [33, 43, 42, 41, 52, 63, 64, 75, 76], [73, 7, 18, 29, 28, 27, 16, 15, 14]], "food": [34, 40], "index": 0}, "status": "DONE"}, {"action": "NORTH", "reward": 701, "info": {}, "observation": {"remainingOverageTime": 60, "index": 1}, "status": "DONE"}, {"action": "EAST", "reward": 4109, "info": {}, "observation": {"remainingOverageTime": 60, "index": 2}, "status": "ACTIVE"}, {"action": "NORTH", "reward": 4109, "info": {}, "observation": {"remainingOverageTime": 60, "index": 3}, "status": "ACTIVE"}], [{"action": "NORTH", "reward": 1402, "info": {}, "observation": {"remainingOverageTime": 60, "step": 41, "geese": [[], [], [34, 33, 43, 42, 41, 52, 63, 64, 75, 76], [62, 73, 7, 18, 29, 28, 27, 16, 15]], "food": [40, 9], "index": 0}, "status": "DONE"}, {"action": "NORTH", "reward": 701, "info": {}, "observation": {"remainingOverageTime": 60, "index": 1}, "status": "DONE"}, {"action": "EAST", "reward": 4210, "info": {}, "observation": {"remainingOverageTime": 60, "index": 2}, "status": "ACTIVE"}, {"action": "NORTH", "reward": 4209, "info": {}, "observation": {"remainingOverageTime": 60, "index": 3}, "status": "ACTIVE"}], [{"action": "NORTH", "reward": 1402, "info": {}, "observation": {"remainingOverageTime": 60, "step": 42, "geese": [[], [], [35, 34, 33, 43, 42, 41, 52, 63, 64, 75], [51, 62, 73, 7, 18, 29, 28, 27, 16]], "food": [40, 9], "index": 0}, "status": "DONE"}, {"action": "NORTH", "reward": 701, "info": {}, "observation": {"remainingOverageTime": 60, "index": 1}, "status": "DONE"}, {"action": "EAST", "reward": 4310, "info": {}, "observation": {"remainingOverageTime": 60, "index": 2}, "status": "ACTIVE"}, {"action": "NORTH", "reward": 4309, "info": {}, "observation": {"remainingOverageTime": 60, "index": 3}, "status": "ACTIVE"}], [{"action": "NORTH", "reward": 1402, "info": {}, "observation": {"remainingOverageTime": 60, "step": 43, "geese": [[], [], [24, 35, 34, 33, 43, 42, 41, 52, 63, 64], [40, 51, 62, 73, 7, 18, 29, 28, 27, 16]], "food": [9, 69], "index": 0}, "status": "DONE"}, {"action": "NORTH", "reward": 701, "info": {}, "observation": {"remainingOverageTime": 60, "index": 1}, "status": "DONE"}, {"action": "NORTH", "reward": 4410, "info": {}, "observation": {"remainingOverageTime": 60, "index": 2}, "status": "ACTIVE"}, {"action": "NORTH", "reward": 4410, "info": {}, "observation": {"remainingOverageTime": 60, "index": 3}, "status": "ACTIVE"}], [{"action": "NORTH", "reward": 1402, "info": {}, "observation": {"remainingOverageTime": 60, "step": 44, "geese": [[], [], [25, 24, 35, 34, 33, 43, 42, 41, 52, 63], [39, 40, 51, 62, 73, 7, 18, 29, 28, 27]], "food": [9, 69], "index": 0}, "status": "DONE"}, {"action": "NORTH", "reward": 701, "info": {}, "observation": {"remainingOverageTime": 60, "index": 1}, "status": "DONE"}, {"action": "EAST", "reward": 4510, "info": {}, "observation": {"remainingOverageTime": 60, "index": 2}, "status": "ACTIVE"}, {"action": "WEST", "reward": 4510, "info": {}, "observation": {"remainingOverageTime": 60, "index": 3}, "status": "ACTIVE"}], [{"action": "NORTH", "reward": 1402, "info": {}, "observation": {"remainingOverageTime": 60, "step": 45, "geese": [[], [], [14, 25, 24, 35, 34, 33, 43, 42, 41, 52], [38, 39, 40, 51, 62, 73, 7, 18, 29, 28]], "food": [9, 69], "index": 0}, "status": "DONE"}, {"action": "NORTH", "reward": 701, "info": {}, "observation": {"remainingOverageTime": 60, "index": 1}, "status": "DONE"}, {"action": "NORTH", "reward": 4610, "info": {}, "observation": {"remainingOverageTime": 60, "index": 2}, "status": "ACTIVE"}, {"action": "WEST", "reward": 4610, "info": {}, "observation": {"remainingOverageTime": 60, "index": 3}, "status": "ACTIVE"}], [{"action": "NORTH", "reward": 1402, "info": {}, "observation": {"remainingOverageTime": 60, "step": 46, "geese": [[], [], [3, 14, 25, 24, 35, 34, 33, 43, 42, 41], [37, 38, 39, 40, 51, 62, 73, 7, 18, 29]], "food": [9, 69], "index": 0}, "status": "DONE"}, {"action": "NORTH", "reward": 701, "info": {}, "observation": {"remainingOverageTime": 60, "index": 1}, "status": "DONE"}, {"action": "NORTH", "reward": 4710, "info": {}, "observation": {"remainingOverageTime": 60, "index": 2}, "status": "ACTIVE"}, {"action": "WEST", "reward": 4710, "info": {}, "observation": {"remainingOverageTime": 60, "index": 3}, "status": "ACTIVE"}], [{"action": "NORTH", "reward": 1402, "info": {}, "observation": {"remainingOverageTime": 60, "step": 47, "geese": [[], [], [69, 3, 14, 25, 24, 35, 34, 33, 43, 42, 41], [26, 37, 38, 39, 40, 51, 62, 73, 7, 18]], "food": [9, 16], "index": 0}, "status": "DONE"}, {"action": "NORTH", "reward": 701, "info": {}, "observation": {"remainingOverageTime": 60, "index": 1}, "status": "DONE"}, {"action": "NORTH", "reward": 4811, "info": {}, "observation": {"remainingOverageTime": 60, "index": 2}, "status": "ACTIVE"}, {"action": "NORTH", "reward": 4810, "info": {}, "observation": {"remainingOverageTime": 60, "index": 3}, "status": "ACTIVE"}], [{"action": "NORTH", "reward": 1402, "info": {}, "observation": {"remainingOverageTime": 60, "step": 48, "geese": [[], [], [70, 69, 3, 14, 25, 24, 35, 34, 33, 43, 42], [27, 26, 37, 38, 39, 40, 51, 62, 73, 7]], "food": [9, 16], "index": 0}, "status": "DONE"}, {"action": "NORTH", "reward": 701, "info": {}, "observation": {"remainingOverageTime": 60, "index": 1}, "status": "DONE"}, {"action": "EAST", "reward": 4911, "info": {}, "observation": {"remainingOverageTime": 60, "index": 2}, "status": "ACTIVE"}, {"action": "EAST", "reward": 4910, "info": {}, "observation": {"remainingOverageTime": 60, "index": 3}, "status": "ACTIVE"}], [{"action": "NORTH", "reward": 1402, "info": {}, "observation": {"remainingOverageTime": 60, "step": 49, "geese": [[], [], [71, 70, 69, 3, 14, 25, 24, 35, 34, 33, 43], [16, 27, 26, 37, 38, 39, 40, 51, 62, 73, 7]], "food": [9, 68], "index": 0}, "status": "DONE"}, {"action": "NORTH", "reward": 701, "info": {}, "observation": {"remainingOverageTime": 60, "index": 1}, "status": "DONE"}, {"action": "EAST", "reward": 5011, "info": {}, "observation": {"remainingOverageTime": 60, "index": 2}, "status": "ACTIVE"}, {"action": "NORTH", "reward": 5011, "info": {}, "observation": {"remainingOverageTime": 60, "index": 3}, "status": "ACTIVE"}], [{"action": "NORTH", "reward": 1402, "info": {}, "observation": {"remainingOverageTime": 60, "step": 50, "geese": [[], [], [72, 71, 70, 69, 3, 14, 25, 24, 35, 34, 33], [17, 16, 27, 26, 37, 38, 39, 40, 51, 62, 73]], "food": [9, 68], "index": 0}, "status": "DONE"}, {"action": "NORTH", "reward": 701, "info": {}, "observation": {"remainingOverageTime": 60, "index": 1}, "status": "DONE"}, {"action": "EAST", "reward": 5111, "info": {}, "observation": {"remainingOverageTime": 60, "index": 2}, "status": "ACTIVE"}, {"action": "EAST", "reward": 5111, "info": {}, "observation": {"remainingOverageTime": 60, "index": 3}, "status": "ACTIVE"}], [{"action": "NORTH", "reward": 1402, "info": {}, "observation": {"remainingOverageTime": 60, "step": 51, "geese": [[], [], [73, 72, 71, 70, 69, 3, 14, 25, 24, 35, 34], [18, 17, 16, 27, 26, 37, 38, 39, 40, 51, 62]], "food": [9, 68], "index": 0}, "status": "DONE"}, {"action": "NORTH", "reward": 701, "info": {}, "observation": {"remainingOverageTime": 60, "index": 1}, "status": "DONE"}, {"action": "EAST", "reward": 5211, "info": {}, "observation": {"remainingOverageTime": 60, "index": 2}, "status": "ACTIVE"}, {"action": "EAST", "reward": 5211, "info": {}, "observation": {"remainingOverageTime": 60, "index": 3}, "status": "ACTIVE"}], [{"action": "NORTH", "reward": 1402, "info": {}, "observation": {"remainingOverageTime": 60, "step": 52, "geese": [[], [], [74, 73, 72, 71, 70, 69, 3, 14, 25, 24, 35], [19, 18, 17, 16, 27, 26, 37, 38, 39, 40, 51]], "food": [9, 68], "index": 0}, "status": "DONE"}, {"action": "NORTH", "reward": 701, "info": {}, "observation": {"remainingOverageTime": 60, "index": 1}, "status": "DONE"}, {"action": "EAST", "reward": 5311, "info": {}, "observation": {"remainingOverageTime": 60, "index": 2}, "status": "ACTIVE"}, {"action": "EAST", "reward": 5311, "info": {}, "observation": {"remainingOverageTime": 60, "index": 3}, "status": "ACTIVE"}], [{"action": "NORTH", "reward": 1402, "info": {}, "observation": {"remainingOverageTime": 60, "step": 53, "geese": [[], [], [75, 74, 73, 72, 71, 70, 69, 3, 14, 25, 24], [20, 19, 18, 17, 16, 27, 26, 37, 38, 39, 40]], "food": [9, 68], "index": 0}, "status": "DONE"}, {"action": "NORTH", "reward": 701, "info": {}, "observation": {"remainingOverageTime": 60, "index": 1}, "status": "DONE"}, {"action": "EAST", "reward": 5411, "info": {}, "observation": {"remainingOverageTime": 60, "index": 2}, "status": "ACTIVE"}, {"action": "EAST", "reward": 5411, "info": {}, "observation": {"remainingOverageTime": 60, "index": 3}, "status": "ACTIVE"}], [{"action": "NORTH", "reward": 1402, "info": {}, "observation": {"remainingOverageTime": 60, "step": 54, "geese": [[], [], [76, 75, 74, 73, 72, 71, 70, 69, 3, 14, 25], [21, 20, 19, 18, 17, 16, 27, 26, 37, 38, 39]], "food": [9, 68], "index": 0}, "status": "DONE"}, {"action": "NORTH", "reward": 701, "info": {}, "observation": {"remainingOverageTime": 60, "index": 1}, "status": "DONE"}, {"action": "EAST", "reward": 5511, "info": {}, "observation": {"remainingOverageTime": 60, "index": 2}, "status": "ACTIVE"}, {"action": "EAST", "reward": 5511, "info": {}, "observation": {"remainingOverageTime": 60, "index": 3}, "status": "ACTIVE"}], [{"action": "NORTH", "reward": 1402, "info": {}, "observation": {"remainingOverageTime": 60, "step": 55, "geese": [[], [], [66, 76, 75, 74, 73, 72, 71, 70, 69, 3, 14], [11, 21, 20, 19, 18, 17, 16, 27, 26, 37, 38]], "food": [9, 68], "index": 0}, "status": "DONE"}, {"action": "NORTH", "reward": 701, "info": {}, "observation": {"remainingOverageTime": 60, "index": 1}, "status": "DONE"}, {"action": "EAST", "reward": 5611, "info": {}, "observation": {"remainingOverageTime": 60, "index": 2}, "status": "ACTIVE"}, {"action": "EAST", "reward": 5611, "info": {}, "observation": {"remainingOverageTime": 60, "index": 3}, "status": "ACTIVE"}], [{"action": "NORTH", "reward": 1402, "info": {}, "observation": {"remainingOverageTime": 60, "step": 56, "geese": [[], [], [67, 66, 76, 75, 74, 73, 72, 71, 70, 69, 3], [12, 11, 21, 20, 19, 18, 17, 16, 27, 26, 37]], "food": [9, 68], "index": 0}, "status": "DONE"}, {"action": "NORTH", "reward": 701, "info": {}, "observation": {"remainingOverageTime": 60, "index": 1}, "status": "DONE"}, {"action": "EAST", "reward": 5711, "info": {}, "observation": {"remainingOverageTime": 60, "index": 2}, "status": "ACTIVE"}, {"action": "EAST", "reward": 5711, "info": {}, "observation": {"remainingOverageTime": 60, "index": 3}, "status": "ACTIVE"}], [{"action": "NORTH", "reward": 1402, "info": {}, "observation": {"remainingOverageTime": 60, "step": 57, "geese": [[], [], [68, 67, 66, 76, 75, 74, 73, 72, 71, 70, 69, 3], [13, 12, 11, 21, 20, 19, 18, 17, 16, 27, 26]], "food": [9, 30], "index": 0}, "status": "DONE"}, {"action": "NORTH", "reward": 701, "info": {}, "observation": {"remainingOverageTime": 60, "index": 1}, "status": "DONE"}, {"action": "EAST", "reward": 5812, "info": {}, "observation": {"remainingOverageTime": 60, "index": 2}, "status": "ACTIVE"}, {"action": "EAST", "reward": 5811, "info": {}, "observation": {"remainingOverageTime": 60, "index": 3}, "status": "ACTIVE"}], [{"action": "NORTH", "reward": 1402, "info": {}, "observation": {"remainingOverageTime": 60, "step": 58, "geese": [[], [], [57, 68, 67, 66, 76, 75, 74, 73, 72, 71, 70, 69], [24, 13, 12, 11, 21, 20, 19, 18, 17, 16, 27]], "food": [9, 30], "index": 0}, "status": "DONE"}, {"action": "NORTH", "reward": 701, "info": {}, "observation": {"remainingOverageTime": 60, "index": 1}, "status": "DONE"}, {"action": "NORTH", "reward": 5912, "info": {}, "observation": {"remainingOverageTime": 60, "index": 2}, "status": "ACTIVE"}, {"action": "SOUTH", "reward": 5911, "info": {}, "observation": {"remainingOverageTime": 60, "index": 3}, "status": "ACTIVE"}], [{"action": "NORTH", "reward": 1402, "info": {}, "observation": {"remainingOverageTime": 60, "step": 59, "geese": [[], [], [58, 57, 68, 67, 66, 76, 75, 74, 73, 72, 71, 70], [23, 24, 13, 12, 11, 21, 20, 19, 18, 17, 16]], "food": [9, 30], "index": 0}, "status": "DONE"}, {"action": "NORTH", "reward": 701, "info": {}, "observation": {"remainingOverageTime": 60, "index": 1}, "status": "DONE"}, {"action": "EAST", "reward": 6012, "info": {}, "observation": {"remainingOverageTime": 60, "index": 2}, "status": "ACTIVE"}, {"action": "WEST", "reward": 6011, "info": {}, "observation": {"remainingOverageTime": 60, "index": 3}, "status": "ACTIVE"}], [{"action": "NORTH", "reward": 1402, "info": {}, "observation": {"remainingOverageTime": 60, "step": 60, "geese": [[], [], [69, 58, 57, 68, 67, 66, 76, 75, 74, 73, 72, 71], [22, 23, 24, 13, 12, 11, 21, 20, 19, 18, 17]], "food": [9, 30], "index": 0}, "status": "DONE"}, {"action": "NORTH", "reward": 701, "info": {}, "observation": {"remainingOverageTime": 60, "index": 1}, "status": "DONE"}, {"action": "SOUTH", "reward": 6112, "info": {}, "observation": {"remainingOverageTime": 60, "index": 2}, "status": "ACTIVE"}, {"action": "WEST", "reward": 6111, "info": {}, "observation": {"remainingOverageTime": 60, "index": 3}, "status": "ACTIVE"}], [{"action": "NORTH", "reward": 1402, "info": {}, "observation": {"remainingOverageTime": 60, "step": 61, "geese": [[], [], [3, 69, 58, 57, 68, 67, 66, 76, 75, 74, 73, 72], [32, 22, 23, 24, 13, 12, 11, 21, 20, 19, 18]], "food": [9, 30], "index": 0}, "status": "DONE"}, {"action": "NORTH", "reward": 701, "info": {}, "observation": {"remainingOverageTime": 60, "index": 1}, "status": "DONE"}, {"action": "SOUTH", "reward": 6212, "info": {}, "observation": {"remainingOverageTime": 60, "index": 2}, "status": "ACTIVE"}, {"action": "WEST", "reward": 6211, "info": {}, "observation": {"remainingOverageTime": 60, "index": 3}, "status": "ACTIVE"}], [{"action": "NORTH", "reward": 1402, "info": {}, "observation": {"remainingOverageTime": 60, "step": 62, "geese": [[], [], [2, 3, 69, 58, 57, 68, 67, 66, 76, 75, 74, 73], [31, 32, 22, 23, 24, 13, 12, 11, 21, 20, 19]], "food": [9, 30], "index": 0}, "status": "DONE"}, {"action": "NORTH", "reward": 701, "info": {}, "observation": {"remainingOverageTime": 60, "index": 1}, "status": "DONE"}, {"action": "WEST", "reward": 6312, "info": {}, "observation": {"remainingOverageTime": 60, "index": 2}, "status": "ACTIVE"}, {"action": "WEST", "reward": 6311, "info": {}, "observation": {"remainingOverageTime": 60, "index": 3}, "status": "ACTIVE"}], [{"action": "NORTH", "reward": 1402, "info": {}, "observation": {"remainingOverageTime": 60, "step": 63, "geese": [[], [], [1, 2, 3, 69, 58, 57, 68, 67, 66, 76, 75, 74], [30, 31, 32, 22, 23, 24, 13, 12, 11, 21, 20, 19]], "food": [9, 40], "index": 0}, "status": "DONE"}, {"action": "NORTH", "reward": 701, "info": {}, "observation": {"remainingOverageTime": 60, "index": 1}, "status": "DONE"}, {"action": "WEST", "reward": 6412, "info": {}, "observation": {"remainingOverageTime": 60, "index": 2}, "status": "ACTIVE"}, {"action": "WEST", "reward": 6412, "info": {}, "observation": {"remainingOverageTime": 60, "index": 3}, "status": "ACTIVE"}], [{"action": "NORTH", "reward": 1402, "info": {}, "observation": {"remainingOverageTime": 60, "step": 64, "geese": [[], [], [0, 1, 2, 3, 69, 58, 57, 68, 67, 66, 76, 75], [29, 30, 31, 32, 22, 23, 24, 13, 12, 11, 21, 20]], "food": [9, 40], "index": 0}, "status": "DONE"}, {"action": "NORTH", "reward": 701, "info": {}, "observation": {"remainingOverageTime": 60, "index": 1}, "status": "DONE"}, {"action": "WEST", "reward": 6512, "info": {}, "observation": {"remainingOverageTime": 60, "index": 2}, "status": "ACTIVE"}, {"action": "WEST", "reward": 6512, "info": {}, "observation": {"remainingOverageTime": 60, "index": 3}, "status": "ACTIVE"}], [{"action": "NORTH", "reward": 1402, "info": {}, "observation": {"remainingOverageTime": 60, "step": 65, "geese": [[], [], [10, 0, 1, 2, 3, 69, 58, 57, 68, 67, 66, 76], [40, 29, 30, 31, 32, 22, 23, 24, 13, 12, 11, 21, 20]], "food": [9, 44], "index": 0}, "status": "DONE"}, {"action": "NORTH", "reward": 701, "info": {}, "observation": {"remainingOverageTime": 60, "index": 1}, "status": "DONE"}, {"action": "WEST", "reward": 6612, "info": {}, "observation": {"remainingOverageTime": 60, "index": 2}, "status": "ACTIVE"}, {"action": "SOUTH", "reward": 6613, "info": {}, "observation": {"remainingOverageTime": 60, "index": 3}, "status": "ACTIVE"}], [{"action": "NORTH", "reward": 1402, "info": {}, "observation": {"remainingOverageTime": 60, "step": 66, "geese": [[], [], [9, 10, 0, 1, 2, 3, 69, 58, 57, 68, 67, 66, 76], [41, 40, 29, 30, 31, 32, 22, 23, 24, 13, 12, 11, 21]], "food": [44, 73], "index": 0}, "status": "DONE"}, {"action": "NORTH", "reward": 701, "info": {}, "observation": {"remainingOverageTime": 60, "index": 1}, "status": "DONE"}, {"action": "WEST", "reward": 6713, "info": {}, "observation": {"remainingOverageTime": 60, "index": 2}, "status": "ACTIVE"}, {"action": "EAST", "reward": 6713, "info": {}, "observation": {"remainingOverageTime": 60, "index": 3}, "status": "ACTIVE"}], [{"action": "NORTH", "reward": 1402, "info": {}, "observation": {"remainingOverageTime": 60, "step": 67, "geese": [[], [], [75, 9, 10, 0, 1, 2, 3, 69, 58, 57, 68, 67, 66], [42, 41, 40, 29, 30, 31, 32, 22, 23, 24, 13, 12, 11]], "food": [44, 73], "index": 0}, "status": "DONE"}, {"action": "NORTH", "reward": 701, "info": {}, "observation": {"remainingOverageTime": 60, "index": 1}, "status": "DONE"}, {"action": "NORTH", "reward": 6813, "info": {}, "observation": {"remainingOverageTime": 60, "index": 2}, "status": "ACTIVE"}, {"action": "EAST", "reward": 6813, "info": {}, "observation": {"remainingOverageTime": 60, "index": 3}, "status": "ACTIVE"}], [{"action": "NORTH", "reward": 1402, "info": {}, "observation": {"remainingOverageTime": 60, "step": 68, "geese": [[], [], [74, 75, 9, 10, 0, 1, 2, 3, 69, 58, 57, 68, 67], [43, 42, 41, 40, 29, 30, 31, 32, 22, 23, 24, 13, 12]], "food": [44, 73], "index": 0}, "status": "DONE"}, {"action": "NORTH", "reward": 701, "info": {}, "observation": {"remainingOverageTime": 60, "index": 1}, "status": "DONE"}, {"action": "WEST", "reward": 6913, "info": {}, "observation": {"remainingOverageTime": 60, "index": 2}, "status": "ACTIVE"}, {"action": "EAST", "reward": 6913, "info": {}, "observation": {"remainingOverageTime": 60, "index": 3}, "status": "ACTIVE"}], [{"action": "NORTH", "reward": 1402, "info": {}, "observation": {"remainingOverageTime": 60, "step": 69, "geese": [[], [], [73, 74, 75, 9, 10, 0, 1, 2, 3, 69, 58, 57, 68, 67], [33, 43, 42, 41, 40, 29, 30, 31, 32, 22, 23, 24, 13]], "food": [44, 45], "index": 0}, "status": "DONE"}, {"action": "NORTH", "reward": 701, "info": {}, "observation": {"remainingOverageTime": 60, "index": 1}, "status": "DONE"}, {"action": "WEST", "reward": 7014, "info": {}, "observation": {"remainingOverageTime": 60, "index": 2}, "status": "ACTIVE"}, {"action": "EAST", "reward": 7013, "info": {}, "observation": {"remainingOverageTime": 60, "index": 3}, "status": "ACTIVE"}], [{"action": "NORTH", "reward": 1402, "info": {}, "observation": {"remainingOverageTime": 60, "step": 70, "geese": [[], [], [62, 73, 74, 75, 9, 10, 0, 1, 2, 3, 69, 58, 57, 68], [44, 33, 43, 42, 41, 40, 29, 30, 31, 32, 22, 23, 24, 13]], "food": [45, 28], "index": 0}, "status": "DONE"}, {"action": "NORTH", "reward": 701, "info": {}, "observation": {"remainingOverageTime": 60, "index": 1}, "status": "DONE"}, {"action": "NORTH", "reward": 7114, "info": {}, "observation": {"remainingOverageTime": 60, "index": 2}, "status": "ACTIVE"}, {"action": "SOUTH", "reward": 7114, "info": {}, "observation": {"remainingOverageTime": 60, "index": 3}, "status": "ACTIVE"}], [{"action": "NORTH", "reward": 1402, "info": {}, "observation": {"remainingOverageTime": 60, "step": 71, "geese": [[], [], [51, 62, 73, 74, 75, 9, 10, 0, 1, 2, 3, 69, 58, 57], [45, 44, 33, 43, 42, 41, 40, 29, 30, 31, 32, 22, 23, 24, 13]], "food": [28, 60], "index": 0}, "status": "DONE"}, {"action": "NORTH", "reward": 701, "info": {}, "observation": {"remainingOverageTime": 60, "index": 1}, "status": "DONE"}, {"action": "NORTH", "reward": 7214, "info": {}, "observation": {"remainingOverageTime": 60, "index": 2}, "status": "ACTIVE"}, {"action": "EAST", "reward": 7215, "info": {}, "observation": {"remainingOverageTime": 60, "index": 3}, "status": "ACTIVE"}], [{"action": "NORTH", "reward": 1402, "info": {}, "observation": {"remainingOverageTime": 60, "step": 72, "geese": [[], [], [50, 51, 62, 73, 74, 75, 9, 10, 0, 1, 2, 3, 69, 58], [46, 45, 44, 33, 43, 42, 41, 40, 29, 30, 31, 32, 22, 23, 24]], "food": [28, 60], "index": 0}, "status": "DONE"}, {"action": "NORTH", "reward": 701, "info": {}, "observation": {"remainingOverageTime": 60, "index": 1}, "status": "DONE"}, {"action": "WEST", "reward": 7314, "info": {}, "observation": {"remainingOverageTime": 60, "index": 2}, "status": "ACTIVE"}, {"action": "EAST", "reward": 7315, "info": {}, "observation": {"remainingOverageTime": 60, "index": 3}, "status": "ACTIVE"}], [{"action": "NORTH", "reward": 1402, "info": {}, "observation": {"remainingOverageTime": 60, "step": 73, "geese": [[], [], [39, 50, 51, 62, 73, 74, 75, 9, 10, 0, 1, 2, 3, 69], [47, 46, 45, 44, 33, 43, 42, 41, 40, 29, 30, 31, 32, 22, 23]], "food": [28, 60], "index": 0}, "status": "DONE"}, {"action": "NORTH", "reward": 701, "info": {}, "observation": {"remainingOverageTime": 60, "index": 1}, "status": "DONE"}, {"action": "NORTH", "reward": 7414, "info": {}, "observation": {"remainingOverageTime": 60, "index": 2}, "status": "ACTIVE"}, {"action": "EAST", "reward": 7415, "info": {}, "observation": {"remainingOverageTime": 60, "index": 3}, "status": "ACTIVE"}], [{"action": "NORTH", "reward": 1402, "info": {}, "observation": {"remainingOverageTime": 60, "step": 74, "geese": [[], [], [28, 39, 50, 51, 62, 73, 74, 75, 9, 10, 0, 1, 2, 3, 69], [48, 47, 46, 45, 44, 33, 43, 42, 41, 40, 29, 30, 31, 32, 22]], "food": [60, 24], "index": 0}, "status": "DONE"}, {"action": "NORTH", "reward": 701, "info": {}, "observation": {"remainingOverageTime": 60, "index": 1}, "status": "DONE"}, {"action": "NORTH", "reward": 7515, "info": {}, "observation": {"remainingOverageTime": 60, "index": 2}, "status": "ACTIVE"}, {"action": "EAST", "reward": 7515, "info": {}, "observation": {"remainingOverageTime": 60, "index": 3}, "status": "ACTIVE"}], [{"action": "NORTH", "reward": 1402, "info": {}, "observation": {"remainingOverageTime": 60, "step": 75, "geese": [[], [], [27, 28, 39, 50, 51, 62, 73, 74, 75, 9, 10, 0, 1, 2, 3], [49, 48, 47, 46, 45, 44, 33, 43, 42, 41, 40, 29, 30, 31, 32]], "food": [60, 24], "index": 0}, "status": "DONE"}, {"action": "NORTH", "reward": 701, "info": {}, "observation": {"remainingOverageTime": 60, "index": 1}, "status": "DONE"}, {"action": "WEST", "reward": 7615, "info": {}, "observation": {"remainingOverageTime": 60, "index": 2}, "status": "ACTIVE"}, {"action": "EAST", "reward": 7615, "info": {}, "observation": {"remainingOverageTime": 60, "index": 3}, "status": "ACTIVE"}], [{"action": "NORTH", "reward": 1402, "info": {}, "observation": {"remainingOverageTime": 60, "step": 76, "geese": [[], [], [26, 27, 28, 39, 50, 51, 62, 73, 74, 75, 9, 10, 0, 1, 2], [60, 49, 48, 47, 46, 45, 44, 33, 43, 42, 41, 40, 29, 30, 31, 32]], "food": [24, 34], "index": 0}, "status": "DONE"}, {"action": "NORTH", "reward": 701, "info": {}, "observation": {"remainingOverageTime": 60, "index": 1}, "status": "DONE"}, {"action": "WEST", "reward": 7715, "info": {}, "observation": {"remainingOverageTime": 60, "index": 2}, "status": "ACTIVE"}, {"action": "SOUTH", "reward": 7716, "info": {}, "observation": {"remainingOverageTime": 60, "index": 3}, "status": "ACTIVE"}], [{"action": "NORTH", "reward": 1402, "info": {}, "observation": {"remainingOverageTime": 60, "step": 77, "geese": [[], [], [25, 26, 27, 28, 39, 50, 51, 62, 73, 74, 75, 9, 10, 0, 1], [59, 60, 49, 48, 47, 46, 45, 44, 33, 43, 42, 41, 40, 29, 30, 31]], "food": [24, 34], "index": 0}, "status": "DONE"}, {"action": "NORTH", "reward": 701, "info": {}, "observation": {"remainingOverageTime": 60, "index": 1}, "status": "DONE"}, {"action": "WEST", "reward": 7815, "info": {}, "observation": {"remainingOverageTime": 60, "index": 2}, "status": "ACTIVE"}, {"action": "WEST", "reward": 7816, "info": {}, "observation": {"remainingOverageTime": 60, "index": 3}, "status": "ACTIVE"}], [{"action": "NORTH", "reward": 1402, "info": {}, "observation": {"remainingOverageTime": 60, "step": 78, "geese": [[], [], [24, 25, 26, 27, 28, 39, 50, 51, 62, 73, 74, 75, 9, 10, 0, 1], [58, 59, 60, 49, 48, 47, 46, 45, 44, 33, 43, 42, 41, 40, 29, 30]], "food": [34, 32], "index": 0}, "status": "DONE"}, {"action": "NORTH", "reward": 701, "info": {}, "observation": {"remainingOverageTime": 60, "index": 1}, "status": "DONE"}, {"action": "WEST", "reward": 7916, "info": {}, "observation": {"remainingOverageTime": 60, "index": 2}, "status": "ACTIVE"}, {"action": "WEST", "reward": 7916, "info": {}, "observation": {"remainingOverageTime": 60, "index": 3}, "status": "ACTIVE"}], [{"action": "NORTH", "reward": 1402, "info": {}, "observation": {"remainingOverageTime": 60, "step": 79, "geese": [[], [], [23, 24, 25, 26, 27, 28, 39, 50, 51, 62, 73, 74, 75, 9, 10, 0], [57, 58, 59, 60, 49, 48, 47, 46, 45, 44, 33, 43, 42, 41, 40, 29]], "food": [34, 32], "index": 0}, "status": "DONE"}, {"action": "NORTH", "reward": 701, "info": {}, "observation": {"remainingOverageTime": 60, "index": 1}, "status": "DONE"}, {"action": "WEST", "reward": 8016, "info": {}, "observation": {"remainingOverageTime": 60, "index": 2}, "status": "ACTIVE"}, {"action": "WEST", "reward": 8016, "info": {}, "observation": {"remainingOverageTime": 60, "index": 3}, "status": "ACTIVE"}], [{"action": "NORTH", "reward": 1402, "info": {}, "observation": {"remainingOverageTime": 60, "step": 80, "geese": [[], [], [34, 23, 24, 25, 26, 27, 28, 39, 50, 51, 62, 73, 74, 75, 9, 10], [56, 57, 58, 59, 60, 49, 48, 47, 46, 45, 44, 33, 43, 42, 41]], "food": [32, 72], "index": 0}, "status": "DONE"}, {"action": "NORTH", "reward": 701, "info": {}, "observation": {"remainingOverageTime": 60, "index": 1}, "status": "DONE"}, {"action": "SOUTH", "reward": 8116, "info": {}, "observation": {"remainingOverageTime": 60, "index": 2}, "status": "ACTIVE"}, {"action": "WEST", "reward": 8115, "info": {}, "observation": {"remainingOverageTime": 60, "index": 3}, "status": "ACTIVE"}], [{"action": "NORTH", "reward": 1402, "info": {}, "observation": {"remainingOverageTime": 60, "step": 81, "geese": [[], [], [35, 34, 23, 24, 25, 26, 27, 28, 39, 50, 51, 62, 73, 74, 75, 9], [55, 56, 57, 58, 59, 60, 49, 48, 47, 46, 45, 44, 33, 43, 42]], "food": [32, 72], "index": 0}, "status": "DONE"}, {"action": "NORTH", "reward": 701, "info": {}, "observation": {"remainingOverageTime": 60, "index": 1}, "status": "DONE"}, {"action": "EAST", "reward": 8216, "info": {}, "observation": {"remainingOverageTime": 60, "index": 2}, "status": "ACTIVE"}, {"action": "WEST", "reward": 8215, "info": {}, "observation": {"remainingOverageTime": 60, "index": 3}, "status": "ACTIVE"}], [{"action": "NORTH", "reward": 1402, "info": {}, "observation": {"remainingOverageTime": 60, "step": 82, "geese": [[], [], [], [65, 55, 56, 57, 58, 59, 60, 49, 48, 47, 46, 45, 44, 33, 43]], "food": [32, 72], "index": 0}, "status": "DONE"}, {"action": "NORTH", "reward": 701, "info": {}, "observation": {"remainingOverageTime": 60, "index": 1}, "status": "DONE"}, {"action": "WEST", "reward": 8216, "info": {}, "observation": {"remainingOverageTime": 60, "index": 2}, "status": "DONE"}, {"action": "WEST", "reward": 8315, "info": {}, "observation": {"remainingOverageTime": 60, "index": 3}, "status": "DONE"}]], "rewards": [1402, 701, 8216, 8315], "statuses": ["DONE", "DONE", "DONE", "DONE"], "schema_version": 1, "info": {}}