{"id": "a676eb6a-db0c-11ee-b332-0242ac1c000c", "name": "hungry_geese", "title": "Hungry Geese", "description": "Similar to the classic snake game with multiple players", "version": "1.0.0", "configuration": {"episodeSteps": 200, "actTimeout": 1, "runTimeout": 1200, "columns": 11, "rows": 7, "hunger_rate": 40, "min_food": 2, "max_length": 99}, "specification": {"action": {"description": "Direction to move the head of your players goose.", "type": "string", "enum": ["NORTH", "EAST", "SOUTH", "WEST"], "default": "NORTH"}, "agents": [1, 2, 3, 4, 5, 6, 7, 8], "configuration": {"episodeSteps": {"description": "Maximum number of steps in the episode.", "type": "integer", "minimum": 1, "default": 200}, "actTimeout": {"description": "Maximum runtime (seconds) to obtain an action from an agent.", "type": "number", "minimum": 0, "default": 1}, "runTimeout": {"description": "Maximum runtime (seconds) of an episode (not necessarily DONE).", "type": "number", "minimum": 0, "default": 1200}, "columns": {"description": "Horizontal number of cells on the board.", "type": "integer", "default": 11, "minimum": 3}, "rows": {"description": "Vertical number of cells on the board.", "type": "integer", "default": 7, "minimum": 3}, "hunger_rate": {"description": "The number of steps before the goose shrinks a cell.", "type": "integer", "minimum": 1, "default": 40}, "min_food": {"description": "The minimum amount of food present for all steps.", "type": "integer", "default": 2, "minimum": 1}, "max_length": {"description": "The max length any goose can be. Total reward = (max length + 1) * steps survived + goose length.", "type": "integer", "default": 99}}, "info": {}, "observation": {"remainingOverageTime": {"description": "Total remaining banked time (seconds) that can be used in excess of per-step actTimeouts -- agent is disqualified with TIMEOUT status when this drops below 0.", "shared": false, "type": "number", "minimum": 0, "default": 60}, "step": {"description": "Current step within the episode.", "type": "integer", "shared": true, "minimum": 0, "default": 0}, "geese": {"description": "List of geese in order by the agent index.", "type": "array", "default": [], "shared": true}, "food": {"description": "Positions on the board where food is present.", "type": "array", "default": [], "shared": true}, "index": {"description": "Index of the current agent's goose in the list of geese.", "type": "integer", "minimum": 0, "defaults": [0, 1, 2, 3, 4, 5, 6, 7]}}, "reward": {"description": "steps survived * (max goose length + 1) + current goose length.", "type": ["number", "null"], "default": 0, "minimum": 0}}, "steps": [[{"action": "NORTH", "reward": 0, "info": {}, "observation": {"remainingOverageTime": 60, "step": 0, "geese": [[26], [31], [9], [71]], "food": [36, 73], "index": 0}, "status": "ACTIVE"}, {"action": "NORTH", "reward": 0, "info": {}, "observation": {"remainingOverageTime": 60, "index": 1}, "status": "ACTIVE"}, {"action": "NORTH", "reward": 0, "info": {}, "observation": {"remainingOverageTime": 60, "index": 2}, "status": "ACTIVE"}, {"action": "NORTH", "reward": 0, "info": {}, "observation": {"remainingOverageTime": 60, "index": 3}, "status": "ACTIVE"}], [{"action": "WEST", "reward": 201, "info": {}, "observation": {"remainingOverageTime": 60, "step": 1, "geese": [[25], [30], [75], [72]], "food": [36, 73], "index": 0}, "status": "ACTIVE"}, {"action": "WEST", "reward": 201, "info": {}, "observation": {"remainingOverageTime": 60, "index": 1}, "status": "ACTIVE"}, {"action": "NORTH", "reward": 201, "info": {}, "observation": {"remainingOverageTime": 60, "index": 2}, "status": "ACTIVE"}, {"action": "EAST", "reward": 201, "info": {}, "observation": {"remainingOverageTime": 60, "index": 3}, "status": "ACTIVE"}], [{"action": "SOUTH", "reward": 302, "info": {}, "observation": {"remainingOverageTime": 60, "step": 2, "geese": [[36, 25], [41], [74], [73, 72]], "food": [68, 10], "index": 0}, "status": "ACTIVE"}, {"action": "SOUTH", "reward": 301, "info": {}, "observation": {"remainingOverageTime": 60, "index": 1}, "status": "ACTIVE"}, {"action": "WEST", "reward": 301, "info": {}, "observation": {"remainingOverageTime": 60, "index": 2}, "status": "ACTIVE"}, {"action": "EAST", "reward": 302, "info": {}, "observation": {"remainingOverageTime": 60, "index": 3}, "status": "ACTIVE"}], [{"action": "WEST", "reward": 402, "info": {}, "observation": {"remainingOverageTime": 60, "step": 3, "geese": [[35, 36], [42], [], []], "food": [68, 10], "index": 0}, "status": "ACTIVE"}, {"action": "EAST", "reward": 401, "info": {}, "observation": {"remainingOverageTime": 60, "index": 1}, "status": "ACTIVE"}, {"action": "EAST", "reward": 301, "info": {}, "observation": {"remainingOverageTime": 60, "index": 2}, "status": "DONE"}, {"action": "WEST", "reward": 302, "info": {}, "observation": {"remainingOverageTime": 60, "index": 3}, "status": "DONE"}], [{"action": "SOUTH", "reward": 502, "info": {}, "observation": {"remainingOverageTime": 60, "step": 4, "geese": [[46, 35], [43], [], []], "food": [68, 10], "index": 0}, "status": "ACTIVE"}, {"action": "EAST", "reward": 501, "info": {}, "observation": {"remainingOverageTime": 60, "index": 1}, "status": "ACTIVE"}, {"action": "NORTH", "reward": 301, "info": {}, "observation": {"remainingOverageTime": 60, "index": 2}, "status": "DONE"}, {"action": "NORTH", "reward": 302, "info": {}, "observation": {"remainingOverageTime": 60, "index": 3}, "status": "DONE"}], [{"action": "SOUTH", "reward": 602, "info": {}, "observation": {"remainingOverageTime": 60, "step": 5, "geese": [[57, 46], [32], [], []], "food": [68, 10], "index": 0}, "status": "ACTIVE"}, {"action": "NORTH", "reward": 601, "info": {}, "observation": {"remainingOverageTime": 60, "index": 1}, "status": "ACTIVE"}, {"action": "NORTH", "reward": 301, "info": {}, "observation": {"remainingOverageTime": 60, "index": 2}, "status": "DONE"}, {"action": "NORTH", "reward": 302, "info": {}, "observation": {"remainingOverageTime": 60, "index": 3}, "status": "DONE"}], [{"action": "SOUTH", "reward": 703, "info": {}, "observation": {"remainingOverageTime": 60, "step": 6, "geese": [[68, 57, 46], [21], [], []], "food": [10, 29], "index": 0}, "status": "ACTIVE"}, {"action": "NORTH", "reward": 701, "info": {}, "observation": {"remainingOverageTime": 60, "index": 1}, "status": "ACTIVE"}, {"action": "NORTH", "reward": 301, "info": {}, "observation": {"remainingOverageTime": 60, "index": 2}, "status": "DONE"}, {"action": "NORTH", "reward": 302, "info": {}, "observation": {"remainingOverageTime": 60, "index": 3}, "status": "DONE"}], [{"action": "EAST", "reward": 803, "info": {}, "observation": {"remainingOverageTime": 60, "step": 7, "geese": [[69, 68, 57], [10, 21], [], []], "food": [29, 39], "index": 0}, "status": "ACTIVE"}, {"action": "NORTH", "reward": 802, "info": {}, "observation": {"remainingOverageTime": 60, "index": 1}, "status": "ACTIVE"}, {"action": "NORTH", "reward": 301, "info": {}, "observation": {"remainingOverageTime": 60, "index": 2}, "status": "DONE"}, {"action": "NORTH", "reward": 302, "info": {}, "observation": {"remainingOverageTime": 60, "index": 3}, "status": "DONE"}], [{"action": "EAST", "reward": 903, "info": {}, "observation": {"remainingOverageTime": 60, "step": 8, "geese": [[70, 69, 68], [9, 10], [], []], "food": [29, 39], "index": 0}, "status": "ACTIVE"}, {"action": "WEST", "reward": 902, "info": {}, "observation": {"remainingOverageTime": 60, "index": 1}, "status": "ACTIVE"}, {"action": "NORTH", "reward": 301, "info": {}, "observation": {"remainingOverageTime": 60, "index": 2}, "status": "DONE"}, {"action": "NORTH", "reward": 302, "info": {}, "observation": {"remainingOverageTime": 60, "index": 3}, "status": "DONE"}], [{"action": "EAST", "reward": 1003, "info": {}, "observation": {"remainingOverageTime": 60, "step": 9, "geese": [[71, 70, 69], [8, 9], [], []], "food": [29, 39], "index": 0}, "status": "ACTIVE"}, {"action": "WEST", "reward": 1002, "info": {}, "observation": {"remainingOverageTime": 60, "index": 1}, "status": "ACTIVE"}, {"action": "NORTH", "reward": 301, "info": {}, "observation": {"remainingOverageTime": 60, "index": 2}, "status": "DONE"}, {"action": "NORTH", "reward": 302, "info": {}, "observation": {"remainingOverageTime": 60, "index": 3}, "status": "DONE"}], [{"action": "EAST", "reward": 1103, "info": {}, "observation": {"remainingOverageTime": 60, "step": 10, "geese": [[72, 71, 70], [7, 8], [], []], "food": [29, 39], "index": 0}, "status": "ACTIVE"}, {"action": "WEST", "reward": 1102, "info": {}, "observation": {"remainingOverageTime": 60, "index": 1}, "status": "ACTIVE"}, {"action": "NORTH", "reward": 301, "info": {}, "observation": {"remainingOverageTime": 60, "index": 2}, "status": "DONE"}, {"action": "NORTH", "reward": 302, "info": {}, "observation": {"remainingOverageTime": 60, "index": 3}, "status": "DONE"}], [{"action": "NORTH", "reward": 1203, "info": {}, "observation": {"remainingOverageTime": 60, "step": 11, "geese": [[61, 72, 71], [18, 7], [], []], "food": [29, 39], "index": 0}, "status": "ACTIVE"}, {"action": "SOUTH", "reward": 1202, "info": {}, "observation": {"remainingOverageTime": 60, "index": 1}, "status": "ACTIVE"}, {"action": "NORTH", "reward": 301, "info": {}, "observation": {"remainingOverageTime": 60, "index": 2}, "status": "DONE"}, {"action": "NORTH", "reward": 302, "info": {}, "observation": {"remainingOverageTime": 60, "index": 3}, "status": "DONE"}], [{"action": "NORTH", "reward": 1303, "info": {}, "observation": {"remainingOverageTime": 60, "step": 12, "geese": [[50, 61, 72], [29, 18, 7], [], []], "food": [39, 59], "index": 0}, "status": "ACTIVE"}, {"action": "SOUTH", "reward": 1303, "info": {}, "observation": {"remainingOverageTime": 60, "index": 1}, "status": "ACTIVE"}, {"action": "NORTH", "reward": 301, "info": {}, "observation": {"remainingOverageTime": 60, "index": 2}, "status": "DONE"}, {"action": "NORTH", "reward": 302, "info": {}, "observation": {"remainingOverageTime": 60, "index": 3}, "status": "DONE"}], [{"action": "NORTH", "reward": 1404, "info": {}, "observation": {"remainingOverageTime": 60, "step": 13, "geese": [[39, 50, 61, 72], [28, 29, 18], [], []], "food": [59, 68], "index": 0}, "status": "ACTIVE"}, {"action": "WEST", "reward": 1403, "info": {}, "observation": {"remainingOverageTime": 60, "index": 1}, "status": "ACTIVE"}, {"action": "NORTH", "reward": 301, "info": {}, "observation": {"remainingOverageTime": 60, "index": 2}, "status": "DONE"}, {"action": "NORTH", "reward": 302, "info": {}, "observation": {"remainingOverageTime": 60, "index": 3}, "status": "DONE"}], [{"action": "WEST", "reward": 1504, "info": {}, "observation": {"remainingOverageTime": 60, "step": 14, "geese": [[38, 39, 50, 61], [27, 28, 29], [], []], "food": [59, 68], "index": 0}, "status": "ACTIVE"}, {"action": "WEST", "reward": 1503, "info": {}, "observation": {"remainingOverageTime": 60, "index": 1}, "status": "ACTIVE"}, {"action": "NORTH", "reward": 301, "info": {}, "observation": {"remainingOverageTime": 60, "index": 2}, "status": "DONE"}, {"action": "NORTH", "reward": 302, "info": {}, "observation": {"remainingOverageTime": 60, "index": 3}, "status": "DONE"}], [{"action": "WEST", "reward": 1604, "info": {}, "observation": {"remainingOverageTime": 60, "step": 15, "geese": [[37, 38, 39, 50], [16, 27, 28], [], []], "food": [59, 68], "index": 0}, "status": "ACTIVE"}, {"action": "NORTH", "reward": 1603, "info": {}, "observation": {"remainingOverageTime": 60, "index": 1}, "status": "ACTIVE"}, {"action": "NORTH", "reward": 301, "info": {}, "observation": {"remainingOverageTime": 60, "index": 2}, "status": "DONE"}, {"action": "NORTH", "reward": 302, "info": {}, "observation": {"remainingOverageTime": 60, "index": 3}, "status": "DONE"}], [{"action": "SOUTH", "reward": 1704, "info": {}, "observation": {"remainingOverageTime": 60, "step": 16, "geese": [[48, 37, 38, 39], [5, 16, 27], [], []], "food": [59, 68], "index": 0}, "status": "ACTIVE"}, {"action": "NORTH", "reward": 1703, "info": {}, "observation": {"remainingOverageTime": 60, "index": 1}, "status": "ACTIVE"}, {"action": "NORTH", "reward": 301, "info": {}, "observation": {"remainingOverageTime": 60, "index": 2}, "status": "DONE"}, {"action": "NORTH", "reward": 302, "info": {}, "observation": {"remainingOverageTime": 60, "index": 3}, "status": "DONE"}], [{"action": "SOUTH", "reward": 1805, "info": {}, "observation": {"remainingOverageTime": 60, "step": 17, "geese": [[59, 48, 37, 38, 39], [71, 5, 16], [], []], "food": [68, 41], "index": 0}, "status": "ACTIVE"}, {"action": "NORTH", "reward": 1803, "info": {}, "observation": {"remainingOverageTime": 60, "index": 1}, "status": "ACTIVE"}, {"action": "NORTH", "reward": 301, "info": {}, "observation": {"remainingOverageTime": 60, "index": 2}, "status": "DONE"}, {"action": "NORTH", "reward": 302, "info": {}, "observation": {"remainingOverageTime": 60, "index": 3}, "status": "DONE"}], [{"action": "WEST", "reward": 1905, "info": {}, "observation": {"remainingOverageTime": 60, "step": 18, "geese": [[58, 59, 48, 37, 38], [72, 71, 5], [], []], "food": [68, 41], "index": 0}, "status": "ACTIVE"}, {"action": "EAST", "reward": 1903, "info": {}, "observation": {"remainingOverageTime": 60, "index": 1}, "status": "ACTIVE"}, {"action": "NORTH", "reward": 301, "info": {}, "observation": {"remainingOverageTime": 60, "index": 2}, "status": "DONE"}, {"action": "NORTH", "reward": 302, "info": {}, "observation": {"remainingOverageTime": 60, "index": 3}, "status": "DONE"}], [{"action": "WEST", "reward": 2005, "info": {}, "observation": {"remainingOverageTime": 60, "step": 19, "geese": [[57, 58, 59, 48, 37], [73, 72, 71], [], []], "food": [68, 41], "index": 0}, "status": "ACTIVE"}, {"action": "EAST", "reward": 2003, "info": {}, "observation": {"remainingOverageTime": 60, "index": 1}, "status": "ACTIVE"}, {"action": "NORTH", "reward": 301, "info": {}, "observation": {"remainingOverageTime": 60, "index": 2}, "status": "DONE"}, {"action": "NORTH", "reward": 302, "info": {}, "observation": {"remainingOverageTime": 60, "index": 3}, "status": "DONE"}], [{"action": "SOUTH", "reward": 2106, "info": {}, "observation": {"remainingOverageTime": 60, "step": 20, "geese": [[68, 57, 58, 59, 48, 37], [74, 73, 72], [], []], "food": [41, 19], "index": 0}, "status": "ACTIVE"}, {"action": "EAST", "reward": 2103, "info": {}, "observation": {"remainingOverageTime": 60, "index": 1}, "status": "ACTIVE"}, {"action": "NORTH", "reward": 301, "info": {}, "observation": {"remainingOverageTime": 60, "index": 2}, "status": "DONE"}, {"action": "NORTH", "reward": 302, "info": {}, "observation": {"remainingOverageTime": 60, "index": 3}, "status": "DONE"}], [{"action": "WEST", "reward": 2206, "info": {}, "observation": {"remainingOverageTime": 60, "step": 21, "geese": [[67, 68, 57, 58, 59, 48], [8, 74, 73], [], []], "food": [41, 19], "index": 0}, "status": "ACTIVE"}, {"action": "SOUTH", "reward": 2203, "info": {}, "observation": {"remainingOverageTime": 60, "index": 1}, "status": "ACTIVE"}, {"action": "NORTH", "reward": 301, "info": {}, "observation": {"remainingOverageTime": 60, "index": 2}, "status": "DONE"}, {"action": "NORTH", "reward": 302, "info": {}, "observation": {"remainingOverageTime": 60, "index": 3}, "status": "DONE"}], [{"action": "NORTH", "reward": 2306, "info": {}, "observation": {"remainingOverageTime": 60, "step": 22, "geese": [[56, 67, 68, 57, 58, 59], [19, 8, 74, 73], [], []], "food": [41, 60], "index": 0}, "status": "ACTIVE"}, {"action": "SOUTH", "reward": 2304, "info": {}, "observation": {"remainingOverageTime": 60, "index": 1}, "status": "ACTIVE"}, {"action": "NORTH", "reward": 301, "info": {}, "observation": {"remainingOverageTime": 60, "index": 2}, "status": "DONE"}, {"action": "NORTH", "reward": 302, "info": {}, "observation": {"remainingOverageTime": 60, "index": 3}, "status": "DONE"}], [{"action": "NORTH", "reward": 2406, "info": {}, "observation": {"remainingOverageTime": 60, "step": 23, "geese": [[45, 56, 67, 68, 57, 58], [30, 19, 8, 74], [], []], "food": [41, 60], "index": 0}, "status": "ACTIVE"}, {"action": "SOUTH", "reward": 2404, "info": {}, "observation": {"remainingOverageTime": 60, "index": 1}, "status": "ACTIVE"}, {"action": "NORTH", "reward": 301, "info": {}, "observation": {"remainingOverageTime": 60, "index": 2}, "status": "DONE"}, {"action": "NORTH", "reward": 302, "info": {}, "observation": {"remainingOverageTime": 60, "index": 3}, "status": "DONE"}], [{"action": "EAST", "reward": 2506, "info": {}, "observation": {"remainingOverageTime": 60, "step": 24, "geese": [[46, 45, 56, 67, 68, 57], [41, 30, 19, 8, 74], [], []], "food": [60, 13], "index": 0}, "status": "ACTIVE"}, {"action": "SOUTH", "reward": 2505, "info": {}, "observation": {"remainingOverageTime": 60, "index": 1}, "status": "ACTIVE"}, {"action": "NORTH", "reward": 301, "info": {}, "observation": {"remainingOverageTime": 60, "index": 2}, "status": "DONE"}, {"action": "NORTH", "reward": 302, "info": {}, "observation": {"remainingOverageTime": 60, "index": 3}, "status": "DONE"}], [{"action": "NORTH", "reward": 2606, "info": {}, "observation": {"remainingOverageTime": 60, "step": 25, "geese": [[35, 46, 45, 56, 67, 68], [40, 41, 30, 19, 8], [], []], "food": [60, 13], "index": 0}, "status": "ACTIVE"}, {"action": "WEST", "reward": 2605, "info": {}, "observation": {"remainingOverageTime": 60, "index": 1}, "status": "ACTIVE"}, {"action": "NORTH", "reward": 301, "info": {}, "observation": {"remainingOverageTime": 60, "index": 2}, "status": "DONE"}, {"action": "NORTH", "reward": 302, "info": {}, "observation": {"remainingOverageTime": 60, "index": 3}, "status": "DONE"}], [{"action": "NORTH", "reward": 2706, "info": {}, "observation": {"remainingOverageTime": 60, "step": 26, "geese": [[24, 35, 46, 45, 56, 67], [39, 40, 41, 30, 19], [], []], "food": [60, 13], "index": 0}, "status": "ACTIVE"}, {"action": "WEST", "reward": 2705, "info": {}, "observation": {"remainingOverageTime": 60, "index": 1}, "status": "ACTIVE"}, {"action": "NORTH", "reward": 301, "info": {}, "observation": {"remainingOverageTime": 60, "index": 2}, "status": "DONE"}, {"action": "NORTH", "reward": 302, "info": {}, "observation": {"remainingOverageTime": 60, "index": 3}, "status": "DONE"}], [{"action": "NORTH", "reward": 2807, "info": {}, "observation": {"remainingOverageTime": 60, "step": 27, "geese": [[13, 24, 35, 46, 45, 56, 67], [38, 39, 40, 41, 30], [], []], "food": [60, 65], "index": 0}, "status": "ACTIVE"}, {"action": "WEST", "reward": 2805, "info": {}, "observation": {"remainingOverageTime": 60, "index": 1}, "status": "ACTIVE"}, {"action": "NORTH", "reward": 301, "info": {}, "observation": {"remainingOverageTime": 60, "index": 2}, "status": "DONE"}, {"action": "NORTH", "reward": 302, "info": {}, "observation": {"remainingOverageTime": 60, "index": 3}, "status": "DONE"}], [{"action": "EAST", "reward": 2907, "info": {}, "observation": {"remainingOverageTime": 60, "step": 28, "geese": [[14, 13, 24, 35, 46, 45, 56], [49, 38, 39, 40, 41], [], []], "food": [60, 65], "index": 0}, "status": "ACTIVE"}, {"action": "SOUTH", "reward": 2905, "info": {}, "observation": {"remainingOverageTime": 60, "index": 1}, "status": "ACTIVE"}, {"action": "NORTH", "reward": 301, "info": {}, "observation": {"remainingOverageTime": 60, "index": 2}, "status": "DONE"}, {"action": "NORTH", "reward": 302, "info": {}, "observation": {"remainingOverageTime": 60, "index": 3}, "status": "DONE"}], [{"action": "NORTH", "reward": 3007, "info": {}, "observation": {"remainingOverageTime": 60, "step": 29, "geese": [[3, 14, 13, 24, 35, 46, 45], [60, 49, 38, 39, 40, 41], [], []], "food": [65, 1], "index": 0}, "status": "ACTIVE"}, {"action": "SOUTH", "reward": 3006, "info": {}, "observation": {"remainingOverageTime": 60, "index": 1}, "status": "ACTIVE"}, {"action": "NORTH", "reward": 301, "info": {}, "observation": {"remainingOverageTime": 60, "index": 2}, "status": "DONE"}, {"action": "NORTH", "reward": 302, "info": {}, "observation": {"remainingOverageTime": 60, "index": 3}, "status": "DONE"}], [{"action": "WEST", "reward": 3107, "info": {}, "observation": {"remainingOverageTime": 60, "step": 30, "geese": [[2, 3, 14, 13, 24, 35, 46], [61, 60, 49, 38, 39, 40], [], []], "food": [65, 1], "index": 0}, "status": "ACTIVE"}, {"action": "EAST", "reward": 3106, "info": {}, "observation": {"remainingOverageTime": 60, "index": 1}, "status": "ACTIVE"}, {"action": "NORTH", "reward": 301, "info": {}, "observation": {"remainingOverageTime": 60, "index": 2}, "status": "DONE"}, {"action": "NORTH", "reward": 302, "info": {}, "observation": {"remainingOverageTime": 60, "index": 3}, "status": "DONE"}], [{"action": "WEST", "reward": 3208, "info": {}, "observation": {"remainingOverageTime": 60, "step": 31, "geese": [[1, 2, 3, 14, 13, 24, 35, 46], [62, 61, 60, 49, 38, 39], [], []], "food": [65, 25], "index": 0}, "status": "ACTIVE"}, {"action": "EAST", "reward": 3206, "info": {}, "observation": {"remainingOverageTime": 60, "index": 1}, "status": "ACTIVE"}, {"action": "NORTH", "reward": 301, "info": {}, "observation": {"remainingOverageTime": 60, "index": 2}, "status": "DONE"}, {"action": "NORTH", "reward": 302, "info": {}, "observation": {"remainingOverageTime": 60, "index": 3}, "status": "DONE"}], [{"action": "NORTH", "reward": 3308, "info": {}, "observation": {"remainingOverageTime": 60, "step": 32, "geese": [[67, 1, 2, 3, 14, 13, 24, 35], [63, 62, 61, 60, 49, 38], [], []], "food": [65, 25], "index": 0}, "status": "ACTIVE"}, {"action": "EAST", "reward": 3306, "info": {}, "observation": {"remainingOverageTime": 60, "index": 1}, "status": "ACTIVE"}, {"action": "NORTH", "reward": 301, "info": {}, "observation": {"remainingOverageTime": 60, "index": 2}, "status": "DONE"}, {"action": "NORTH", "reward": 302, "info": {}, "observation": {"remainingOverageTime": 60, "index": 3}, "status": "DONE"}], [{"action": "NORTH", "reward": 3408, "info": {}, "observation": {"remainingOverageTime": 60, "step": 33, "geese": [[56, 67, 1, 2, 3, 14, 13, 24], [64, 63, 62, 61, 60, 49], [], []], "food": [65, 25], "index": 0}, "status": "ACTIVE"}, {"action": "EAST", "reward": 3406, "info": {}, "observation": {"remainingOverageTime": 60, "index": 1}, "status": "ACTIVE"}, {"action": "NORTH", "reward": 301, "info": {}, "observation": {"remainingOverageTime": 60, "index": 2}, "status": "DONE"}, {"action": "NORTH", "reward": 302, "info": {}, "observation": {"remainingOverageTime": 60, "index": 3}, "status": "DONE"}], [{"action": "EAST", "reward": 3508, "info": {}, "observation": {"remainingOverageTime": 60, "step": 34, "geese": [[57, 56, 67, 1, 2, 3, 14, 13], [65, 64, 63, 62, 61, 60, 49], [], []], "food": [25, 36], "index": 0}, "status": "ACTIVE"}, {"action": "EAST", "reward": 3507, "info": {}, "observation": {"remainingOverageTime": 60, "index": 1}, "status": "ACTIVE"}, {"action": "NORTH", "reward": 301, "info": {}, "observation": {"remainingOverageTime": 60, "index": 2}, "status": "DONE"}, {"action": "NORTH", "reward": 302, "info": {}, "observation": {"remainingOverageTime": 60, "index": 3}, "status": "DONE"}], [{"action": "EAST", "reward": 3608, "info": {}, "observation": {"remainingOverageTime": 60, "step": 35, "geese": [[58, 57, 56, 67, 1, 2, 3, 14], [55, 65, 64, 63, 62, 61, 60], [], []], "food": [25, 36], "index": 0}, "status": "ACTIVE"}, {"action": "EAST", "reward": 3607, "info": {}, "observation": {"remainingOverageTime": 60, "index": 1}, "status": "ACTIVE"}, {"action": "NORTH", "reward": 301, "info": {}, "observation": {"remainingOverageTime": 60, "index": 2}, "status": "DONE"}, {"action": "NORTH", "reward": 302, "info": {}, "observation": {"remainingOverageTime": 60, "index": 3}, "status": "DONE"}], [{"action": "NORTH", "reward": 3708, "info": {}, "observation": {"remainingOverageTime": 60, "step": 36, "geese": [[47, 58, 57, 56, 67, 1, 2, 3], [44, 55, 65, 64, 63, 62, 61], [], []], "food": [25, 36], "index": 0}, "status": "ACTIVE"}, {"action": "NORTH", "reward": 3707, "info": {}, "observation": {"remainingOverageTime": 60, "index": 1}, "status": "ACTIVE"}, {"action": "NORTH", "reward": 301, "info": {}, "observation": {"remainingOverageTime": 60, "index": 2}, "status": "DONE"}, {"action": "NORTH", "reward": 302, "info": {}, "observation": {"remainingOverageTime": 60, "index": 3}, "status": "DONE"}], [{"action": "NORTH", "reward": 3809, "info": {}, "observation": {"remainingOverageTime": 60, "step": 37, "geese": [[36, 47, 58, 57, 56, 67, 1, 2, 3], [45, 44, 55, 65, 64, 63, 62], [], []], "food": [25, 27], "index": 0}, "status": "ACTIVE"}, {"action": "EAST", "reward": 3807, "info": {}, "observation": {"remainingOverageTime": 60, "index": 1}, "status": "ACTIVE"}, {"action": "NORTH", "reward": 301, "info": {}, "observation": {"remainingOverageTime": 60, "index": 2}, "status": "DONE"}, {"action": "NORTH", "reward": 302, "info": {}, "observation": {"remainingOverageTime": 60, "index": 3}, "status": "DONE"}], [{"action": "NORTH", "reward": 3910, "info": {}, "observation": {"remainingOverageTime": 60, "step": 38, "geese": [[25, 36, 47, 58, 57, 56, 67, 1, 2, 3], [34, 45, 44, 55, 65, 64, 63], [], []], "food": [27, 40], "index": 0}, "status": "ACTIVE"}, {"action": "NORTH", "reward": 3907, "info": {}, "observation": {"remainingOverageTime": 60, "index": 1}, "status": "ACTIVE"}, {"action": "NORTH", "reward": 301, "info": {}, "observation": {"remainingOverageTime": 60, "index": 2}, "status": "DONE"}, {"action": "NORTH", "reward": 302, "info": {}, "observation": {"remainingOverageTime": 60, "index": 3}, "status": "DONE"}], [{"action": "EAST", "reward": 4010, "info": {}, "observation": {"remainingOverageTime": 60, "step": 39, "geese": [[26, 25, 36, 47, 58, 57, 56, 67, 1, 2], [33, 34, 45, 44, 55, 65, 64], [], []], "food": [27, 40], "index": 0}, "status": "ACTIVE"}, {"action": "WEST", "reward": 4007, "info": {}, "observation": {"remainingOverageTime": 60, "index": 1}, "status": "ACTIVE"}, {"action": "NORTH", "reward": 301, "info": {}, "observation": {"remainingOverageTime": 60, "index": 2}, "status": "DONE"}, {"action": "NORTH", "reward": 302, "info": {}, "observation": {"remainingOverageTime": 60, "index": 3}, "status": "DONE"}], [{"action": "EAST", "reward": 4110, "info": {}, "observation": {"remainingOverageTime": 60, "step": 40, "geese": [[27, 26, 25, 36, 47, 58, 57, 56, 67, 1], [43, 33, 34, 45, 44, 55], [], []], "food": [40, 8], "index": 0}, "status": "ACTIVE"}, {"action": "WEST", "reward": 4106, "info": {}, "observation": {"remainingOverageTime": 60, "index": 1}, "status": "ACTIVE"}, {"action": "NORTH", "reward": 301, "info": {}, "observation": {"remainingOverageTime": 60, "index": 2}, "status": "DONE"}, {"action": "NORTH", "reward": 302, "info": {}, "observation": {"remainingOverageTime": 60, "index": 3}, "status": "DONE"}], [{"action": "EAST", "reward": 4210, "info": {}, "observation": {"remainingOverageTime": 60, "step": 41, "geese": [[28, 27, 26, 25, 36, 47, 58, 57, 56, 67], [42, 43, 33, 34, 45, 44], [], []], "food": [40, 8], "index": 0}, "status": "ACTIVE"}, {"action": "WEST", "reward": 4206, "info": {}, "observation": {"remainingOverageTime": 60, "index": 1}, "status": "ACTIVE"}, {"action": "NORTH", "reward": 301, "info": {}, "observation": {"remainingOverageTime": 60, "index": 2}, "status": "DONE"}, {"action": "NORTH", "reward": 302, "info": {}, "observation": {"remainingOverageTime": 60, "index": 3}, "status": "DONE"}], [{"action": "EAST", "reward": 4310, "info": {}, "observation": {"remainingOverageTime": 60, "step": 42, "geese": [[29, 28, 27, 26, 25, 36, 47, 58, 57, 56], [41, 42, 43, 33, 34, 45], [], []], "food": [40, 8], "index": 0}, "status": "ACTIVE"}, {"action": "WEST", "reward": 4306, "info": {}, "observation": {"remainingOverageTime": 60, "index": 1}, "status": "ACTIVE"}, {"action": "NORTH", "reward": 301, "info": {}, "observation": {"remainingOverageTime": 60, "index": 2}, "status": "DONE"}, {"action": "NORTH", "reward": 302, "info": {}, "observation": {"remainingOverageTime": 60, "index": 3}, "status": "DONE"}], [{"action": "NORTH", "reward": 4410, "info": {}, "observation": {"remainingOverageTime": 60, "step": 43, "geese": [[18, 29, 28, 27, 26, 25, 36, 47, 58, 57], [52, 41, 42, 43, 33, 34], [], []], "food": [40, 8], "index": 0}, "status": "ACTIVE"}, {"action": "SOUTH", "reward": 4406, "info": {}, "observation": {"remainingOverageTime": 60, "index": 1}, "status": "ACTIVE"}, {"action": "NORTH", "reward": 301, "info": {}, "observation": {"remainingOverageTime": 60, "index": 2}, "status": "DONE"}, {"action": "NORTH", "reward": 302, "info": {}, "observation": {"remainingOverageTime": 60, "index": 3}, "status": "DONE"}], [{"action": "EAST", "reward": 4510, "info": {}, "observation": {"remainingOverageTime": 60, "step": 44, "geese": [[19, 18, 29, 28, 27, 26, 25, 36, 47, 58], [51, 52, 41, 42, 43, 33], [], []], "food": [40, 8], "index": 0}, "status": "ACTIVE"}, {"action": "WEST", "reward": 4506, "info": {}, "observation": {"remainingOverageTime": 60, "index": 1}, "status": "ACTIVE"}, {"action": "NORTH", "reward": 301, "info": {}, "observation": {"remainingOverageTime": 60, "index": 2}, "status": "DONE"}, {"action": "NORTH", "reward": 302, "info": {}, "observation": {"remainingOverageTime": 60, "index": 3}, "status": "DONE"}], [{"action": "NORTH", "reward": 4611, "info": {}, "observation": {"remainingOverageTime": 60, "step": 45, "geese": [[8, 19, 18, 29, 28, 27, 26, 25, 36, 47, 58], [40, 51, 52, 41, 42, 43, 33], [], []], "food": [7, 5], "index": 0}, "status": "ACTIVE"}, {"action": "NORTH", "reward": 4607, "info": {}, "observation": {"remainingOverageTime": 60, "index": 1}, "status": "ACTIVE"}, {"action": "NORTH", "reward": 301, "info": {}, "observation": {"remainingOverageTime": 60, "index": 2}, "status": "DONE"}, {"action": "NORTH", "reward": 302, "info": {}, "observation": {"remainingOverageTime": 60, "index": 3}, "status": "DONE"}], [{"action": "WEST", "reward": 4712, "info": {}, "observation": {"remainingOverageTime": 60, "step": 46, "geese": [[7, 8, 19, 18, 29, 28, 27, 26, 25, 36, 47, 58], [39, 40, 51, 52, 41, 42, 43], [], []], "food": [5, 50], "index": 0}, "status": "ACTIVE"}, {"action": "WEST", "reward": 4707, "info": {}, "observation": {"remainingOverageTime": 60, "index": 1}, "status": "ACTIVE"}, {"action": "NORTH", "reward": 301, "info": {}, "observation": {"remainingOverageTime": 60, "index": 2}, "status": "DONE"}, {"action": "NORTH", "reward": 302, "info": {}, "observation": {"remainingOverageTime": 60, "index": 3}, "status": "DONE"}], [{"action": "WEST", "reward": 4812, "info": {}, "observation": {"remainingOverageTime": 60, "step": 47, "geese": [[6, 7, 8, 19, 18, 29, 28, 27, 26, 25, 36, 47], [50, 39, 40, 51, 52, 41, 42, 43], [], []], "food": [5, 66], "index": 0}, "status": "ACTIVE"}, {"action": "SOUTH", "reward": 4808, "info": {}, "observation": {"remainingOverageTime": 60, "index": 1}, "status": "ACTIVE"}, {"action": "NORTH", "reward": 301, "info": {}, "observation": {"remainingOverageTime": 60, "index": 2}, "status": "DONE"}, {"action": "NORTH", "reward": 302, "info": {}, "observation": {"remainingOverageTime": 60, "index": 3}, "status": "DONE"}], [{"action": "WEST", "reward": 4913, "info": {}, "observation": {"remainingOverageTime": 60, "step": 48, "geese": [[5, 6, 7, 8, 19, 18, 29, 28, 27, 26, 25, 36, 47], [61, 50, 39, 40, 51, 52, 41, 42], [], []], "food": [66, 43], "index": 0}, "status": "ACTIVE"}, {"action": "SOUTH", "reward": 4908, "info": {}, "observation": {"remainingOverageTime": 60, "index": 1}, "status": "ACTIVE"}, {"action": "NORTH", "reward": 301, "info": {}, "observation": {"remainingOverageTime": 60, "index": 2}, "status": "DONE"}, {"action": "NORTH", "reward": 302, "info": {}, "observation": {"remainingOverageTime": 60, "index": 3}, "status": "DONE"}], [{"action": "NORTH", "reward": 5013, "info": {}, "observation": {"remainingOverageTime": 60, "step": 49, "geese": [[71, 5, 6, 7, 8, 19, 18, 29, 28, 27, 26, 25, 36], [62, 61, 50, 39, 40, 51, 52, 41], [], []], "food": [66, 43], "index": 0}, "status": "ACTIVE"}, {"action": "EAST", "reward": 5008, "info": {}, "observation": {"remainingOverageTime": 60, "index": 1}, "status": "ACTIVE"}, {"action": "NORTH", "reward": 301, "info": {}, "observation": {"remainingOverageTime": 60, "index": 2}, "status": "DONE"}, {"action": "NORTH", "reward": 302, "info": {}, "observation": {"remainingOverageTime": 60, "index": 3}, "status": "DONE"}], [{"action": "WEST", "reward": 5113, "info": {}, "observation": {"remainingOverageTime": 60, "step": 50, "geese": [[70, 71, 5, 6, 7, 8, 19, 18, 29, 28, 27, 26, 25], [63, 62, 61, 50, 39, 40, 51, 52], [], []], "food": [66, 43], "index": 0}, "status": "ACTIVE"}, {"action": "EAST", "reward": 5108, "info": {}, "observation": {"remainingOverageTime": 60, "index": 1}, "status": "ACTIVE"}, {"action": "NORTH", "reward": 301, "info": {}, "observation": {"remainingOverageTime": 60, "index": 2}, "status": "DONE"}, {"action": "NORTH", "reward": 302, "info": {}, "observation": {"remainingOverageTime": 60, "index": 3}, "status": "DONE"}], [{"action": "WEST", "reward": 5213, "info": {}, "observation": {"remainingOverageTime": 60, "step": 51, "geese": [[69, 70, 71, 5, 6, 7, 8, 19, 18, 29, 28, 27, 26], [64, 63, 62, 61, 50, 39, 40, 51], [], []], "food": [66, 43], "index": 0}, "status": "ACTIVE"}, {"action": "EAST", "reward": 5208, "info": {}, "observation": {"remainingOverageTime": 60, "index": 1}, "status": "ACTIVE"}, {"action": "NORTH", "reward": 301, "info": {}, "observation": {"remainingOverageTime": 60, "index": 2}, "status": "DONE"}, {"action": "NORTH", "reward": 302, "info": {}, "observation": {"remainingOverageTime": 60, "index": 3}, "status": "DONE"}], [{"action": "WEST", "reward": 5313, "info": {}, "observation": {"remainingOverageTime": 60, "step": 52, "geese": [[68, 69, 70, 71, 5, 6, 7, 8, 19, 18, 29, 28, 27], [65, 64, 63, 62, 61, 50, 39, 40], [], []], "food": [66, 43], "index": 0}, "status": "ACTIVE"}, {"action": "EAST", "reward": 5308, "info": {}, "observation": {"remainingOverageTime": 60, "index": 1}, "status": "ACTIVE"}, {"action": "NORTH", "reward": 301, "info": {}, "observation": {"remainingOverageTime": 60, "index": 2}, "status": "DONE"}, {"action": "NORTH", "reward": 302, "info": {}, "observation": {"remainingOverageTime": 60, "index": 3}, "status": "DONE"}], [{"action": "WEST", "reward": 5413, "info": {}, "observation": {"remainingOverageTime": 60, "step": 53, "geese": [[67, 68, 69, 70, 71, 5, 6, 7, 8, 19, 18, 29, 28], [55, 65, 64, 63, 62, 61, 50, 39], [], []], "food": [66, 43], "index": 0}, "status": "ACTIVE"}, {"action": "EAST", "reward": 5408, "info": {}, "observation": {"remainingOverageTime": 60, "index": 1}, "status": "ACTIVE"}, {"action": "NORTH", "reward": 301, "info": {}, "observation": {"remainingOverageTime": 60, "index": 2}, "status": "DONE"}, {"action": "NORTH", "reward": 302, "info": {}, "observation": {"remainingOverageTime": 60, "index": 3}, "status": "DONE"}], [{"action": "SOUTH", "reward": 5513, "info": {}, "observation": {"remainingOverageTime": 60, "step": 54, "geese": [[1, 67, 68, 69, 70, 71, 5, 6, 7, 8, 19, 18, 29], [44, 55, 65, 64, 63, 62, 61, 50], [], []], "food": [66, 43], "index": 0}, "status": "ACTIVE"}, {"action": "NORTH", "reward": 5508, "info": {}, "observation": {"remainingOverageTime": 60, "index": 1}, "status": "ACTIVE"}, {"action": "NORTH", "reward": 301, "info": {}, "observation": {"remainingOverageTime": 60, "index": 2}, "status": "DONE"}, {"action": "NORTH", "reward": 302, "info": {}, "observation": {"remainingOverageTime": 60, "index": 3}, "status": "DONE"}], [{"action": "WEST", "reward": 5613, "info": {}, "observation": {"remainingOverageTime": 60, "step": 55, "geese": [[0, 1, 67, 68, 69, 70, 71, 5, 6, 7, 8, 19, 18], [33, 44, 55, 65, 64, 63, 62, 61], [], []], "food": [66, 43], "index": 0}, "status": "ACTIVE"}, {"action": "NORTH", "reward": 5608, "info": {}, "observation": {"remainingOverageTime": 60, "index": 1}, "status": "ACTIVE"}, {"action": "NORTH", "reward": 301, "info": {}, "observation": {"remainingOverageTime": 60, "index": 2}, "status": "DONE"}, {"action": "NORTH", "reward": 302, "info": {}, "observation": {"remainingOverageTime": 60, "index": 3}, "status": "DONE"}], [{"action": "NORTH", "reward": 5714, "info": {}, "observation": {"remainingOverageTime": 60, "step": 56, "geese": [[66, 0, 1, 67, 68, 69, 70, 71, 5, 6, 7, 8, 19, 18], [43, 33, 44, 55, 65, 64, 63, 62, 61], [], []], "food": [11, 24], "index": 0}, "status": "ACTIVE"}, {"action": "WEST", "reward": 5709, "info": {}, "observation": {"remainingOverageTime": 60, "index": 1}, "status": "ACTIVE"}, {"action": "NORTH", "reward": 301, "info": {}, "observation": {"remainingOverageTime": 60, "index": 2}, "status": "DONE"}, {"action": "NORTH", "reward": 302, "info": {}, "observation": {"remainingOverageTime": 60, "index": 3}, "status": "DONE"}], [{"action": "WEST", "reward": 5814, "info": {}, "observation": {"remainingOverageTime": 60, "step": 57, "geese": [[76, 66, 0, 1, 67, 68, 69, 70, 71, 5, 6, 7, 8, 19], [32, 43, 33, 44, 55, 65, 64, 63, 62], [], []], "food": [11, 24], "index": 0}, "status": "ACTIVE"}, {"action": "NORTH", "reward": 5809, "info": {}, "observation": {"remainingOverageTime": 60, "index": 1}, "status": "ACTIVE"}, {"action": "NORTH", "reward": 301, "info": {}, "observation": {"remainingOverageTime": 60, "index": 2}, "status": "DONE"}, {"action": "NORTH", "reward": 302, "info": {}, "observation": {"remainingOverageTime": 60, "index": 3}, "status": "DONE"}], [{"action": "WEST", "reward": 5914, "info": {}, "observation": {"remainingOverageTime": 60, "step": 58, "geese": [[75, 76, 66, 0, 1, 67, 68, 69, 70, 71, 5, 6, 7, 8], [22, 32, 43, 33, 44, 55, 65, 64, 63], [], []], "food": [11, 24], "index": 0}, "status": "ACTIVE"}, {"action": "EAST", "reward": 5909, "info": {}, "observation": {"remainingOverageTime": 60, "index": 1}, "status": "ACTIVE"}, {"action": "NORTH", "reward": 301, "info": {}, "observation": {"remainingOverageTime": 60, "index": 2}, "status": "DONE"}, {"action": "NORTH", "reward": 302, "info": {}, "observation": {"remainingOverageTime": 60, "index": 3}, "status": "DONE"}], [{"action": "WEST", "reward": 6014, "info": {}, "observation": {"remainingOverageTime": 60, "step": 59, "geese": [[74, 75, 76, 66, 0, 1, 67, 68, 69, 70, 71, 5, 6, 7], [11, 22, 32, 43, 33, 44, 55, 65, 64, 63], [], []], "food": [24, 9], "index": 0}, "status": "ACTIVE"}, {"action": "NORTH", "reward": 6010, "info": {}, "observation": {"remainingOverageTime": 60, "index": 1}, "status": "ACTIVE"}, {"action": "NORTH", "reward": 301, "info": {}, "observation": {"remainingOverageTime": 60, "index": 2}, "status": "DONE"}, {"action": "NORTH", "reward": 302, "info": {}, "observation": {"remainingOverageTime": 60, "index": 3}, "status": "DONE"}], [{"action": "SOUTH", "reward": 6114, "info": {}, "observation": {"remainingOverageTime": 60, "step": 60, "geese": [[8, 74, 75, 76, 66, 0, 1, 67, 68, 69, 70, 71, 5, 6], [12, 11, 22, 32, 43, 33, 44, 55, 65, 64], [], []], "food": [24, 9], "index": 0}, "status": "ACTIVE"}, {"action": "EAST", "reward": 6110, "info": {}, "observation": {"remainingOverageTime": 60, "index": 1}, "status": "ACTIVE"}, {"action": "NORTH", "reward": 301, "info": {}, "observation": {"remainingOverageTime": 60, "index": 2}, "status": "DONE"}, {"action": "NORTH", "reward": 302, "info": {}, "observation": {"remainingOverageTime": 60, "index": 3}, "status": "DONE"}], [{"action": "EAST", "reward": 6215, "info": {}, "observation": {"remainingOverageTime": 60, "step": 61, "geese": [[9, 8, 74, 75, 76, 66, 0, 1, 67, 68, 69, 70, 71, 5, 6], [13, 12, 11, 22, 32, 43, 33, 44, 55, 65], [], []], "food": [24, 36], "index": 0}, "status": "ACTIVE"}, {"action": "EAST", "reward": 6210, "info": {}, "observation": {"remainingOverageTime": 60, "index": 1}, "status": "ACTIVE"}, {"action": "NORTH", "reward": 301, "info": {}, "observation": {"remainingOverageTime": 60, "index": 2}, "status": "DONE"}, {"action": "NORTH", "reward": 302, "info": {}, "observation": {"remainingOverageTime": 60, "index": 3}, "status": "DONE"}], [{"action": "SOUTH", "reward": 6315, "info": {}, "observation": {"remainingOverageTime": 60, "step": 62, "geese": [[20, 9, 8, 74, 75, 76, 66, 0, 1, 67, 68, 69, 70, 71, 5], [24, 13, 12, 11, 22, 32, 43, 33, 44, 55, 65], [], []], "food": [36, 18], "index": 0}, "status": "ACTIVE"}, {"action": "SOUTH", "reward": 6311, "info": {}, "observation": {"remainingOverageTime": 60, "index": 1}, "status": "ACTIVE"}, {"action": "NORTH", "reward": 301, "info": {}, "observation": {"remainingOverageTime": 60, "index": 2}, "status": "DONE"}, {"action": "NORTH", "reward": 302, "info": {}, "observation": {"remainingOverageTime": 60, "index": 3}, "status": "DONE"}], [{"action": "WEST", "reward": 6415, "info": {}, "observation": {"remainingOverageTime": 60, "step": 63, "geese": [[19, 20, 9, 8, 74, 75, 76, 66, 0, 1, 67, 68, 69, 70, 71], [25, 24, 13, 12, 11, 22, 32, 43, 33, 44, 55], [], []], "food": [36, 18], "index": 0}, "status": "ACTIVE"}, {"action": "EAST", "reward": 6411, "info": {}, "observation": {"remainingOverageTime": 60, "index": 1}, "status": "ACTIVE"}, {"action": "NORTH", "reward": 301, "info": {}, "observation": {"remainingOverageTime": 60, "index": 2}, "status": "DONE"}, {"action": "NORTH", "reward": 302, "info": {}, "observation": {"remainingOverageTime": 60, "index": 3}, "status": "DONE"}], [{"action": "WEST", "reward": 6516, "info": {}, "observation": {"remainingOverageTime": 60, "step": 64, "geese": [[18, 19, 20, 9, 8, 74, 75, 76, 66, 0, 1, 67, 68, 69, 70, 71], [36, 25, 24, 13, 12, 11, 22, 32, 43, 33, 44, 55], [], []], "food": [4, 46], "index": 0}, "status": "ACTIVE"}, {"action": "SOUTH", "reward": 6512, "info": {}, "observation": {"remainingOverageTime": 60, "index": 1}, "status": "ACTIVE"}, {"action": "NORTH", "reward": 301, "info": {}, "observation": {"remainingOverageTime": 60, "index": 2}, "status": "DONE"}, {"action": "NORTH", "reward": 302, "info": {}, "observation": {"remainingOverageTime": 60, "index": 3}, "status": "DONE"}], [{"action": "NORTH", "reward": 6616, "info": {}, "observation": {"remainingOverageTime": 60, "step": 65, "geese": [[7, 18, 19, 20, 9, 8, 74, 75, 76, 66, 0, 1, 67, 68, 69, 70], [35, 36, 25, 24, 13, 12, 11, 22, 32, 43, 33, 44], [], []], "food": [4, 46], "index": 0}, "status": "ACTIVE"}, {"action": "WEST", "reward": 6612, "info": {}, "observation": {"remainingOverageTime": 60, "index": 1}, "status": "ACTIVE"}, {"action": "NORTH", "reward": 301, "info": {}, "observation": {"remainingOverageTime": 60, "index": 2}, "status": "DONE"}, {"action": "NORTH", "reward": 302, "info": {}, "observation": {"remainingOverageTime": 60, "index": 3}, "status": "DONE"}], [{"action": "WEST", "reward": 6716, "info": {}, "observation": {"remainingOverageTime": 60, "step": 66, "geese": [[6, 7, 18, 19, 20, 9, 8, 74, 75, 76, 66, 0, 1, 67, 68, 69], [46, 35, 36, 25, 24, 13, 12, 11, 22, 32, 43, 33, 44], [], []], "food": [4, 47], "index": 0}, "status": "ACTIVE"}, {"action": "SOUTH", "reward": 6713, "info": {}, "observation": {"remainingOverageTime": 60, "index": 1}, "status": "ACTIVE"}, {"action": "NORTH", "reward": 301, "info": {}, "observation": {"remainingOverageTime": 60, "index": 2}, "status": "DONE"}, {"action": "NORTH", "reward": 302, "info": {}, "observation": {"remainingOverageTime": 60, "index": 3}, "status": "DONE"}], [{"action": "WEST", "reward": 6816, "info": {}, "observation": {"remainingOverageTime": 60, "step": 67, "geese": [[5, 6, 7, 18, 19, 20, 9, 8, 74, 75, 76, 66, 0, 1, 67, 68], [47, 46, 35, 36, 25, 24, 13, 12, 11, 22, 32, 43, 33, 44], [], []], "food": [4, 39], "index": 0}, "status": "ACTIVE"}, {"action": "EAST", "reward": 6814, "info": {}, "observation": {"remainingOverageTime": 60, "index": 1}, "status": "ACTIVE"}, {"action": "NORTH", "reward": 301, "info": {}, "observation": {"remainingOverageTime": 60, "index": 2}, "status": "DONE"}, {"action": "NORTH", "reward": 302, "info": {}, "observation": {"remainingOverageTime": 60, "index": 3}, "status": "DONE"}], [{"action": "WEST", "reward": 6917, "info": {}, "observation": {"remainingOverageTime": 60, "step": 68, "geese": [[4, 5, 6, 7, 18, 19, 20, 9, 8, 74, 75, 76, 66, 0, 1, 67, 68], [48, 47, 46, 35, 36, 25, 24, 13, 12, 11, 22, 32, 43, 33], [], []], "food": [39, 64], "index": 0}, "status": "ACTIVE"}, {"action": "EAST", "reward": 6914, "info": {}, "observation": {"remainingOverageTime": 60, "index": 1}, "status": "ACTIVE"}, {"action": "NORTH", "reward": 301, "info": {}, "observation": {"remainingOverageTime": 60, "index": 2}, "status": "DONE"}, {"action": "NORTH", "reward": 302, "info": {}, "observation": {"remainingOverageTime": 60, "index": 3}, "status": "DONE"}], [{"action": "SOUTH", "reward": 7017, "info": {}, "observation": {"remainingOverageTime": 60, "step": 69, "geese": [[15, 4, 5, 6, 7, 18, 19, 20, 9, 8, 74, 75, 76, 66, 0, 1, 67], [49, 48, 47, 46, 35, 36, 25, 24, 13, 12, 11, 22, 32, 43], [], []], "food": [39, 64], "index": 0}, "status": "ACTIVE"}, {"action": "EAST", "reward": 7014, "info": {}, "observation": {"remainingOverageTime": 60, "index": 1}, "status": "ACTIVE"}, {"action": "NORTH", "reward": 301, "info": {}, "observation": {"remainingOverageTime": 60, "index": 2}, "status": "DONE"}, {"action": "NORTH", "reward": 302, "info": {}, "observation": {"remainingOverageTime": 60, "index": 3}, "status": "DONE"}], [{"action": "EAST", "reward": 7117, "info": {}, "observation": {"remainingOverageTime": 60, "step": 70, "geese": [[16, 15, 4, 5, 6, 7, 18, 19, 20, 9, 8, 74, 75, 76, 66, 0, 1], [50, 49, 48, 47, 46, 35, 36, 25, 24, 13, 12, 11, 22, 32], [], []], "food": [39, 64], "index": 0}, "status": "ACTIVE"}, {"action": "EAST", "reward": 7114, "info": {}, "observation": {"remainingOverageTime": 60, "index": 1}, "status": "ACTIVE"}, {"action": "NORTH", "reward": 301, "info": {}, "observation": {"remainingOverageTime": 60, "index": 2}, "status": "DONE"}, {"action": "NORTH", "reward": 302, "info": {}, "observation": {"remainingOverageTime": 60, "index": 3}, "status": "DONE"}], [{"action": "EAST", "reward": 7217, "info": {}, "observation": {"remainingOverageTime": 60, "step": 71, "geese": [[17, 16, 15, 4, 5, 6, 7, 18, 19, 20, 9, 8, 74, 75, 76, 66, 0], [39, 50, 49, 48, 47, 46, 35, 36, 25, 24, 13, 12, 11, 22, 32], [], []], "food": [64, 60], "index": 0}, "status": "ACTIVE"}, {"action": "NORTH", "reward": 7215, "info": {}, "observation": {"remainingOverageTime": 60, "index": 1}, "status": "ACTIVE"}, {"action": "NORTH", "reward": 301, "info": {}, "observation": {"remainingOverageTime": 60, "index": 2}, "status": "DONE"}, {"action": "NORTH", "reward": 302, "info": {}, "observation": {"remainingOverageTime": 60, "index": 3}, "status": "DONE"}], [{"action": "EAST", "reward": 7217, "info": {}, "observation": {"remainingOverageTime": 60, "step": 72, "geese": [[], [40, 39, 50, 49, 48, 47, 46, 35, 36, 25, 24, 13, 12, 11, 22], [], []], "food": [64, 60], "index": 0}, "status": "DONE"}, {"action": "EAST", "reward": 7315, "info": {}, "observation": {"remainingOverageTime": 60, "index": 1}, "status": "DONE"}, {"action": "NORTH", "reward": 301, "info": {}, "observation": {"remainingOverageTime": 60, "index": 2}, "status": "DONE"}, {"action": "NORTH", "reward": 302, "info": {}, "observation": {"remainingOverageTime": 60, "index": 3}, "status": "DONE"}]], "rewards": [7217, 7315, 301, 302], "statuses": ["DONE", "DONE", "DONE", "DONE"], "schema_version": 1, "info": {}}