{"id": "a676eb6a-db0c-11ee-b332-0242ac1c000c", "name": "hungry_geese", "title": "Hungry Geese", "description": "Similar to the classic snake game with multiple players", "version": "1.0.0", "configuration": {"episodeSteps": 200, "actTimeout": 1, "runTimeout": 1200, "columns": 11, "rows": 7, "hunger_rate": 40, "min_food": 2, "max_length": 99}, "specification": {"action": {"description": "Direction to move the head of your players goose.", "type": "string", "enum": ["NORTH", "EAST", "SOUTH", "WEST"], "default": "NORTH"}, "agents": [1, 2, 3, 4, 5, 6, 7, 8], "configuration": {"episodeSteps": {"description": "Maximum number of steps in the episode.", "type": "integer", "minimum": 1, "default": 200}, "actTimeout": {"description": "Maximum runtime (seconds) to obtain an action from an agent.", "type": "number", "minimum": 0, "default": 1}, "runTimeout": {"description": "Maximum runtime (seconds) of an episode (not necessarily DONE).", "type": "number", "minimum": 0, "default": 1200}, "columns": {"description": "Horizontal number of cells on the board.", "type": "integer", "default": 11, "minimum": 3}, "rows": {"description": "Vertical number of cells on the board.", "type": "integer", "default": 7, "minimum": 3}, "hunger_rate": {"description": "The number of steps before the goose shrinks a cell.", "type": "integer", "minimum": 1, "default": 40}, "min_food": {"description": "The minimum amount of food present for all steps.", "type": "integer", "default": 2, "minimum": 1}, "max_length": {"description": "The max length any goose can be. Total reward = (max length + 1) * steps survived + goose length.", "type": "integer", "default": 99}}, "info": {}, "observation": {"remainingOverageTime": {"description": "Total remaining banked time (seconds) that can be used in excess of per-step actTimeouts -- agent is disqualified with TIMEOUT status when this drops below 0.", "shared": false, "type": "number", "minimum": 0, "default": 60}, "step": {"description": "Current step within the episode.", "type": "integer", "shared": true, "minimum": 0, "default": 0}, "geese": {"description": "List of geese in order by the agent index.", "type": "array", "default": [], "shared": true}, "food": {"description": "Positions on the board where food is present.", "type": "array", "default": [], "shared": true}, "index": {"description": "Index of the current agent's goose in the list of geese.", "type": "integer", "minimum": 0, "defaults": [0, 1, 2, 3, 4, 5, 6, 7]}}, "reward": {"description": "steps survived * (max goose length + 1) + current goose length.", "type": ["number", "null"], "default": 0, "minimum": 0}}, "steps": [[{"action": "NORTH", "reward": 0, "info": {}, "observation": {"remainingOverageTime": 60, "step": 0, "geese": [[40], [7], [32], [16]], "food": [8, 65], "index": 0}, "status": "ACTIVE"}, {"action": "NORTH", "reward": 0, "info": {}, "observation": {"remainingOverageTime": 60, "index": 1}, "status": "ACTIVE"}, {"action": "NORTH", "reward": 0, "info": {}, "observation": {"remainingOverageTime": 60, "index": 2}, "status": "ACTIVE"}, {"action": "NORTH", "reward": 0, "info": {}, "observation": {"remainingOverageTime": 60, "index": 3}, "status": "ACTIVE"}], [{"action": "EAST", "reward": 201, "info": {}, "observation": {"remainingOverageTime": 60, "step": 1, "geese": [[41], [8, 7], [43], [5]], "food": [65, 29], "index": 0}, "status": "ACTIVE"}, {"action": "EAST", "reward": 202, "info": {}, "observation": {"remainingOverageTime": 60, "index": 1}, "status": "ACTIVE"}, {"action": "SOUTH", "reward": 201, "info": {}, "observation": {"remainingOverageTime": 60, "index": 2}, "status": "ACTIVE"}, {"action": "NORTH", "reward": 201, "info": {}, "observation": {"remainingOverageTime": 60, "index": 3}, "status": "ACTIVE"}], [{"action": "NORTH", "reward": 301, "info": {}, "observation": {"remainingOverageTime": 60, "step": 2, "geese": [[30], [], [54], [6]], "food": [65, 29], "index": 0}, "status": "ACTIVE"}, {"action": "WEST", "reward": 202, "info": {}, "observation": {"remainingOverageTime": 60, "index": 1}, "status": "DONE"}, {"action": "SOUTH", "reward": 301, "info": {}, "observation": {"remainingOverageTime": 60, "index": 2}, "status": "ACTIVE"}, {"action": "EAST", "reward": 301, "info": {}, "observation": {"remainingOverageTime": 60, "index": 3}, "status": "ACTIVE"}], [{"action": "WEST", "reward": 402, "info": {}, "observation": {"remainingOverageTime": 60, "step": 3, "geese": [[29, 30], [], [65, 54], []], "food": [4, 69], "index": 0}, "status": "ACTIVE"}, {"action": "NORTH", "reward": 202, "info": {}, "observation": {"remainingOverageTime": 60, "index": 1}, "status": "DONE"}, {"action": "SOUTH", "reward": 402, "info": {}, "observation": {"remainingOverageTime": 60, "index": 2}, "status": "ACTIVE"}, {"action": "WEST", "reward": 301, "info": {}, "observation": {"remainingOverageTime": 60, "index": 3}, "status": "DONE"}], [{"action": "NORTH", "reward": 502, "info": {}, "observation": {"remainingOverageTime": 60, "step": 4, "geese": [[18, 29], [], [55, 65], []], "food": [4, 69], "index": 0}, "status": "ACTIVE"}, {"action": "NORTH", "reward": 202, "info": {}, "observation": {"remainingOverageTime": 60, "index": 1}, "status": "DONE"}, {"action": "EAST", "reward": 502, "info": {}, "observation": {"remainingOverageTime": 60, "index": 2}, "status": "ACTIVE"}, {"action": "NORTH", "reward": 301, "info": {}, "observation": {"remainingOverageTime": 60, "index": 3}, "status": "DONE"}], [{"action": "NORTH", "reward": 602, "info": {}, "observation": {"remainingOverageTime": 60, "step": 5, "geese": [[7, 18], [], [56, 55], []], "food": [4, 69], "index": 0}, "status": "ACTIVE"}, {"action": "NORTH", "reward": 202, "info": {}, "observation": {"remainingOverageTime": 60, "index": 1}, "status": "DONE"}, {"action": "EAST", "reward": 602, "info": {}, "observation": {"remainingOverageTime": 60, "index": 2}, "status": "ACTIVE"}, {"action": "NORTH", "reward": 301, "info": {}, "observation": {"remainingOverageTime": 60, "index": 3}, "status": "DONE"}], [{"action": "WEST", "reward": 702, "info": {}, "observation": {"remainingOverageTime": 60, "step": 6, "geese": [[6, 7], [], [57, 56], []], "food": [4, 69], "index": 0}, "status": "ACTIVE"}, {"action": "NORTH", "reward": 202, "info": {}, "observation": {"remainingOverageTime": 60, "index": 1}, "status": "DONE"}, {"action": "EAST", "reward": 702, "info": {}, "observation": {"remainingOverageTime": 60, "index": 2}, "status": "ACTIVE"}, {"action": "NORTH", "reward": 301, "info": {}, "observation": {"remainingOverageTime": 60, "index": 3}, "status": "DONE"}], [{"action": "WEST", "reward": 802, "info": {}, "observation": {"remainingOverageTime": 60, "step": 7, "geese": [[5, 6], [], [58, 57], []], "food": [4, 69], "index": 0}, "status": "ACTIVE"}, {"action": "NORTH", "reward": 202, "info": {}, "observation": {"remainingOverageTime": 60, "index": 1}, "status": "DONE"}, {"action": "EAST", "reward": 802, "info": {}, "observation": {"remainingOverageTime": 60, "index": 2}, "status": "ACTIVE"}, {"action": "NORTH", "reward": 301, "info": {}, "observation": {"remainingOverageTime": 60, "index": 3}, "status": "DONE"}], [{"action": "WEST", "reward": 903, "info": {}, "observation": {"remainingOverageTime": 60, "step": 8, "geese": [[4, 5, 6], [], [69, 58, 57], []], "food": [74, 11], "index": 0}, "status": "ACTIVE"}, {"action": "NORTH", "reward": 202, "info": {}, "observation": {"remainingOverageTime": 60, "index": 1}, "status": "DONE"}, {"action": "SOUTH", "reward": 903, "info": {}, "observation": {"remainingOverageTime": 60, "index": 2}, "status": "ACTIVE"}, {"action": "NORTH", "reward": 301, "info": {}, "observation": {"remainingOverageTime": 60, "index": 3}, "status": "DONE"}], [{"action": "SOUTH", "reward": 1003, "info": {}, "observation": {"remainingOverageTime": 60, "step": 9, "geese": [[15, 4, 5], [], [68, 69, 58], []], "food": [74, 11], "index": 0}, "status": "ACTIVE"}, {"action": "NORTH", "reward": 202, "info": {}, "observation": {"remainingOverageTime": 60, "index": 1}, "status": "DONE"}, {"action": "WEST", "reward": 1003, "info": {}, "observation": {"remainingOverageTime": 60, "index": 2}, "status": "ACTIVE"}, {"action": "NORTH", "reward": 301, "info": {}, "observation": {"remainingOverageTime": 60, "index": 3}, "status": "DONE"}], [{"action": "WEST", "reward": 1103, "info": {}, "observation": {"remainingOverageTime": 60, "step": 10, "geese": [[14, 15, 4], [], [67, 68, 69], []], "food": [74, 11], "index": 0}, "status": "ACTIVE"}, {"action": "NORTH", "reward": 202, "info": {}, "observation": {"remainingOverageTime": 60, "index": 1}, "status": "DONE"}, {"action": "WEST", "reward": 1103, "info": {}, "observation": {"remainingOverageTime": 60, "index": 2}, "status": "ACTIVE"}, {"action": "NORTH", "reward": 301, "info": {}, "observation": {"remainingOverageTime": 60, "index": 3}, "status": "DONE"}], [{"action": "WEST", "reward": 1203, "info": {}, "observation": {"remainingOverageTime": 60, "step": 11, "geese": [[13, 14, 15], [], [66, 67, 68], []], "food": [74, 11], "index": 0}, "status": "ACTIVE"}, {"action": "NORTH", "reward": 202, "info": {}, "observation": {"remainingOverageTime": 60, "index": 1}, "status": "DONE"}, {"action": "WEST", "reward": 1203, "info": {}, "observation": {"remainingOverageTime": 60, "index": 2}, "status": "ACTIVE"}, {"action": "NORTH", "reward": 301, "info": {}, "observation": {"remainingOverageTime": 60, "index": 3}, "status": "DONE"}], [{"action": "WEST", "reward": 1303, "info": {}, "observation": {"remainingOverageTime": 60, "step": 12, "geese": [[12, 13, 14], [], [0, 66, 67], []], "food": [74, 11], "index": 0}, "status": "ACTIVE"}, {"action": "NORTH", "reward": 202, "info": {}, "observation": {"remainingOverageTime": 60, "index": 1}, "status": "DONE"}, {"action": "SOUTH", "reward": 1303, "info": {}, "observation": {"remainingOverageTime": 60, "index": 2}, "status": "ACTIVE"}, {"action": "NORTH", "reward": 301, "info": {}, "observation": {"remainingOverageTime": 60, "index": 3}, "status": "DONE"}], [{"action": "SOUTH", "reward": 1403, "info": {}, "observation": {"remainingOverageTime": 60, "step": 13, "geese": [[23, 12, 13], [], [10, 0, 66], []], "food": [74, 11], "index": 0}, "status": "ACTIVE"}, {"action": "NORTH", "reward": 202, "info": {}, "observation": {"remainingOverageTime": 60, "index": 1}, "status": "DONE"}, {"action": "WEST", "reward": 1403, "info": {}, "observation": {"remainingOverageTime": 60, "index": 2}, "status": "ACTIVE"}, {"action": "NORTH", "reward": 301, "info": {}, "observation": {"remainingOverageTime": 60, "index": 3}, "status": "DONE"}], [{"action": "WEST", "reward": 1503, "info": {}, "observation": {"remainingOverageTime": 60, "step": 14, "geese": [[22, 23, 12], [], [21, 10, 0], []], "food": [74, 11], "index": 0}, "status": "ACTIVE"}, {"action": "NORTH", "reward": 202, "info": {}, "observation": {"remainingOverageTime": 60, "index": 1}, "status": "DONE"}, {"action": "SOUTH", "reward": 1503, "info": {}, "observation": {"remainingOverageTime": 60, "index": 2}, "status": "ACTIVE"}, {"action": "NORTH", "reward": 301, "info": {}, "observation": {"remainingOverageTime": 60, "index": 3}, "status": "DONE"}], [{"action": "SOUTH", "reward": 1603, "info": {}, "observation": {"remainingOverageTime": 60, "step": 15, "geese": [[33, 22, 23], [], [20, 21, 10], []], "food": [74, 11], "index": 0}, "status": "ACTIVE"}, {"action": "NORTH", "reward": 202, "info": {}, "observation": {"remainingOverageTime": 60, "index": 1}, "status": "DONE"}, {"action": "WEST", "reward": 1603, "info": {}, "observation": {"remainingOverageTime": 60, "index": 2}, "status": "ACTIVE"}, {"action": "NORTH", "reward": 301, "info": {}, "observation": {"remainingOverageTime": 60, "index": 3}, "status": "DONE"}], [{"action": "EAST", "reward": 1703, "info": {}, "observation": {"remainingOverageTime": 60, "step": 16, "geese": [[34, 33, 22], [], [9, 20, 21], []], "food": [74, 11], "index": 0}, "status": "ACTIVE"}, {"action": "NORTH", "reward": 202, "info": {}, "observation": {"remainingOverageTime": 60, "index": 1}, "status": "DONE"}, {"action": "NORTH", "reward": 1703, "info": {}, "observation": {"remainingOverageTime": 60, "index": 2}, "status": "ACTIVE"}, {"action": "NORTH", "reward": 301, "info": {}, "observation": {"remainingOverageTime": 60, "index": 3}, "status": "DONE"}], [{"action": "NORTH", "reward": 1803, "info": {}, "observation": {"remainingOverageTime": 60, "step": 17, "geese": [[23, 34, 33], [], [75, 9, 20], []], "food": [74, 11], "index": 0}, "status": "ACTIVE"}, {"action": "NORTH", "reward": 202, "info": {}, "observation": {"remainingOverageTime": 60, "index": 1}, "status": "DONE"}, {"action": "NORTH", "reward": 1803, "info": {}, "observation": {"remainingOverageTime": 60, "index": 2}, "status": "ACTIVE"}, {"action": "NORTH", "reward": 301, "info": {}, "observation": {"remainingOverageTime": 60, "index": 3}, "status": "DONE"}], [{"action": "NORTH", "reward": 1903, "info": {}, "observation": {"remainingOverageTime": 60, "step": 18, "geese": [[12, 23, 34], [], [74, 75, 9, 20], []], "food": [11, 15], "index": 0}, "status": "ACTIVE"}, {"action": "NORTH", "reward": 202, "info": {}, "observation": {"remainingOverageTime": 60, "index": 1}, "status": "DONE"}, {"action": "WEST", "reward": 1904, "info": {}, "observation": {"remainingOverageTime": 60, "index": 2}, "status": "ACTIVE"}, {"action": "NORTH", "reward": 301, "info": {}, "observation": {"remainingOverageTime": 60, "index": 3}, "status": "DONE"}], [{"action": "WEST", "reward": 2004, "info": {}, "observation": {"remainingOverageTime": 60, "step": 19, "geese": [[11, 12, 23, 34], [], [73, 74, 75, 9], []], "food": [15, 70], "index": 0}, "status": "ACTIVE"}, {"action": "NORTH", "reward": 202, "info": {}, "observation": {"remainingOverageTime": 60, "index": 1}, "status": "DONE"}, {"action": "WEST", "reward": 2004, "info": {}, "observation": {"remainingOverageTime": 60, "index": 2}, "status": "ACTIVE"}, {"action": "NORTH", "reward": 301, "info": {}, "observation": {"remainingOverageTime": 60, "index": 3}, "status": "DONE"}], [{"action": "NORTH", "reward": 2104, "info": {}, "observation": {"remainingOverageTime": 60, "step": 20, "geese": [[0, 11, 12, 23], [], [72, 73, 74, 75], []], "food": [15, 70], "index": 0}, "status": "ACTIVE"}, {"action": "NORTH", "reward": 202, "info": {}, "observation": {"remainingOverageTime": 60, "index": 1}, "status": "DONE"}, {"action": "WEST", "reward": 2104, "info": {}, "observation": {"remainingOverageTime": 60, "index": 2}, "status": "ACTIVE"}, {"action": "NORTH", "reward": 301, "info": {}, "observation": {"remainingOverageTime": 60, "index": 3}, "status": "DONE"}], [{"action": "EAST", "reward": 2204, "info": {}, "observation": {"remainingOverageTime": 60, "step": 21, "geese": [[1, 0, 11, 12], [], [71, 72, 73, 74], []], "food": [15, 70], "index": 0}, "status": "ACTIVE"}, {"action": "NORTH", "reward": 202, "info": {}, "observation": {"remainingOverageTime": 60, "index": 1}, "status": "DONE"}, {"action": "WEST", "reward": 2204, "info": {}, "observation": {"remainingOverageTime": 60, "index": 2}, "status": "ACTIVE"}, {"action": "NORTH", "reward": 301, "info": {}, "observation": {"remainingOverageTime": 60, "index": 3}, "status": "DONE"}], [{"action": "EAST", "reward": 2304, "info": {}, "observation": {"remainingOverageTime": 60, "step": 22, "geese": [[2, 1, 0, 11], [], [70, 71, 72, 73, 74], []], "food": [15, 21], "index": 0}, "status": "ACTIVE"}, {"action": "NORTH", "reward": 202, "info": {}, "observation": {"remainingOverageTime": 60, "index": 1}, "status": "DONE"}, {"action": "WEST", "reward": 2305, "info": {}, "observation": {"remainingOverageTime": 60, "index": 2}, "status": "ACTIVE"}, {"action": "NORTH", "reward": 301, "info": {}, "observation": {"remainingOverageTime": 60, "index": 3}, "status": "DONE"}], [{"action": "EAST", "reward": 2404, "info": {}, "observation": {"remainingOverageTime": 60, "step": 23, "geese": [[3, 2, 1, 0], [], [4, 70, 71, 72, 73], []], "food": [15, 21], "index": 0}, "status": "ACTIVE"}, {"action": "NORTH", "reward": 202, "info": {}, "observation": {"remainingOverageTime": 60, "index": 1}, "status": "DONE"}, {"action": "SOUTH", "reward": 2405, "info": {}, "observation": {"remainingOverageTime": 60, "index": 2}, "status": "ACTIVE"}, {"action": "NORTH", "reward": 301, "info": {}, "observation": {"remainingOverageTime": 60, "index": 3}, "status": "DONE"}], [{"action": "SOUTH", "reward": 2504, "info": {}, "observation": {"remainingOverageTime": 60, "step": 24, "geese": [[14, 3, 2, 1], [], [15, 4, 70, 71, 72, 73], []], "food": [21, 41], "index": 0}, "status": "ACTIVE"}, {"action": "NORTH", "reward": 202, "info": {}, "observation": {"remainingOverageTime": 60, "index": 1}, "status": "DONE"}, {"action": "SOUTH", "reward": 2506, "info": {}, "observation": {"remainingOverageTime": 60, "index": 2}, "status": "ACTIVE"}, {"action": "NORTH", "reward": 301, "info": {}, "observation": {"remainingOverageTime": 60, "index": 3}, "status": "DONE"}], [{"action": "WEST", "reward": 2604, "info": {}, "observation": {"remainingOverageTime": 60, "step": 25, "geese": [[13, 14, 3, 2], [], [16, 15, 4, 70, 71, 72], []], "food": [21, 41], "index": 0}, "status": "ACTIVE"}, {"action": "NORTH", "reward": 202, "info": {}, "observation": {"remainingOverageTime": 60, "index": 1}, "status": "DONE"}, {"action": "EAST", "reward": 2606, "info": {}, "observation": {"remainingOverageTime": 60, "index": 2}, "status": "ACTIVE"}, {"action": "NORTH", "reward": 301, "info": {}, "observation": {"remainingOverageTime": 60, "index": 3}, "status": "DONE"}], [{"action": "WEST", "reward": 2704, "info": {}, "observation": {"remainingOverageTime": 60, "step": 26, "geese": [[12, 13, 14, 3], [], [17, 16, 15, 4, 70, 71], []], "food": [21, 41], "index": 0}, "status": "ACTIVE"}, {"action": "NORTH", "reward": 202, "info": {}, "observation": {"remainingOverageTime": 60, "index": 1}, "status": "DONE"}, {"action": "EAST", "reward": 2706, "info": {}, "observation": {"remainingOverageTime": 60, "index": 2}, "status": "ACTIVE"}, {"action": "NORTH", "reward": 301, "info": {}, "observation": {"remainingOverageTime": 60, "index": 3}, "status": "DONE"}], [{"action": "WEST", "reward": 2804, "info": {}, "observation": {"remainingOverageTime": 60, "step": 27, "geese": [[11, 12, 13, 14], [], [18, 17, 16, 15, 4, 70], []], "food": [21, 41], "index": 0}, "status": "ACTIVE"}, {"action": "NORTH", "reward": 202, "info": {}, "observation": {"remainingOverageTime": 60, "index": 1}, "status": "DONE"}, {"action": "EAST", "reward": 2806, "info": {}, "observation": {"remainingOverageTime": 60, "index": 2}, "status": "ACTIVE"}, {"action": "NORTH", "reward": 301, "info": {}, "observation": {"remainingOverageTime": 60, "index": 3}, "status": "DONE"}], [{"action": "WEST", "reward": 2905, "info": {}, "observation": {"remainingOverageTime": 60, "step": 28, "geese": [[21, 11, 12, 13, 14], [], [19, 18, 17, 16, 15, 4], []], "food": [41, 34], "index": 0}, "status": "ACTIVE"}, {"action": "NORTH", "reward": 202, "info": {}, "observation": {"remainingOverageTime": 60, "index": 1}, "status": "DONE"}, {"action": "EAST", "reward": 2906, "info": {}, "observation": {"remainingOverageTime": 60, "index": 2}, "status": "ACTIVE"}, {"action": "NORTH", "reward": 301, "info": {}, "observation": {"remainingOverageTime": 60, "index": 3}, "status": "DONE"}], [{"action": "SOUTH", "reward": 3005, "info": {}, "observation": {"remainingOverageTime": 60, "step": 29, "geese": [[32, 21, 11, 12, 13], [], [30, 19, 18, 17, 16, 15], []], "food": [41, 34], "index": 0}, "status": "ACTIVE"}, {"action": "NORTH", "reward": 202, "info": {}, "observation": {"remainingOverageTime": 60, "index": 1}, "status": "DONE"}, {"action": "SOUTH", "reward": 3006, "info": {}, "observation": {"remainingOverageTime": 60, "index": 2}, "status": "ACTIVE"}, {"action": "NORTH", "reward": 301, "info": {}, "observation": {"remainingOverageTime": 60, "index": 3}, "status": "DONE"}], [{"action": "EAST", "reward": 3105, "info": {}, "observation": {"remainingOverageTime": 60, "step": 30, "geese": [[22, 32, 21, 11, 12], [], [41, 30, 19, 18, 17, 16, 15], []], "food": [34, 61], "index": 0}, "status": "ACTIVE"}, {"action": "NORTH", "reward": 202, "info": {}, "observation": {"remainingOverageTime": 60, "index": 1}, "status": "DONE"}, {"action": "SOUTH", "reward": 3107, "info": {}, "observation": {"remainingOverageTime": 60, "index": 2}, "status": "ACTIVE"}, {"action": "NORTH", "reward": 301, "info": {}, "observation": {"remainingOverageTime": 60, "index": 3}, "status": "DONE"}], [{"action": "EAST", "reward": 3205, "info": {}, "observation": {"remainingOverageTime": 60, "step": 31, "geese": [[23, 22, 32, 21, 11], [], [40, 41, 30, 19, 18, 17, 16], []], "food": [34, 61], "index": 0}, "status": "ACTIVE"}, {"action": "NORTH", "reward": 202, "info": {}, "observation": {"remainingOverageTime": 60, "index": 1}, "status": "DONE"}, {"action": "WEST", "reward": 3207, "info": {}, "observation": {"remainingOverageTime": 60, "index": 2}, "status": "ACTIVE"}, {"action": "NORTH", "reward": 301, "info": {}, "observation": {"remainingOverageTime": 60, "index": 3}, "status": "DONE"}], [{"action": "SOUTH", "reward": 3306, "info": {}, "observation": {"remainingOverageTime": 60, "step": 32, "geese": [[34, 23, 22, 32, 21, 11], [], [39, 40, 41, 30, 19, 18, 17], []], "food": [61, 55], "index": 0}, "status": "ACTIVE"}, {"action": "NORTH", "reward": 202, "info": {}, "observation": {"remainingOverageTime": 60, "index": 1}, "status": "DONE"}, {"action": "WEST", "reward": 3307, "info": {}, "observation": {"remainingOverageTime": 60, "index": 2}, "status": "ACTIVE"}, {"action": "NORTH", "reward": 301, "info": {}, "observation": {"remainingOverageTime": 60, "index": 3}, "status": "DONE"}], [{"action": "WEST", "reward": 3406, "info": {}, "observation": {"remainingOverageTime": 60, "step": 33, "geese": [[33, 34, 23, 22, 32, 21], [], [50, 39, 40, 41, 30, 19, 18], []], "food": [61, 55], "index": 0}, "status": "ACTIVE"}, {"action": "NORTH", "reward": 202, "info": {}, "observation": {"remainingOverageTime": 60, "index": 1}, "status": "DONE"}, {"action": "SOUTH", "reward": 3407, "info": {}, "observation": {"remainingOverageTime": 60, "index": 2}, "status": "ACTIVE"}, {"action": "NORTH", "reward": 301, "info": {}, "observation": {"remainingOverageTime": 60, "index": 3}, "status": "DONE"}], [{"action": "SOUTH", "reward": 3506, "info": {}, "observation": {"remainingOverageTime": 60, "step": 34, "geese": [[44, 33, 34, 23, 22, 32], [], [61, 50, 39, 40, 41, 30, 19, 18], []], "food": [55, 62], "index": 0}, "status": "ACTIVE"}, {"action": "NORTH", "reward": 202, "info": {}, "observation": {"remainingOverageTime": 60, "index": 1}, "status": "DONE"}, {"action": "SOUTH", "reward": 3508, "info": {}, "observation": {"remainingOverageTime": 60, "index": 2}, "status": "ACTIVE"}, {"action": "NORTH", "reward": 301, "info": {}, "observation": {"remainingOverageTime": 60, "index": 3}, "status": "DONE"}], [{"action": "SOUTH", "reward": 3607, "info": {}, "observation": {"remainingOverageTime": 60, "step": 35, "geese": [[55, 44, 33, 34, 23, 22, 32], [], [62, 61, 50, 39, 40, 41, 30, 19, 18], []], "food": [8, 60], "index": 0}, "status": "ACTIVE"}, {"action": "NORTH", "reward": 202, "info": {}, "observation": {"remainingOverageTime": 60, "index": 1}, "status": "DONE"}, {"action": "EAST", "reward": 3609, "info": {}, "observation": {"remainingOverageTime": 60, "index": 2}, "status": "ACTIVE"}, {"action": "NORTH", "reward": 301, "info": {}, "observation": {"remainingOverageTime": 60, "index": 3}, "status": "DONE"}], [{"action": "EAST", "reward": 3707, "info": {}, "observation": {"remainingOverageTime": 60, "step": 36, "geese": [[56, 55, 44, 33, 34, 23, 22], [], [63, 62, 61, 50, 39, 40, 41, 30, 19], []], "food": [8, 60], "index": 0}, "status": "ACTIVE"}, {"action": "NORTH", "reward": 202, "info": {}, "observation": {"remainingOverageTime": 60, "index": 1}, "status": "DONE"}, {"action": "EAST", "reward": 3709, "info": {}, "observation": {"remainingOverageTime": 60, "index": 2}, "status": "ACTIVE"}, {"action": "NORTH", "reward": 301, "info": {}, "observation": {"remainingOverageTime": 60, "index": 3}, "status": "DONE"}], [{"action": "EAST", "reward": 3807, "info": {}, "observation": {"remainingOverageTime": 60, "step": 37, "geese": [[57, 56, 55, 44, 33, 34, 23], [], [74, 63, 62, 61, 50, 39, 40, 41, 30], []], "food": [8, 60], "index": 0}, "status": "ACTIVE"}, {"action": "NORTH", "reward": 202, "info": {}, "observation": {"remainingOverageTime": 60, "index": 1}, "status": "DONE"}, {"action": "SOUTH", "reward": 3809, "info": {}, "observation": {"remainingOverageTime": 60, "index": 2}, "status": "ACTIVE"}, {"action": "NORTH", "reward": 301, "info": {}, "observation": {"remainingOverageTime": 60, "index": 3}, "status": "DONE"}], [{"action": "EAST", "reward": 3907, "info": {}, "observation": {"remainingOverageTime": 60, "step": 38, "geese": [[58, 57, 56, 55, 44, 33, 34], [], [8, 74, 63, 62, 61, 50, 39, 40, 41, 30], []], "food": [60, 35], "index": 0}, "status": "ACTIVE"}, {"action": "NORTH", "reward": 202, "info": {}, "observation": {"remainingOverageTime": 60, "index": 1}, "status": "DONE"}, {"action": "SOUTH", "reward": 3910, "info": {}, "observation": {"remainingOverageTime": 60, "index": 2}, "status": "ACTIVE"}, {"action": "NORTH", "reward": 301, "info": {}, "observation": {"remainingOverageTime": 60, "index": 3}, "status": "DONE"}], [{"action": "EAST", "reward": 4007, "info": {}, "observation": {"remainingOverageTime": 60, "step": 39, "geese": [[59, 58, 57, 56, 55, 44, 33], [], [7, 8, 74, 63, 62, 61, 50, 39, 40, 41], []], "food": [60, 35], "index": 0}, "status": "ACTIVE"}, {"action": "NORTH", "reward": 202, "info": {}, "observation": {"remainingOverageTime": 60, "index": 1}, "status": "DONE"}, {"action": "WEST", "reward": 4010, "info": {}, "observation": {"remainingOverageTime": 60, "index": 2}, "status": "ACTIVE"}, {"action": "NORTH", "reward": 301, "info": {}, "observation": {"remainingOverageTime": 60, "index": 3}, "status": "DONE"}], [{"action": "EAST", "reward": 4107, "info": {}, "observation": {"remainingOverageTime": 60, "step": 40, "geese": [[60, 59, 58, 57, 56, 55, 44], [], [6, 7, 8, 74, 63, 62, 61, 50, 39], []], "food": [35, 28], "index": 0}, "status": "ACTIVE"}, {"action": "NORTH", "reward": 202, "info": {}, "observation": {"remainingOverageTime": 60, "index": 1}, "status": "DONE"}, {"action": "WEST", "reward": 4109, "info": {}, "observation": {"remainingOverageTime": 60, "index": 2}, "status": "ACTIVE"}, {"action": "NORTH", "reward": 301, "info": {}, "observation": {"remainingOverageTime": 60, "index": 3}, "status": "DONE"}], [{"action": "NORTH", "reward": 4207, "info": {}, "observation": {"remainingOverageTime": 60, "step": 41, "geese": [[49, 60, 59, 58, 57, 56, 55], [], [17, 6, 7, 8, 74, 63, 62, 61, 50], []], "food": [35, 28], "index": 0}, "status": "ACTIVE"}, {"action": "NORTH", "reward": 202, "info": {}, "observation": {"remainingOverageTime": 60, "index": 1}, "status": "DONE"}, {"action": "SOUTH", "reward": 4209, "info": {}, "observation": {"remainingOverageTime": 60, "index": 2}, "status": "ACTIVE"}, {"action": "NORTH", "reward": 301, "info": {}, "observation": {"remainingOverageTime": 60, "index": 3}, "status": "DONE"}], [{"action": "NORTH", "reward": 4307, "info": {}, "observation": {"remainingOverageTime": 60, "step": 42, "geese": [[38, 49, 60, 59, 58, 57, 56], [], [28, 17, 6, 7, 8, 74, 63, 62, 61, 50], []], "food": [35, 25], "index": 0}, "status": "ACTIVE"}, {"action": "NORTH", "reward": 202, "info": {}, "observation": {"remainingOverageTime": 60, "index": 1}, "status": "DONE"}, {"action": "SOUTH", "reward": 4310, "info": {}, "observation": {"remainingOverageTime": 60, "index": 2}, "status": "ACTIVE"}, {"action": "NORTH", "reward": 301, "info": {}, "observation": {"remainingOverageTime": 60, "index": 3}, "status": "DONE"}], [{"action": "WEST", "reward": 4407, "info": {}, "observation": {"remainingOverageTime": 60, "step": 43, "geese": [[37, 38, 49, 60, 59, 58, 57], [], [29, 28, 17, 6, 7, 8, 74, 63, 62, 61], []], "food": [35, 25], "index": 0}, "status": "ACTIVE"}, {"action": "NORTH", "reward": 202, "info": {}, "observation": {"remainingOverageTime": 60, "index": 1}, "status": "DONE"}, {"action": "EAST", "reward": 4410, "info": {}, "observation": {"remainingOverageTime": 60, "index": 2}, "status": "ACTIVE"}, {"action": "NORTH", "reward": 301, "info": {}, "observation": {"remainingOverageTime": 60, "index": 3}, "status": "DONE"}], [{"action": "NORTH", "reward": 4507, "info": {}, "observation": {"remainingOverageTime": 60, "step": 44, "geese": [[26, 37, 38, 49, 60, 59, 58], [], [30, 29, 28, 17, 6, 7, 8, 74, 63, 62], []], "food": [35, 25], "index": 0}, "status": "ACTIVE"}, {"action": "NORTH", "reward": 202, "info": {}, "observation": {"remainingOverageTime": 60, "index": 1}, "status": "DONE"}, {"action": "EAST", "reward": 4510, "info": {}, "observation": {"remainingOverageTime": 60, "index": 2}, "status": "ACTIVE"}, {"action": "NORTH", "reward": 301, "info": {}, "observation": {"remainingOverageTime": 60, "index": 3}, "status": "DONE"}], [{"action": "WEST", "reward": 4608, "info": {}, "observation": {"remainingOverageTime": 60, "step": 45, "geese": [[25, 26, 37, 38, 49, 60, 59, 58], [], [31, 30, 29, 28, 17, 6, 7, 8, 74, 63], []], "food": [35, 65], "index": 0}, "status": "ACTIVE"}, {"action": "NORTH", "reward": 202, "info": {}, "observation": {"remainingOverageTime": 60, "index": 1}, "status": "DONE"}, {"action": "EAST", "reward": 4610, "info": {}, "observation": {"remainingOverageTime": 60, "index": 2}, "status": "ACTIVE"}, {"action": "NORTH", "reward": 301, "info": {}, "observation": {"remainingOverageTime": 60, "index": 3}, "status": "DONE"}], [{"action": "WEST", "reward": 4708, "info": {}, "observation": {"remainingOverageTime": 60, "step": 46, "geese": [[24, 25, 26, 37, 38, 49, 60, 59], [], [32, 31, 30, 29, 28, 17, 6, 7, 8, 74], []], "food": [35, 65], "index": 0}, "status": "ACTIVE"}, {"action": "NORTH", "reward": 202, "info": {}, "observation": {"remainingOverageTime": 60, "index": 1}, "status": "DONE"}, {"action": "EAST", "reward": 4710, "info": {}, "observation": {"remainingOverageTime": 60, "index": 2}, "status": "ACTIVE"}, {"action": "NORTH", "reward": 301, "info": {}, "observation": {"remainingOverageTime": 60, "index": 3}, "status": "DONE"}], [{"action": "SOUTH", "reward": 4809, "info": {}, "observation": {"remainingOverageTime": 60, "step": 47, "geese": [[35, 24, 25, 26, 37, 38, 49, 60, 59], [], [43, 32, 31, 30, 29, 28, 17, 6, 7, 8], []], "food": [65, 4], "index": 0}, "status": "ACTIVE"}, {"action": "NORTH", "reward": 202, "info": {}, "observation": {"remainingOverageTime": 60, "index": 1}, "status": "DONE"}, {"action": "SOUTH", "reward": 4810, "info": {}, "observation": {"remainingOverageTime": 60, "index": 2}, "status": "ACTIVE"}, {"action": "NORTH", "reward": 301, "info": {}, "observation": {"remainingOverageTime": 60, "index": 3}, "status": "DONE"}], [{"action": "WEST", "reward": 4909, "info": {}, "observation": {"remainingOverageTime": 60, "step": 48, "geese": [[34, 35, 24, 25, 26, 37, 38, 49, 60], [], [54, 43, 32, 31, 30, 29, 28, 17, 6, 7], []], "food": [65, 4], "index": 0}, "status": "ACTIVE"}, {"action": "NORTH", "reward": 202, "info": {}, "observation": {"remainingOverageTime": 60, "index": 1}, "status": "DONE"}, {"action": "SOUTH", "reward": 4910, "info": {}, "observation": {"remainingOverageTime": 60, "index": 2}, "status": "ACTIVE"}, {"action": "NORTH", "reward": 301, "info": {}, "observation": {"remainingOverageTime": 60, "index": 3}, "status": "DONE"}], [{"action": "NORTH", "reward": 5009, "info": {}, "observation": {"remainingOverageTime": 60, "step": 49, "geese": [[23, 34, 35, 24, 25, 26, 37, 38, 49], [], [65, 54, 43, 32, 31, 30, 29, 28, 17, 6, 7], []], "food": [4, 8], "index": 0}, "status": "ACTIVE"}, {"action": "NORTH", "reward": 202, "info": {}, "observation": {"remainingOverageTime": 60, "index": 1}, "status": "DONE"}, {"action": "SOUTH", "reward": 5011, "info": {}, "observation": {"remainingOverageTime": 60, "index": 2}, "status": "ACTIVE"}, {"action": "NORTH", "reward": 301, "info": {}, "observation": {"remainingOverageTime": 60, "index": 3}, "status": "DONE"}], [{"action": "NORTH", "reward": 5109, "info": {}, "observation": {"remainingOverageTime": 60, "step": 50, "geese": [[12, 23, 34, 35, 24, 25, 26, 37, 38], [], [64, 65, 54, 43, 32, 31, 30, 29, 28, 17, 6], []], "food": [4, 8], "index": 0}, "status": "ACTIVE"}, {"action": "NORTH", "reward": 202, "info": {}, "observation": {"remainingOverageTime": 60, "index": 1}, "status": "DONE"}, {"action": "WEST", "reward": 5111, "info": {}, "observation": {"remainingOverageTime": 60, "index": 2}, "status": "ACTIVE"}, {"action": "NORTH", "reward": 301, "info": {}, "observation": {"remainingOverageTime": 60, "index": 3}, "status": "DONE"}], [{"action": "EAST", "reward": 5209, "info": {}, "observation": {"remainingOverageTime": 60, "step": 51, "geese": [[13, 12, 23, 34, 35, 24, 25, 26, 37], [], [63, 64, 65, 54, 43, 32, 31, 30, 29, 28, 17], []], "food": [4, 8], "index": 0}, "status": "ACTIVE"}, {"action": "NORTH", "reward": 202, "info": {}, "observation": {"remainingOverageTime": 60, "index": 1}, "status": "DONE"}, {"action": "WEST", "reward": 5211, "info": {}, "observation": {"remainingOverageTime": 60, "index": 2}, "status": "ACTIVE"}, {"action": "NORTH", "reward": 301, "info": {}, "observation": {"remainingOverageTime": 60, "index": 3}, "status": "DONE"}], [{"action": "EAST", "reward": 5309, "info": {}, "observation": {"remainingOverageTime": 60, "step": 52, "geese": [[14, 13, 12, 23, 34, 35, 24, 25, 26], [], [74, 63, 64, 65, 54, 43, 32, 31, 30, 29, 28], []], "food": [4, 8], "index": 0}, "status": "ACTIVE"}, {"action": "NORTH", "reward": 202, "info": {}, "observation": {"remainingOverageTime": 60, "index": 1}, "status": "DONE"}, {"action": "SOUTH", "reward": 5311, "info": {}, "observation": {"remainingOverageTime": 60, "index": 2}, "status": "ACTIVE"}, {"action": "NORTH", "reward": 301, "info": {}, "observation": {"remainingOverageTime": 60, "index": 3}, "status": "DONE"}], [{"action": "EAST", "reward": 5409, "info": {}, "observation": {"remainingOverageTime": 60, "step": 53, "geese": [[15, 14, 13, 12, 23, 34, 35, 24, 25], [], [8, 74, 63, 64, 65, 54, 43, 32, 31, 30, 29, 28], []], "food": [4, 9], "index": 0}, "status": "ACTIVE"}, {"action": "NORTH", "reward": 202, "info": {}, "observation": {"remainingOverageTime": 60, "index": 1}, "status": "DONE"}, {"action": "SOUTH", "reward": 5412, "info": {}, "observation": {"remainingOverageTime": 60, "index": 2}, "status": "ACTIVE"}, {"action": "NORTH", "reward": 301, "info": {}, "observation": {"remainingOverageTime": 60, "index": 3}, "status": "DONE"}], [{"action": "NORTH", "reward": 5510, "info": {}, "observation": {"remainingOverageTime": 60, "step": 54, "geese": [[4, 15, 14, 13, 12, 23, 34, 35, 24, 25], [], [9, 8, 74, 63, 64, 65, 54, 43, 32, 31, 30, 29, 28], []], "food": [5, 47], "index": 0}, "status": "ACTIVE"}, {"action": "NORTH", "reward": 202, "info": {}, "observation": {"remainingOverageTime": 60, "index": 1}, "status": "DONE"}, {"action": "EAST", "reward": 5513, "info": {}, "observation": {"remainingOverageTime": 60, "index": 2}, "status": "ACTIVE"}, {"action": "NORTH", "reward": 301, "info": {}, "observation": {"remainingOverageTime": 60, "index": 3}, "status": "DONE"}], [{"action": "EAST", "reward": 5611, "info": {}, "observation": {"remainingOverageTime": 60, "step": 55, "geese": [[5, 4, 15, 14, 13, 12, 23, 34, 35, 24, 25], [], [10, 9, 8, 74, 63, 64, 65, 54, 43, 32, 31, 30, 29], []], "food": [47, 50], "index": 0}, "status": "ACTIVE"}, {"action": "NORTH", "reward": 202, "info": {}, "observation": {"remainingOverageTime": 60, "index": 1}, "status": "DONE"}, {"action": "EAST", "reward": 5613, "info": {}, "observation": {"remainingOverageTime": 60, "index": 2}, "status": "ACTIVE"}, {"action": "NORTH", "reward": 301, "info": {}, "observation": {"remainingOverageTime": 60, "index": 3}, "status": "DONE"}], [{"action": "EAST", "reward": 5711, "info": {}, "observation": {"remainingOverageTime": 60, "step": 56, "geese": [[6, 5, 4, 15, 14, 13, 12, 23, 34, 35, 24], [], [0, 10, 9, 8, 74, 63, 64, 65, 54, 43, 32, 31, 30], []], "food": [47, 50], "index": 0}, "status": "ACTIVE"}, {"action": "NORTH", "reward": 202, "info": {}, "observation": {"remainingOverageTime": 60, "index": 1}, "status": "DONE"}, {"action": "EAST", "reward": 5713, "info": {}, "observation": {"remainingOverageTime": 60, "index": 2}, "status": "ACTIVE"}, {"action": "NORTH", "reward": 301, "info": {}, "observation": {"remainingOverageTime": 60, "index": 3}, "status": "DONE"}], [{"action": "NORTH", "reward": 5811, "info": {}, "observation": {"remainingOverageTime": 60, "step": 57, "geese": [[72, 6, 5, 4, 15, 14, 13, 12, 23, 34, 35], [], [1, 0, 10, 9, 8, 74, 63, 64, 65, 54, 43, 32, 31], []], "food": [47, 50], "index": 0}, "status": "ACTIVE"}, {"action": "NORTH", "reward": 202, "info": {}, "observation": {"remainingOverageTime": 60, "index": 1}, "status": "DONE"}, {"action": "EAST", "reward": 5813, "info": {}, "observation": {"remainingOverageTime": 60, "index": 2}, "status": "ACTIVE"}, {"action": "NORTH", "reward": 301, "info": {}, "observation": {"remainingOverageTime": 60, "index": 3}, "status": "DONE"}], [{"action": "NORTH", "reward": 5911, "info": {}, "observation": {"remainingOverageTime": 60, "step": 58, "geese": [[61, 72, 6, 5, 4, 15, 14, 13, 12, 23, 34], [], [2, 1, 0, 10, 9, 8, 74, 63, 64, 65, 54, 43, 32], []], "food": [47, 50], "index": 0}, "status": "ACTIVE"}, {"action": "NORTH", "reward": 202, "info": {}, "observation": {"remainingOverageTime": 60, "index": 1}, "status": "DONE"}, {"action": "EAST", "reward": 5913, "info": {}, "observation": {"remainingOverageTime": 60, "index": 2}, "status": "ACTIVE"}, {"action": "NORTH", "reward": 301, "info": {}, "observation": {"remainingOverageTime": 60, "index": 3}, "status": "DONE"}], [{"action": "NORTH", "reward": 6012, "info": {}, "observation": {"remainingOverageTime": 60, "step": 59, "geese": [[50, 61, 72, 6, 5, 4, 15, 14, 13, 12, 23, 34], [], [3, 2, 1, 0, 10, 9, 8, 74, 63, 64, 65, 54, 43], []], "food": [47, 26], "index": 0}, "status": "ACTIVE"}, {"action": "NORTH", "reward": 202, "info": {}, "observation": {"remainingOverageTime": 60, "index": 1}, "status": "DONE"}, {"action": "EAST", "reward": 6013, "info": {}, "observation": {"remainingOverageTime": 60, "index": 2}, "status": "ACTIVE"}, {"action": "NORTH", "reward": 301, "info": {}, "observation": {"remainingOverageTime": 60, "index": 3}, "status": "DONE"}], [{"action": "WEST", "reward": 6112, "info": {}, "observation": {"remainingOverageTime": 60, "step": 60, "geese": [[49, 50, 61, 72, 6, 5, 4, 15, 14, 13, 12, 23], [], [69, 3, 2, 1, 0, 10, 9, 8, 74, 63, 64, 65, 54], []], "food": [47, 26], "index": 0}, "status": "ACTIVE"}, {"action": "NORTH", "reward": 202, "info": {}, "observation": {"remainingOverageTime": 60, "index": 1}, "status": "DONE"}, {"action": "NORTH", "reward": 6113, "info": {}, "observation": {"remainingOverageTime": 60, "index": 2}, "status": "ACTIVE"}, {"action": "NORTH", "reward": 301, "info": {}, "observation": {"remainingOverageTime": 60, "index": 3}, "status": "DONE"}], [{"action": "WEST", "reward": 6212, "info": {}, "observation": {"remainingOverageTime": 60, "step": 61, "geese": [[48, 49, 50, 61, 72, 6, 5, 4, 15, 14, 13, 12], [], [58, 69, 3, 2, 1, 0, 10, 9, 8, 74, 63, 64, 65], []], "food": [47, 26], "index": 0}, "status": "ACTIVE"}, {"action": "NORTH", "reward": 202, "info": {}, "observation": {"remainingOverageTime": 60, "index": 1}, "status": "DONE"}, {"action": "NORTH", "reward": 6213, "info": {}, "observation": {"remainingOverageTime": 60, "index": 2}, "status": "ACTIVE"}, {"action": "NORTH", "reward": 301, "info": {}, "observation": {"remainingOverageTime": 60, "index": 3}, "status": "DONE"}], [{"action": "NORTH", "reward": 6312, "info": {}, "observation": {"remainingOverageTime": 60, "step": 62, "geese": [[37, 48, 49, 50, 61, 72, 6, 5, 4, 15, 14, 13], [], [57, 58, 69, 3, 2, 1, 0, 10, 9, 8, 74, 63, 64], []], "food": [47, 26], "index": 0}, "status": "ACTIVE"}, {"action": "NORTH", "reward": 202, "info": {}, "observation": {"remainingOverageTime": 60, "index": 1}, "status": "DONE"}, {"action": "WEST", "reward": 6313, "info": {}, "observation": {"remainingOverageTime": 60, "index": 2}, "status": "ACTIVE"}, {"action": "NORTH", "reward": 301, "info": {}, "observation": {"remainingOverageTime": 60, "index": 3}, "status": "DONE"}], [{"action": "NORTH", "reward": 6413, "info": {}, "observation": {"remainingOverageTime": 60, "step": 63, "geese": [[26, 37, 48, 49, 50, 61, 72, 6, 5, 4, 15, 14, 13], [], [46, 57, 58, 69, 3, 2, 1, 0, 10, 9, 8, 74, 63], []], "food": [47, 52], "index": 0}, "status": "ACTIVE"}, {"action": "NORTH", "reward": 202, "info": {}, "observation": {"remainingOverageTime": 60, "index": 1}, "status": "DONE"}, {"action": "NORTH", "reward": 6413, "info": {}, "observation": {"remainingOverageTime": 60, "index": 2}, "status": "ACTIVE"}, {"action": "NORTH", "reward": 301, "info": {}, "observation": {"remainingOverageTime": 60, "index": 3}, "status": "DONE"}], [{"action": "EAST", "reward": 6513, "info": {}, "observation": {"remainingOverageTime": 60, "step": 64, "geese": [[27, 26, 37, 48, 49, 50, 61, 72, 6, 5, 4, 15, 14], [], [47, 46, 57, 58, 69, 3, 2, 1, 0, 10, 9, 8, 74, 63], []], "food": [52, 33], "index": 0}, "status": "ACTIVE"}, {"action": "NORTH", "reward": 202, "info": {}, "observation": {"remainingOverageTime": 60, "index": 1}, "status": "DONE"}, {"action": "EAST", "reward": 6514, "info": {}, "observation": {"remainingOverageTime": 60, "index": 2}, "status": "ACTIVE"}, {"action": "NORTH", "reward": 301, "info": {}, "observation": {"remainingOverageTime": 60, "index": 3}, "status": "DONE"}], [{"action": "EAST", "reward": 6613, "info": {}, "observation": {"remainingOverageTime": 60, "step": 65, "geese": [[28, 27, 26, 37, 48, 49, 50, 61, 72, 6, 5, 4, 15], [], [36, 47, 46, 57, 58, 69, 3, 2, 1, 0, 10, 9, 8, 74], []], "food": [52, 33], "index": 0}, "status": "ACTIVE"}, {"action": "NORTH", "reward": 202, "info": {}, "observation": {"remainingOverageTime": 60, "index": 1}, "status": "DONE"}, {"action": "NORTH", "reward": 6614, "info": {}, "observation": {"remainingOverageTime": 60, "index": 2}, "status": "ACTIVE"}, {"action": "NORTH", "reward": 301, "info": {}, "observation": {"remainingOverageTime": 60, "index": 3}, "status": "DONE"}], [{"action": "EAST", "reward": 6713, "info": {}, "observation": {"remainingOverageTime": 60, "step": 66, "geese": [[29, 28, 27, 26, 37, 48, 49, 50, 61, 72, 6, 5, 4], [], [35, 36, 47, 46, 57, 58, 69, 3, 2, 1, 0, 10, 9, 8], []], "food": [52, 33], "index": 0}, "status": "ACTIVE"}, {"action": "NORTH", "reward": 202, "info": {}, "observation": {"remainingOverageTime": 60, "index": 1}, "status": "DONE"}, {"action": "WEST", "reward": 6714, "info": {}, "observation": {"remainingOverageTime": 60, "index": 2}, "status": "ACTIVE"}, {"action": "NORTH", "reward": 301, "info": {}, "observation": {"remainingOverageTime": 60, "index": 3}, "status": "DONE"}], [{"action": "EAST", "reward": 6813, "info": {}, "observation": {"remainingOverageTime": 60, "step": 67, "geese": [[30, 29, 28, 27, 26, 37, 48, 49, 50, 61, 72, 6, 5], [], [34, 35, 36, 47, 46, 57, 58, 69, 3, 2, 1, 0, 10, 9], []], "food": [52, 33], "index": 0}, "status": "ACTIVE"}, {"action": "NORTH", "reward": 202, "info": {}, "observation": {"remainingOverageTime": 60, "index": 1}, "status": "DONE"}, {"action": "WEST", "reward": 6814, "info": {}, "observation": {"remainingOverageTime": 60, "index": 2}, "status": "ACTIVE"}, {"action": "NORTH", "reward": 301, "info": {}, "observation": {"remainingOverageTime": 60, "index": 3}, "status": "DONE"}], [{"action": "SOUTH", "reward": 6913, "info": {}, "observation": {"remainingOverageTime": 60, "step": 68, "geese": [[41, 30, 29, 28, 27, 26, 37, 48, 49, 50, 61, 72, 6], [], [33, 34, 35, 36, 47, 46, 57, 58, 69, 3, 2, 1, 0, 10, 9], []], "food": [52, 53], "index": 0}, "status": "ACTIVE"}, {"action": "NORTH", "reward": 202, "info": {}, "observation": {"remainingOverageTime": 60, "index": 1}, "status": "DONE"}, {"action": "WEST", "reward": 6915, "info": {}, "observation": {"remainingOverageTime": 60, "index": 2}, "status": "ACTIVE"}, {"action": "NORTH", "reward": 301, "info": {}, "observation": {"remainingOverageTime": 60, "index": 3}, "status": "DONE"}], [{"action": "SOUTH", "reward": 7014, "info": {}, "observation": {"remainingOverageTime": 60, "step": 69, "geese": [[52, 41, 30, 29, 28, 27, 26, 37, 48, 49, 50, 61, 72, 6], [], [43, 33, 34, 35, 36, 47, 46, 57, 58, 69, 3, 2, 1, 0, 10], []], "food": [53, 31], "index": 0}, "status": "ACTIVE"}, {"action": "NORTH", "reward": 202, "info": {}, "observation": {"remainingOverageTime": 60, "index": 1}, "status": "DONE"}, {"action": "WEST", "reward": 7015, "info": {}, "observation": {"remainingOverageTime": 60, "index": 2}, "status": "ACTIVE"}, {"action": "NORTH", "reward": 301, "info": {}, "observation": {"remainingOverageTime": 60, "index": 3}, "status": "DONE"}], [{"action": "EAST", "reward": 7115, "info": {}, "observation": {"remainingOverageTime": 60, "step": 70, "geese": [[53, 52, 41, 30, 29, 28, 27, 26, 37, 48, 49, 50, 61, 72, 6], [], [32, 43, 33, 34, 35, 36, 47, 46, 57, 58, 69, 3, 2, 1, 0], []], "food": [31, 8], "index": 0}, "status": "ACTIVE"}, {"action": "NORTH", "reward": 202, "info": {}, "observation": {"remainingOverageTime": 60, "index": 1}, "status": "DONE"}, {"action": "NORTH", "reward": 7115, "info": {}, "observation": {"remainingOverageTime": 60, "index": 2}, "status": "ACTIVE"}, {"action": "NORTH", "reward": 301, "info": {}, "observation": {"remainingOverageTime": 60, "index": 3}, "status": "DONE"}], [{"action": "SOUTH", "reward": 7215, "info": {}, "observation": {"remainingOverageTime": 60, "step": 71, "geese": [[64, 53, 52, 41, 30, 29, 28, 27, 26, 37, 48, 49, 50, 61, 72], [], [31, 32, 43, 33, 34, 35, 36, 47, 46, 57, 58, 69, 3, 2, 1, 0], []], "food": [8, 73], "index": 0}, "status": "ACTIVE"}, {"action": "NORTH", "reward": 202, "info": {}, "observation": {"remainingOverageTime": 60, "index": 1}, "status": "DONE"}, {"action": "WEST", "reward": 7216, "info": {}, "observation": {"remainingOverageTime": 60, "index": 2}, "status": "ACTIVE"}, {"action": "NORTH", "reward": 301, "info": {}, "observation": {"remainingOverageTime": 60, "index": 3}, "status": "DONE"}], [{"action": "WEST", "reward": 7315, "info": {}, "observation": {"remainingOverageTime": 60, "step": 72, "geese": [[63, 64, 53, 52, 41, 30, 29, 28, 27, 26, 37, 48, 49, 50, 61], [], [20, 31, 32, 43, 33, 34, 35, 36, 47, 46, 57, 58, 69, 3, 2, 1], []], "food": [8, 73], "index": 0}, "status": "ACTIVE"}, {"action": "NORTH", "reward": 202, "info": {}, "observation": {"remainingOverageTime": 60, "index": 1}, "status": "DONE"}, {"action": "NORTH", "reward": 7316, "info": {}, "observation": {"remainingOverageTime": 60, "index": 2}, "status": "ACTIVE"}, {"action": "NORTH", "reward": 301, "info": {}, "observation": {"remainingOverageTime": 60, "index": 3}, "status": "DONE"}], [{"action": "WEST", "reward": 7415, "info": {}, "observation": {"remainingOverageTime": 60, "step": 73, "geese": [[62, 63, 64, 53, 52, 41, 30, 29, 28, 27, 26, 37, 48, 49, 50], [], [9, 20, 31, 32, 43, 33, 34, 35, 36, 47, 46, 57, 58, 69, 3, 2], []], "food": [8, 73], "index": 0}, "status": "ACTIVE"}, {"action": "NORTH", "reward": 202, "info": {}, "observation": {"remainingOverageTime": 60, "index": 1}, "status": "DONE"}, {"action": "NORTH", "reward": 7416, "info": {}, "observation": {"remainingOverageTime": 60, "index": 2}, "status": "ACTIVE"}, {"action": "NORTH", "reward": 301, "info": {}, "observation": {"remainingOverageTime": 60, "index": 3}, "status": "DONE"}], [{"action": "SOUTH", "reward": 7516, "info": {}, "observation": {"remainingOverageTime": 60, "step": 74, "geese": [[73, 62, 63, 64, 53, 52, 41, 30, 29, 28, 27, 26, 37, 48, 49, 50], [], [8, 9, 20, 31, 32, 43, 33, 34, 35, 36, 47, 46, 57, 58, 69, 3, 2], []], "food": [76, 38], "index": 0}, "status": "ACTIVE"}, {"action": "NORTH", "reward": 202, "info": {}, "observation": {"remainingOverageTime": 60, "index": 1}, "status": "DONE"}, {"action": "WEST", "reward": 7517, "info": {}, "observation": {"remainingOverageTime": 60, "index": 2}, "status": "ACTIVE"}, {"action": "NORTH", "reward": 301, "info": {}, "observation": {"remainingOverageTime": 60, "index": 3}, "status": "DONE"}], [{"action": "WEST", "reward": 7616, "info": {}, "observation": {"remainingOverageTime": 60, "step": 75, "geese": [[72, 73, 62, 63, 64, 53, 52, 41, 30, 29, 28, 27, 26, 37, 48, 49], [], [19, 8, 9, 20, 31, 32, 43, 33, 34, 35, 36, 47, 46, 57, 58, 69, 3], []], "food": [76, 38], "index": 0}, "status": "ACTIVE"}, {"action": "NORTH", "reward": 202, "info": {}, "observation": {"remainingOverageTime": 60, "index": 1}, "status": "DONE"}, {"action": "SOUTH", "reward": 7617, "info": {}, "observation": {"remainingOverageTime": 60, "index": 2}, "status": "ACTIVE"}, {"action": "NORTH", "reward": 301, "info": {}, "observation": {"remainingOverageTime": 60, "index": 3}, "status": "DONE"}], [{"action": "NORTH", "reward": 7716, "info": {}, "observation": {"remainingOverageTime": 60, "step": 76, "geese": [[61, 72, 73, 62, 63, 64, 53, 52, 41, 30, 29, 28, 27, 26, 37, 48], [], [18, 19, 8, 9, 20, 31, 32, 43, 33, 34, 35, 36, 47, 46, 57, 58, 69], []], "food": [76, 38], "index": 0}, "status": "ACTIVE"}, {"action": "NORTH", "reward": 202, "info": {}, "observation": {"remainingOverageTime": 60, "index": 1}, "status": "DONE"}, {"action": "WEST", "reward": 7717, "info": {}, "observation": {"remainingOverageTime": 60, "index": 2}, "status": "ACTIVE"}, {"action": "NORTH", "reward": 301, "info": {}, "observation": {"remainingOverageTime": 60, "index": 3}, "status": "DONE"}], [{"action": "NORTH", "reward": 7816, "info": {}, "observation": {"remainingOverageTime": 60, "step": 77, "geese": [[50, 61, 72, 73, 62, 63, 64, 53, 52, 41, 30, 29, 28, 27, 26, 37], [], [7, 18, 19, 8, 9, 20, 31, 32, 43, 33, 34, 35, 36, 47, 46, 57, 58], []], "food": [76, 38], "index": 0}, "status": "ACTIVE"}, {"action": "NORTH", "reward": 202, "info": {}, "observation": {"remainingOverageTime": 60, "index": 1}, "status": "DONE"}, {"action": "NORTH", "reward": 7817, "info": {}, "observation": {"remainingOverageTime": 60, "index": 2}, "status": "ACTIVE"}, {"action": "NORTH", "reward": 301, "info": {}, "observation": {"remainingOverageTime": 60, "index": 3}, "status": "DONE"}], [{"action": "NORTH", "reward": 7916, "info": {}, "observation": {"remainingOverageTime": 60, "step": 78, "geese": [[39, 50, 61, 72, 73, 62, 63, 64, 53, 52, 41, 30, 29, 28, 27, 26], [], [6, 7, 18, 19, 8, 9, 20, 31, 32, 43, 33, 34, 35, 36, 47, 46, 57], []], "food": [76, 38], "index": 0}, "status": "ACTIVE"}, {"action": "NORTH", "reward": 202, "info": {}, "observation": {"remainingOverageTime": 60, "index": 1}, "status": "DONE"}, {"action": "WEST", "reward": 7917, "info": {}, "observation": {"remainingOverageTime": 60, "index": 2}, "status": "ACTIVE"}, {"action": "NORTH", "reward": 301, "info": {}, "observation": {"remainingOverageTime": 60, "index": 3}, "status": "DONE"}], [{"action": "WEST", "reward": 8017, "info": {}, "observation": {"remainingOverageTime": 60, "step": 79, "geese": [[38, 39, 50, 61, 72, 73, 62, 63, 64, 53, 52, 41, 30, 29, 28, 27, 26], [], [5, 6, 7, 18, 19, 8, 9, 20, 31, 32, 43, 33, 34, 35, 36, 47, 46], []], "food": [76, 2], "index": 0}, "status": "ACTIVE"}, {"action": "NORTH", "reward": 202, "info": {}, "observation": {"remainingOverageTime": 60, "index": 1}, "status": "DONE"}, {"action": "WEST", "reward": 8017, "info": {}, "observation": {"remainingOverageTime": 60, "index": 2}, "status": "ACTIVE"}, {"action": "NORTH", "reward": 301, "info": {}, "observation": {"remainingOverageTime": 60, "index": 3}, "status": "DONE"}], [{"action": "WEST", "reward": 8116, "info": {}, "observation": {"remainingOverageTime": 60, "step": 80, "geese": [[37, 38, 39, 50, 61, 72, 73, 62, 63, 64, 53, 52, 41, 30, 29, 28], [], [4, 5, 6, 7, 18, 19, 8, 9, 20, 31, 32, 43, 33, 34, 35, 36], []], "food": [76, 2], "index": 0}, "status": "ACTIVE"}, {"action": "NORTH", "reward": 202, "info": {}, "observation": {"remainingOverageTime": 60, "index": 1}, "status": "DONE"}, {"action": "WEST", "reward": 8116, "info": {}, "observation": {"remainingOverageTime": 60, "index": 2}, "status": "ACTIVE"}, {"action": "NORTH", "reward": 301, "info": {}, "observation": {"remainingOverageTime": 60, "index": 3}, "status": "DONE"}], [{"action": "NORTH", "reward": 8216, "info": {}, "observation": {"remainingOverageTime": 60, "step": 81, "geese": [[26, 37, 38, 39, 50, 61, 72, 73, 62, 63, 64, 53, 52, 41, 30, 29], [], [3, 4, 5, 6, 7, 18, 19, 8, 9, 20, 31, 32, 43, 33, 34, 35], []], "food": [76, 2], "index": 0}, "status": "ACTIVE"}, {"action": "NORTH", "reward": 202, "info": {}, "observation": {"remainingOverageTime": 60, "index": 1}, "status": "DONE"}, {"action": "WEST", "reward": 8216, "info": {}, "observation": {"remainingOverageTime": 60, "index": 2}, "status": "ACTIVE"}, {"action": "NORTH", "reward": 301, "info": {}, "observation": {"remainingOverageTime": 60, "index": 3}, "status": "DONE"}], [{"action": "WEST", "reward": 8316, "info": {}, "observation": {"remainingOverageTime": 60, "step": 82, "geese": [[25, 26, 37, 38, 39, 50, 61, 72, 73, 62, 63, 64, 53, 52, 41, 30], [], [2, 3, 4, 5, 6, 7, 18, 19, 8, 9, 20, 31, 32, 43, 33, 34, 35], []], "food": [76, 17], "index": 0}, "status": "ACTIVE"}, {"action": "NORTH", "reward": 202, "info": {}, "observation": {"remainingOverageTime": 60, "index": 1}, "status": "DONE"}, {"action": "WEST", "reward": 8317, "info": {}, "observation": {"remainingOverageTime": 60, "index": 2}, "status": "ACTIVE"}, {"action": "NORTH", "reward": 301, "info": {}, "observation": {"remainingOverageTime": 60, "index": 3}, "status": "DONE"}], [{"action": "NORTH", "reward": 8416, "info": {}, "observation": {"remainingOverageTime": 60, "step": 83, "geese": [[14, 25, 26, 37, 38, 39, 50, 61, 72, 73, 62, 63, 64, 53, 52, 41], [], [68, 2, 3, 4, 5, 6, 7, 18, 19, 8, 9, 20, 31, 32, 43, 33, 34], []], "food": [76, 17], "index": 0}, "status": "ACTIVE"}, {"action": "NORTH", "reward": 202, "info": {}, "observation": {"remainingOverageTime": 60, "index": 1}, "status": "DONE"}, {"action": "NORTH", "reward": 8417, "info": {}, "observation": {"remainingOverageTime": 60, "index": 2}, "status": "ACTIVE"}, {"action": "NORTH", "reward": 301, "info": {}, "observation": {"remainingOverageTime": 60, "index": 3}, "status": "DONE"}], [{"action": "EAST", "reward": 8516, "info": {}, "observation": {"remainingOverageTime": 60, "step": 84, "geese": [[15, 14, 25, 26, 37, 38, 39, 50, 61, 72, 73, 62, 63, 64, 53, 52], [], [67, 68, 2, 3, 4, 5, 6, 7, 18, 19, 8, 9, 20, 31, 32, 43, 33], []], "food": [76, 17], "index": 0}, "status": "ACTIVE"}, {"action": "NORTH", "reward": 202, "info": {}, "observation": {"remainingOverageTime": 60, "index": 1}, "status": "DONE"}, {"action": "WEST", "reward": 8517, "info": {}, "observation": {"remainingOverageTime": 60, "index": 2}, "status": "ACTIVE"}, {"action": "NORTH", "reward": 301, "info": {}, "observation": {"remainingOverageTime": 60, "index": 3}, "status": "DONE"}], [{"action": "EAST", "reward": 8616, "info": {}, "observation": {"remainingOverageTime": 60, "step": 85, "geese": [[16, 15, 14, 25, 26, 37, 38, 39, 50, 61, 72, 73, 62, 63, 64, 53], [], [66, 67, 68, 2, 3, 4, 5, 6, 7, 18, 19, 8, 9, 20, 31, 32, 43], []], "food": [76, 17], "index": 0}, "status": "ACTIVE"}, {"action": "NORTH", "reward": 202, "info": {}, "observation": {"remainingOverageTime": 60, "index": 1}, "status": "DONE"}, {"action": "WEST", "reward": 8617, "info": {}, "observation": {"remainingOverageTime": 60, "index": 2}, "status": "ACTIVE"}, {"action": "NORTH", "reward": 301, "info": {}, "observation": {"remainingOverageTime": 60, "index": 3}, "status": "DONE"}], [{"action": "EAST", "reward": 8717, "info": {}, "observation": {"remainingOverageTime": 60, "step": 86, "geese": [[17, 16, 15, 14, 25, 26, 37, 38, 39, 50, 61, 72, 73, 62, 63, 64, 53], [], [76, 66, 67, 68, 2, 3, 4, 5, 6, 7, 18, 19, 8, 9, 20, 31, 32, 43], []], "food": [71, 23], "index": 0}, "status": "ACTIVE"}, {"action": "NORTH", "reward": 202, "info": {}, "observation": {"remainingOverageTime": 60, "index": 1}, "status": "DONE"}, {"action": "WEST", "reward": 8718, "info": {}, "observation": {"remainingOverageTime": 60, "index": 2}, "status": "ACTIVE"}, {"action": "NORTH", "reward": 301, "info": {}, "observation": {"remainingOverageTime": 60, "index": 3}, "status": "DONE"}], [{"action": "SOUTH", "reward": 8817, "info": {}, "observation": {"remainingOverageTime": 60, "step": 87, "geese": [[28, 17, 16, 15, 14, 25, 26, 37, 38, 39, 50, 61, 72, 73, 62, 63, 64], [], [10, 76, 66, 67, 68, 2, 3, 4, 5, 6, 7, 18, 19, 8, 9, 20, 31, 32], []], "food": [71, 23], "index": 0}, "status": "ACTIVE"}, {"action": "NORTH", "reward": 202, "info": {}, "observation": {"remainingOverageTime": 60, "index": 1}, "status": "DONE"}, {"action": "SOUTH", "reward": 8818, "info": {}, "observation": {"remainingOverageTime": 60, "index": 2}, "status": "ACTIVE"}, {"action": "NORTH", "reward": 301, "info": {}, "observation": {"remainingOverageTime": 60, "index": 3}, "status": "DONE"}], [{"action": "EAST", "reward": 8917, "info": {}, "observation": {"remainingOverageTime": 60, "step": 88, "geese": [[29, 28, 17, 16, 15, 14, 25, 26, 37, 38, 39, 50, 61, 72, 73, 62, 63], [], [0, 10, 76, 66, 67, 68, 2, 3, 4, 5, 6, 7, 18, 19, 8, 9, 20, 31], []], "food": [71, 23], "index": 0}, "status": "ACTIVE"}, {"action": "NORTH", "reward": 202, "info": {}, "observation": {"remainingOverageTime": 60, "index": 1}, "status": "DONE"}, {"action": "EAST", "reward": 8918, "info": {}, "observation": {"remainingOverageTime": 60, "index": 2}, "status": "ACTIVE"}, {"action": "NORTH", "reward": 301, "info": {}, "observation": {"remainingOverageTime": 60, "index": 3}, "status": "DONE"}], [{"action": "EAST", "reward": 9017, "info": {}, "observation": {"remainingOverageTime": 60, "step": 89, "geese": [[30, 29, 28, 17, 16, 15, 14, 25, 26, 37, 38, 39, 50, 61, 72, 73, 62], [], [1, 0, 10, 76, 66, 67, 68, 2, 3, 4, 5, 6, 7, 18, 19, 8, 9, 20], []], "food": [71, 23], "index": 0}, "status": "ACTIVE"}, {"action": "NORTH", "reward": 202, "info": {}, "observation": {"remainingOverageTime": 60, "index": 1}, "status": "DONE"}, {"action": "EAST", "reward": 9018, "info": {}, "observation": {"remainingOverageTime": 60, "index": 2}, "status": "ACTIVE"}, {"action": "NORTH", "reward": 301, "info": {}, "observation": {"remainingOverageTime": 60, "index": 3}, "status": "DONE"}], [{"action": "EAST", "reward": 9117, "info": {}, "observation": {"remainingOverageTime": 60, "step": 90, "geese": [[31, 30, 29, 28, 17, 16, 15, 14, 25, 26, 37, 38, 39, 50, 61, 72, 73], [], [12, 1, 0, 10, 76, 66, 67, 68, 2, 3, 4, 5, 6, 7, 18, 19, 8, 9], []], "food": [71, 23], "index": 0}, "status": "ACTIVE"}, {"action": "NORTH", "reward": 202, "info": {}, "observation": {"remainingOverageTime": 60, "index": 1}, "status": "DONE"}, {"action": "SOUTH", "reward": 9118, "info": {}, "observation": {"remainingOverageTime": 60, "index": 2}, "status": "ACTIVE"}, {"action": "NORTH", "reward": 301, "info": {}, "observation": {"remainingOverageTime": 60, "index": 3}, "status": "DONE"}], [{"action": "EAST", "reward": 9217, "info": {}, "observation": {"remainingOverageTime": 60, "step": 91, "geese": [[32, 31, 30, 29, 28, 17, 16, 15, 14, 25, 26, 37, 38, 39, 50, 61, 72], [], [23, 12, 1, 0, 10, 76, 66, 67, 68, 2, 3, 4, 5, 6, 7, 18, 19, 8, 9], []], "food": [71, 53], "index": 0}, "status": "ACTIVE"}, {"action": "NORTH", "reward": 202, "info": {}, "observation": {"remainingOverageTime": 60, "index": 1}, "status": "DONE"}, {"action": "SOUTH", "reward": 9219, "info": {}, "observation": {"remainingOverageTime": 60, "index": 2}, "status": "ACTIVE"}, {"action": "NORTH", "reward": 301, "info": {}, "observation": {"remainingOverageTime": 60, "index": 3}, "status": "DONE"}], [{"action": "SOUTH", "reward": 9317, "info": {}, "observation": {"remainingOverageTime": 60, "step": 92, "geese": [[43, 32, 31, 30, 29, 28, 17, 16, 15, 14, 25, 26, 37, 38, 39, 50, 61], [], [34, 23, 12, 1, 0, 10, 76, 66, 67, 68, 2, 3, 4, 5, 6, 7, 18, 19, 8], []], "food": [71, 53], "index": 0}, "status": "ACTIVE"}, {"action": "NORTH", "reward": 202, "info": {}, "observation": {"remainingOverageTime": 60, "index": 1}, "status": "DONE"}, {"action": "SOUTH", "reward": 9319, "info": {}, "observation": {"remainingOverageTime": 60, "index": 2}, "status": "ACTIVE"}, {"action": "NORTH", "reward": 301, "info": {}, "observation": {"remainingOverageTime": 60, "index": 3}, "status": "DONE"}], [{"action": "WEST", "reward": 9417, "info": {}, "observation": {"remainingOverageTime": 60, "step": 93, "geese": [[42, 43, 32, 31, 30, 29, 28, 17, 16, 15, 14, 25, 26, 37, 38, 39, 50], [], [45, 34, 23, 12, 1, 0, 10, 76, 66, 67, 68, 2, 3, 4, 5, 6, 7, 18, 19], []], "food": [71, 53], "index": 0}, "status": "ACTIVE"}, {"action": "NORTH", "reward": 202, "info": {}, "observation": {"remainingOverageTime": 60, "index": 1}, "status": "DONE"}, {"action": "SOUTH", "reward": 9419, "info": {}, "observation": {"remainingOverageTime": 60, "index": 2}, "status": "ACTIVE"}, {"action": "NORTH", "reward": 301, "info": {}, "observation": {"remainingOverageTime": 60, "index": 3}, "status": "DONE"}], [{"action": "SOUTH", "reward": 9518, "info": {}, "observation": {"remainingOverageTime": 60, "step": 94, "geese": [[53, 42, 43, 32, 31, 30, 29, 28, 17, 16, 15, 14, 25, 26, 37, 38, 39, 50], [], [46, 45, 34, 23, 12, 1, 0, 10, 76, 66, 67, 68, 2, 3, 4, 5, 6, 7, 18], []], "food": [71, 57], "index": 0}, "status": "ACTIVE"}, {"action": "NORTH", "reward": 202, "info": {}, "observation": {"remainingOverageTime": 60, "index": 1}, "status": "DONE"}, {"action": "EAST", "reward": 9519, "info": {}, "observation": {"remainingOverageTime": 60, "index": 2}, "status": "ACTIVE"}, {"action": "NORTH", "reward": 301, "info": {}, "observation": {"remainingOverageTime": 60, "index": 3}, "status": "DONE"}], [{"action": "WEST", "reward": 9618, "info": {}, "observation": {"remainingOverageTime": 60, "step": 95, "geese": [[52, 53, 42, 43, 32, 31, 30, 29, 28, 17, 16, 15, 14, 25, 26, 37, 38, 39], [], [57, 46, 45, 34, 23, 12, 1, 0, 10, 76, 66, 67, 68, 2, 3, 4, 5, 6, 7, 18], []], "food": [71, 63], "index": 0}, "status": "ACTIVE"}, {"action": "NORTH", "reward": 202, "info": {}, "observation": {"remainingOverageTime": 60, "index": 1}, "status": "DONE"}, {"action": "SOUTH", "reward": 9620, "info": {}, "observation": {"remainingOverageTime": 60, "index": 2}, "status": "ACTIVE"}, {"action": "NORTH", "reward": 301, "info": {}, "observation": {"remainingOverageTime": 60, "index": 3}, "status": "DONE"}], [{"action": "SOUTH", "reward": 9719, "info": {}, "observation": {"remainingOverageTime": 60, "step": 96, "geese": [[63, 52, 53, 42, 43, 32, 31, 30, 29, 28, 17, 16, 15, 14, 25, 26, 37, 38, 39], [], [58, 57, 46, 45, 34, 23, 12, 1, 0, 10, 76, 66, 67, 68, 2, 3, 4, 5, 6, 7], []], "food": [71, 13], "index": 0}, "status": "ACTIVE"}, {"action": "NORTH", "reward": 202, "info": {}, "observation": {"remainingOverageTime": 60, "index": 1}, "status": "DONE"}, {"action": "EAST", "reward": 9720, "info": {}, "observation": {"remainingOverageTime": 60, "index": 2}, "status": "ACTIVE"}, {"action": "NORTH", "reward": 301, "info": {}, "observation": {"remainingOverageTime": 60, "index": 3}, "status": "DONE"}], [{"action": "WEST", "reward": 9819, "info": {}, "observation": {"remainingOverageTime": 60, "step": 97, "geese": [[62, 63, 52, 53, 42, 43, 32, 31, 30, 29, 28, 17, 16, 15, 14, 25, 26, 37, 38], [], [59, 58, 57, 46, 45, 34, 23, 12, 1, 0, 10, 76, 66, 67, 68, 2, 3, 4, 5, 6], []], "food": [71, 13], "index": 0}, "status": "ACTIVE"}, {"action": "NORTH", "reward": 202, "info": {}, "observation": {"remainingOverageTime": 60, "index": 1}, "status": "DONE"}, {"action": "EAST", "reward": 9820, "info": {}, "observation": {"remainingOverageTime": 60, "index": 2}, "status": "ACTIVE"}, {"action": "NORTH", "reward": 301, "info": {}, "observation": {"remainingOverageTime": 60, "index": 3}, "status": "DONE"}], [{"action": "WEST", "reward": 9919, "info": {}, "observation": {"remainingOverageTime": 60, "step": 98, "geese": [[61, 62, 63, 52, 53, 42, 43, 32, 31, 30, 29, 28, 17, 16, 15, 14, 25, 26, 37], [], [60, 59, 58, 57, 46, 45, 34, 23, 12, 1, 0, 10, 76, 66, 67, 68, 2, 3, 4, 5], []], "food": [71, 13], "index": 0}, "status": "ACTIVE"}, {"action": "NORTH", "reward": 202, "info": {}, "observation": {"remainingOverageTime": 60, "index": 1}, "status": "DONE"}, {"action": "EAST", "reward": 9920, "info": {}, "observation": {"remainingOverageTime": 60, "index": 2}, "status": "ACTIVE"}, {"action": "NORTH", "reward": 301, "info": {}, "observation": {"remainingOverageTime": 60, "index": 3}, "status": "DONE"}], [{"action": "NORTH", "reward": 10019, "info": {}, "observation": {"remainingOverageTime": 60, "step": 99, "geese": [[50, 61, 62, 63, 52, 53, 42, 43, 32, 31, 30, 29, 28, 17, 16, 15, 14, 25, 26], [], [71, 60, 59, 58, 57, 46, 45, 34, 23, 12, 1, 0, 10, 76, 66, 67, 68, 2, 3, 4, 5], []], "food": [13, 64], "index": 0}, "status": "ACTIVE"}, {"action": "NORTH", "reward": 202, "info": {}, "observation": {"remainingOverageTime": 60, "index": 1}, "status": "DONE"}, {"action": "SOUTH", "reward": 10021, "info": {}, "observation": {"remainingOverageTime": 60, "index": 2}, "status": "ACTIVE"}, {"action": "NORTH", "reward": 301, "info": {}, "observation": {"remainingOverageTime": 60, "index": 3}, "status": "DONE"}], [{"action": "NORTH", "reward": 10119, "info": {}, "observation": {"remainingOverageTime": 60, "step": 100, "geese": [[39, 50, 61, 62, 63, 52, 53, 42, 43, 32, 31, 30, 29, 28, 17, 16, 15, 14, 25], [], [72, 71, 60, 59, 58, 57, 46, 45, 34, 23, 12, 1, 0, 10, 76, 66, 67, 68, 2, 3, 4], []], "food": [13, 64], "index": 0}, "status": "ACTIVE"}, {"action": "NORTH", "reward": 202, "info": {}, "observation": {"remainingOverageTime": 60, "index": 1}, "status": "DONE"}, {"action": "EAST", "reward": 10121, "info": {}, "observation": {"remainingOverageTime": 60, "index": 2}, "status": "ACTIVE"}, {"action": "NORTH", "reward": 301, "info": {}, "observation": {"remainingOverageTime": 60, "index": 3}, "status": "DONE"}], [{"action": "WEST", "reward": 10219, "info": {}, "observation": {"remainingOverageTime": 60, "step": 101, "geese": [[38, 39, 50, 61, 62, 63, 52, 53, 42, 43, 32, 31, 30, 29, 28, 17, 16, 15, 14], [], [73, 72, 71, 60, 59, 58, 57, 46, 45, 34, 23, 12, 1, 0, 10, 76, 66, 67, 68, 2, 3], []], "food": [13, 64], "index": 0}, "status": "ACTIVE"}, {"action": "NORTH", "reward": 202, "info": {}, "observation": {"remainingOverageTime": 60, "index": 1}, "status": "DONE"}, {"action": "EAST", "reward": 10221, "info": {}, "observation": {"remainingOverageTime": 60, "index": 2}, "status": "ACTIVE"}, {"action": "NORTH", "reward": 301, "info": {}, "observation": {"remainingOverageTime": 60, "index": 3}, "status": "DONE"}], [{"action": "NORTH", "reward": 10319, "info": {}, "observation": {"remainingOverageTime": 60, "step": 102, "geese": [[27, 38, 39, 50, 61, 62, 63, 52, 53, 42, 43, 32, 31, 30, 29, 28, 17, 16, 15], [], [74, 73, 72, 71, 60, 59, 58, 57, 46, 45, 34, 23, 12, 1, 0, 10, 76, 66, 67, 68, 2], []], "food": [13, 64], "index": 0}, "status": "ACTIVE"}, {"action": "NORTH", "reward": 202, "info": {}, "observation": {"remainingOverageTime": 60, "index": 1}, "status": "DONE"}, {"action": "EAST", "reward": 10321, "info": {}, "observation": {"remainingOverageTime": 60, "index": 2}, "status": "ACTIVE"}, {"action": "NORTH", "reward": 301, "info": {}, "observation": {"remainingOverageTime": 60, "index": 3}, "status": "DONE"}], [{"action": "WEST", "reward": 10419, "info": {}, "observation": {"remainingOverageTime": 60, "step": 103, "geese": [[26, 27, 38, 39, 50, 61, 62, 63, 52, 53, 42, 43, 32, 31, 30, 29, 28, 17, 16], [], [75, 74, 73, 72, 71, 60, 59, 58, 57, 46, 45, 34, 23, 12, 1, 0, 10, 76, 66, 67, 68], []], "food": [13, 64], "index": 0}, "status": "ACTIVE"}, {"action": "NORTH", "reward": 202, "info": {}, "observation": {"remainingOverageTime": 60, "index": 1}, "status": "DONE"}, {"action": "EAST", "reward": 10421, "info": {}, "observation": {"remainingOverageTime": 60, "index": 2}, "status": "ACTIVE"}, {"action": "NORTH", "reward": 301, "info": {}, "observation": {"remainingOverageTime": 60, "index": 3}, "status": "DONE"}], [{"action": "NORTH", "reward": 10519, "info": {}, "observation": {"remainingOverageTime": 60, "step": 104, "geese": [[15, 26, 27, 38, 39, 50, 61, 62, 63, 52, 53, 42, 43, 32, 31, 30, 29, 28, 17], [], [64, 75, 74, 73, 72, 71, 60, 59, 58, 57, 46, 45, 34, 23, 12, 1, 0, 10, 76, 66, 67, 68], []], "food": [13, 51], "index": 0}, "status": "ACTIVE"}, {"action": "NORTH", "reward": 202, "info": {}, "observation": {"remainingOverageTime": 60, "index": 1}, "status": "DONE"}, {"action": "NORTH", "reward": 10522, "info": {}, "observation": {"remainingOverageTime": 60, "index": 2}, "status": "ACTIVE"}, {"action": "NORTH", "reward": 301, "info": {}, "observation": {"remainingOverageTime": 60, "index": 3}, "status": "DONE"}], [{"action": "WEST", "reward": 10619, "info": {}, "observation": {"remainingOverageTime": 60, "step": 105, "geese": [[14, 15, 26, 27, 38, 39, 50, 61, 62, 63, 52, 53, 42, 43, 32, 31, 30, 29, 28], [], [], []], "food": [13, 51], "index": 0}, "status": "DONE"}, {"action": "NORTH", "reward": 202, "info": {}, "observation": {"remainingOverageTime": 60, "index": 1}, "status": "DONE"}, {"action": "NORTH", "reward": 10522, "info": {}, "observation": {"remainingOverageTime": 60, "index": 2}, "status": "DONE"}, {"action": "NORTH", "reward": 301, "info": {}, "observation": {"remainingOverageTime": 60, "index": 3}, "status": "DONE"}]], "rewards": [10619, 202, 10522, 301], "statuses": ["DONE", "DONE", "DONE", "DONE"], "schema_version": 1, "info": {}}