{"id": "a676eb6a-db0c-11ee-b332-0242ac1c000c", "name": "hungry_geese", "title": "Hungry Geese", "description": "Similar to the classic snake game with multiple players", "version": "1.0.0", "configuration": {"episodeSteps": 200, "actTimeout": 1, "runTimeout": 1200, "columns": 11, "rows": 7, "hunger_rate": 40, "min_food": 2, "max_length": 99}, "specification": {"action": {"description": "Direction to move the head of your players goose.", "type": "string", "enum": ["NORTH", "EAST", "SOUTH", "WEST"], "default": "NORTH"}, "agents": [1, 2, 3, 4, 5, 6, 7, 8], "configuration": {"episodeSteps": {"description": "Maximum number of steps in the episode.", "type": "integer", "minimum": 1, "default": 200}, "actTimeout": {"description": "Maximum runtime (seconds) to obtain an action from an agent.", "type": "number", "minimum": 0, "default": 1}, "runTimeout": {"description": "Maximum runtime (seconds) of an episode (not necessarily DONE).", "type": "number", "minimum": 0, "default": 1200}, "columns": {"description": "Horizontal number of cells on the board.", "type": "integer", "default": 11, "minimum": 3}, "rows": {"description": "Vertical number of cells on the board.", "type": "integer", "default": 7, "minimum": 3}, "hunger_rate": {"description": "The number of steps before the goose shrinks a cell.", "type": "integer", "minimum": 1, "default": 40}, "min_food": {"description": "The minimum amount of food present for all steps.", "type": "integer", "default": 2, "minimum": 1}, "max_length": {"description": "The max length any goose can be. Total reward = (max length + 1) * steps survived + goose length.", "type": "integer", "default": 99}}, "info": {}, "observation": {"remainingOverageTime": {"description": "Total remaining banked time (seconds) that can be used in excess of per-step actTimeouts -- agent is disqualified with TIMEOUT status when this drops below 0.", "shared": false, "type": "number", "minimum": 0, "default": 60}, "step": {"description": "Current step within the episode.", "type": "integer", "shared": true, "minimum": 0, "default": 0}, "geese": {"description": "List of geese in order by the agent index.", "type": "array", "default": [], "shared": true}, "food": {"description": "Positions on the board where food is present.", "type": "array", "default": [], "shared": true}, "index": {"description": "Index of the current agent's goose in the list of geese.", "type": "integer", "minimum": 0, "defaults": [0, 1, 2, 3, 4, 5, 6, 7]}}, "reward": {"description": "steps survived * (max goose length + 1) + current goose length.", "type": ["number", "null"], "default": 0, "minimum": 0}}, "steps": [[{"action": "NORTH", "reward": 0, "info": {}, "observation": {"remainingOverageTime": 60, "step": 0, "geese": [[48], [21], [13], [35]], "food": [51, 14], "index": 0}, "status": "ACTIVE"}, {"action": "NORTH", "reward": 0, "info": {}, "observation": {"remainingOverageTime": 60, "index": 1}, "status": "ACTIVE"}, {"action": "NORTH", "reward": 0, "info": {}, "observation": {"remainingOverageTime": 60, "index": 2}, "status": "ACTIVE"}, {"action": "NORTH", "reward": 0, "info": {}, "observation": {"remainingOverageTime": 60, "index": 3}, "status": "ACTIVE"}], [{"action": "EAST", "reward": 201, "info": {}, "observation": {"remainingOverageTime": 60, "step": 1, "geese": [[49], [20], [14, 13], [34]], "food": [51, 6], "index": 0}, "status": "ACTIVE"}, {"action": "WEST", "reward": 201, "info": {}, "observation": {"remainingOverageTime": 60, "index": 1}, "status": "ACTIVE"}, {"action": "EAST", "reward": 202, "info": {}, "observation": {"remainingOverageTime": 60, "index": 2}, "status": "ACTIVE"}, {"action": "WEST", "reward": 201, "info": {}, "observation": {"remainingOverageTime": 60, "index": 3}, "status": "ACTIVE"}], [{"action": "EAST", "reward": 301, "info": {}, "observation": {"remainingOverageTime": 60, "step": 2, "geese": [[50], [9], [15, 14], [33]], "food": [51, 6], "index": 0}, "status": "ACTIVE"}, {"action": "NORTH", "reward": 301, "info": {}, "observation": {"remainingOverageTime": 60, "index": 1}, "status": "ACTIVE"}, {"action": "EAST", "reward": 302, "info": {}, "observation": {"remainingOverageTime": 60, "index": 2}, "status": "ACTIVE"}, {"action": "WEST", "reward": 301, "info": {}, "observation": {"remainingOverageTime": 60, "index": 3}, "status": "ACTIVE"}], [{"action": "EAST", "reward": 402, "info": {}, "observation": {"remainingOverageTime": 60, "step": 3, "geese": [[51, 50], [8], [16, 15], [22]], "food": [6, 10], "index": 0}, "status": "ACTIVE"}, {"action": "WEST", "reward": 401, "info": {}, "observation": {"remainingOverageTime": 60, "index": 1}, "status": "ACTIVE"}, {"action": "EAST", "reward": 402, "info": {}, "observation": {"remainingOverageTime": 60, "index": 2}, "status": "ACTIVE"}, {"action": "NORTH", "reward": 401, "info": {}, "observation": {"remainingOverageTime": 60, "index": 3}, "status": "ACTIVE"}], [{"action": "WEST", "reward": 402, "info": {}, "observation": {"remainingOverageTime": 60, "step": 4, "geese": [[], [], [17, 16], [11]], "food": [6, 10], "index": 0}, "status": "DONE"}, {"action": "EAST", "reward": 401, "info": {}, "observation": {"remainingOverageTime": 60, "index": 1}, "status": "DONE"}, {"action": "EAST", "reward": 502, "info": {}, "observation": {"remainingOverageTime": 60, "index": 2}, "status": "ACTIVE"}, {"action": "NORTH", "reward": 501, "info": {}, "observation": {"remainingOverageTime": 60, "index": 3}, "status": "ACTIVE"}], [{"action": "NORTH", "reward": 402, "info": {}, "observation": {"remainingOverageTime": 60, "step": 5, "geese": [[], [], [6, 17, 16], [0]], "food": [10, 71], "index": 0}, "status": "DONE"}, {"action": "NORTH", "reward": 401, "info": {}, "observation": {"remainingOverageTime": 60, "index": 1}, "status": "DONE"}, {"action": "NORTH", "reward": 603, "info": {}, "observation": {"remainingOverageTime": 60, "index": 2}, "status": "ACTIVE"}, {"action": "NORTH", "reward": 601, "info": {}, "observation": {"remainingOverageTime": 60, "index": 3}, "status": "ACTIVE"}], [{"action": "NORTH", "reward": 402, "info": {}, "observation": {"remainingOverageTime": 60, "step": 6, "geese": [[], [], [72, 6, 17], [10, 0]], "food": [71, 73], "index": 0}, "status": "DONE"}, {"action": "NORTH", "reward": 401, "info": {}, "observation": {"remainingOverageTime": 60, "index": 1}, "status": "DONE"}, {"action": "NORTH", "reward": 703, "info": {}, "observation": {"remainingOverageTime": 60, "index": 2}, "status": "ACTIVE"}, {"action": "WEST", "reward": 702, "info": {}, "observation": {"remainingOverageTime": 60, "index": 3}, "status": "ACTIVE"}], [{"action": "NORTH", "reward": 402, "info": {}, "observation": {"remainingOverageTime": 60, "step": 7, "geese": [[], [], [73, 72, 6, 17], [21, 10]], "food": [71, 36], "index": 0}, "status": "DONE"}, {"action": "NORTH", "reward": 401, "info": {}, "observation": {"remainingOverageTime": 60, "index": 1}, "status": "DONE"}, {"action": "EAST", "reward": 804, "info": {}, "observation": {"remainingOverageTime": 60, "index": 2}, "status": "ACTIVE"}, {"action": "SOUTH", "reward": 802, "info": {}, "observation": {"remainingOverageTime": 60, "index": 3}, "status": "ACTIVE"}], [{"action": "NORTH", "reward": 402, "info": {}, "observation": {"remainingOverageTime": 60, "step": 8, "geese": [[], [], [62, 73, 72, 6], [11, 21]], "food": [71, 36], "index": 0}, "status": "DONE"}, {"action": "NORTH", "reward": 401, "info": {}, "observation": {"remainingOverageTime": 60, "index": 1}, "status": "DONE"}, {"action": "NORTH", "reward": 904, "info": {}, "observation": {"remainingOverageTime": 60, "index": 2}, "status": "ACTIVE"}, {"action": "EAST", "reward": 902, "info": {}, "observation": {"remainingOverageTime": 60, "index": 3}, "status": "ACTIVE"}], [{"action": "NORTH", "reward": 402, "info": {}, "observation": {"remainingOverageTime": 60, "step": 9, "geese": [[], [], [61, 62, 73, 72], [12, 11]], "food": [71, 36], "index": 0}, "status": "DONE"}, {"action": "NORTH", "reward": 401, "info": {}, "observation": {"remainingOverageTime": 60, "index": 1}, "status": "DONE"}, {"action": "WEST", "reward": 1004, "info": {}, "observation": {"remainingOverageTime": 60, "index": 2}, "status": "ACTIVE"}, {"action": "EAST", "reward": 1002, "info": {}, "observation": {"remainingOverageTime": 60, "index": 3}, "status": "ACTIVE"}], [{"action": "NORTH", "reward": 402, "info": {}, "observation": {"remainingOverageTime": 60, "step": 10, "geese": [[], [], [60, 61, 62, 73], [13, 12]], "food": [71, 36], "index": 0}, "status": "DONE"}, {"action": "NORTH", "reward": 401, "info": {}, "observation": {"remainingOverageTime": 60, "index": 1}, "status": "DONE"}, {"action": "WEST", "reward": 1104, "info": {}, "observation": {"remainingOverageTime": 60, "index": 2}, "status": "ACTIVE"}, {"action": "EAST", "reward": 1102, "info": {}, "observation": {"remainingOverageTime": 60, "index": 3}, "status": "ACTIVE"}], [{"action": "NORTH", "reward": 402, "info": {}, "observation": {"remainingOverageTime": 60, "step": 11, "geese": [[], [], [71, 60, 61, 62, 73], [14, 13]], "food": [36, 32], "index": 0}, "status": "DONE"}, {"action": "NORTH", "reward": 401, "info": {}, "observation": {"remainingOverageTime": 60, "index": 1}, "status": "DONE"}, {"action": "SOUTH", "reward": 1205, "info": {}, "observation": {"remainingOverageTime": 60, "index": 2}, "status": "ACTIVE"}, {"action": "EAST", "reward": 1202, "info": {}, "observation": {"remainingOverageTime": 60, "index": 3}, "status": "ACTIVE"}], [{"action": "NORTH", "reward": 402, "info": {}, "observation": {"remainingOverageTime": 60, "step": 12, "geese": [[], [], [70, 71, 60, 61, 62], [25, 14]], "food": [36, 32], "index": 0}, "status": "DONE"}, {"action": "NORTH", "reward": 401, "info": {}, "observation": {"remainingOverageTime": 60, "index": 1}, "status": "DONE"}, {"action": "WEST", "reward": 1305, "info": {}, "observation": {"remainingOverageTime": 60, "index": 2}, "status": "ACTIVE"}, {"action": "SOUTH", "reward": 1302, "info": {}, "observation": {"remainingOverageTime": 60, "index": 3}, "status": "ACTIVE"}], [{"action": "NORTH", "reward": 402, "info": {}, "observation": {"remainingOverageTime": 60, "step": 13, "geese": [[], [], [69, 70, 71, 60, 61], [36, 25, 14]], "food": [32, 7], "index": 0}, "status": "DONE"}, {"action": "NORTH", "reward": 401, "info": {}, "observation": {"remainingOverageTime": 60, "index": 1}, "status": "DONE"}, {"action": "WEST", "reward": 1405, "info": {}, "observation": {"remainingOverageTime": 60, "index": 2}, "status": "ACTIVE"}, {"action": "SOUTH", "reward": 1403, "info": {}, "observation": {"remainingOverageTime": 60, "index": 3}, "status": "ACTIVE"}], [{"action": "NORTH", "reward": 402, "info": {}, "observation": {"remainingOverageTime": 60, "step": 14, "geese": [[], [], [3, 69, 70, 71, 60], [35, 36, 25]], "food": [32, 7], "index": 0}, "status": "DONE"}, {"action": "NORTH", "reward": 401, "info": {}, "observation": {"remainingOverageTime": 60, "index": 1}, "status": "DONE"}, {"action": "SOUTH", "reward": 1505, "info": {}, "observation": {"remainingOverageTime": 60, "index": 2}, "status": "ACTIVE"}, {"action": "WEST", "reward": 1503, "info": {}, "observation": {"remainingOverageTime": 60, "index": 3}, "status": "ACTIVE"}], [{"action": "NORTH", "reward": 402, "info": {}, "observation": {"remainingOverageTime": 60, "step": 15, "geese": [[], [], [4, 3, 69, 70, 71], [24, 35, 36]], "food": [32, 7], "index": 0}, "status": "DONE"}, {"action": "NORTH", "reward": 401, "info": {}, "observation": {"remainingOverageTime": 60, "index": 1}, "status": "DONE"}, {"action": "EAST", "reward": 1605, "info": {}, "observation": {"remainingOverageTime": 60, "index": 2}, "status": "ACTIVE"}, {"action": "NORTH", "reward": 1603, "info": {}, "observation": {"remainingOverageTime": 60, "index": 3}, "status": "ACTIVE"}], [{"action": "NORTH", "reward": 402, "info": {}, "observation": {"remainingOverageTime": 60, "step": 16, "geese": [[], [], [5, 4, 3, 69, 70], [23, 24, 35]], "food": [32, 7], "index": 0}, "status": "DONE"}, {"action": "NORTH", "reward": 401, "info": {}, "observation": {"remainingOverageTime": 60, "index": 1}, "status": "DONE"}, {"action": "EAST", "reward": 1705, "info": {}, "observation": {"remainingOverageTime": 60, "index": 2}, "status": "ACTIVE"}, {"action": "WEST", "reward": 1703, "info": {}, "observation": {"remainingOverageTime": 60, "index": 3}, "status": "ACTIVE"}], [{"action": "NORTH", "reward": 402, "info": {}, "observation": {"remainingOverageTime": 60, "step": 17, "geese": [[], [], [6, 5, 4, 3, 69], [22, 23, 24]], "food": [32, 7], "index": 0}, "status": "DONE"}, {"action": "NORTH", "reward": 401, "info": {}, "observation": {"remainingOverageTime": 60, "index": 1}, "status": "DONE"}, {"action": "EAST", "reward": 1805, "info": {}, "observation": {"remainingOverageTime": 60, "index": 2}, "status": "ACTIVE"}, {"action": "WEST", "reward": 1803, "info": {}, "observation": {"remainingOverageTime": 60, "index": 3}, "status": "ACTIVE"}], [{"action": "NORTH", "reward": 402, "info": {}, "observation": {"remainingOverageTime": 60, "step": 18, "geese": [[], [], [7, 6, 5, 4, 3, 69], [32, 22, 23, 24]], "food": [36, 57], "index": 0}, "status": "DONE"}, {"action": "NORTH", "reward": 401, "info": {}, "observation": {"remainingOverageTime": 60, "index": 1}, "status": "DONE"}, {"action": "EAST", "reward": 1906, "info": {}, "observation": {"remainingOverageTime": 60, "index": 2}, "status": "ACTIVE"}, {"action": "WEST", "reward": 1904, "info": {}, "observation": {"remainingOverageTime": 60, "index": 3}, "status": "ACTIVE"}], [{"action": "NORTH", "reward": 402, "info": {}, "observation": {"remainingOverageTime": 60, "step": 19, "geese": [[], [], [73, 7, 6, 5, 4, 3], [43, 32, 22, 23]], "food": [36, 57], "index": 0}, "status": "DONE"}, {"action": "NORTH", "reward": 401, "info": {}, "observation": {"remainingOverageTime": 60, "index": 1}, "status": "DONE"}, {"action": "NORTH", "reward": 2006, "info": {}, "observation": {"remainingOverageTime": 60, "index": 2}, "status": "ACTIVE"}, {"action": "SOUTH", "reward": 2004, "info": {}, "observation": {"remainingOverageTime": 60, "index": 3}, "status": "ACTIVE"}], [{"action": "NORTH", "reward": 402, "info": {}, "observation": {"remainingOverageTime": 60, "step": 20, "geese": [[], [], [62, 73, 7, 6, 5, 4], [33, 43, 32, 22]], "food": [36, 57], "index": 0}, "status": "DONE"}, {"action": "NORTH", "reward": 401, "info": {}, "observation": {"remainingOverageTime": 60, "index": 1}, "status": "DONE"}, {"action": "NORTH", "reward": 2106, "info": {}, "observation": {"remainingOverageTime": 60, "index": 2}, "status": "ACTIVE"}, {"action": "EAST", "reward": 2104, "info": {}, "observation": {"remainingOverageTime": 60, "index": 3}, "status": "ACTIVE"}], [{"action": "NORTH", "reward": 402, "info": {}, "observation": {"remainingOverageTime": 60, "step": 21, "geese": [[], [], [61, 62, 73, 7, 6, 5], [34, 33, 43, 32]], "food": [36, 57], "index": 0}, "status": "DONE"}, {"action": "NORTH", "reward": 401, "info": {}, "observation": {"remainingOverageTime": 60, "index": 1}, "status": "DONE"}, {"action": "WEST", "reward": 2206, "info": {}, "observation": {"remainingOverageTime": 60, "index": 2}, "status": "ACTIVE"}, {"action": "EAST", "reward": 2204, "info": {}, "observation": {"remainingOverageTime": 60, "index": 3}, "status": "ACTIVE"}], [{"action": "NORTH", "reward": 402, "info": {}, "observation": {"remainingOverageTime": 60, "step": 22, "geese": [[], [], [60, 61, 62, 73, 7, 6], [35, 34, 33, 43]], "food": [36, 57], "index": 0}, "status": "DONE"}, {"action": "NORTH", "reward": 401, "info": {}, "observation": {"remainingOverageTime": 60, "index": 1}, "status": "DONE"}, {"action": "WEST", "reward": 2306, "info": {}, "observation": {"remainingOverageTime": 60, "index": 2}, "status": "ACTIVE"}, {"action": "EAST", "reward": 2304, "info": {}, "observation": {"remainingOverageTime": 60, "index": 3}, "status": "ACTIVE"}], [{"action": "NORTH", "reward": 402, "info": {}, "observation": {"remainingOverageTime": 60, "step": 23, "geese": [[], [], [59, 60, 61, 62, 73, 7], [36, 35, 34, 33, 43]], "food": [57, 46], "index": 0}, "status": "DONE"}, {"action": "NORTH", "reward": 401, "info": {}, "observation": {"remainingOverageTime": 60, "index": 1}, "status": "DONE"}, {"action": "WEST", "reward": 2406, "info": {}, "observation": {"remainingOverageTime": 60, "index": 2}, "status": "ACTIVE"}, {"action": "EAST", "reward": 2405, "info": {}, "observation": {"remainingOverageTime": 60, "index": 3}, "status": "ACTIVE"}], [{"action": "NORTH", "reward": 402, "info": {}, "observation": {"remainingOverageTime": 60, "step": 24, "geese": [[], [], [58, 59, 60, 61, 62, 73], [47, 36, 35, 34, 33]], "food": [57, 46], "index": 0}, "status": "DONE"}, {"action": "NORTH", "reward": 401, "info": {}, "observation": {"remainingOverageTime": 60, "index": 1}, "status": "DONE"}, {"action": "WEST", "reward": 2506, "info": {}, "observation": {"remainingOverageTime": 60, "index": 2}, "status": "ACTIVE"}, {"action": "SOUTH", "reward": 2505, "info": {}, "observation": {"remainingOverageTime": 60, "index": 3}, "status": "ACTIVE"}], [{"action": "NORTH", "reward": 402, "info": {}, "observation": {"remainingOverageTime": 60, "step": 25, "geese": [[], [], [57, 58, 59, 60, 61, 62, 73], [46, 47, 36, 35, 34, 33]], "food": [56, 13], "index": 0}, "status": "DONE"}, {"action": "NORTH", "reward": 401, "info": {}, "observation": {"remainingOverageTime": 60, "index": 1}, "status": "DONE"}, {"action": "WEST", "reward": 2607, "info": {}, "observation": {"remainingOverageTime": 60, "index": 2}, "status": "ACTIVE"}, {"action": "WEST", "reward": 2606, "info": {}, "observation": {"remainingOverageTime": 60, "index": 3}, "status": "ACTIVE"}], [{"action": "NORTH", "reward": 402, "info": {}, "observation": {"remainingOverageTime": 60, "step": 26, "geese": [[], [], [56, 57, 58, 59, 60, 61, 62, 73], [45, 46, 47, 36, 35, 34]], "food": [13, 49], "index": 0}, "status": "DONE"}, {"action": "NORTH", "reward": 401, "info": {}, "observation": {"remainingOverageTime": 60, "index": 1}, "status": "DONE"}, {"action": "WEST", "reward": 2708, "info": {}, "observation": {"remainingOverageTime": 60, "index": 2}, "status": "ACTIVE"}, {"action": "WEST", "reward": 2706, "info": {}, "observation": {"remainingOverageTime": 60, "index": 3}, "status": "ACTIVE"}], [{"action": "NORTH", "reward": 402, "info": {}, "observation": {"remainingOverageTime": 60, "step": 27, "geese": [[], [], [67, 56, 57, 58, 59, 60, 61, 62], [34, 45, 46, 47, 36, 35]], "food": [13, 49], "index": 0}, "status": "DONE"}, {"action": "NORTH", "reward": 401, "info": {}, "observation": {"remainingOverageTime": 60, "index": 1}, "status": "DONE"}, {"action": "SOUTH", "reward": 2808, "info": {}, "observation": {"remainingOverageTime": 60, "index": 2}, "status": "ACTIVE"}, {"action": "NORTH", "reward": 2806, "info": {}, "observation": {"remainingOverageTime": 60, "index": 3}, "status": "ACTIVE"}], [{"action": "NORTH", "reward": 402, "info": {}, "observation": {"remainingOverageTime": 60, "step": 28, "geese": [[], [], [68, 67, 56, 57, 58, 59, 60, 61], [35, 34, 45, 46, 47, 36]], "food": [13, 49], "index": 0}, "status": "DONE"}, {"action": "NORTH", "reward": 401, "info": {}, "observation": {"remainingOverageTime": 60, "index": 1}, "status": "DONE"}, {"action": "EAST", "reward": 2908, "info": {}, "observation": {"remainingOverageTime": 60, "index": 2}, "status": "ACTIVE"}, {"action": "EAST", "reward": 2906, "info": {}, "observation": {"remainingOverageTime": 60, "index": 3}, "status": "ACTIVE"}], [{"action": "NORTH", "reward": 402, "info": {}, "observation": {"remainingOverageTime": 60, "step": 29, "geese": [[], [], [2, 68, 67, 56, 57, 58, 59, 60], [24, 35, 34, 45, 46, 47]], "food": [13, 49], "index": 0}, "status": "DONE"}, {"action": "NORTH", "reward": 401, "info": {}, "observation": {"remainingOverageTime": 60, "index": 1}, "status": "DONE"}, {"action": "SOUTH", "reward": 3008, "info": {}, "observation": {"remainingOverageTime": 60, "index": 2}, "status": "ACTIVE"}, {"action": "NORTH", "reward": 3006, "info": {}, "observation": {"remainingOverageTime": 60, "index": 3}, "status": "ACTIVE"}], [{"action": "NORTH", "reward": 402, "info": {}, "observation": {"remainingOverageTime": 60, "step": 30, "geese": [[], [], [3, 2, 68, 67, 56, 57, 58, 59], [25, 24, 35, 34, 45, 46]], "food": [13, 49], "index": 0}, "status": "DONE"}, {"action": "NORTH", "reward": 401, "info": {}, "observation": {"remainingOverageTime": 60, "index": 1}, "status": "DONE"}, {"action": "EAST", "reward": 3108, "info": {}, "observation": {"remainingOverageTime": 60, "index": 2}, "status": "ACTIVE"}, {"action": "EAST", "reward": 3106, "info": {}, "observation": {"remainingOverageTime": 60, "index": 3}, "status": "ACTIVE"}], [{"action": "NORTH", "reward": 402, "info": {}, "observation": {"remainingOverageTime": 60, "step": 31, "geese": [[], [], [4, 3, 2, 68, 67, 56, 57, 58], [26, 25, 24, 35, 34, 45]], "food": [13, 49], "index": 0}, "status": "DONE"}, {"action": "NORTH", "reward": 401, "info": {}, "observation": {"remainingOverageTime": 60, "index": 1}, "status": "DONE"}, {"action": "EAST", "reward": 3208, "info": {}, "observation": {"remainingOverageTime": 60, "index": 2}, "status": "ACTIVE"}, {"action": "EAST", "reward": 3206, "info": {}, "observation": {"remainingOverageTime": 60, "index": 3}, "status": "ACTIVE"}], [{"action": "NORTH", "reward": 402, "info": {}, "observation": {"remainingOverageTime": 60, "step": 32, "geese": [[], [], [5, 4, 3, 2, 68, 67, 56, 57], [27, 26, 25, 24, 35, 34]], "food": [13, 49], "index": 0}, "status": "DONE"}, {"action": "NORTH", "reward": 401, "info": {}, "observation": {"remainingOverageTime": 60, "index": 1}, "status": "DONE"}, {"action": "EAST", "reward": 3308, "info": {}, "observation": {"remainingOverageTime": 60, "index": 2}, "status": "ACTIVE"}, {"action": "EAST", "reward": 3306, "info": {}, "observation": {"remainingOverageTime": 60, "index": 3}, "status": "ACTIVE"}], [{"action": "NORTH", "reward": 402, "info": {}, "observation": {"remainingOverageTime": 60, "step": 33, "geese": [[], [], [71, 5, 4, 3, 2, 68, 67, 56], [38, 27, 26, 25, 24, 35]], "food": [13, 49], "index": 0}, "status": "DONE"}, {"action": "NORTH", "reward": 401, "info": {}, "observation": {"remainingOverageTime": 60, "index": 1}, "status": "DONE"}, {"action": "NORTH", "reward": 3408, "info": {}, "observation": {"remainingOverageTime": 60, "index": 2}, "status": "ACTIVE"}, {"action": "SOUTH", "reward": 3406, "info": {}, "observation": {"remainingOverageTime": 60, "index": 3}, "status": "ACTIVE"}], [{"action": "NORTH", "reward": 402, "info": {}, "observation": {"remainingOverageTime": 60, "step": 34, "geese": [[], [], [72, 71, 5, 4, 3, 2, 68, 67], [49, 38, 27, 26, 25, 24, 35]], "food": [13, 11], "index": 0}, "status": "DONE"}, {"action": "NORTH", "reward": 401, "info": {}, "observation": {"remainingOverageTime": 60, "index": 1}, "status": "DONE"}, {"action": "EAST", "reward": 3508, "info": {}, "observation": {"remainingOverageTime": 60, "index": 2}, "status": "ACTIVE"}, {"action": "SOUTH", "reward": 3507, "info": {}, "observation": {"remainingOverageTime": 60, "index": 3}, "status": "ACTIVE"}], [{"action": "NORTH", "reward": 402, "info": {}, "observation": {"remainingOverageTime": 60, "step": 35, "geese": [[], [], [6, 72, 71, 5, 4, 3, 2, 68], [50, 49, 38, 27, 26, 25, 24]], "food": [13, 11], "index": 0}, "status": "DONE"}, {"action": "NORTH", "reward": 401, "info": {}, "observation": {"remainingOverageTime": 60, "index": 1}, "status": "DONE"}, {"action": "SOUTH", "reward": 3608, "info": {}, "observation": {"remainingOverageTime": 60, "index": 2}, "status": "ACTIVE"}, {"action": "EAST", "reward": 3607, "info": {}, "observation": {"remainingOverageTime": 60, "index": 3}, "status": "ACTIVE"}], [{"action": "NORTH", "reward": 402, "info": {}, "observation": {"remainingOverageTime": 60, "step": 36, "geese": [[], [], [17, 6, 72, 71, 5, 4, 3, 2], [51, 50, 49, 38, 27, 26, 25]], "food": [13, 11], "index": 0}, "status": "DONE"}, {"action": "NORTH", "reward": 401, "info": {}, "observation": {"remainingOverageTime": 60, "index": 1}, "status": "DONE"}, {"action": "SOUTH", "reward": 3708, "info": {}, "observation": {"remainingOverageTime": 60, "index": 2}, "status": "ACTIVE"}, {"action": "EAST", "reward": 3707, "info": {}, "observation": {"remainingOverageTime": 60, "index": 3}, "status": "ACTIVE"}], [{"action": "NORTH", "reward": 402, "info": {}, "observation": {"remainingOverageTime": 60, "step": 37, "geese": [[], [], [16, 17, 6, 72, 71, 5, 4, 3], [52, 51, 50, 49, 38, 27, 26]], "food": [13, 11], "index": 0}, "status": "DONE"}, {"action": "NORTH", "reward": 401, "info": {}, "observation": {"remainingOverageTime": 60, "index": 1}, "status": "DONE"}, {"action": "WEST", "reward": 3808, "info": {}, "observation": {"remainingOverageTime": 60, "index": 2}, "status": "ACTIVE"}, {"action": "EAST", "reward": 3807, "info": {}, "observation": {"remainingOverageTime": 60, "index": 3}, "status": "ACTIVE"}], [{"action": "NORTH", "reward": 402, "info": {}, "observation": {"remainingOverageTime": 60, "step": 38, "geese": [[], [], [15, 16, 17, 6, 72, 71, 5, 4], [53, 52, 51, 50, 49, 38, 27]], "food": [13, 11], "index": 0}, "status": "DONE"}, {"action": "NORTH", "reward": 401, "info": {}, "observation": {"remainingOverageTime": 60, "index": 1}, "status": "DONE"}, {"action": "WEST", "reward": 3908, "info": {}, "observation": {"remainingOverageTime": 60, "index": 2}, "status": "ACTIVE"}, {"action": "EAST", "reward": 3907, "info": {}, "observation": {"remainingOverageTime": 60, "index": 3}, "status": "ACTIVE"}], [{"action": "NORTH", "reward": 402, "info": {}, "observation": {"remainingOverageTime": 60, "step": 39, "geese": [[], [], [14, 15, 16, 17, 6, 72, 71, 5], [54, 53, 52, 51, 50, 49, 38]], "food": [13, 11], "index": 0}, "status": "DONE"}, {"action": "NORTH", "reward": 401, "info": {}, "observation": {"remainingOverageTime": 60, "index": 1}, "status": "DONE"}, {"action": "WEST", "reward": 4008, "info": {}, "observation": {"remainingOverageTime": 60, "index": 2}, "status": "ACTIVE"}, {"action": "EAST", "reward": 4007, "info": {}, "observation": {"remainingOverageTime": 60, "index": 3}, "status": "ACTIVE"}], [{"action": "NORTH", "reward": 402, "info": {}, "observation": {"remainingOverageTime": 60, "step": 40, "geese": [[], [], [13, 14, 15, 16, 17, 6, 72, 71], [44, 54, 53, 52, 51, 50]], "food": [11, 41], "index": 0}, "status": "DONE"}, {"action": "NORTH", "reward": 401, "info": {}, "observation": {"remainingOverageTime": 60, "index": 1}, "status": "DONE"}, {"action": "WEST", "reward": 4108, "info": {}, "observation": {"remainingOverageTime": 60, "index": 2}, "status": "ACTIVE"}, {"action": "EAST", "reward": 4106, "info": {}, "observation": {"remainingOverageTime": 60, "index": 3}, "status": "ACTIVE"}], [{"action": "NORTH", "reward": 402, "info": {}, "observation": {"remainingOverageTime": 60, "step": 41, "geese": [[], [], [12, 13, 14, 15, 16, 17, 6, 72], [33, 44, 54, 53, 52, 51]], "food": [11, 41], "index": 0}, "status": "DONE"}, {"action": "NORTH", "reward": 401, "info": {}, "observation": {"remainingOverageTime": 60, "index": 1}, "status": "DONE"}, {"action": "WEST", "reward": 4208, "info": {}, "observation": {"remainingOverageTime": 60, "index": 2}, "status": "ACTIVE"}, {"action": "NORTH", "reward": 4206, "info": {}, "observation": {"remainingOverageTime": 60, "index": 3}, "status": "ACTIVE"}], [{"action": "NORTH", "reward": 402, "info": {}, "observation": {"remainingOverageTime": 60, "step": 42, "geese": [[], [], [11, 12, 13, 14, 15, 16, 17, 6, 72], [43, 33, 44, 54, 53, 52]], "food": [41, 68], "index": 0}, "status": "DONE"}, {"action": "NORTH", "reward": 401, "info": {}, "observation": {"remainingOverageTime": 60, "index": 1}, "status": "DONE"}, {"action": "WEST", "reward": 4309, "info": {}, "observation": {"remainingOverageTime": 60, "index": 2}, "status": "ACTIVE"}, {"action": "WEST", "reward": 4306, "info": {}, "observation": {"remainingOverageTime": 60, "index": 3}, "status": "ACTIVE"}], [{"action": "NORTH", "reward": 402, "info": {}, "observation": {"remainingOverageTime": 60, "step": 43, "geese": [[], [], [0, 11, 12, 13, 14, 15, 16, 17, 6], [42, 43, 33, 44, 54, 53]], "food": [41, 68], "index": 0}, "status": "DONE"}, {"action": "NORTH", "reward": 401, "info": {}, "observation": {"remainingOverageTime": 60, "index": 1}, "status": "DONE"}, {"action": "NORTH", "reward": 4409, "info": {}, "observation": {"remainingOverageTime": 60, "index": 2}, "status": "ACTIVE"}, {"action": "WEST", "reward": 4406, "info": {}, "observation": {"remainingOverageTime": 60, "index": 3}, "status": "ACTIVE"}], [{"action": "NORTH", "reward": 402, "info": {}, "observation": {"remainingOverageTime": 60, "step": 44, "geese": [[], [], [1, 0, 11, 12, 13, 14, 15, 16, 17], [41, 42, 43, 33, 44, 54, 53]], "food": [68, 49], "index": 0}, "status": "DONE"}, {"action": "NORTH", "reward": 401, "info": {}, "observation": {"remainingOverageTime": 60, "index": 1}, "status": "DONE"}, {"action": "EAST", "reward": 4509, "info": {}, "observation": {"remainingOverageTime": 60, "index": 2}, "status": "ACTIVE"}, {"action": "WEST", "reward": 4507, "info": {}, "observation": {"remainingOverageTime": 60, "index": 3}, "status": "ACTIVE"}], [{"action": "NORTH", "reward": 402, "info": {}, "observation": {"remainingOverageTime": 60, "step": 45, "geese": [[], [], [2, 1, 0, 11, 12, 13, 14, 15, 16], [40, 41, 42, 43, 33, 44, 54]], "food": [68, 49], "index": 0}, "status": "DONE"}, {"action": "NORTH", "reward": 401, "info": {}, "observation": {"remainingOverageTime": 60, "index": 1}, "status": "DONE"}, {"action": "EAST", "reward": 4609, "info": {}, "observation": {"remainingOverageTime": 60, "index": 2}, "status": "ACTIVE"}, {"action": "WEST", "reward": 4607, "info": {}, "observation": {"remainingOverageTime": 60, "index": 3}, "status": "ACTIVE"}], [{"action": "NORTH", "reward": 402, "info": {}, "observation": {"remainingOverageTime": 60, "step": 46, "geese": [[], [], [68, 2, 1, 0, 11, 12, 13, 14, 15, 16], [39, 40, 41, 42, 43, 33, 44]], "food": [49, 65], "index": 0}, "status": "DONE"}, {"action": "NORTH", "reward": 401, "info": {}, "observation": {"remainingOverageTime": 60, "index": 1}, "status": "DONE"}, {"action": "NORTH", "reward": 4710, "info": {}, "observation": {"remainingOverageTime": 60, "index": 2}, "status": "ACTIVE"}, {"action": "WEST", "reward": 4707, "info": {}, "observation": {"remainingOverageTime": 60, "index": 3}, "status": "ACTIVE"}], [{"action": "NORTH", "reward": 402, "info": {}, "observation": {"remainingOverageTime": 60, "step": 47, "geese": [[], [], [57, 68, 2, 1, 0, 11, 12, 13, 14, 15], [38, 39, 40, 41, 42, 43, 33]], "food": [49, 65], "index": 0}, "status": "DONE"}, {"action": "NORTH", "reward": 401, "info": {}, "observation": {"remainingOverageTime": 60, "index": 1}, "status": "DONE"}, {"action": "NORTH", "reward": 4810, "info": {}, "observation": {"remainingOverageTime": 60, "index": 2}, "status": "ACTIVE"}, {"action": "WEST", "reward": 4807, "info": {}, "observation": {"remainingOverageTime": 60, "index": 3}, "status": "ACTIVE"}], [{"action": "NORTH", "reward": 402, "info": {}, "observation": {"remainingOverageTime": 60, "step": 48, "geese": [[], [], [56, 57, 68, 2, 1, 0, 11, 12, 13, 14], [49, 38, 39, 40, 41, 42, 43, 33]], "food": [65, 48], "index": 0}, "status": "DONE"}, {"action": "NORTH", "reward": 401, "info": {}, "observation": {"remainingOverageTime": 60, "index": 1}, "status": "DONE"}, {"action": "WEST", "reward": 4910, "info": {}, "observation": {"remainingOverageTime": 60, "index": 2}, "status": "ACTIVE"}, {"action": "SOUTH", "reward": 4908, "info": {}, "observation": {"remainingOverageTime": 60, "index": 3}, "status": "ACTIVE"}], [{"action": "NORTH", "reward": 402, "info": {}, "observation": {"remainingOverageTime": 60, "step": 49, "geese": [[], [], [55, 56, 57, 68, 2, 1, 0, 11, 12, 13], [48, 49, 38, 39, 40, 41, 42, 43, 33]], "food": [65, 5], "index": 0}, "status": "DONE"}, {"action": "NORTH", "reward": 401, "info": {}, "observation": {"remainingOverageTime": 60, "index": 1}, "status": "DONE"}, {"action": "WEST", "reward": 5010, "info": {}, "observation": {"remainingOverageTime": 60, "index": 2}, "status": "ACTIVE"}, {"action": "WEST", "reward": 5009, "info": {}, "observation": {"remainingOverageTime": 60, "index": 3}, "status": "ACTIVE"}], [{"action": "NORTH", "reward": 402, "info": {}, "observation": {"remainingOverageTime": 60, "step": 50, "geese": [[], [], [65, 55, 56, 57, 68, 2, 1, 0, 11, 12, 13], [59, 48, 49, 38, 39, 40, 41, 42, 43]], "food": [5, 69], "index": 0}, "status": "DONE"}, {"action": "NORTH", "reward": 401, "info": {}, "observation": {"remainingOverageTime": 60, "index": 1}, "status": "DONE"}, {"action": "WEST", "reward": 5111, "info": {}, "observation": {"remainingOverageTime": 60, "index": 2}, "status": "ACTIVE"}, {"action": "SOUTH", "reward": 5109, "info": {}, "observation": {"remainingOverageTime": 60, "index": 3}, "status": "ACTIVE"}], [{"action": "NORTH", "reward": 402, "info": {}, "observation": {"remainingOverageTime": 60, "step": 51, "geese": [[], [], [64, 65, 55, 56, 57, 68, 2, 1, 0, 11, 12], [58, 59, 48, 49, 38, 39, 40, 41, 42]], "food": [5, 69], "index": 0}, "status": "DONE"}, {"action": "NORTH", "reward": 401, "info": {}, "observation": {"remainingOverageTime": 60, "index": 1}, "status": "DONE"}, {"action": "WEST", "reward": 5211, "info": {}, "observation": {"remainingOverageTime": 60, "index": 2}, "status": "ACTIVE"}, {"action": "WEST", "reward": 5209, "info": {}, "observation": {"remainingOverageTime": 60, "index": 3}, "status": "ACTIVE"}], [{"action": "NORTH", "reward": 402, "info": {}, "observation": {"remainingOverageTime": 60, "step": 52, "geese": [[], [], [63, 64, 65, 55, 56, 57, 68, 2, 1, 0, 11], [69, 58, 59, 48, 49, 38, 39, 40, 41, 42]], "food": [5, 22], "index": 0}, "status": "DONE"}, {"action": "NORTH", "reward": 401, "info": {}, "observation": {"remainingOverageTime": 60, "index": 1}, "status": "DONE"}, {"action": "WEST", "reward": 5311, "info": {}, "observation": {"remainingOverageTime": 60, "index": 2}, "status": "ACTIVE"}, {"action": "SOUTH", "reward": 5310, "info": {}, "observation": {"remainingOverageTime": 60, "index": 3}, "status": "ACTIVE"}], [{"action": "NORTH", "reward": 402, "info": {}, "observation": {"remainingOverageTime": 60, "step": 53, "geese": [[], [], [62, 63, 64, 65, 55, 56, 57, 68, 2, 1, 0], [70, 69, 58, 59, 48, 49, 38, 39, 40, 41]], "food": [5, 22], "index": 0}, "status": "DONE"}, {"action": "NORTH", "reward": 401, "info": {}, "observation": {"remainingOverageTime": 60, "index": 1}, "status": "DONE"}, {"action": "WEST", "reward": 5411, "info": {}, "observation": {"remainingOverageTime": 60, "index": 2}, "status": "ACTIVE"}, {"action": "EAST", "reward": 5410, "info": {}, "observation": {"remainingOverageTime": 60, "index": 3}, "status": "ACTIVE"}], [{"action": "NORTH", "reward": 402, "info": {}, "observation": {"remainingOverageTime": 60, "step": 54, "geese": [[], [], [61, 62, 63, 64, 65, 55, 56, 57, 68, 2, 1], [71, 70, 69, 58, 59, 48, 49, 38, 39, 40]], "food": [5, 22], "index": 0}, "status": "DONE"}, {"action": "NORTH", "reward": 401, "info": {}, "observation": {"remainingOverageTime": 60, "index": 1}, "status": "DONE"}, {"action": "WEST", "reward": 5511, "info": {}, "observation": {"remainingOverageTime": 60, "index": 2}, "status": "ACTIVE"}, {"action": "EAST", "reward": 5510, "info": {}, "observation": {"remainingOverageTime": 60, "index": 3}, "status": "ACTIVE"}], [{"action": "NORTH", "reward": 402, "info": {}, "observation": {"remainingOverageTime": 60, "step": 55, "geese": [[], [], [50, 61, 62, 63, 64, 65, 55, 56, 57, 68, 2], [5, 71, 70, 69, 58, 59, 48, 49, 38, 39, 40]], "food": [22, 60], "index": 0}, "status": "DONE"}, {"action": "NORTH", "reward": 401, "info": {}, "observation": {"remainingOverageTime": 60, "index": 1}, "status": "DONE"}, {"action": "NORTH", "reward": 5611, "info": {}, "observation": {"remainingOverageTime": 60, "index": 2}, "status": "ACTIVE"}, {"action": "SOUTH", "reward": 5611, "info": {}, "observation": {"remainingOverageTime": 60, "index": 3}, "status": "ACTIVE"}], [{"action": "NORTH", "reward": 402, "info": {}, "observation": {"remainingOverageTime": 60, "step": 56, "geese": [[], [], [51, 50, 61, 62, 63, 64, 65, 55, 56, 57, 68], [4, 5, 71, 70, 69, 58, 59, 48, 49, 38, 39]], "food": [22, 60], "index": 0}, "status": "DONE"}, {"action": "NORTH", "reward": 401, "info": {}, "observation": {"remainingOverageTime": 60, "index": 1}, "status": "DONE"}, {"action": "EAST", "reward": 5711, "info": {}, "observation": {"remainingOverageTime": 60, "index": 2}, "status": "ACTIVE"}, {"action": "WEST", "reward": 5711, "info": {}, "observation": {"remainingOverageTime": 60, "index": 3}, "status": "ACTIVE"}], [{"action": "NORTH", "reward": 402, "info": {}, "observation": {"remainingOverageTime": 60, "step": 57, "geese": [[], [], [52, 51, 50, 61, 62, 63, 64, 65, 55, 56, 57], [3, 4, 5, 71, 70, 69, 58, 59, 48, 49, 38]], "food": [22, 60], "index": 0}, "status": "DONE"}, {"action": "NORTH", "reward": 401, "info": {}, "observation": {"remainingOverageTime": 60, "index": 1}, "status": "DONE"}, {"action": "EAST", "reward": 5811, "info": {}, "observation": {"remainingOverageTime": 60, "index": 2}, "status": "ACTIVE"}, {"action": "WEST", "reward": 5811, "info": {}, "observation": {"remainingOverageTime": 60, "index": 3}, "status": "ACTIVE"}], [{"action": "NORTH", "reward": 402, "info": {}, "observation": {"remainingOverageTime": 60, "step": 58, "geese": [[], [], [53, 52, 51, 50, 61, 62, 63, 64, 65, 55, 56], [2, 3, 4, 5, 71, 70, 69, 58, 59, 48, 49]], "food": [22, 60], "index": 0}, "status": "DONE"}, {"action": "NORTH", "reward": 401, "info": {}, "observation": {"remainingOverageTime": 60, "index": 1}, "status": "DONE"}, {"action": "EAST", "reward": 5911, "info": {}, "observation": {"remainingOverageTime": 60, "index": 2}, "status": "ACTIVE"}, {"action": "WEST", "reward": 5911, "info": {}, "observation": {"remainingOverageTime": 60, "index": 3}, "status": "ACTIVE"}], [{"action": "NORTH", "reward": 402, "info": {}, "observation": {"remainingOverageTime": 60, "step": 59, "geese": [[], [], [54, 53, 52, 51, 50, 61, 62, 63, 64, 65, 55], [1, 2, 3, 4, 5, 71, 70, 69, 58, 59, 48]], "food": [22, 60], "index": 0}, "status": "DONE"}, {"action": "NORTH", "reward": 401, "info": {}, "observation": {"remainingOverageTime": 60, "index": 1}, "status": "DONE"}, {"action": "EAST", "reward": 6011, "info": {}, "observation": {"remainingOverageTime": 60, "index": 2}, "status": "ACTIVE"}, {"action": "WEST", "reward": 6011, "info": {}, "observation": {"remainingOverageTime": 60, "index": 3}, "status": "ACTIVE"}], [{"action": "NORTH", "reward": 402, "info": {}, "observation": {"remainingOverageTime": 60, "step": 60, "geese": [[], [], [44, 54, 53, 52, 51, 50, 61, 62, 63, 64, 65], [0, 1, 2, 3, 4, 5, 71, 70, 69, 58, 59]], "food": [22, 60], "index": 0}, "status": "DONE"}, {"action": "NORTH", "reward": 401, "info": {}, "observation": {"remainingOverageTime": 60, "index": 1}, "status": "DONE"}, {"action": "EAST", "reward": 6111, "info": {}, "observation": {"remainingOverageTime": 60, "index": 2}, "status": "ACTIVE"}, {"action": "WEST", "reward": 6111, "info": {}, "observation": {"remainingOverageTime": 60, "index": 3}, "status": "ACTIVE"}], [{"action": "NORTH", "reward": 402, "info": {}, "observation": {"remainingOverageTime": 60, "step": 61, "geese": [[], [], [33, 44, 54, 53, 52, 51, 50, 61, 62, 63, 64], [11, 0, 1, 2, 3, 4, 5, 71, 70, 69, 58]], "food": [22, 60], "index": 0}, "status": "DONE"}, {"action": "NORTH", "reward": 401, "info": {}, "observation": {"remainingOverageTime": 60, "index": 1}, "status": "DONE"}, {"action": "NORTH", "reward": 6211, "info": {}, "observation": {"remainingOverageTime": 60, "index": 2}, "status": "ACTIVE"}, {"action": "SOUTH", "reward": 6211, "info": {}, "observation": {"remainingOverageTime": 60, "index": 3}, "status": "ACTIVE"}], [{"action": "NORTH", "reward": 402, "info": {}, "observation": {"remainingOverageTime": 60, "step": 62, "geese": [[], [], [34, 33, 44, 54, 53, 52, 51, 50, 61, 62, 63], [12, 11, 0, 1, 2, 3, 4, 5, 71, 70, 69]], "food": [22, 60], "index": 0}, "status": "DONE"}, {"action": "NORTH", "reward": 401, "info": {}, "observation": {"remainingOverageTime": 60, "index": 1}, "status": "DONE"}, {"action": "EAST", "reward": 6311, "info": {}, "observation": {"remainingOverageTime": 60, "index": 2}, "status": "ACTIVE"}, {"action": "EAST", "reward": 6311, "info": {}, "observation": {"remainingOverageTime": 60, "index": 3}, "status": "ACTIVE"}], [{"action": "NORTH", "reward": 402, "info": {}, "observation": {"remainingOverageTime": 60, "step": 63, "geese": [[], [], [35, 34, 33, 44, 54, 53, 52, 51, 50, 61, 62], [13, 12, 11, 0, 1, 2, 3, 4, 5, 71, 70]], "food": [22, 60], "index": 0}, "status": "DONE"}, {"action": "NORTH", "reward": 401, "info": {}, "observation": {"remainingOverageTime": 60, "index": 1}, "status": "DONE"}, {"action": "EAST", "reward": 6411, "info": {}, "observation": {"remainingOverageTime": 60, "index": 2}, "status": "ACTIVE"}, {"action": "EAST", "reward": 6411, "info": {}, "observation": {"remainingOverageTime": 60, "index": 3}, "status": "ACTIVE"}], [{"action": "NORTH", "reward": 402, "info": {}, "observation": {"remainingOverageTime": 60, "step": 64, "geese": [[], [], [36, 35, 34, 33, 44, 54, 53, 52, 51, 50, 61], [14, 13, 12, 11, 0, 1, 2, 3, 4, 5, 71]], "food": [22, 60], "index": 0}, "status": "DONE"}, {"action": "NORTH", "reward": 401, "info": {}, "observation": {"remainingOverageTime": 60, "index": 1}, "status": "DONE"}, {"action": "EAST", "reward": 6511, "info": {}, "observation": {"remainingOverageTime": 60, "index": 2}, "status": "ACTIVE"}, {"action": "EAST", "reward": 6511, "info": {}, "observation": {"remainingOverageTime": 60, "index": 3}, "status": "ACTIVE"}], [{"action": "NORTH", "reward": 402, "info": {}, "observation": {"remainingOverageTime": 60, "step": 65, "geese": [[], [], [37, 36, 35, 34, 33, 44, 54, 53, 52, 51, 50], [15, 14, 13, 12, 11, 0, 1, 2, 3, 4, 5]], "food": [22, 60], "index": 0}, "status": "DONE"}, {"action": "NORTH", "reward": 401, "info": {}, "observation": {"remainingOverageTime": 60, "index": 1}, "status": "DONE"}, {"action": "EAST", "reward": 6611, "info": {}, "observation": {"remainingOverageTime": 60, "index": 2}, "status": "ACTIVE"}, {"action": "EAST", "reward": 6611, "info": {}, "observation": {"remainingOverageTime": 60, "index": 3}, "status": "ACTIVE"}], [{"action": "NORTH", "reward": 402, "info": {}, "observation": {"remainingOverageTime": 60, "step": 66, "geese": [[], [], [38, 37, 36, 35, 34, 33, 44, 54, 53, 52, 51], [16, 15, 14, 13, 12, 11, 0, 1, 2, 3, 4]], "food": [22, 60], "index": 0}, "status": "DONE"}, {"action": "NORTH", "reward": 401, "info": {}, "observation": {"remainingOverageTime": 60, "index": 1}, "status": "DONE"}, {"action": "EAST", "reward": 6711, "info": {}, "observation": {"remainingOverageTime": 60, "index": 2}, "status": "ACTIVE"}, {"action": "EAST", "reward": 6711, "info": {}, "observation": {"remainingOverageTime": 60, "index": 3}, "status": "ACTIVE"}], [{"action": "NORTH", "reward": 402, "info": {}, "observation": {"remainingOverageTime": 60, "step": 67, "geese": [[], [], [49, 38, 37, 36, 35, 34, 33, 44, 54, 53, 52], [5, 16, 15, 14, 13, 12, 11, 0, 1, 2, 3]], "food": [22, 60], "index": 0}, "status": "DONE"}, {"action": "NORTH", "reward": 401, "info": {}, "observation": {"remainingOverageTime": 60, "index": 1}, "status": "DONE"}, {"action": "SOUTH", "reward": 6811, "info": {}, "observation": {"remainingOverageTime": 60, "index": 2}, "status": "ACTIVE"}, {"action": "NORTH", "reward": 6811, "info": {}, "observation": {"remainingOverageTime": 60, "index": 3}, "status": "ACTIVE"}], [{"action": "NORTH", "reward": 402, "info": {}, "observation": {"remainingOverageTime": 60, "step": 68, "geese": [[], [], [60, 49, 38, 37, 36, 35, 34, 33, 44, 54, 53, 52], [6, 5, 16, 15, 14, 13, 12, 11, 0, 1, 2]], "food": [22, 61], "index": 0}, "status": "DONE"}, {"action": "NORTH", "reward": 401, "info": {}, "observation": {"remainingOverageTime": 60, "index": 1}, "status": "DONE"}, {"action": "SOUTH", "reward": 6912, "info": {}, "observation": {"remainingOverageTime": 60, "index": 2}, "status": "ACTIVE"}, {"action": "EAST", "reward": 6911, "info": {}, "observation": {"remainingOverageTime": 60, "index": 3}, "status": "ACTIVE"}], [{"action": "NORTH", "reward": 402, "info": {}, "observation": {"remainingOverageTime": 60, "step": 69, "geese": [[], [], [61, 60, 49, 38, 37, 36, 35, 34, 33, 44, 54, 53, 52], [7, 6, 5, 16, 15, 14, 13, 12, 11, 0, 1]], "food": [22, 72], "index": 0}, "status": "DONE"}, {"action": "NORTH", "reward": 401, "info": {}, "observation": {"remainingOverageTime": 60, "index": 1}, "status": "DONE"}, {"action": "EAST", "reward": 7013, "info": {}, "observation": {"remainingOverageTime": 60, "index": 2}, "status": "ACTIVE"}, {"action": "EAST", "reward": 7011, "info": {}, "observation": {"remainingOverageTime": 60, "index": 3}, "status": "ACTIVE"}], [{"action": "NORTH", "reward": 402, "info": {}, "observation": {"remainingOverageTime": 60, "step": 70, "geese": [[], [], [72, 61, 60, 49, 38, 37, 36, 35, 34, 33, 44, 54, 53, 52], [8, 7, 6, 5, 16, 15, 14, 13, 12, 11, 0]], "food": [22, 4], "index": 0}, "status": "DONE"}, {"action": "NORTH", "reward": 401, "info": {}, "observation": {"remainingOverageTime": 60, "index": 1}, "status": "DONE"}, {"action": "SOUTH", "reward": 7114, "info": {}, "observation": {"remainingOverageTime": 60, "index": 2}, "status": "ACTIVE"}, {"action": "EAST", "reward": 7111, "info": {}, "observation": {"remainingOverageTime": 60, "index": 3}, "status": "ACTIVE"}], [{"action": "NORTH", "reward": 402, "info": {}, "observation": {"remainingOverageTime": 60, "step": 71, "geese": [[], [], [71, 72, 61, 60, 49, 38, 37, 36, 35, 34, 33, 44, 54, 53], [9, 8, 7, 6, 5, 16, 15, 14, 13, 12, 11]], "food": [22, 4], "index": 0}, "status": "DONE"}, {"action": "NORTH", "reward": 401, "info": {}, "observation": {"remainingOverageTime": 60, "index": 1}, "status": "DONE"}, {"action": "WEST", "reward": 7214, "info": {}, "observation": {"remainingOverageTime": 60, "index": 2}, "status": "ACTIVE"}, {"action": "EAST", "reward": 7211, "info": {}, "observation": {"remainingOverageTime": 60, "index": 3}, "status": "ACTIVE"}], [{"action": "NORTH", "reward": 402, "info": {}, "observation": {"remainingOverageTime": 60, "step": 72, "geese": [[], [], [70, 71, 72, 61, 60, 49, 38, 37, 36, 35, 34, 33, 44, 54], [10, 9, 8, 7, 6, 5, 16, 15, 14, 13, 12]], "food": [22, 4], "index": 0}, "status": "DONE"}, {"action": "NORTH", "reward": 401, "info": {}, "observation": {"remainingOverageTime": 60, "index": 1}, "status": "DONE"}, {"action": "WEST", "reward": 7314, "info": {}, "observation": {"remainingOverageTime": 60, "index": 2}, "status": "ACTIVE"}, {"action": "EAST", "reward": 7311, "info": {}, "observation": {"remainingOverageTime": 60, "index": 3}, "status": "ACTIVE"}], [{"action": "NORTH", "reward": 402, "info": {}, "observation": {"remainingOverageTime": 60, "step": 73, "geese": [[], [], [4, 70, 71, 72, 61, 60, 49, 38, 37, 36, 35, 34, 33, 44, 54], [0, 10, 9, 8, 7, 6, 5, 16, 15, 14, 13]], "food": [22, 17], "index": 0}, "status": "DONE"}, {"action": "NORTH", "reward": 401, "info": {}, "observation": {"remainingOverageTime": 60, "index": 1}, "status": "DONE"}, {"action": "SOUTH", "reward": 7415, "info": {}, "observation": {"remainingOverageTime": 60, "index": 2}, "status": "ACTIVE"}, {"action": "EAST", "reward": 7411, "info": {}, "observation": {"remainingOverageTime": 60, "index": 3}, "status": "ACTIVE"}], [{"action": "NORTH", "reward": 402, "info": {}, "observation": {"remainingOverageTime": 60, "step": 74, "geese": [[], [], [3, 4, 70, 71, 72, 61, 60, 49, 38, 37, 36, 35, 34, 33, 44], [11, 0, 10, 9, 8, 7, 6, 5, 16, 15, 14]], "food": [22, 17], "index": 0}, "status": "DONE"}, {"action": "NORTH", "reward": 401, "info": {}, "observation": {"remainingOverageTime": 60, "index": 1}, "status": "DONE"}, {"action": "WEST", "reward": 7515, "info": {}, "observation": {"remainingOverageTime": 60, "index": 2}, "status": "ACTIVE"}, {"action": "SOUTH", "reward": 7511, "info": {}, "observation": {"remainingOverageTime": 60, "index": 3}, "status": "ACTIVE"}], [{"action": "NORTH", "reward": 402, "info": {}, "observation": {"remainingOverageTime": 60, "step": 75, "geese": [[], [], [], [22, 11, 0, 10, 9, 8, 7, 6, 5, 16, 15, 14]], "food": [17, 35], "index": 0}, "status": "DONE"}, {"action": "NORTH", "reward": 401, "info": {}, "observation": {"remainingOverageTime": 60, "index": 1}, "status": "DONE"}, {"action": "SOUTH", "reward": 7515, "info": {}, "observation": {"remainingOverageTime": 60, "index": 2}, "status": "DONE"}, {"action": "SOUTH", "reward": 7612, "info": {}, "observation": {"remainingOverageTime": 60, "index": 3}, "status": "DONE"}]], "rewards": [402, 401, 7515, 7612], "statuses": ["DONE", "DONE", "DONE", "DONE"], "schema_version": 1, "info": {}}