{"id": "a676eb6a-db0c-11ee-b332-0242ac1c000c", "name": "hungry_geese", "title": "Hungry Geese", "description": "Similar to the classic snake game with multiple players", "version": "1.0.0", "configuration": {"episodeSteps": 200, "actTimeout": 1, "runTimeout": 1200, "columns": 11, "rows": 7, "hunger_rate": 40, "min_food": 2, "max_length": 99}, "specification": {"action": {"description": "Direction to move the head of your players goose.", "type": "string", "enum": ["NORTH", "EAST", "SOUTH", "WEST"], "default": "NORTH"}, "agents": [1, 2, 3, 4, 5, 6, 7, 8], "configuration": {"episodeSteps": {"description": "Maximum number of steps in the episode.", "type": "integer", "minimum": 1, "default": 200}, "actTimeout": {"description": "Maximum runtime (seconds) to obtain an action from an agent.", "type": "number", "minimum": 0, "default": 1}, "runTimeout": {"description": "Maximum runtime (seconds) of an episode (not necessarily DONE).", "type": "number", "minimum": 0, "default": 1200}, "columns": {"description": "Horizontal number of cells on the board.", "type": "integer", "default": 11, "minimum": 3}, "rows": {"description": "Vertical number of cells on the board.", "type": "integer", "default": 7, "minimum": 3}, "hunger_rate": {"description": "The number of steps before the goose shrinks a cell.", "type": "integer", "minimum": 1, "default": 40}, "min_food": {"description": "The minimum amount of food present for all steps.", "type": "integer", "default": 2, "minimum": 1}, "max_length": {"description": "The max length any goose can be. Total reward = (max length + 1) * steps survived + goose length.", "type": "integer", "default": 99}}, "info": {}, "observation": {"remainingOverageTime": {"description": "Total remaining banked time (seconds) that can be used in excess of per-step actTimeouts -- agent is disqualified with TIMEOUT status when this drops below 0.", "shared": false, "type": "number", "minimum": 0, "default": 60}, "step": {"description": "Current step within the episode.", "type": "integer", "shared": true, "minimum": 0, "default": 0}, "geese": {"description": "List of geese in order by the agent index.", "type": "array", "default": [], "shared": true}, "food": {"description": "Positions on the board where food is present.", "type": "array", "default": [], "shared": true}, "index": {"description": "Index of the current agent's goose in the list of geese.", "type": "integer", "minimum": 0, "defaults": [0, 1, 2, 3, 4, 5, 6, 7]}}, "reward": {"description": "steps survived * (max goose length + 1) + current goose length.", "type": ["number", "null"], "default": 0, "minimum": 0}}, "steps": [[{"action": "NORTH", "reward": 0, "info": {}, "observation": {"remainingOverageTime": 60, "step": 0, "geese": [[50], [55], [51], [3]], "food": [67, 62], "index": 0}, "status": "ACTIVE"}, {"action": "NORTH", "reward": 0, "info": {}, "observation": {"remainingOverageTime": 60, "index": 1}, "status": "ACTIVE"}, {"action": "NORTH", "reward": 0, "info": {}, "observation": {"remainingOverageTime": 60, "index": 2}, "status": "ACTIVE"}, {"action": "NORTH", "reward": 0, "info": {}, "observation": {"remainingOverageTime": 60, "index": 3}, "status": "ACTIVE"}], [{"action": "WEST", "reward": 201, "info": {}, "observation": {"remainingOverageTime": 60, "step": 1, "geese": [[49], [56], [62, 51], [69]], "food": [67, 31], "index": 0}, "status": "ACTIVE"}, {"action": "EAST", "reward": 201, "info": {}, "observation": {"remainingOverageTime": 60, "index": 1}, "status": "ACTIVE"}, {"action": "SOUTH", "reward": 202, "info": {}, "observation": {"remainingOverageTime": 60, "index": 2}, "status": "ACTIVE"}, {"action": "NORTH", "reward": 201, "info": {}, "observation": {"remainingOverageTime": 60, "index": 3}, "status": "ACTIVE"}], [{"action": "EAST", "reward": 201, "info": {}, "observation": {"remainingOverageTime": 60, "step": 2, "geese": [[], [67, 56], [63, 62], [68]], "food": [31, 76], "index": 0}, "status": "DONE"}, {"action": "SOUTH", "reward": 302, "info": {}, "observation": {"remainingOverageTime": 60, "index": 1}, "status": "ACTIVE"}, {"action": "EAST", "reward": 302, "info": {}, "observation": {"remainingOverageTime": 60, "index": 2}, "status": "ACTIVE"}, {"action": "WEST", "reward": 301, "info": {}, "observation": {"remainingOverageTime": 60, "index": 3}, "status": "ACTIVE"}], [{"action": "NORTH", "reward": 201, "info": {}, "observation": {"remainingOverageTime": 60, "step": 3, "geese": [[], [66, 67], [64, 63], [57]], "food": [31, 76], "index": 0}, "status": "DONE"}, {"action": "WEST", "reward": 402, "info": {}, "observation": {"remainingOverageTime": 60, "index": 1}, "status": "ACTIVE"}, {"action": "EAST", "reward": 402, "info": {}, "observation": {"remainingOverageTime": 60, "index": 2}, "status": "ACTIVE"}, {"action": "NORTH", "reward": 401, "info": {}, "observation": {"remainingOverageTime": 60, "index": 3}, "status": "ACTIVE"}], [{"action": "NORTH", "reward": 201, "info": {}, "observation": {"remainingOverageTime": 60, "step": 4, "geese": [[], [76, 66, 67], [53, 64], [46]], "food": [31, 28], "index": 0}, "status": "DONE"}, {"action": "WEST", "reward": 503, "info": {}, "observation": {"remainingOverageTime": 60, "index": 1}, "status": "ACTIVE"}, {"action": "NORTH", "reward": 502, "info": {}, "observation": {"remainingOverageTime": 60, "index": 2}, "status": "ACTIVE"}, {"action": "NORTH", "reward": 501, "info": {}, "observation": {"remainingOverageTime": 60, "index": 3}, "status": "ACTIVE"}], [{"action": "NORTH", "reward": 201, "info": {}, "observation": {"remainingOverageTime": 60, "step": 5, "geese": [[], [75, 76, 66], [42, 53], [47]], "food": [31, 28], "index": 0}, "status": "DONE"}, {"action": "WEST", "reward": 603, "info": {}, "observation": {"remainingOverageTime": 60, "index": 1}, "status": "ACTIVE"}, {"action": "NORTH", "reward": 602, "info": {}, "observation": {"remainingOverageTime": 60, "index": 2}, "status": "ACTIVE"}, {"action": "EAST", "reward": 601, "info": {}, "observation": {"remainingOverageTime": 60, "index": 3}, "status": "ACTIVE"}], [{"action": "NORTH", "reward": 201, "info": {}, "observation": {"remainingOverageTime": 60, "step": 6, "geese": [[], [74, 75, 76], [31, 42, 53], [48]], "food": [28, 3], "index": 0}, "status": "DONE"}, {"action": "WEST", "reward": 703, "info": {}, "observation": {"remainingOverageTime": 60, "index": 1}, "status": "ACTIVE"}, {"action": "NORTH", "reward": 703, "info": {}, "observation": {"remainingOverageTime": 60, "index": 2}, "status": "ACTIVE"}, {"action": "EAST", "reward": 701, "info": {}, "observation": {"remainingOverageTime": 60, "index": 3}, "status": "ACTIVE"}], [{"action": "NORTH", "reward": 201, "info": {}, "observation": {"remainingOverageTime": 60, "step": 7, "geese": [[], [73, 74, 75], [30, 31, 42], [49]], "food": [28, 3], "index": 0}, "status": "DONE"}, {"action": "WEST", "reward": 803, "info": {}, "observation": {"remainingOverageTime": 60, "index": 1}, "status": "ACTIVE"}, {"action": "WEST", "reward": 803, "info": {}, "observation": {"remainingOverageTime": 60, "index": 2}, "status": "ACTIVE"}, {"action": "EAST", "reward": 801, "info": {}, "observation": {"remainingOverageTime": 60, "index": 3}, "status": "ACTIVE"}], [{"action": "NORTH", "reward": 201, "info": {}, "observation": {"remainingOverageTime": 60, "step": 8, "geese": [[], [72, 73, 74], [29, 30, 31], [50]], "food": [28, 3], "index": 0}, "status": "DONE"}, {"action": "WEST", "reward": 903, "info": {}, "observation": {"remainingOverageTime": 60, "index": 1}, "status": "ACTIVE"}, {"action": "WEST", "reward": 903, "info": {}, "observation": {"remainingOverageTime": 60, "index": 2}, "status": "ACTIVE"}, {"action": "EAST", "reward": 901, "info": {}, "observation": {"remainingOverageTime": 60, "index": 3}, "status": "ACTIVE"}], [{"action": "NORTH", "reward": 201, "info": {}, "observation": {"remainingOverageTime": 60, "step": 9, "geese": [[], [71, 72, 73], [28, 29, 30, 31], []], "food": [3, 48], "index": 0}, "status": "DONE"}, {"action": "WEST", "reward": 1003, "info": {}, "observation": {"remainingOverageTime": 60, "index": 1}, "status": "ACTIVE"}, {"action": "WEST", "reward": 1004, "info": {}, "observation": {"remainingOverageTime": 60, "index": 2}, "status": "ACTIVE"}, {"action": "WEST", "reward": 901, "info": {}, "observation": {"remainingOverageTime": 60, "index": 3}, "status": "DONE"}], [{"action": "NORTH", "reward": 201, "info": {}, "observation": {"remainingOverageTime": 60, "step": 10, "geese": [[], [60, 71, 72], [27, 28, 29, 30], []], "food": [3, 48], "index": 0}, "status": "DONE"}, {"action": "NORTH", "reward": 1103, "info": {}, "observation": {"remainingOverageTime": 60, "index": 1}, "status": "ACTIVE"}, {"action": "WEST", "reward": 1104, "info": {}, "observation": {"remainingOverageTime": 60, "index": 2}, "status": "ACTIVE"}, {"action": "NORTH", "reward": 901, "info": {}, "observation": {"remainingOverageTime": 60, "index": 3}, "status": "DONE"}], [{"action": "NORTH", "reward": 201, "info": {}, "observation": {"remainingOverageTime": 60, "step": 11, "geese": [[], [49, 60, 71], [26, 27, 28, 29], []], "food": [3, 48], "index": 0}, "status": "DONE"}, {"action": "NORTH", "reward": 1203, "info": {}, "observation": {"remainingOverageTime": 60, "index": 1}, "status": "ACTIVE"}, {"action": "WEST", "reward": 1204, "info": {}, "observation": {"remainingOverageTime": 60, "index": 2}, "status": "ACTIVE"}, {"action": "NORTH", "reward": 901, "info": {}, "observation": {"remainingOverageTime": 60, "index": 3}, "status": "DONE"}], [{"action": "NORTH", "reward": 201, "info": {}, "observation": {"remainingOverageTime": 60, "step": 12, "geese": [[], [48, 49, 60, 71], [15, 26, 27, 28], []], "food": [3, 35], "index": 0}, "status": "DONE"}, {"action": "WEST", "reward": 1304, "info": {}, "observation": {"remainingOverageTime": 60, "index": 1}, "status": "ACTIVE"}, {"action": "NORTH", "reward": 1304, "info": {}, "observation": {"remainingOverageTime": 60, "index": 2}, "status": "ACTIVE"}, {"action": "NORTH", "reward": 901, "info": {}, "observation": {"remainingOverageTime": 60, "index": 3}, "status": "DONE"}], [{"action": "NORTH", "reward": 201, "info": {}, "observation": {"remainingOverageTime": 60, "step": 13, "geese": [[], [37, 48, 49, 60], [4, 15, 26, 27], []], "food": [3, 35], "index": 0}, "status": "DONE"}, {"action": "NORTH", "reward": 1404, "info": {}, "observation": {"remainingOverageTime": 60, "index": 1}, "status": "ACTIVE"}, {"action": "NORTH", "reward": 1404, "info": {}, "observation": {"remainingOverageTime": 60, "index": 2}, "status": "ACTIVE"}, {"action": "NORTH", "reward": 901, "info": {}, "observation": {"remainingOverageTime": 60, "index": 3}, "status": "DONE"}], [{"action": "NORTH", "reward": 201, "info": {}, "observation": {"remainingOverageTime": 60, "step": 14, "geese": [[], [36, 37, 48, 49], [3, 4, 15, 26, 27], []], "food": [35, 24], "index": 0}, "status": "DONE"}, {"action": "WEST", "reward": 1504, "info": {}, "observation": {"remainingOverageTime": 60, "index": 1}, "status": "ACTIVE"}, {"action": "WEST", "reward": 1505, "info": {}, "observation": {"remainingOverageTime": 60, "index": 2}, "status": "ACTIVE"}, {"action": "NORTH", "reward": 901, "info": {}, "observation": {"remainingOverageTime": 60, "index": 3}, "status": "DONE"}], [{"action": "NORTH", "reward": 201, "info": {}, "observation": {"remainingOverageTime": 60, "step": 15, "geese": [[], [35, 36, 37, 48, 49], [2, 3, 4, 15, 26], []], "food": [24, 58], "index": 0}, "status": "DONE"}, {"action": "WEST", "reward": 1605, "info": {}, "observation": {"remainingOverageTime": 60, "index": 1}, "status": "ACTIVE"}, {"action": "WEST", "reward": 1605, "info": {}, "observation": {"remainingOverageTime": 60, "index": 2}, "status": "ACTIVE"}, {"action": "NORTH", "reward": 901, "info": {}, "observation": {"remainingOverageTime": 60, "index": 3}, "status": "DONE"}], [{"action": "NORTH", "reward": 201, "info": {}, "observation": {"remainingOverageTime": 60, "step": 16, "geese": [[], [24, 35, 36, 37, 48, 49], [68, 2, 3, 4, 15], []], "food": [58, 75], "index": 0}, "status": "DONE"}, {"action": "NORTH", "reward": 1706, "info": {}, "observation": {"remainingOverageTime": 60, "index": 1}, "status": "ACTIVE"}, {"action": "NORTH", "reward": 1705, "info": {}, "observation": {"remainingOverageTime": 60, "index": 2}, "status": "ACTIVE"}, {"action": "NORTH", "reward": 901, "info": {}, "observation": {"remainingOverageTime": 60, "index": 3}, "status": "DONE"}], [{"action": "NORTH", "reward": 201, "info": {}, "observation": {"remainingOverageTime": 60, "step": 17, "geese": [[], [23, 24, 35, 36, 37, 48], [69, 68, 2, 3, 4], []], "food": [58, 75], "index": 0}, "status": "DONE"}, {"action": "WEST", "reward": 1806, "info": {}, "observation": {"remainingOverageTime": 60, "index": 1}, "status": "ACTIVE"}, {"action": "EAST", "reward": 1805, "info": {}, "observation": {"remainingOverageTime": 60, "index": 2}, "status": "ACTIVE"}, {"action": "NORTH", "reward": 901, "info": {}, "observation": {"remainingOverageTime": 60, "index": 3}, "status": "DONE"}], [{"action": "NORTH", "reward": 201, "info": {}, "observation": {"remainingOverageTime": 60, "step": 18, "geese": [[], [12, 23, 24, 35, 36, 37], [58, 69, 68, 2, 3, 4], []], "food": [75, 65], "index": 0}, "status": "DONE"}, {"action": "NORTH", "reward": 1906, "info": {}, "observation": {"remainingOverageTime": 60, "index": 1}, "status": "ACTIVE"}, {"action": "NORTH", "reward": 1906, "info": {}, "observation": {"remainingOverageTime": 60, "index": 2}, "status": "ACTIVE"}, {"action": "NORTH", "reward": 901, "info": {}, "observation": {"remainingOverageTime": 60, "index": 3}, "status": "DONE"}], [{"action": "NORTH", "reward": 201, "info": {}, "observation": {"remainingOverageTime": 60, "step": 19, "geese": [[], [1, 12, 23, 24, 35, 36], [57, 58, 69, 68, 2, 3], []], "food": [75, 65], "index": 0}, "status": "DONE"}, {"action": "NORTH", "reward": 2006, "info": {}, "observation": {"remainingOverageTime": 60, "index": 1}, "status": "ACTIVE"}, {"action": "WEST", "reward": 2006, "info": {}, "observation": {"remainingOverageTime": 60, "index": 2}, "status": "ACTIVE"}, {"action": "NORTH", "reward": 901, "info": {}, "observation": {"remainingOverageTime": 60, "index": 3}, "status": "DONE"}], [{"action": "NORTH", "reward": 201, "info": {}, "observation": {"remainingOverageTime": 60, "step": 20, "geese": [[], [67, 1, 12, 23, 24, 35], [56, 57, 58, 69, 68, 2], []], "food": [75, 65], "index": 0}, "status": "DONE"}, {"action": "NORTH", "reward": 2106, "info": {}, "observation": {"remainingOverageTime": 60, "index": 1}, "status": "ACTIVE"}, {"action": "WEST", "reward": 2106, "info": {}, "observation": {"remainingOverageTime": 60, "index": 2}, "status": "ACTIVE"}, {"action": "NORTH", "reward": 901, "info": {}, "observation": {"remainingOverageTime": 60, "index": 3}, "status": "DONE"}], [{"action": "NORTH", "reward": 201, "info": {}, "observation": {"remainingOverageTime": 60, "step": 21, "geese": [[], [66, 67, 1, 12, 23, 24], [55, 56, 57, 58, 69, 68], []], "food": [75, 65], "index": 0}, "status": "DONE"}, {"action": "WEST", "reward": 2206, "info": {}, "observation": {"remainingOverageTime": 60, "index": 1}, "status": "ACTIVE"}, {"action": "WEST", "reward": 2206, "info": {}, "observation": {"remainingOverageTime": 60, "index": 2}, "status": "ACTIVE"}, {"action": "NORTH", "reward": 901, "info": {}, "observation": {"remainingOverageTime": 60, "index": 3}, "status": "DONE"}], [{"action": "NORTH", "reward": 201, "info": {}, "observation": {"remainingOverageTime": 60, "step": 22, "geese": [[], [76, 66, 67, 1, 12, 23], [65, 55, 56, 57, 58, 69, 68], []], "food": [75, 39], "index": 0}, "status": "DONE"}, {"action": "WEST", "reward": 2306, "info": {}, "observation": {"remainingOverageTime": 60, "index": 1}, "status": "ACTIVE"}, {"action": "WEST", "reward": 2307, "info": {}, "observation": {"remainingOverageTime": 60, "index": 2}, "status": "ACTIVE"}, {"action": "NORTH", "reward": 901, "info": {}, "observation": {"remainingOverageTime": 60, "index": 3}, "status": "DONE"}], [{"action": "NORTH", "reward": 201, "info": {}, "observation": {"remainingOverageTime": 60, "step": 23, "geese": [[], [75, 76, 66, 67, 1, 12, 23], [54, 65, 55, 56, 57, 58, 69], []], "food": [39, 73], "index": 0}, "status": "DONE"}, {"action": "WEST", "reward": 2407, "info": {}, "observation": {"remainingOverageTime": 60, "index": 1}, "status": "ACTIVE"}, {"action": "NORTH", "reward": 2407, "info": {}, "observation": {"remainingOverageTime": 60, "index": 2}, "status": "ACTIVE"}, {"action": "NORTH", "reward": 901, "info": {}, "observation": {"remainingOverageTime": 60, "index": 3}, "status": "DONE"}], [{"action": "NORTH", "reward": 201, "info": {}, "observation": {"remainingOverageTime": 60, "step": 24, "geese": [[], [74, 75, 76, 66, 67, 1, 12], [43, 54, 65, 55, 56, 57, 58], []], "food": [39, 73], "index": 0}, "status": "DONE"}, {"action": "WEST", "reward": 2507, "info": {}, "observation": {"remainingOverageTime": 60, "index": 1}, "status": "ACTIVE"}, {"action": "NORTH", "reward": 2507, "info": {}, "observation": {"remainingOverageTime": 60, "index": 2}, "status": "ACTIVE"}, {"action": "NORTH", "reward": 901, "info": {}, "observation": {"remainingOverageTime": 60, "index": 3}, "status": "DONE"}], [{"action": "NORTH", "reward": 201, "info": {}, "observation": {"remainingOverageTime": 60, "step": 25, "geese": [[], [73, 74, 75, 76, 66, 67, 1, 12], [42, 43, 54, 65, 55, 56, 57], []], "food": [39, 6], "index": 0}, "status": "DONE"}, {"action": "WEST", "reward": 2608, "info": {}, "observation": {"remainingOverageTime": 60, "index": 1}, "status": "ACTIVE"}, {"action": "WEST", "reward": 2607, "info": {}, "observation": {"remainingOverageTime": 60, "index": 2}, "status": "ACTIVE"}, {"action": "NORTH", "reward": 901, "info": {}, "observation": {"remainingOverageTime": 60, "index": 3}, "status": "DONE"}], [{"action": "NORTH", "reward": 201, "info": {}, "observation": {"remainingOverageTime": 60, "step": 26, "geese": [[], [72, 73, 74, 75, 76, 66, 67, 1], [41, 42, 43, 54, 65, 55, 56], []], "food": [39, 6], "index": 0}, "status": "DONE"}, {"action": "WEST", "reward": 2708, "info": {}, "observation": {"remainingOverageTime": 60, "index": 1}, "status": "ACTIVE"}, {"action": "WEST", "reward": 2707, "info": {}, "observation": {"remainingOverageTime": 60, "index": 2}, "status": "ACTIVE"}, {"action": "NORTH", "reward": 901, "info": {}, "observation": {"remainingOverageTime": 60, "index": 3}, "status": "DONE"}], [{"action": "NORTH", "reward": 201, "info": {}, "observation": {"remainingOverageTime": 60, "step": 27, "geese": [[], [6, 72, 73, 74, 75, 76, 66, 67, 1], [40, 41, 42, 43, 54, 65, 55], []], "food": [39, 63], "index": 0}, "status": "DONE"}, {"action": "SOUTH", "reward": 2809, "info": {}, "observation": {"remainingOverageTime": 60, "index": 1}, "status": "ACTIVE"}, {"action": "WEST", "reward": 2807, "info": {}, "observation": {"remainingOverageTime": 60, "index": 2}, "status": "ACTIVE"}, {"action": "NORTH", "reward": 901, "info": {}, "observation": {"remainingOverageTime": 60, "index": 3}, "status": "DONE"}], [{"action": "NORTH", "reward": 201, "info": {}, "observation": {"remainingOverageTime": 60, "step": 28, "geese": [[], [5, 6, 72, 73, 74, 75, 76, 66, 67], [39, 40, 41, 42, 43, 54, 65, 55], []], "food": [63, 15], "index": 0}, "status": "DONE"}, {"action": "WEST", "reward": 2909, "info": {}, "observation": {"remainingOverageTime": 60, "index": 1}, "status": "ACTIVE"}, {"action": "WEST", "reward": 2908, "info": {}, "observation": {"remainingOverageTime": 60, "index": 2}, "status": "ACTIVE"}, {"action": "NORTH", "reward": 901, "info": {}, "observation": {"remainingOverageTime": 60, "index": 3}, "status": "DONE"}], [{"action": "NORTH", "reward": 201, "info": {}, "observation": {"remainingOverageTime": 60, "step": 29, "geese": [[], [4, 5, 6, 72, 73, 74, 75, 76, 66], [28, 39, 40, 41, 42, 43, 54, 65], []], "food": [63, 15], "index": 0}, "status": "DONE"}, {"action": "WEST", "reward": 3009, "info": {}, "observation": {"remainingOverageTime": 60, "index": 1}, "status": "ACTIVE"}, {"action": "NORTH", "reward": 3008, "info": {}, "observation": {"remainingOverageTime": 60, "index": 2}, "status": "ACTIVE"}, {"action": "NORTH", "reward": 901, "info": {}, "observation": {"remainingOverageTime": 60, "index": 3}, "status": "DONE"}], [{"action": "NORTH", "reward": 201, "info": {}, "observation": {"remainingOverageTime": 60, "step": 30, "geese": [[], [15, 4, 5, 6, 72, 73, 74, 75, 76, 66], [27, 28, 39, 40, 41, 42, 43, 54], []], "food": [63, 65], "index": 0}, "status": "DONE"}, {"action": "SOUTH", "reward": 3110, "info": {}, "observation": {"remainingOverageTime": 60, "index": 1}, "status": "ACTIVE"}, {"action": "WEST", "reward": 3108, "info": {}, "observation": {"remainingOverageTime": 60, "index": 2}, "status": "ACTIVE"}, {"action": "NORTH", "reward": 901, "info": {}, "observation": {"remainingOverageTime": 60, "index": 3}, "status": "DONE"}], [{"action": "NORTH", "reward": 201, "info": {}, "observation": {"remainingOverageTime": 60, "step": 31, "geese": [[], [14, 15, 4, 5, 6, 72, 73, 74, 75, 76], [38, 27, 28, 39, 40, 41, 42, 43], []], "food": [63, 65], "index": 0}, "status": "DONE"}, {"action": "WEST", "reward": 3210, "info": {}, "observation": {"remainingOverageTime": 60, "index": 1}, "status": "ACTIVE"}, {"action": "SOUTH", "reward": 3208, "info": {}, "observation": {"remainingOverageTime": 60, "index": 2}, "status": "ACTIVE"}, {"action": "NORTH", "reward": 901, "info": {}, "observation": {"remainingOverageTime": 60, "index": 3}, "status": "DONE"}], [{"action": "NORTH", "reward": 201, "info": {}, "observation": {"remainingOverageTime": 60, "step": 32, "geese": [[], [3, 14, 15, 4, 5, 6, 72, 73, 74, 75], [49, 38, 27, 28, 39, 40, 41, 42], []], "food": [63, 65], "index": 0}, "status": "DONE"}, {"action": "NORTH", "reward": 3310, "info": {}, "observation": {"remainingOverageTime": 60, "index": 1}, "status": "ACTIVE"}, {"action": "SOUTH", "reward": 3308, "info": {}, "observation": {"remainingOverageTime": 60, "index": 2}, "status": "ACTIVE"}, {"action": "NORTH", "reward": 901, "info": {}, "observation": {"remainingOverageTime": 60, "index": 3}, "status": "DONE"}], [{"action": "NORTH", "reward": 201, "info": {}, "observation": {"remainingOverageTime": 60, "step": 33, "geese": [[], [69, 3, 14, 15, 4, 5, 6, 72, 73, 74], [50, 49, 38, 27, 28, 39, 40, 41], []], "food": [63, 65], "index": 0}, "status": "DONE"}, {"action": "NORTH", "reward": 3410, "info": {}, "observation": {"remainingOverageTime": 60, "index": 1}, "status": "ACTIVE"}, {"action": "EAST", "reward": 3408, "info": {}, "observation": {"remainingOverageTime": 60, "index": 2}, "status": "ACTIVE"}, {"action": "NORTH", "reward": 901, "info": {}, "observation": {"remainingOverageTime": 60, "index": 3}, "status": "DONE"}], [{"action": "NORTH", "reward": 201, "info": {}, "observation": {"remainingOverageTime": 60, "step": 34, "geese": [[], [58, 69, 3, 14, 15, 4, 5, 6, 72, 73], [51, 50, 49, 38, 27, 28, 39, 40], []], "food": [63, 65], "index": 0}, "status": "DONE"}, {"action": "NORTH", "reward": 3510, "info": {}, "observation": {"remainingOverageTime": 60, "index": 1}, "status": "ACTIVE"}, {"action": "EAST", "reward": 3508, "info": {}, "observation": {"remainingOverageTime": 60, "index": 2}, "status": "ACTIVE"}, {"action": "NORTH", "reward": 901, "info": {}, "observation": {"remainingOverageTime": 60, "index": 3}, "status": "DONE"}], [{"action": "NORTH", "reward": 201, "info": {}, "observation": {"remainingOverageTime": 60, "step": 35, "geese": [[], [57, 58, 69, 3, 14, 15, 4, 5, 6, 72], [52, 51, 50, 49, 38, 27, 28, 39], []], "food": [63, 65], "index": 0}, "status": "DONE"}, {"action": "WEST", "reward": 3610, "info": {}, "observation": {"remainingOverageTime": 60, "index": 1}, "status": "ACTIVE"}, {"action": "EAST", "reward": 3608, "info": {}, "observation": {"remainingOverageTime": 60, "index": 2}, "status": "ACTIVE"}, {"action": "NORTH", "reward": 901, "info": {}, "observation": {"remainingOverageTime": 60, "index": 3}, "status": "DONE"}], [{"action": "NORTH", "reward": 201, "info": {}, "observation": {"remainingOverageTime": 60, "step": 36, "geese": [[], [56, 57, 58, 69, 3, 14, 15, 4, 5, 6], [63, 52, 51, 50, 49, 38, 27, 28, 39], []], "food": [65, 71], "index": 0}, "status": "DONE"}, {"action": "WEST", "reward": 3710, "info": {}, "observation": {"remainingOverageTime": 60, "index": 1}, "status": "ACTIVE"}, {"action": "SOUTH", "reward": 3709, "info": {}, "observation": {"remainingOverageTime": 60, "index": 2}, "status": "ACTIVE"}, {"action": "NORTH", "reward": 901, "info": {}, "observation": {"remainingOverageTime": 60, "index": 3}, "status": "DONE"}], [{"action": "NORTH", "reward": 201, "info": {}, "observation": {"remainingOverageTime": 60, "step": 37, "geese": [[], [55, 56, 57, 58, 69, 3, 14, 15, 4, 5], [64, 63, 52, 51, 50, 49, 38, 27, 28], []], "food": [65, 71], "index": 0}, "status": "DONE"}, {"action": "WEST", "reward": 3810, "info": {}, "observation": {"remainingOverageTime": 60, "index": 1}, "status": "ACTIVE"}, {"action": "EAST", "reward": 3809, "info": {}, "observation": {"remainingOverageTime": 60, "index": 2}, "status": "ACTIVE"}, {"action": "NORTH", "reward": 901, "info": {}, "observation": {"remainingOverageTime": 60, "index": 3}, "status": "DONE"}], [{"action": "NORTH", "reward": 201, "info": {}, "observation": {"remainingOverageTime": 60, "step": 38, "geese": [[], [44, 55, 56, 57, 58, 69, 3, 14, 15, 4], [75, 64, 63, 52, 51, 50, 49, 38, 27], []], "food": [65, 71], "index": 0}, "status": "DONE"}, {"action": "NORTH", "reward": 3910, "info": {}, "observation": {"remainingOverageTime": 60, "index": 1}, "status": "ACTIVE"}, {"action": "SOUTH", "reward": 3909, "info": {}, "observation": {"remainingOverageTime": 60, "index": 2}, "status": "ACTIVE"}, {"action": "NORTH", "reward": 901, "info": {}, "observation": {"remainingOverageTime": 60, "index": 3}, "status": "DONE"}], [{"action": "NORTH", "reward": 201, "info": {}, "observation": {"remainingOverageTime": 60, "step": 39, "geese": [[], [54, 44, 55, 56, 57, 58, 69, 3, 14, 15], [76, 75, 64, 63, 52, 51, 50, 49, 38], []], "food": [65, 71], "index": 0}, "status": "DONE"}, {"action": "WEST", "reward": 4010, "info": {}, "observation": {"remainingOverageTime": 60, "index": 1}, "status": "ACTIVE"}, {"action": "EAST", "reward": 4009, "info": {}, "observation": {"remainingOverageTime": 60, "index": 2}, "status": "ACTIVE"}, {"action": "NORTH", "reward": 901, "info": {}, "observation": {"remainingOverageTime": 60, "index": 3}, "status": "DONE"}], [{"action": "NORTH", "reward": 201, "info": {}, "observation": {"remainingOverageTime": 60, "step": 40, "geese": [[], [43, 54, 44, 55, 56, 57, 58, 69, 3], [10, 76, 75, 64, 63, 52, 51, 50], []], "food": [65, 71], "index": 0}, "status": "DONE"}, {"action": "NORTH", "reward": 4109, "info": {}, "observation": {"remainingOverageTime": 60, "index": 1}, "status": "ACTIVE"}, {"action": "SOUTH", "reward": 4108, "info": {}, "observation": {"remainingOverageTime": 60, "index": 2}, "status": "ACTIVE"}, {"action": "NORTH", "reward": 901, "info": {}, "observation": {"remainingOverageTime": 60, "index": 3}, "status": "DONE"}], [{"action": "NORTH", "reward": 201, "info": {}, "observation": {"remainingOverageTime": 60, "step": 41, "geese": [[], [42, 43, 54, 44, 55, 56, 57, 58, 69], [9, 10, 76, 75, 64, 63, 52, 51], []], "food": [65, 71], "index": 0}, "status": "DONE"}, {"action": "WEST", "reward": 4209, "info": {}, "observation": {"remainingOverageTime": 60, "index": 1}, "status": "ACTIVE"}, {"action": "WEST", "reward": 4208, "info": {}, "observation": {"remainingOverageTime": 60, "index": 2}, "status": "ACTIVE"}, {"action": "NORTH", "reward": 901, "info": {}, "observation": {"remainingOverageTime": 60, "index": 3}, "status": "DONE"}], [{"action": "NORTH", "reward": 201, "info": {}, "observation": {"remainingOverageTime": 60, "step": 42, "geese": [[], [41, 42, 43, 54, 44, 55, 56, 57, 58], [8, 9, 10, 76, 75, 64, 63, 52], []], "food": [65, 71], "index": 0}, "status": "DONE"}, {"action": "WEST", "reward": 4309, "info": {}, "observation": {"remainingOverageTime": 60, "index": 1}, "status": "ACTIVE"}, {"action": "WEST", "reward": 4308, "info": {}, "observation": {"remainingOverageTime": 60, "index": 2}, "status": "ACTIVE"}, {"action": "NORTH", "reward": 901, "info": {}, "observation": {"remainingOverageTime": 60, "index": 3}, "status": "DONE"}], [{"action": "NORTH", "reward": 201, "info": {}, "observation": {"remainingOverageTime": 60, "step": 43, "geese": [[], [40, 41, 42, 43, 54, 44, 55, 56, 57], [74, 8, 9, 10, 76, 75, 64, 63], []], "food": [65, 71], "index": 0}, "status": "DONE"}, {"action": "WEST", "reward": 4409, "info": {}, "observation": {"remainingOverageTime": 60, "index": 1}, "status": "ACTIVE"}, {"action": "NORTH", "reward": 4408, "info": {}, "observation": {"remainingOverageTime": 60, "index": 2}, "status": "ACTIVE"}, {"action": "NORTH", "reward": 901, "info": {}, "observation": {"remainingOverageTime": 60, "index": 3}, "status": "DONE"}], [{"action": "NORTH", "reward": 201, "info": {}, "observation": {"remainingOverageTime": 60, "step": 44, "geese": [[], [39, 40, 41, 42, 43, 54, 44, 55, 56], [73, 74, 8, 9, 10, 76, 75, 64], []], "food": [65, 71], "index": 0}, "status": "DONE"}, {"action": "WEST", "reward": 4509, "info": {}, "observation": {"remainingOverageTime": 60, "index": 1}, "status": "ACTIVE"}, {"action": "WEST", "reward": 4508, "info": {}, "observation": {"remainingOverageTime": 60, "index": 2}, "status": "ACTIVE"}, {"action": "NORTH", "reward": 901, "info": {}, "observation": {"remainingOverageTime": 60, "index": 3}, "status": "DONE"}], [{"action": "NORTH", "reward": 201, "info": {}, "observation": {"remainingOverageTime": 60, "step": 45, "geese": [[], [38, 39, 40, 41, 42, 43, 54, 44, 55], [72, 73, 74, 8, 9, 10, 76, 75], []], "food": [65, 71], "index": 0}, "status": "DONE"}, {"action": "WEST", "reward": 4609, "info": {}, "observation": {"remainingOverageTime": 60, "index": 1}, "status": "ACTIVE"}, {"action": "WEST", "reward": 4608, "info": {}, "observation": {"remainingOverageTime": 60, "index": 2}, "status": "ACTIVE"}, {"action": "NORTH", "reward": 901, "info": {}, "observation": {"remainingOverageTime": 60, "index": 3}, "status": "DONE"}], [{"action": "NORTH", "reward": 201, "info": {}, "observation": {"remainingOverageTime": 60, "step": 46, "geese": [[], [49, 38, 39, 40, 41, 42, 43, 54, 44], [71, 72, 73, 74, 8, 9, 10, 76, 75], []], "food": [65, 18], "index": 0}, "status": "DONE"}, {"action": "SOUTH", "reward": 4709, "info": {}, "observation": {"remainingOverageTime": 60, "index": 1}, "status": "ACTIVE"}, {"action": "WEST", "reward": 4709, "info": {}, "observation": {"remainingOverageTime": 60, "index": 2}, "status": "ACTIVE"}, {"action": "NORTH", "reward": 901, "info": {}, "observation": {"remainingOverageTime": 60, "index": 3}, "status": "DONE"}], [{"action": "NORTH", "reward": 201, "info": {}, "observation": {"remainingOverageTime": 60, "step": 47, "geese": [[], [50, 49, 38, 39, 40, 41, 42, 43, 54], [5, 71, 72, 73, 74, 8, 9, 10, 76], []], "food": [65, 18], "index": 0}, "status": "DONE"}, {"action": "EAST", "reward": 4809, "info": {}, "observation": {"remainingOverageTime": 60, "index": 1}, "status": "ACTIVE"}, {"action": "SOUTH", "reward": 4809, "info": {}, "observation": {"remainingOverageTime": 60, "index": 2}, "status": "ACTIVE"}, {"action": "NORTH", "reward": 901, "info": {}, "observation": {"remainingOverageTime": 60, "index": 3}, "status": "DONE"}], [{"action": "NORTH", "reward": 201, "info": {}, "observation": {"remainingOverageTime": 60, "step": 48, "geese": [[], [51, 50, 49, 38, 39, 40, 41, 42, 43], [6, 5, 71, 72, 73, 74, 8, 9, 10], []], "food": [65, 18], "index": 0}, "status": "DONE"}, {"action": "EAST", "reward": 4909, "info": {}, "observation": {"remainingOverageTime": 60, "index": 1}, "status": "ACTIVE"}, {"action": "EAST", "reward": 4909, "info": {}, "observation": {"remainingOverageTime": 60, "index": 2}, "status": "ACTIVE"}, {"action": "NORTH", "reward": 901, "info": {}, "observation": {"remainingOverageTime": 60, "index": 3}, "status": "DONE"}], [{"action": "NORTH", "reward": 201, "info": {}, "observation": {"remainingOverageTime": 60, "step": 49, "geese": [[], [52, 51, 50, 49, 38, 39, 40, 41, 42], [7, 6, 5, 71, 72, 73, 74, 8, 9], []], "food": [65, 18], "index": 0}, "status": "DONE"}, {"action": "EAST", "reward": 5009, "info": {}, "observation": {"remainingOverageTime": 60, "index": 1}, "status": "ACTIVE"}, {"action": "EAST", "reward": 5009, "info": {}, "observation": {"remainingOverageTime": 60, "index": 2}, "status": "ACTIVE"}, {"action": "NORTH", "reward": 901, "info": {}, "observation": {"remainingOverageTime": 60, "index": 3}, "status": "DONE"}], [{"action": "NORTH", "reward": 201, "info": {}, "observation": {"remainingOverageTime": 60, "step": 50, "geese": [[], [53, 52, 51, 50, 49, 38, 39, 40, 41], [18, 7, 6, 5, 71, 72, 73, 74, 8, 9], []], "food": [65, 64], "index": 0}, "status": "DONE"}, {"action": "EAST", "reward": 5109, "info": {}, "observation": {"remainingOverageTime": 60, "index": 1}, "status": "ACTIVE"}, {"action": "SOUTH", "reward": 5110, "info": {}, "observation": {"remainingOverageTime": 60, "index": 2}, "status": "ACTIVE"}, {"action": "NORTH", "reward": 901, "info": {}, "observation": {"remainingOverageTime": 60, "index": 3}, "status": "DONE"}], [{"action": "NORTH", "reward": 201, "info": {}, "observation": {"remainingOverageTime": 60, "step": 51, "geese": [[], [64, 53, 52, 51, 50, 49, 38, 39, 40, 41], [19, 18, 7, 6, 5, 71, 72, 73, 74, 8], []], "food": [65, 2], "index": 0}, "status": "DONE"}, {"action": "SOUTH", "reward": 5210, "info": {}, "observation": {"remainingOverageTime": 60, "index": 1}, "status": "ACTIVE"}, {"action": "EAST", "reward": 5210, "info": {}, "observation": {"remainingOverageTime": 60, "index": 2}, "status": "ACTIVE"}, {"action": "NORTH", "reward": 901, "info": {}, "observation": {"remainingOverageTime": 60, "index": 3}, "status": "DONE"}], [{"action": "NORTH", "reward": 201, "info": {}, "observation": {"remainingOverageTime": 60, "step": 52, "geese": [[], [65, 64, 53, 52, 51, 50, 49, 38, 39, 40, 41], [20, 19, 18, 7, 6, 5, 71, 72, 73, 74], []], "food": [2, 56], "index": 0}, "status": "DONE"}, {"action": "EAST", "reward": 5311, "info": {}, "observation": {"remainingOverageTime": 60, "index": 1}, "status": "ACTIVE"}, {"action": "EAST", "reward": 5310, "info": {}, "observation": {"remainingOverageTime": 60, "index": 2}, "status": "ACTIVE"}, {"action": "NORTH", "reward": 901, "info": {}, "observation": {"remainingOverageTime": 60, "index": 3}, "status": "DONE"}], [{"action": "NORTH", "reward": 201, "info": {}, "observation": {"remainingOverageTime": 60, "step": 53, "geese": [[], [55, 65, 64, 53, 52, 51, 50, 49, 38, 39, 40], [21, 20, 19, 18, 7, 6, 5, 71, 72, 73], []], "food": [2, 56], "index": 0}, "status": "DONE"}, {"action": "EAST", "reward": 5411, "info": {}, "observation": {"remainingOverageTime": 60, "index": 1}, "status": "ACTIVE"}, {"action": "EAST", "reward": 5410, "info": {}, "observation": {"remainingOverageTime": 60, "index": 2}, "status": "ACTIVE"}, {"action": "NORTH", "reward": 901, "info": {}, "observation": {"remainingOverageTime": 60, "index": 3}, "status": "DONE"}], [{"action": "NORTH", "reward": 201, "info": {}, "observation": {"remainingOverageTime": 60, "step": 54, "geese": [[], [56, 55, 65, 64, 53, 52, 51, 50, 49, 38, 39, 40], [11, 21, 20, 19, 18, 7, 6, 5, 71, 72], []], "food": [2, 74], "index": 0}, "status": "DONE"}, {"action": "EAST", "reward": 5512, "info": {}, "observation": {"remainingOverageTime": 60, "index": 1}, "status": "ACTIVE"}, {"action": "EAST", "reward": 5510, "info": {}, "observation": {"remainingOverageTime": 60, "index": 2}, "status": "ACTIVE"}, {"action": "NORTH", "reward": 901, "info": {}, "observation": {"remainingOverageTime": 60, "index": 3}, "status": "DONE"}], [{"action": "NORTH", "reward": 201, "info": {}, "observation": {"remainingOverageTime": 60, "step": 55, "geese": [[], [57, 56, 55, 65, 64, 53, 52, 51, 50, 49, 38, 39], [12, 11, 21, 20, 19, 18, 7, 6, 5, 71], []], "food": [2, 74], "index": 0}, "status": "DONE"}, {"action": "EAST", "reward": 5612, "info": {}, "observation": {"remainingOverageTime": 60, "index": 1}, "status": "ACTIVE"}, {"action": "EAST", "reward": 5610, "info": {}, "observation": {"remainingOverageTime": 60, "index": 2}, "status": "ACTIVE"}, {"action": "NORTH", "reward": 901, "info": {}, "observation": {"remainingOverageTime": 60, "index": 3}, "status": "DONE"}], [{"action": "NORTH", "reward": 201, "info": {}, "observation": {"remainingOverageTime": 60, "step": 56, "geese": [[], [68, 57, 56, 55, 65, 64, 53, 52, 51, 50, 49, 38], [13, 12, 11, 21, 20, 19, 18, 7, 6, 5], []], "food": [2, 74], "index": 0}, "status": "DONE"}, {"action": "SOUTH", "reward": 5712, "info": {}, "observation": {"remainingOverageTime": 60, "index": 1}, "status": "ACTIVE"}, {"action": "EAST", "reward": 5710, "info": {}, "observation": {"remainingOverageTime": 60, "index": 2}, "status": "ACTIVE"}, {"action": "NORTH", "reward": 901, "info": {}, "observation": {"remainingOverageTime": 60, "index": 3}, "status": "DONE"}], [{"action": "NORTH", "reward": 201, "info": {}, "observation": {"remainingOverageTime": 60, "step": 57, "geese": [[], [67, 68, 57, 56, 55, 65, 64, 53, 52, 51, 50, 49], [14, 13, 12, 11, 21, 20, 19, 18, 7, 6], []], "food": [2, 74], "index": 0}, "status": "DONE"}, {"action": "WEST", "reward": 5812, "info": {}, "observation": {"remainingOverageTime": 60, "index": 1}, "status": "ACTIVE"}, {"action": "EAST", "reward": 5810, "info": {}, "observation": {"remainingOverageTime": 60, "index": 2}, "status": "ACTIVE"}, {"action": "NORTH", "reward": 901, "info": {}, "observation": {"remainingOverageTime": 60, "index": 3}, "status": "DONE"}], [{"action": "NORTH", "reward": 201, "info": {}, "observation": {"remainingOverageTime": 60, "step": 58, "geese": [[], [1, 67, 68, 57, 56, 55, 65, 64, 53, 52, 51, 50], [3, 14, 13, 12, 11, 21, 20, 19, 18, 7], []], "food": [2, 74], "index": 0}, "status": "DONE"}, {"action": "SOUTH", "reward": 5912, "info": {}, "observation": {"remainingOverageTime": 60, "index": 1}, "status": "ACTIVE"}, {"action": "NORTH", "reward": 5910, "info": {}, "observation": {"remainingOverageTime": 60, "index": 2}, "status": "ACTIVE"}, {"action": "NORTH", "reward": 901, "info": {}, "observation": {"remainingOverageTime": 60, "index": 3}, "status": "DONE"}], [{"action": "NORTH", "reward": 201, "info": {}, "observation": {"remainingOverageTime": 60, "step": 59, "geese": [[], [0, 1, 67, 68, 57, 56, 55, 65, 64, 53, 52, 51], [4, 3, 14, 13, 12, 11, 21, 20, 19, 18], []], "food": [2, 74], "index": 0}, "status": "DONE"}, {"action": "WEST", "reward": 6012, "info": {}, "observation": {"remainingOverageTime": 60, "index": 1}, "status": "ACTIVE"}, {"action": "EAST", "reward": 6010, "info": {}, "observation": {"remainingOverageTime": 60, "index": 2}, "status": "ACTIVE"}, {"action": "NORTH", "reward": 901, "info": {}, "observation": {"remainingOverageTime": 60, "index": 3}, "status": "DONE"}], [{"action": "NORTH", "reward": 201, "info": {}, "observation": {"remainingOverageTime": 60, "step": 60, "geese": [[], [66, 0, 1, 67, 68, 57, 56, 55, 65, 64, 53, 52], [5, 4, 3, 14, 13, 12, 11, 21, 20, 19], []], "food": [2, 74], "index": 0}, "status": "DONE"}, {"action": "NORTH", "reward": 6112, "info": {}, "observation": {"remainingOverageTime": 60, "index": 1}, "status": "ACTIVE"}, {"action": "EAST", "reward": 6110, "info": {}, "observation": {"remainingOverageTime": 60, "index": 2}, "status": "ACTIVE"}, {"action": "NORTH", "reward": 901, "info": {}, "observation": {"remainingOverageTime": 60, "index": 3}, "status": "DONE"}], [{"action": "NORTH", "reward": 201, "info": {}, "observation": {"remainingOverageTime": 60, "step": 61, "geese": [[], [76, 66, 0, 1, 67, 68, 57, 56, 55, 65, 64, 53], [6, 5, 4, 3, 14, 13, 12, 11, 21, 20], []], "food": [2, 74], "index": 0}, "status": "DONE"}, {"action": "WEST", "reward": 6212, "info": {}, "observation": {"remainingOverageTime": 60, "index": 1}, "status": "ACTIVE"}, {"action": "EAST", "reward": 6210, "info": {}, "observation": {"remainingOverageTime": 60, "index": 2}, "status": "ACTIVE"}, {"action": "NORTH", "reward": 901, "info": {}, "observation": {"remainingOverageTime": 60, "index": 3}, "status": "DONE"}], [{"action": "NORTH", "reward": 201, "info": {}, "observation": {"remainingOverageTime": 60, "step": 62, "geese": [[], [75, 76, 66, 0, 1, 67, 68, 57, 56, 55, 65, 64], [7, 6, 5, 4, 3, 14, 13, 12, 11, 21], []], "food": [2, 74], "index": 0}, "status": "DONE"}, {"action": "WEST", "reward": 6312, "info": {}, "observation": {"remainingOverageTime": 60, "index": 1}, "status": "ACTIVE"}, {"action": "EAST", "reward": 6310, "info": {}, "observation": {"remainingOverageTime": 60, "index": 2}, "status": "ACTIVE"}, {"action": "NORTH", "reward": 901, "info": {}, "observation": {"remainingOverageTime": 60, "index": 3}, "status": "DONE"}], [{"action": "NORTH", "reward": 201, "info": {}, "observation": {"remainingOverageTime": 60, "step": 63, "geese": [[], [74, 75, 76, 66, 0, 1, 67, 68, 57, 56, 55, 65, 64], [18, 7, 6, 5, 4, 3, 14, 13, 12, 11], []], "food": [2, 17], "index": 0}, "status": "DONE"}, {"action": "WEST", "reward": 6413, "info": {}, "observation": {"remainingOverageTime": 60, "index": 1}, "status": "ACTIVE"}, {"action": "SOUTH", "reward": 6410, "info": {}, "observation": {"remainingOverageTime": 60, "index": 2}, "status": "ACTIVE"}, {"action": "NORTH", "reward": 901, "info": {}, "observation": {"remainingOverageTime": 60, "index": 3}, "status": "DONE"}], [{"action": "NORTH", "reward": 201, "info": {}, "observation": {"remainingOverageTime": 60, "step": 64, "geese": [[], [], [17, 18, 7, 6, 5, 4, 3, 14, 13, 12, 11], []], "food": [2, 21], "index": 0}, "status": "DONE"}, {"action": "EAST", "reward": 6413, "info": {}, "observation": {"remainingOverageTime": 60, "index": 1}, "status": "DONE"}, {"action": "WEST", "reward": 6511, "info": {}, "observation": {"remainingOverageTime": 60, "index": 2}, "status": "DONE"}, {"action": "NORTH", "reward": 901, "info": {}, "observation": {"remainingOverageTime": 60, "index": 3}, "status": "DONE"}]], "rewards": [201, 6413, 6511, 901], "statuses": ["DONE", "DONE", "DONE", "DONE"], "schema_version": 1, "info": {}}