{"id": "a676eb6a-db0c-11ee-b332-0242ac1c000c", "name": "hungry_geese", "title": "Hungry Geese", "description": "Similar to the classic snake game with multiple players", "version": "1.0.0", "configuration": {"episodeSteps": 200, "actTimeout": 1, "runTimeout": 1200, "columns": 11, "rows": 7, "hunger_rate": 40, "min_food": 2, "max_length": 99}, "specification": {"action": {"description": "Direction to move the head of your players goose.", "type": "string", "enum": ["NORTH", "EAST", "SOUTH", "WEST"], "default": "NORTH"}, "agents": [1, 2, 3, 4, 5, 6, 7, 8], "configuration": {"episodeSteps": {"description": "Maximum number of steps in the episode.", "type": "integer", "minimum": 1, "default": 200}, "actTimeout": {"description": "Maximum runtime (seconds) to obtain an action from an agent.", "type": "number", "minimum": 0, "default": 1}, "runTimeout": {"description": "Maximum runtime (seconds) of an episode (not necessarily DONE).", "type": "number", "minimum": 0, "default": 1200}, "columns": {"description": "Horizontal number of cells on the board.", "type": "integer", "default": 11, "minimum": 3}, "rows": {"description": "Vertical number of cells on the board.", "type": "integer", "default": 7, "minimum": 3}, "hunger_rate": {"description": "The number of steps before the goose shrinks a cell.", "type": "integer", "minimum": 1, "default": 40}, "min_food": {"description": "The minimum amount of food present for all steps.", "type": "integer", "default": 2, "minimum": 1}, "max_length": {"description": "The max length any goose can be. Total reward = (max length + 1) * steps survived + goose length.", "type": "integer", "default": 99}}, "info": {}, "observation": {"remainingOverageTime": {"description": "Total remaining banked time (seconds) that can be used in excess of per-step actTimeouts -- agent is disqualified with TIMEOUT status when this drops below 0.", "shared": false, "type": "number", "minimum": 0, "default": 60}, "step": {"description": "Current step within the episode.", "type": "integer", "shared": true, "minimum": 0, "default": 0}, "geese": {"description": "List of geese in order by the agent index.", "type": "array", "default": [], "shared": true}, "food": {"description": "Positions on the board where food is present.", "type": "array", "default": [], "shared": true}, "index": {"description": "Index of the current agent's goose in the list of geese.", "type": "integer", "minimum": 0, "defaults": [0, 1, 2, 3, 4, 5, 6, 7]}}, "reward": {"description": "steps survived * (max goose length + 1) + current goose length.", "type": ["number", "null"], "default": 0, "minimum": 0}}, "steps": [[{"action": "NORTH", "reward": 0, "info": {}, "observation": {"remainingOverageTime": 60, "step": 0, "geese": [[72], [66], [69], [23]], "food": [67, 54], "index": 0}, "status": "ACTIVE"}, {"action": "NORTH", "reward": 0, "info": {}, "observation": {"remainingOverageTime": 60, "index": 1}, "status": "ACTIVE"}, {"action": "NORTH", "reward": 0, "info": {}, "observation": {"remainingOverageTime": 60, "index": 2}, "status": "ACTIVE"}, {"action": "NORTH", "reward": 0, "info": {}, "observation": {"remainingOverageTime": 60, "index": 3}, "status": "ACTIVE"}], [{"action": "EAST", "reward": 201, "info": {}, "observation": {"remainingOverageTime": 60, "step": 1, "geese": [[73], [67, 66], [58], [22]], "food": [54, 60], "index": 0}, "status": "ACTIVE"}, {"action": "EAST", "reward": 202, "info": {}, "observation": {"remainingOverageTime": 60, "index": 1}, "status": "ACTIVE"}, {"action": "NORTH", "reward": 201, "info": {}, "observation": {"remainingOverageTime": 60, "index": 2}, "status": "ACTIVE"}, {"action": "WEST", "reward": 201, "info": {}, "observation": {"remainingOverageTime": 60, "index": 3}, "status": "ACTIVE"}], [{"action": "NORTH", "reward": 301, "info": {}, "observation": {"remainingOverageTime": 60, "step": 2, "geese": [[62], [56, 67], [59], [32]], "food": [54, 60], "index": 0}, "status": "ACTIVE"}, {"action": "NORTH", "reward": 302, "info": {}, "observation": {"remainingOverageTime": 60, "index": 1}, "status": "ACTIVE"}, {"action": "EAST", "reward": 301, "info": {}, "observation": {"remainingOverageTime": 60, "index": 2}, "status": "ACTIVE"}, {"action": "WEST", "reward": 301, "info": {}, "observation": {"remainingOverageTime": 60, "index": 3}, "status": "ACTIVE"}], [{"action": "EAST", "reward": 401, "info": {}, "observation": {"remainingOverageTime": 60, "step": 3, "geese": [[63], [45, 56], [60, 59], [43]], "food": [54, 15], "index": 0}, "status": "ACTIVE"}, {"action": "NORTH", "reward": 402, "info": {}, "observation": {"remainingOverageTime": 60, "index": 1}, "status": "ACTIVE"}, {"action": "EAST", "reward": 402, "info": {}, "observation": {"remainingOverageTime": 60, "index": 2}, "status": "ACTIVE"}, {"action": "SOUTH", "reward": 401, "info": {}, "observation": {"remainingOverageTime": 60, "index": 3}, "status": "ACTIVE"}], [{"action": "WEST", "reward": 401, "info": {}, "observation": {"remainingOverageTime": 60, "step": 4, "geese": [[], [46, 45], [], [54, 43]], "food": [15, 75], "index": 0}, "status": "DONE"}, {"action": "EAST", "reward": 502, "info": {}, "observation": {"remainingOverageTime": 60, "index": 1}, "status": "ACTIVE"}, {"action": "WEST", "reward": 402, "info": {}, "observation": {"remainingOverageTime": 60, "index": 2}, "status": "DONE"}, {"action": "SOUTH", "reward": 502, "info": {}, "observation": {"remainingOverageTime": 60, "index": 3}, "status": "ACTIVE"}], [{"action": "NORTH", "reward": 401, "info": {}, "observation": {"remainingOverageTime": 60, "step": 5, "geese": [[], [47, 46], [], [53, 54]], "food": [15, 75], "index": 0}, "status": "DONE"}, {"action": "EAST", "reward": 602, "info": {}, "observation": {"remainingOverageTime": 60, "index": 1}, "status": "ACTIVE"}, {"action": "NORTH", "reward": 402, "info": {}, "observation": {"remainingOverageTime": 60, "index": 2}, "status": "DONE"}, {"action": "WEST", "reward": 602, "info": {}, "observation": {"remainingOverageTime": 60, "index": 3}, "status": "ACTIVE"}], [{"action": "NORTH", "reward": 401, "info": {}, "observation": {"remainingOverageTime": 60, "step": 6, "geese": [[], [48, 47], [], [64, 53]], "food": [15, 75], "index": 0}, "status": "DONE"}, {"action": "EAST", "reward": 702, "info": {}, "observation": {"remainingOverageTime": 60, "index": 1}, "status": "ACTIVE"}, {"action": "NORTH", "reward": 402, "info": {}, "observation": {"remainingOverageTime": 60, "index": 2}, "status": "DONE"}, {"action": "SOUTH", "reward": 702, "info": {}, "observation": {"remainingOverageTime": 60, "index": 3}, "status": "ACTIVE"}], [{"action": "NORTH", "reward": 401, "info": {}, "observation": {"remainingOverageTime": 60, "step": 7, "geese": [[], [37, 48], [], [75, 64, 53]], "food": [15, 25], "index": 0}, "status": "DONE"}, {"action": "NORTH", "reward": 802, "info": {}, "observation": {"remainingOverageTime": 60, "index": 1}, "status": "ACTIVE"}, {"action": "NORTH", "reward": 402, "info": {}, "observation": {"remainingOverageTime": 60, "index": 2}, "status": "DONE"}, {"action": "SOUTH", "reward": 803, "info": {}, "observation": {"remainingOverageTime": 60, "index": 3}, "status": "ACTIVE"}], [{"action": "NORTH", "reward": 401, "info": {}, "observation": {"remainingOverageTime": 60, "step": 8, "geese": [[], [26, 37], [], [74, 75, 64]], "food": [15, 25], "index": 0}, "status": "DONE"}, {"action": "NORTH", "reward": 902, "info": {}, "observation": {"remainingOverageTime": 60, "index": 1}, "status": "ACTIVE"}, {"action": "NORTH", "reward": 402, "info": {}, "observation": {"remainingOverageTime": 60, "index": 2}, "status": "DONE"}, {"action": "WEST", "reward": 903, "info": {}, "observation": {"remainingOverageTime": 60, "index": 3}, "status": "ACTIVE"}], [{"action": "NORTH", "reward": 401, "info": {}, "observation": {"remainingOverageTime": 60, "step": 9, "geese": [[], [15, 26, 37], [], [63, 74, 75]], "food": [25, 23], "index": 0}, "status": "DONE"}, {"action": "NORTH", "reward": 1003, "info": {}, "observation": {"remainingOverageTime": 60, "index": 1}, "status": "ACTIVE"}, {"action": "NORTH", "reward": 402, "info": {}, "observation": {"remainingOverageTime": 60, "index": 2}, "status": "DONE"}, {"action": "NORTH", "reward": 1003, "info": {}, "observation": {"remainingOverageTime": 60, "index": 3}, "status": "ACTIVE"}], [{"action": "NORTH", "reward": 401, "info": {}, "observation": {"remainingOverageTime": 60, "step": 10, "geese": [[], [14, 15, 26], [], [64, 63, 74]], "food": [25, 23], "index": 0}, "status": "DONE"}, {"action": "WEST", "reward": 1103, "info": {}, "observation": {"remainingOverageTime": 60, "index": 1}, "status": "ACTIVE"}, {"action": "NORTH", "reward": 402, "info": {}, "observation": {"remainingOverageTime": 60, "index": 2}, "status": "DONE"}, {"action": "EAST", "reward": 1103, "info": {}, "observation": {"remainingOverageTime": 60, "index": 3}, "status": "ACTIVE"}], [{"action": "NORTH", "reward": 401, "info": {}, "observation": {"remainingOverageTime": 60, "step": 11, "geese": [[], [25, 14, 15, 26], [], [65, 64, 63]], "food": [23, 51], "index": 0}, "status": "DONE"}, {"action": "SOUTH", "reward": 1204, "info": {}, "observation": {"remainingOverageTime": 60, "index": 1}, "status": "ACTIVE"}, {"action": "NORTH", "reward": 402, "info": {}, "observation": {"remainingOverageTime": 60, "index": 2}, "status": "DONE"}, {"action": "EAST", "reward": 1203, "info": {}, "observation": {"remainingOverageTime": 60, "index": 3}, "status": "ACTIVE"}], [{"action": "NORTH", "reward": 401, "info": {}, "observation": {"remainingOverageTime": 60, "step": 12, "geese": [[], [24, 25, 14, 15], [], [54, 65, 64]], "food": [23, 51], "index": 0}, "status": "DONE"}, {"action": "WEST", "reward": 1304, "info": {}, "observation": {"remainingOverageTime": 60, "index": 1}, "status": "ACTIVE"}, {"action": "NORTH", "reward": 402, "info": {}, "observation": {"remainingOverageTime": 60, "index": 2}, "status": "DONE"}, {"action": "NORTH", "reward": 1303, "info": {}, "observation": {"remainingOverageTime": 60, "index": 3}, "status": "ACTIVE"}], [{"action": "NORTH", "reward": 401, "info": {}, "observation": {"remainingOverageTime": 60, "step": 13, "geese": [[], [23, 24, 25, 14, 15], [], [53, 54, 65]], "food": [51, 0], "index": 0}, "status": "DONE"}, {"action": "WEST", "reward": 1405, "info": {}, "observation": {"remainingOverageTime": 60, "index": 1}, "status": "ACTIVE"}, {"action": "NORTH", "reward": 402, "info": {}, "observation": {"remainingOverageTime": 60, "index": 2}, "status": "DONE"}, {"action": "WEST", "reward": 1403, "info": {}, "observation": {"remainingOverageTime": 60, "index": 3}, "status": "ACTIVE"}], [{"action": "NORTH", "reward": 401, "info": {}, "observation": {"remainingOverageTime": 60, "step": 14, "geese": [[], [12, 23, 24, 25, 14], [], [52, 53, 54]], "food": [51, 0], "index": 0}, "status": "DONE"}, {"action": "NORTH", "reward": 1505, "info": {}, "observation": {"remainingOverageTime": 60, "index": 1}, "status": "ACTIVE"}, {"action": "NORTH", "reward": 402, "info": {}, "observation": {"remainingOverageTime": 60, "index": 2}, "status": "DONE"}, {"action": "WEST", "reward": 1503, "info": {}, "observation": {"remainingOverageTime": 60, "index": 3}, "status": "ACTIVE"}], [{"action": "NORTH", "reward": 401, "info": {}, "observation": {"remainingOverageTime": 60, "step": 15, "geese": [[], [1, 12, 23, 24, 25], [], [51, 52, 53, 54]], "food": [0, 22], "index": 0}, "status": "DONE"}, {"action": "NORTH", "reward": 1605, "info": {}, "observation": {"remainingOverageTime": 60, "index": 1}, "status": "ACTIVE"}, {"action": "NORTH", "reward": 402, "info": {}, "observation": {"remainingOverageTime": 60, "index": 2}, "status": "DONE"}, {"action": "WEST", "reward": 1604, "info": {}, "observation": {"remainingOverageTime": 60, "index": 3}, "status": "ACTIVE"}], [{"action": "NORTH", "reward": 401, "info": {}, "observation": {"remainingOverageTime": 60, "step": 16, "geese": [[], [0, 1, 12, 23, 24, 25], [], [40, 51, 52, 53]], "food": [22, 16], "index": 0}, "status": "DONE"}, {"action": "WEST", "reward": 1706, "info": {}, "observation": {"remainingOverageTime": 60, "index": 1}, "status": "ACTIVE"}, {"action": "NORTH", "reward": 402, "info": {}, "observation": {"remainingOverageTime": 60, "index": 2}, "status": "DONE"}, {"action": "NORTH", "reward": 1704, "info": {}, "observation": {"remainingOverageTime": 60, "index": 3}, "status": "ACTIVE"}], [{"action": "NORTH", "reward": 401, "info": {}, "observation": {"remainingOverageTime": 60, "step": 17, "geese": [[], [11, 0, 1, 12, 23, 24], [], [29, 40, 51, 52]], "food": [22, 16], "index": 0}, "status": "DONE"}, {"action": "SOUTH", "reward": 1806, "info": {}, "observation": {"remainingOverageTime": 60, "index": 1}, "status": "ACTIVE"}, {"action": "NORTH", "reward": 402, "info": {}, "observation": {"remainingOverageTime": 60, "index": 2}, "status": "DONE"}, {"action": "NORTH", "reward": 1804, "info": {}, "observation": {"remainingOverageTime": 60, "index": 3}, "status": "ACTIVE"}], [{"action": "NORTH", "reward": 401, "info": {}, "observation": {"remainingOverageTime": 60, "step": 18, "geese": [[], [22, 11, 0, 1, 12, 23, 24], [], [18, 29, 40, 51]], "food": [16, 64], "index": 0}, "status": "DONE"}, {"action": "SOUTH", "reward": 1907, "info": {}, "observation": {"remainingOverageTime": 60, "index": 1}, "status": "ACTIVE"}, {"action": "NORTH", "reward": 402, "info": {}, "observation": {"remainingOverageTime": 60, "index": 2}, "status": "DONE"}, {"action": "NORTH", "reward": 1904, "info": {}, "observation": {"remainingOverageTime": 60, "index": 3}, "status": "ACTIVE"}], [{"action": "NORTH", "reward": 401, "info": {}, "observation": {"remainingOverageTime": 60, "step": 19, "geese": [[], [32, 22, 11, 0, 1, 12, 23], [], [17, 18, 29, 40]], "food": [16, 64], "index": 0}, "status": "DONE"}, {"action": "WEST", "reward": 2007, "info": {}, "observation": {"remainingOverageTime": 60, "index": 1}, "status": "ACTIVE"}, {"action": "NORTH", "reward": 402, "info": {}, "observation": {"remainingOverageTime": 60, "index": 2}, "status": "DONE"}, {"action": "WEST", "reward": 2004, "info": {}, "observation": {"remainingOverageTime": 60, "index": 3}, "status": "ACTIVE"}], [{"action": "NORTH", "reward": 401, "info": {}, "observation": {"remainingOverageTime": 60, "step": 20, "geese": [[], [31, 32, 22, 11, 0, 1, 12], [], [16, 17, 18, 29, 40]], "food": [64, 51], "index": 0}, "status": "DONE"}, {"action": "WEST", "reward": 2107, "info": {}, "observation": {"remainingOverageTime": 60, "index": 1}, "status": "ACTIVE"}, {"action": "NORTH", "reward": 402, "info": {}, "observation": {"remainingOverageTime": 60, "index": 2}, "status": "DONE"}, {"action": "WEST", "reward": 2105, "info": {}, "observation": {"remainingOverageTime": 60, "index": 3}, "status": "ACTIVE"}], [{"action": "NORTH", "reward": 401, "info": {}, "observation": {"remainingOverageTime": 60, "step": 21, "geese": [[], [42, 31, 32, 22, 11, 0, 1], [], [27, 16, 17, 18, 29]], "food": [64, 51], "index": 0}, "status": "DONE"}, {"action": "SOUTH", "reward": 2207, "info": {}, "observation": {"remainingOverageTime": 60, "index": 1}, "status": "ACTIVE"}, {"action": "NORTH", "reward": 402, "info": {}, "observation": {"remainingOverageTime": 60, "index": 2}, "status": "DONE"}, {"action": "SOUTH", "reward": 2205, "info": {}, "observation": {"remainingOverageTime": 60, "index": 3}, "status": "ACTIVE"}], [{"action": "NORTH", "reward": 401, "info": {}, "observation": {"remainingOverageTime": 60, "step": 22, "geese": [[], [53, 42, 31, 32, 22, 11, 0], [], [28, 27, 16, 17, 18]], "food": [64, 51], "index": 0}, "status": "DONE"}, {"action": "SOUTH", "reward": 2307, "info": {}, "observation": {"remainingOverageTime": 60, "index": 1}, "status": "ACTIVE"}, {"action": "NORTH", "reward": 402, "info": {}, "observation": {"remainingOverageTime": 60, "index": 2}, "status": "DONE"}, {"action": "EAST", "reward": 2305, "info": {}, "observation": {"remainingOverageTime": 60, "index": 3}, "status": "ACTIVE"}], [{"action": "NORTH", "reward": 401, "info": {}, "observation": {"remainingOverageTime": 60, "step": 23, "geese": [[], [64, 53, 42, 31, 32, 22, 11, 0], [], [29, 28, 27, 16, 17]], "food": [51, 50], "index": 0}, "status": "DONE"}, {"action": "SOUTH", "reward": 2408, "info": {}, "observation": {"remainingOverageTime": 60, "index": 1}, "status": "ACTIVE"}, {"action": "NORTH", "reward": 402, "info": {}, "observation": {"remainingOverageTime": 60, "index": 2}, "status": "DONE"}, {"action": "EAST", "reward": 2405, "info": {}, "observation": {"remainingOverageTime": 60, "index": 3}, "status": "ACTIVE"}], [{"action": "NORTH", "reward": 401, "info": {}, "observation": {"remainingOverageTime": 60, "step": 24, "geese": [[], [63, 64, 53, 42, 31, 32, 22, 11], [], [40, 29, 28, 27, 16]], "food": [51, 50], "index": 0}, "status": "DONE"}, {"action": "WEST", "reward": 2508, "info": {}, "observation": {"remainingOverageTime": 60, "index": 1}, "status": "ACTIVE"}, {"action": "NORTH", "reward": 402, "info": {}, "observation": {"remainingOverageTime": 60, "index": 2}, "status": "DONE"}, {"action": "SOUTH", "reward": 2505, "info": {}, "observation": {"remainingOverageTime": 60, "index": 3}, "status": "ACTIVE"}], [{"action": "NORTH", "reward": 401, "info": {}, "observation": {"remainingOverageTime": 60, "step": 25, "geese": [[], [62, 63, 64, 53, 42, 31, 32, 22], [], [51, 40, 29, 28, 27, 16]], "food": [50, 34], "index": 0}, "status": "DONE"}, {"action": "WEST", "reward": 2608, "info": {}, "observation": {"remainingOverageTime": 60, "index": 1}, "status": "ACTIVE"}, {"action": "NORTH", "reward": 402, "info": {}, "observation": {"remainingOverageTime": 60, "index": 2}, "status": "DONE"}, {"action": "SOUTH", "reward": 2606, "info": {}, "observation": {"remainingOverageTime": 60, "index": 3}, "status": "ACTIVE"}], [{"action": "NORTH", "reward": 401, "info": {}, "observation": {"remainingOverageTime": 60, "step": 26, "geese": [[], [61, 62, 63, 64, 53, 42, 31, 32], [], [50, 51, 40, 29, 28, 27, 16]], "food": [34, 2], "index": 0}, "status": "DONE"}, {"action": "WEST", "reward": 2708, "info": {}, "observation": {"remainingOverageTime": 60, "index": 1}, "status": "ACTIVE"}, {"action": "NORTH", "reward": 402, "info": {}, "observation": {"remainingOverageTime": 60, "index": 2}, "status": "DONE"}, {"action": "WEST", "reward": 2707, "info": {}, "observation": {"remainingOverageTime": 60, "index": 3}, "status": "ACTIVE"}], [{"action": "NORTH", "reward": 401, "info": {}, "observation": {"remainingOverageTime": 60, "step": 27, "geese": [[], [60, 61, 62, 63, 64, 53, 42, 31], [], [39, 50, 51, 40, 29, 28, 27]], "food": [34, 2], "index": 0}, "status": "DONE"}, {"action": "WEST", "reward": 2808, "info": {}, "observation": {"remainingOverageTime": 60, "index": 1}, "status": "ACTIVE"}, {"action": "NORTH", "reward": 402, "info": {}, "observation": {"remainingOverageTime": 60, "index": 2}, "status": "DONE"}, {"action": "NORTH", "reward": 2807, "info": {}, "observation": {"remainingOverageTime": 60, "index": 3}, "status": "ACTIVE"}], [{"action": "NORTH", "reward": 401, "info": {}, "observation": {"remainingOverageTime": 60, "step": 28, "geese": [[], [59, 60, 61, 62, 63, 64, 53, 42], [], [38, 39, 50, 51, 40, 29, 28]], "food": [34, 2], "index": 0}, "status": "DONE"}, {"action": "WEST", "reward": 2908, "info": {}, "observation": {"remainingOverageTime": 60, "index": 1}, "status": "ACTIVE"}, {"action": "NORTH", "reward": 402, "info": {}, "observation": {"remainingOverageTime": 60, "index": 2}, "status": "DONE"}, {"action": "WEST", "reward": 2907, "info": {}, "observation": {"remainingOverageTime": 60, "index": 3}, "status": "ACTIVE"}], [{"action": "NORTH", "reward": 401, "info": {}, "observation": {"remainingOverageTime": 60, "step": 29, "geese": [[], [58, 59, 60, 61, 62, 63, 64, 53], [], [37, 38, 39, 50, 51, 40, 29]], "food": [34, 2], "index": 0}, "status": "DONE"}, {"action": "WEST", "reward": 3008, "info": {}, "observation": {"remainingOverageTime": 60, "index": 1}, "status": "ACTIVE"}, {"action": "NORTH", "reward": 402, "info": {}, "observation": {"remainingOverageTime": 60, "index": 2}, "status": "DONE"}, {"action": "WEST", "reward": 3007, "info": {}, "observation": {"remainingOverageTime": 60, "index": 3}, "status": "ACTIVE"}], [{"action": "NORTH", "reward": 401, "info": {}, "observation": {"remainingOverageTime": 60, "step": 30, "geese": [[], [57, 58, 59, 60, 61, 62, 63, 64], [], [36, 37, 38, 39, 50, 51, 40]], "food": [34, 2], "index": 0}, "status": "DONE"}, {"action": "WEST", "reward": 3108, "info": {}, "observation": {"remainingOverageTime": 60, "index": 1}, "status": "ACTIVE"}, {"action": "NORTH", "reward": 402, "info": {}, "observation": {"remainingOverageTime": 60, "index": 2}, "status": "DONE"}, {"action": "WEST", "reward": 3107, "info": {}, "observation": {"remainingOverageTime": 60, "index": 3}, "status": "ACTIVE"}], [{"action": "NORTH", "reward": 401, "info": {}, "observation": {"remainingOverageTime": 60, "step": 31, "geese": [[], [68, 57, 58, 59, 60, 61, 62, 63], [], [35, 36, 37, 38, 39, 50, 51]], "food": [34, 2], "index": 0}, "status": "DONE"}, {"action": "SOUTH", "reward": 3208, "info": {}, "observation": {"remainingOverageTime": 60, "index": 1}, "status": "ACTIVE"}, {"action": "NORTH", "reward": 402, "info": {}, "observation": {"remainingOverageTime": 60, "index": 2}, "status": "DONE"}, {"action": "WEST", "reward": 3207, "info": {}, "observation": {"remainingOverageTime": 60, "index": 3}, "status": "ACTIVE"}], [{"action": "NORTH", "reward": 401, "info": {}, "observation": {"remainingOverageTime": 60, "step": 32, "geese": [[], [2, 68, 57, 58, 59, 60, 61, 62, 63], [], [34, 35, 36, 37, 38, 39, 50, 51]], "food": [76, 26], "index": 0}, "status": "DONE"}, {"action": "SOUTH", "reward": 3309, "info": {}, "observation": {"remainingOverageTime": 60, "index": 1}, "status": "ACTIVE"}, {"action": "NORTH", "reward": 402, "info": {}, "observation": {"remainingOverageTime": 60, "index": 2}, "status": "DONE"}, {"action": "WEST", "reward": 3308, "info": {}, "observation": {"remainingOverageTime": 60, "index": 3}, "status": "ACTIVE"}], [{"action": "NORTH", "reward": 401, "info": {}, "observation": {"remainingOverageTime": 60, "step": 33, "geese": [[], [3, 2, 68, 57, 58, 59, 60, 61, 62], [], [23, 34, 35, 36, 37, 38, 39, 50]], "food": [76, 26], "index": 0}, "status": "DONE"}, {"action": "EAST", "reward": 3409, "info": {}, "observation": {"remainingOverageTime": 60, "index": 1}, "status": "ACTIVE"}, {"action": "NORTH", "reward": 402, "info": {}, "observation": {"remainingOverageTime": 60, "index": 2}, "status": "DONE"}, {"action": "NORTH", "reward": 3408, "info": {}, "observation": {"remainingOverageTime": 60, "index": 3}, "status": "ACTIVE"}], [{"action": "NORTH", "reward": 401, "info": {}, "observation": {"remainingOverageTime": 60, "step": 34, "geese": [[], [4, 3, 2, 68, 57, 58, 59, 60, 61], [], [24, 23, 34, 35, 36, 37, 38, 39]], "food": [76, 26], "index": 0}, "status": "DONE"}, {"action": "EAST", "reward": 3509, "info": {}, "observation": {"remainingOverageTime": 60, "index": 1}, "status": "ACTIVE"}, {"action": "NORTH", "reward": 402, "info": {}, "observation": {"remainingOverageTime": 60, "index": 2}, "status": "DONE"}, {"action": "EAST", "reward": 3508, "info": {}, "observation": {"remainingOverageTime": 60, "index": 3}, "status": "ACTIVE"}], [{"action": "NORTH", "reward": 401, "info": {}, "observation": {"remainingOverageTime": 60, "step": 35, "geese": [[], [15, 4, 3, 2, 68, 57, 58, 59, 60], [], [25, 24, 23, 34, 35, 36, 37, 38]], "food": [76, 26], "index": 0}, "status": "DONE"}, {"action": "SOUTH", "reward": 3609, "info": {}, "observation": {"remainingOverageTime": 60, "index": 1}, "status": "ACTIVE"}, {"action": "NORTH", "reward": 402, "info": {}, "observation": {"remainingOverageTime": 60, "index": 2}, "status": "DONE"}, {"action": "EAST", "reward": 3608, "info": {}, "observation": {"remainingOverageTime": 60, "index": 3}, "status": "ACTIVE"}], [{"action": "NORTH", "reward": 401, "info": {}, "observation": {"remainingOverageTime": 60, "step": 36, "geese": [[], [16, 15, 4, 3, 2, 68, 57, 58, 59], [], [14, 25, 24, 23, 34, 35, 36, 37]], "food": [76, 26], "index": 0}, "status": "DONE"}, {"action": "EAST", "reward": 3709, "info": {}, "observation": {"remainingOverageTime": 60, "index": 1}, "status": "ACTIVE"}, {"action": "NORTH", "reward": 402, "info": {}, "observation": {"remainingOverageTime": 60, "index": 2}, "status": "DONE"}, {"action": "NORTH", "reward": 3708, "info": {}, "observation": {"remainingOverageTime": 60, "index": 3}, "status": "ACTIVE"}], [{"action": "NORTH", "reward": 401, "info": {}, "observation": {"remainingOverageTime": 60, "step": 37, "geese": [[], [27, 16, 15, 4, 3, 2, 68, 57, 58], [], [13, 14, 25, 24, 23, 34, 35, 36]], "food": [76, 26], "index": 0}, "status": "DONE"}, {"action": "SOUTH", "reward": 3809, "info": {}, "observation": {"remainingOverageTime": 60, "index": 1}, "status": "ACTIVE"}, {"action": "NORTH", "reward": 402, "info": {}, "observation": {"remainingOverageTime": 60, "index": 2}, "status": "DONE"}, {"action": "WEST", "reward": 3808, "info": {}, "observation": {"remainingOverageTime": 60, "index": 3}, "status": "ACTIVE"}], [{"action": "NORTH", "reward": 401, "info": {}, "observation": {"remainingOverageTime": 60, "step": 38, "geese": [[], [26, 27, 16, 15, 4, 3, 2, 68, 57, 58], [], [12, 13, 14, 25, 24, 23, 34, 35]], "food": [76, 48], "index": 0}, "status": "DONE"}, {"action": "WEST", "reward": 3910, "info": {}, "observation": {"remainingOverageTime": 60, "index": 1}, "status": "ACTIVE"}, {"action": "NORTH", "reward": 402, "info": {}, "observation": {"remainingOverageTime": 60, "index": 2}, "status": "DONE"}, {"action": "WEST", "reward": 3908, "info": {}, "observation": {"remainingOverageTime": 60, "index": 3}, "status": "ACTIVE"}], [{"action": "NORTH", "reward": 401, "info": {}, "observation": {"remainingOverageTime": 60, "step": 39, "geese": [[], [37, 26, 27, 16, 15, 4, 3, 2, 68, 57], [], [1, 12, 13, 14, 25, 24, 23, 34]], "food": [76, 48], "index": 0}, "status": "DONE"}, {"action": "SOUTH", "reward": 4010, "info": {}, "observation": {"remainingOverageTime": 60, "index": 1}, "status": "ACTIVE"}, {"action": "NORTH", "reward": 402, "info": {}, "observation": {"remainingOverageTime": 60, "index": 2}, "status": "DONE"}, {"action": "NORTH", "reward": 4008, "info": {}, "observation": {"remainingOverageTime": 60, "index": 3}, "status": "ACTIVE"}], [{"action": "NORTH", "reward": 401, "info": {}, "observation": {"remainingOverageTime": 60, "step": 40, "geese": [[], [48, 37, 26, 27, 16, 15, 4, 3, 2, 68], [], [67, 1, 12, 13, 14, 25, 24]], "food": [76, 71], "index": 0}, "status": "DONE"}, {"action": "SOUTH", "reward": 4110, "info": {}, "observation": {"remainingOverageTime": 60, "index": 1}, "status": "ACTIVE"}, {"action": "NORTH", "reward": 402, "info": {}, "observation": {"remainingOverageTime": 60, "index": 2}, "status": "DONE"}, {"action": "NORTH", "reward": 4107, "info": {}, "observation": {"remainingOverageTime": 60, "index": 3}, "status": "ACTIVE"}], [{"action": "NORTH", "reward": 401, "info": {}, "observation": {"remainingOverageTime": 60, "step": 41, "geese": [[], [49, 48, 37, 26, 27, 16, 15, 4, 3, 2], [], [66, 67, 1, 12, 13, 14, 25]], "food": [76, 71], "index": 0}, "status": "DONE"}, {"action": "EAST", "reward": 4210, "info": {}, "observation": {"remainingOverageTime": 60, "index": 1}, "status": "ACTIVE"}, {"action": "NORTH", "reward": 402, "info": {}, "observation": {"remainingOverageTime": 60, "index": 2}, "status": "DONE"}, {"action": "WEST", "reward": 4207, "info": {}, "observation": {"remainingOverageTime": 60, "index": 3}, "status": "ACTIVE"}], [{"action": "NORTH", "reward": 401, "info": {}, "observation": {"remainingOverageTime": 60, "step": 42, "geese": [[], [60, 49, 48, 37, 26, 27, 16, 15, 4, 3], [], [76, 66, 67, 1, 12, 13, 14, 25]], "food": [71, 62], "index": 0}, "status": "DONE"}, {"action": "SOUTH", "reward": 4310, "info": {}, "observation": {"remainingOverageTime": 60, "index": 1}, "status": "ACTIVE"}, {"action": "NORTH", "reward": 402, "info": {}, "observation": {"remainingOverageTime": 60, "index": 2}, "status": "DONE"}, {"action": "WEST", "reward": 4308, "info": {}, "observation": {"remainingOverageTime": 60, "index": 3}, "status": "ACTIVE"}], [{"action": "NORTH", "reward": 401, "info": {}, "observation": {"remainingOverageTime": 60, "step": 43, "geese": [[], [71, 60, 49, 48, 37, 26, 27, 16, 15, 4, 3], [], [65, 76, 66, 67, 1, 12, 13, 14]], "food": [62, 41], "index": 0}, "status": "DONE"}, {"action": "SOUTH", "reward": 4411, "info": {}, "observation": {"remainingOverageTime": 60, "index": 1}, "status": "ACTIVE"}, {"action": "NORTH", "reward": 402, "info": {}, "observation": {"remainingOverageTime": 60, "index": 2}, "status": "DONE"}, {"action": "NORTH", "reward": 4408, "info": {}, "observation": {"remainingOverageTime": 60, "index": 3}, "status": "ACTIVE"}], [{"action": "NORTH", "reward": 401, "info": {}, "observation": {"remainingOverageTime": 60, "step": 44, "geese": [[], [72, 71, 60, 49, 48, 37, 26, 27, 16, 15, 4], [], [64, 65, 76, 66, 67, 1, 12, 13]], "food": [62, 41], "index": 0}, "status": "DONE"}, {"action": "EAST", "reward": 4511, "info": {}, "observation": {"remainingOverageTime": 60, "index": 1}, "status": "ACTIVE"}, {"action": "NORTH", "reward": 402, "info": {}, "observation": {"remainingOverageTime": 60, "index": 2}, "status": "DONE"}, {"action": "WEST", "reward": 4508, "info": {}, "observation": {"remainingOverageTime": 60, "index": 3}, "status": "ACTIVE"}], [{"action": "NORTH", "reward": 401, "info": {}, "observation": {"remainingOverageTime": 60, "step": 45, "geese": [[], [73, 72, 71, 60, 49, 48, 37, 26, 27, 16, 15], [], [63, 64, 65, 76, 66, 67, 1, 12]], "food": [62, 41], "index": 0}, "status": "DONE"}, {"action": "EAST", "reward": 4611, "info": {}, "observation": {"remainingOverageTime": 60, "index": 1}, "status": "ACTIVE"}, {"action": "NORTH", "reward": 402, "info": {}, "observation": {"remainingOverageTime": 60, "index": 2}, "status": "DONE"}, {"action": "WEST", "reward": 4608, "info": {}, "observation": {"remainingOverageTime": 60, "index": 3}, "status": "ACTIVE"}], [{"action": "NORTH", "reward": 401, "info": {}, "observation": {"remainingOverageTime": 60, "step": 46, "geese": [[], [7, 73, 72, 71, 60, 49, 48, 37, 26, 27, 16], [], [52, 63, 64, 65, 76, 66, 67, 1]], "food": [62, 41], "index": 0}, "status": "DONE"}, {"action": "SOUTH", "reward": 4711, "info": {}, "observation": {"remainingOverageTime": 60, "index": 1}, "status": "ACTIVE"}, {"action": "NORTH", "reward": 402, "info": {}, "observation": {"remainingOverageTime": 60, "index": 2}, "status": "DONE"}, {"action": "NORTH", "reward": 4708, "info": {}, "observation": {"remainingOverageTime": 60, "index": 3}, "status": "ACTIVE"}], [{"action": "NORTH", "reward": 401, "info": {}, "observation": {"remainingOverageTime": 60, "step": 47, "geese": [[], [6, 7, 73, 72, 71, 60, 49, 48, 37, 26, 27], [], [41, 52, 63, 64, 65, 76, 66, 67, 1]], "food": [62, 39], "index": 0}, "status": "DONE"}, {"action": "WEST", "reward": 4811, "info": {}, "observation": {"remainingOverageTime": 60, "index": 1}, "status": "ACTIVE"}, {"action": "NORTH", "reward": 402, "info": {}, "observation": {"remainingOverageTime": 60, "index": 2}, "status": "DONE"}, {"action": "NORTH", "reward": 4809, "info": {}, "observation": {"remainingOverageTime": 60, "index": 3}, "status": "ACTIVE"}], [{"action": "NORTH", "reward": 401, "info": {}, "observation": {"remainingOverageTime": 60, "step": 48, "geese": [[], [17, 6, 7, 73, 72, 71, 60, 49, 48, 37, 26], [], [40, 41, 52, 63, 64, 65, 76, 66, 67]], "food": [62, 39], "index": 0}, "status": "DONE"}, {"action": "SOUTH", "reward": 4911, "info": {}, "observation": {"remainingOverageTime": 60, "index": 1}, "status": "ACTIVE"}, {"action": "NORTH", "reward": 402, "info": {}, "observation": {"remainingOverageTime": 60, "index": 2}, "status": "DONE"}, {"action": "WEST", "reward": 4909, "info": {}, "observation": {"remainingOverageTime": 60, "index": 3}, "status": "ACTIVE"}], [{"action": "NORTH", "reward": 401, "info": {}, "observation": {"remainingOverageTime": 60, "step": 49, "geese": [[], [18, 17, 6, 7, 73, 72, 71, 60, 49, 48, 37], [], [39, 40, 41, 52, 63, 64, 65, 76, 66, 67]], "food": [62, 27], "index": 0}, "status": "DONE"}, {"action": "EAST", "reward": 5011, "info": {}, "observation": {"remainingOverageTime": 60, "index": 1}, "status": "ACTIVE"}, {"action": "NORTH", "reward": 402, "info": {}, "observation": {"remainingOverageTime": 60, "index": 2}, "status": "DONE"}, {"action": "WEST", "reward": 5010, "info": {}, "observation": {"remainingOverageTime": 60, "index": 3}, "status": "ACTIVE"}], [{"action": "NORTH", "reward": 401, "info": {}, "observation": {"remainingOverageTime": 60, "step": 50, "geese": [[], [19, 18, 17, 6, 7, 73, 72, 71, 60, 49, 48], [], [28, 39, 40, 41, 52, 63, 64, 65, 76, 66]], "food": [62, 27], "index": 0}, "status": "DONE"}, {"action": "EAST", "reward": 5111, "info": {}, "observation": {"remainingOverageTime": 60, "index": 1}, "status": "ACTIVE"}, {"action": "NORTH", "reward": 402, "info": {}, "observation": {"remainingOverageTime": 60, "index": 2}, "status": "DONE"}, {"action": "NORTH", "reward": 5110, "info": {}, "observation": {"remainingOverageTime": 60, "index": 3}, "status": "ACTIVE"}], [{"action": "NORTH", "reward": 401, "info": {}, "observation": {"remainingOverageTime": 60, "step": 51, "geese": [[], [20, 19, 18, 17, 6, 7, 73, 72, 71, 60, 49], [], [27, 28, 39, 40, 41, 52, 63, 64, 65, 76, 66]], "food": [62, 26], "index": 0}, "status": "DONE"}, {"action": "EAST", "reward": 5211, "info": {}, "observation": {"remainingOverageTime": 60, "index": 1}, "status": "ACTIVE"}, {"action": "NORTH", "reward": 402, "info": {}, "observation": {"remainingOverageTime": 60, "index": 2}, "status": "DONE"}, {"action": "WEST", "reward": 5211, "info": {}, "observation": {"remainingOverageTime": 60, "index": 3}, "status": "ACTIVE"}], [{"action": "NORTH", "reward": 401, "info": {}, "observation": {"remainingOverageTime": 60, "step": 52, "geese": [[], [21, 20, 19, 18, 17, 6, 7, 73, 72, 71, 60], [], [26, 27, 28, 39, 40, 41, 52, 63, 64, 65, 76, 66]], "food": [62, 2], "index": 0}, "status": "DONE"}, {"action": "EAST", "reward": 5311, "info": {}, "observation": {"remainingOverageTime": 60, "index": 1}, "status": "ACTIVE"}, {"action": "NORTH", "reward": 402, "info": {}, "observation": {"remainingOverageTime": 60, "index": 2}, "status": "DONE"}, {"action": "WEST", "reward": 5312, "info": {}, "observation": {"remainingOverageTime": 60, "index": 3}, "status": "ACTIVE"}], [{"action": "NORTH", "reward": 401, "info": {}, "observation": {"remainingOverageTime": 60, "step": 53, "geese": [[], [11, 21, 20, 19, 18, 17, 6, 7, 73, 72, 71], [], [15, 26, 27, 28, 39, 40, 41, 52, 63, 64, 65, 76]], "food": [62, 2], "index": 0}, "status": "DONE"}, {"action": "EAST", "reward": 5411, "info": {}, "observation": {"remainingOverageTime": 60, "index": 1}, "status": "ACTIVE"}, {"action": "NORTH", "reward": 402, "info": {}, "observation": {"remainingOverageTime": 60, "index": 2}, "status": "DONE"}, {"action": "NORTH", "reward": 5412, "info": {}, "observation": {"remainingOverageTime": 60, "index": 3}, "status": "ACTIVE"}], [{"action": "NORTH", "reward": 401, "info": {}, "observation": {"remainingOverageTime": 60, "step": 54, "geese": [[], [12, 11, 21, 20, 19, 18, 17, 6, 7, 73, 72], [], [4, 15, 26, 27, 28, 39, 40, 41, 52, 63, 64, 65]], "food": [62, 2], "index": 0}, "status": "DONE"}, {"action": "EAST", "reward": 5511, "info": {}, "observation": {"remainingOverageTime": 60, "index": 1}, "status": "ACTIVE"}, {"action": "NORTH", "reward": 402, "info": {}, "observation": {"remainingOverageTime": 60, "index": 2}, "status": "DONE"}, {"action": "NORTH", "reward": 5512, "info": {}, "observation": {"remainingOverageTime": 60, "index": 3}, "status": "ACTIVE"}], [{"action": "NORTH", "reward": 401, "info": {}, "observation": {"remainingOverageTime": 60, "step": 55, "geese": [[], [13, 12, 11, 21, 20, 19, 18, 17, 6, 7, 73], [], [3, 4, 15, 26, 27, 28, 39, 40, 41, 52, 63, 64]], "food": [62, 2], "index": 0}, "status": "DONE"}, {"action": "EAST", "reward": 5611, "info": {}, "observation": {"remainingOverageTime": 60, "index": 1}, "status": "ACTIVE"}, {"action": "NORTH", "reward": 402, "info": {}, "observation": {"remainingOverageTime": 60, "index": 2}, "status": "DONE"}, {"action": "WEST", "reward": 5612, "info": {}, "observation": {"remainingOverageTime": 60, "index": 3}, "status": "ACTIVE"}], [{"action": "NORTH", "reward": 401, "info": {}, "observation": {"remainingOverageTime": 60, "step": 56, "geese": [[], [24, 13, 12, 11, 21, 20, 19, 18, 17, 6, 7], [], [69, 3, 4, 15, 26, 27, 28, 39, 40, 41, 52, 63]], "food": [62, 2], "index": 0}, "status": "DONE"}, {"action": "SOUTH", "reward": 5711, "info": {}, "observation": {"remainingOverageTime": 60, "index": 1}, "status": "ACTIVE"}, {"action": "NORTH", "reward": 402, "info": {}, "observation": {"remainingOverageTime": 60, "index": 2}, "status": "DONE"}, {"action": "NORTH", "reward": 5712, "info": {}, "observation": {"remainingOverageTime": 60, "index": 3}, "status": "ACTIVE"}], [{"action": "NORTH", "reward": 401, "info": {}, "observation": {"remainingOverageTime": 60, "step": 57, "geese": [[], [23, 24, 13, 12, 11, 21, 20, 19, 18, 17, 6], [], [68, 69, 3, 4, 15, 26, 27, 28, 39, 40, 41, 52]], "food": [62, 2], "index": 0}, "status": "DONE"}, {"action": "WEST", "reward": 5811, "info": {}, "observation": {"remainingOverageTime": 60, "index": 1}, "status": "ACTIVE"}, {"action": "NORTH", "reward": 402, "info": {}, "observation": {"remainingOverageTime": 60, "index": 2}, "status": "DONE"}, {"action": "WEST", "reward": 5812, "info": {}, "observation": {"remainingOverageTime": 60, "index": 3}, "status": "ACTIVE"}], [{"action": "NORTH", "reward": 401, "info": {}, "observation": {"remainingOverageTime": 60, "step": 58, "geese": [[], [22, 23, 24, 13, 12, 11, 21, 20, 19, 18, 17], [], [2, 68, 69, 3, 4, 15, 26, 27, 28, 39, 40, 41, 52]], "food": [62, 66], "index": 0}, "status": "DONE"}, {"action": "WEST", "reward": 5911, "info": {}, "observation": {"remainingOverageTime": 60, "index": 1}, "status": "ACTIVE"}, {"action": "NORTH", "reward": 402, "info": {}, "observation": {"remainingOverageTime": 60, "index": 2}, "status": "DONE"}, {"action": "SOUTH", "reward": 5913, "info": {}, "observation": {"remainingOverageTime": 60, "index": 3}, "status": "ACTIVE"}], [{"action": "NORTH", "reward": 401, "info": {}, "observation": {"remainingOverageTime": 60, "step": 59, "geese": [[], [33, 22, 23, 24, 13, 12, 11, 21, 20, 19, 18], [], [1, 2, 68, 69, 3, 4, 15, 26, 27, 28, 39, 40, 41]], "food": [62, 66], "index": 0}, "status": "DONE"}, {"action": "SOUTH", "reward": 6011, "info": {}, "observation": {"remainingOverageTime": 60, "index": 1}, "status": "ACTIVE"}, {"action": "NORTH", "reward": 402, "info": {}, "observation": {"remainingOverageTime": 60, "index": 2}, "status": "DONE"}, {"action": "WEST", "reward": 6013, "info": {}, "observation": {"remainingOverageTime": 60, "index": 3}, "status": "ACTIVE"}], [{"action": "NORTH", "reward": 401, "info": {}, "observation": {"remainingOverageTime": 60, "step": 60, "geese": [[], [44, 33, 22, 23, 24, 13, 12, 11, 21, 20, 19], [], [67, 1, 2, 68, 69, 3, 4, 15, 26, 27, 28, 39, 40]], "food": [62, 66], "index": 0}, "status": "DONE"}, {"action": "SOUTH", "reward": 6111, "info": {}, "observation": {"remainingOverageTime": 60, "index": 1}, "status": "ACTIVE"}, {"action": "NORTH", "reward": 402, "info": {}, "observation": {"remainingOverageTime": 60, "index": 2}, "status": "DONE"}, {"action": "NORTH", "reward": 6113, "info": {}, "observation": {"remainingOverageTime": 60, "index": 3}, "status": "ACTIVE"}], [{"action": "NORTH", "reward": 401, "info": {}, "observation": {"remainingOverageTime": 60, "step": 61, "geese": [[], [54, 44, 33, 22, 23, 24, 13, 12, 11, 21, 20], [], [66, 67, 1, 2, 68, 69, 3, 4, 15, 26, 27, 28, 39, 40]], "food": [62, 76], "index": 0}, "status": "DONE"}, {"action": "WEST", "reward": 6211, "info": {}, "observation": {"remainingOverageTime": 60, "index": 1}, "status": "ACTIVE"}, {"action": "NORTH", "reward": 402, "info": {}, "observation": {"remainingOverageTime": 60, "index": 2}, "status": "DONE"}, {"action": "WEST", "reward": 6214, "info": {}, "observation": {"remainingOverageTime": 60, "index": 3}, "status": "ACTIVE"}], [{"action": "NORTH", "reward": 401, "info": {}, "observation": {"remainingOverageTime": 60, "step": 62, "geese": [[], [53, 54, 44, 33, 22, 23, 24, 13, 12, 11, 21], [], [76, 66, 67, 1, 2, 68, 69, 3, 4, 15, 26, 27, 28, 39, 40]], "food": [62, 72], "index": 0}, "status": "DONE"}, {"action": "WEST", "reward": 6311, "info": {}, "observation": {"remainingOverageTime": 60, "index": 1}, "status": "ACTIVE"}, {"action": "NORTH", "reward": 402, "info": {}, "observation": {"remainingOverageTime": 60, "index": 2}, "status": "DONE"}, {"action": "WEST", "reward": 6315, "info": {}, "observation": {"remainingOverageTime": 60, "index": 3}, "status": "ACTIVE"}], [{"action": "NORTH", "reward": 401, "info": {}, "observation": {"remainingOverageTime": 60, "step": 63, "geese": [[], [52, 53, 54, 44, 33, 22, 23, 24, 13, 12, 11], [], [75, 76, 66, 67, 1, 2, 68, 69, 3, 4, 15, 26, 27, 28, 39]], "food": [62, 72], "index": 0}, "status": "DONE"}, {"action": "WEST", "reward": 6411, "info": {}, "observation": {"remainingOverageTime": 60, "index": 1}, "status": "ACTIVE"}, {"action": "NORTH", "reward": 402, "info": {}, "observation": {"remainingOverageTime": 60, "index": 2}, "status": "DONE"}, {"action": "WEST", "reward": 6415, "info": {}, "observation": {"remainingOverageTime": 60, "index": 3}, "status": "ACTIVE"}], [{"action": "NORTH", "reward": 401, "info": {}, "observation": {"remainingOverageTime": 60, "step": 64, "geese": [[], [51, 52, 53, 54, 44, 33, 22, 23, 24, 13, 12], [], [74, 75, 76, 66, 67, 1, 2, 68, 69, 3, 4, 15, 26, 27, 28]], "food": [62, 72], "index": 0}, "status": "DONE"}, {"action": "WEST", "reward": 6511, "info": {}, "observation": {"remainingOverageTime": 60, "index": 1}, "status": "ACTIVE"}, {"action": "NORTH", "reward": 402, "info": {}, "observation": {"remainingOverageTime": 60, "index": 2}, "status": "DONE"}, {"action": "WEST", "reward": 6515, "info": {}, "observation": {"remainingOverageTime": 60, "index": 3}, "status": "ACTIVE"}], [{"action": "NORTH", "reward": 401, "info": {}, "observation": {"remainingOverageTime": 60, "step": 65, "geese": [[], [62, 51, 52, 53, 54, 44, 33, 22, 23, 24, 13, 12], [], [73, 74, 75, 76, 66, 67, 1, 2, 68, 69, 3, 4, 15, 26, 27]], "food": [72, 20], "index": 0}, "status": "DONE"}, {"action": "SOUTH", "reward": 6612, "info": {}, "observation": {"remainingOverageTime": 60, "index": 1}, "status": "ACTIVE"}, {"action": "NORTH", "reward": 402, "info": {}, "observation": {"remainingOverageTime": 60, "index": 2}, "status": "DONE"}, {"action": "WEST", "reward": 6615, "info": {}, "observation": {"remainingOverageTime": 60, "index": 3}, "status": "ACTIVE"}], [{"action": "NORTH", "reward": 401, "info": {}, "observation": {"remainingOverageTime": 60, "step": 66, "geese": [[], [61, 62, 51, 52, 53, 54, 44, 33, 22, 23, 24, 13], [], [72, 73, 74, 75, 76, 66, 67, 1, 2, 68, 69, 3, 4, 15, 26, 27]], "food": [20, 56], "index": 0}, "status": "DONE"}, {"action": "WEST", "reward": 6712, "info": {}, "observation": {"remainingOverageTime": 60, "index": 1}, "status": "ACTIVE"}, {"action": "NORTH", "reward": 402, "info": {}, "observation": {"remainingOverageTime": 60, "index": 2}, "status": "DONE"}, {"action": "WEST", "reward": 6716, "info": {}, "observation": {"remainingOverageTime": 60, "index": 3}, "status": "ACTIVE"}], [{"action": "NORTH", "reward": 401, "info": {}, "observation": {"remainingOverageTime": 60, "step": 67, "geese": [[], [60, 61, 62, 51, 52, 53, 54, 44, 33, 22, 23, 24], [], [6, 72, 73, 74, 75, 76, 66, 67, 1, 2, 68, 69, 3, 4, 15, 26]], "food": [20, 56], "index": 0}, "status": "DONE"}, {"action": "WEST", "reward": 6812, "info": {}, "observation": {"remainingOverageTime": 60, "index": 1}, "status": "ACTIVE"}, {"action": "NORTH", "reward": 402, "info": {}, "observation": {"remainingOverageTime": 60, "index": 2}, "status": "DONE"}, {"action": "SOUTH", "reward": 6816, "info": {}, "observation": {"remainingOverageTime": 60, "index": 3}, "status": "ACTIVE"}], [{"action": "NORTH", "reward": 401, "info": {}, "observation": {"remainingOverageTime": 60, "step": 68, "geese": [[], [59, 60, 61, 62, 51, 52, 53, 54, 44, 33, 22, 23], [], [7, 6, 72, 73, 74, 75, 76, 66, 67, 1, 2, 68, 69, 3, 4, 15]], "food": [20, 56], "index": 0}, "status": "DONE"}, {"action": "WEST", "reward": 6912, "info": {}, "observation": {"remainingOverageTime": 60, "index": 1}, "status": "ACTIVE"}, {"action": "NORTH", "reward": 402, "info": {}, "observation": {"remainingOverageTime": 60, "index": 2}, "status": "DONE"}, {"action": "EAST", "reward": 6916, "info": {}, "observation": {"remainingOverageTime": 60, "index": 3}, "status": "ACTIVE"}], [{"action": "NORTH", "reward": 401, "info": {}, "observation": {"remainingOverageTime": 60, "step": 69, "geese": [[], [58, 59, 60, 61, 62, 51, 52, 53, 54, 44, 33, 22], [], [8, 7, 6, 72, 73, 74, 75, 76, 66, 67, 1, 2, 68, 69, 3, 4]], "food": [20, 56], "index": 0}, "status": "DONE"}, {"action": "WEST", "reward": 7012, "info": {}, "observation": {"remainingOverageTime": 60, "index": 1}, "status": "ACTIVE"}, {"action": "NORTH", "reward": 402, "info": {}, "observation": {"remainingOverageTime": 60, "index": 2}, "status": "DONE"}, {"action": "EAST", "reward": 7016, "info": {}, "observation": {"remainingOverageTime": 60, "index": 3}, "status": "ACTIVE"}], [{"action": "NORTH", "reward": 401, "info": {}, "observation": {"remainingOverageTime": 60, "step": 70, "geese": [[], [57, 58, 59, 60, 61, 62, 51, 52, 53, 54, 44, 33], [], [9, 8, 7, 6, 72, 73, 74, 75, 76, 66, 67, 1, 2, 68, 69, 3]], "food": [20, 56], "index": 0}, "status": "DONE"}, {"action": "WEST", "reward": 7112, "info": {}, "observation": {"remainingOverageTime": 60, "index": 1}, "status": "ACTIVE"}, {"action": "NORTH", "reward": 402, "info": {}, "observation": {"remainingOverageTime": 60, "index": 2}, "status": "DONE"}, {"action": "EAST", "reward": 7116, "info": {}, "observation": {"remainingOverageTime": 60, "index": 3}, "status": "ACTIVE"}], [{"action": "NORTH", "reward": 401, "info": {}, "observation": {"remainingOverageTime": 60, "step": 71, "geese": [[], [56, 57, 58, 59, 60, 61, 62, 51, 52, 53, 54, 44, 33], [], [20, 9, 8, 7, 6, 72, 73, 74, 75, 76, 66, 67, 1, 2, 68, 69, 3]], "food": [32, 38], "index": 0}, "status": "DONE"}, {"action": "WEST", "reward": 7213, "info": {}, "observation": {"remainingOverageTime": 60, "index": 1}, "status": "ACTIVE"}, {"action": "NORTH", "reward": 402, "info": {}, "observation": {"remainingOverageTime": 60, "index": 2}, "status": "DONE"}, {"action": "SOUTH", "reward": 7217, "info": {}, "observation": {"remainingOverageTime": 60, "index": 3}, "status": "ACTIVE"}], [{"action": "NORTH", "reward": 401, "info": {}, "observation": {"remainingOverageTime": 60, "step": 72, "geese": [[], [45, 56, 57, 58, 59, 60, 61, 62, 51, 52, 53, 54, 44], [], [21, 20, 9, 8, 7, 6, 72, 73, 74, 75, 76, 66, 67, 1, 2, 68, 69]], "food": [32, 38], "index": 0}, "status": "DONE"}, {"action": "NORTH", "reward": 7313, "info": {}, "observation": {"remainingOverageTime": 60, "index": 1}, "status": "ACTIVE"}, {"action": "NORTH", "reward": 402, "info": {}, "observation": {"remainingOverageTime": 60, "index": 2}, "status": "DONE"}, {"action": "EAST", "reward": 7317, "info": {}, "observation": {"remainingOverageTime": 60, "index": 3}, "status": "ACTIVE"}], [{"action": "NORTH", "reward": 401, "info": {}, "observation": {"remainingOverageTime": 60, "step": 73, "geese": [[], [46, 45, 56, 57, 58, 59, 60, 61, 62, 51, 52, 53, 54], [], [32, 21, 20, 9, 8, 7, 6, 72, 73, 74, 75, 76, 66, 67, 1, 2, 68, 69]], "food": [38, 30], "index": 0}, "status": "DONE"}, {"action": "EAST", "reward": 7413, "info": {}, "observation": {"remainingOverageTime": 60, "index": 1}, "status": "ACTIVE"}, {"action": "NORTH", "reward": 402, "info": {}, "observation": {"remainingOverageTime": 60, "index": 2}, "status": "DONE"}, {"action": "SOUTH", "reward": 7418, "info": {}, "observation": {"remainingOverageTime": 60, "index": 3}, "status": "ACTIVE"}], [{"action": "NORTH", "reward": 401, "info": {}, "observation": {"remainingOverageTime": 60, "step": 74, "geese": [[], [47, 46, 45, 56, 57, 58, 59, 60, 61, 62, 51, 52, 53], [], [31, 32, 21, 20, 9, 8, 7, 6, 72, 73, 74, 75, 76, 66, 67, 1, 2, 68]], "food": [38, 30], "index": 0}, "status": "DONE"}, {"action": "EAST", "reward": 7513, "info": {}, "observation": {"remainingOverageTime": 60, "index": 1}, "status": "ACTIVE"}, {"action": "NORTH", "reward": 402, "info": {}, "observation": {"remainingOverageTime": 60, "index": 2}, "status": "DONE"}, {"action": "WEST", "reward": 7518, "info": {}, "observation": {"remainingOverageTime": 60, "index": 3}, "status": "ACTIVE"}], [{"action": "NORTH", "reward": 401, "info": {}, "observation": {"remainingOverageTime": 60, "step": 75, "geese": [[], [48, 47, 46, 45, 56, 57, 58, 59, 60, 61, 62, 51, 52], [], [30, 31, 32, 21, 20, 9, 8, 7, 6, 72, 73, 74, 75, 76, 66, 67, 1, 2, 68]], "food": [38, 33], "index": 0}, "status": "DONE"}, {"action": "EAST", "reward": 7613, "info": {}, "observation": {"remainingOverageTime": 60, "index": 1}, "status": "ACTIVE"}, {"action": "NORTH", "reward": 402, "info": {}, "observation": {"remainingOverageTime": 60, "index": 2}, "status": "DONE"}, {"action": "WEST", "reward": 7619, "info": {}, "observation": {"remainingOverageTime": 60, "index": 3}, "status": "ACTIVE"}], [{"action": "NORTH", "reward": 401, "info": {}, "observation": {"remainingOverageTime": 60, "step": 76, "geese": [[], [49, 48, 47, 46, 45, 56, 57, 58, 59, 60, 61, 62, 51], [], [29, 30, 31, 32, 21, 20, 9, 8, 7, 6, 72, 73, 74, 75, 76, 66, 67, 1, 2]], "food": [38, 33], "index": 0}, "status": "DONE"}, {"action": "EAST", "reward": 7713, "info": {}, "observation": {"remainingOverageTime": 60, "index": 1}, "status": "ACTIVE"}, {"action": "NORTH", "reward": 402, "info": {}, "observation": {"remainingOverageTime": 60, "index": 2}, "status": "DONE"}, {"action": "WEST", "reward": 7719, "info": {}, "observation": {"remainingOverageTime": 60, "index": 3}, "status": "ACTIVE"}], [{"action": "NORTH", "reward": 401, "info": {}, "observation": {"remainingOverageTime": 60, "step": 77, "geese": [[], [38, 49, 48, 47, 46, 45, 56, 57, 58, 59, 60, 61, 62, 51], [], [40, 29, 30, 31, 32, 21, 20, 9, 8, 7, 6, 72, 73, 74, 75, 76, 66, 67, 1]], "food": [33, 64], "index": 0}, "status": "DONE"}, {"action": "NORTH", "reward": 7814, "info": {}, "observation": {"remainingOverageTime": 60, "index": 1}, "status": "ACTIVE"}, {"action": "NORTH", "reward": 402, "info": {}, "observation": {"remainingOverageTime": 60, "index": 2}, "status": "DONE"}, {"action": "SOUTH", "reward": 7819, "info": {}, "observation": {"remainingOverageTime": 60, "index": 3}, "status": "ACTIVE"}], [{"action": "NORTH", "reward": 401, "info": {}, "observation": {"remainingOverageTime": 60, "step": 78, "geese": [[], [37, 38, 49, 48, 47, 46, 45, 56, 57, 58, 59, 60, 61, 62], [], [41, 40, 29, 30, 31, 32, 21, 20, 9, 8, 7, 6, 72, 73, 74, 75, 76, 66, 67]], "food": [33, 64], "index": 0}, "status": "DONE"}, {"action": "WEST", "reward": 7914, "info": {}, "observation": {"remainingOverageTime": 60, "index": 1}, "status": "ACTIVE"}, {"action": "NORTH", "reward": 402, "info": {}, "observation": {"remainingOverageTime": 60, "index": 2}, "status": "DONE"}, {"action": "EAST", "reward": 7919, "info": {}, "observation": {"remainingOverageTime": 60, "index": 3}, "status": "ACTIVE"}], [{"action": "NORTH", "reward": 401, "info": {}, "observation": {"remainingOverageTime": 60, "step": 79, "geese": [[], [36, 37, 38, 49, 48, 47, 46, 45, 56, 57, 58, 59, 60, 61], [], [42, 41, 40, 29, 30, 31, 32, 21, 20, 9, 8, 7, 6, 72, 73, 74, 75, 76, 66]], "food": [33, 64], "index": 0}, "status": "DONE"}, {"action": "WEST", "reward": 8014, "info": {}, "observation": {"remainingOverageTime": 60, "index": 1}, "status": "ACTIVE"}, {"action": "NORTH", "reward": 402, "info": {}, "observation": {"remainingOverageTime": 60, "index": 2}, "status": "DONE"}, {"action": "EAST", "reward": 8019, "info": {}, "observation": {"remainingOverageTime": 60, "index": 3}, "status": "ACTIVE"}], [{"action": "NORTH", "reward": 401, "info": {}, "observation": {"remainingOverageTime": 60, "step": 80, "geese": [[], [35, 36, 37, 38, 49, 48, 47, 46, 45, 56, 57, 58, 59], [], [43, 42, 41, 40, 29, 30, 31, 32, 21, 20, 9, 8, 7, 6, 72, 73, 74, 75]], "food": [33, 64], "index": 0}, "status": "DONE"}, {"action": "WEST", "reward": 8113, "info": {}, "observation": {"remainingOverageTime": 60, "index": 1}, "status": "ACTIVE"}, {"action": "NORTH", "reward": 402, "info": {}, "observation": {"remainingOverageTime": 60, "index": 2}, "status": "DONE"}, {"action": "EAST", "reward": 8118, "info": {}, "observation": {"remainingOverageTime": 60, "index": 3}, "status": "ACTIVE"}], [{"action": "NORTH", "reward": 401, "info": {}, "observation": {"remainingOverageTime": 60, "step": 81, "geese": [[], [24, 35, 36, 37, 38, 49, 48, 47, 46, 45, 56, 57, 58], [], [33, 43, 42, 41, 40, 29, 30, 31, 32, 21, 20, 9, 8, 7, 6, 72, 73, 74, 75]], "food": [64, 4], "index": 0}, "status": "DONE"}, {"action": "NORTH", "reward": 8213, "info": {}, "observation": {"remainingOverageTime": 60, "index": 1}, "status": "ACTIVE"}, {"action": "NORTH", "reward": 402, "info": {}, "observation": {"remainingOverageTime": 60, "index": 2}, "status": "DONE"}, {"action": "EAST", "reward": 8219, "info": {}, "observation": {"remainingOverageTime": 60, "index": 3}, "status": "ACTIVE"}], [{"action": "NORTH", "reward": 401, "info": {}, "observation": {"remainingOverageTime": 60, "step": 82, "geese": [[], [25, 24, 35, 36, 37, 38, 49, 48, 47, 46, 45, 56, 57], [], [44, 33, 43, 42, 41, 40, 29, 30, 31, 32, 21, 20, 9, 8, 7, 6, 72, 73, 74]], "food": [64, 4], "index": 0}, "status": "DONE"}, {"action": "EAST", "reward": 8313, "info": {}, "observation": {"remainingOverageTime": 60, "index": 1}, "status": "ACTIVE"}, {"action": "NORTH", "reward": 402, "info": {}, "observation": {"remainingOverageTime": 60, "index": 2}, "status": "DONE"}, {"action": "SOUTH", "reward": 8319, "info": {}, "observation": {"remainingOverageTime": 60, "index": 3}, "status": "ACTIVE"}], [{"action": "NORTH", "reward": 401, "info": {}, "observation": {"remainingOverageTime": 60, "step": 83, "geese": [[], [26, 25, 24, 35, 36, 37, 38, 49, 48, 47, 46, 45, 56], [], [54, 44, 33, 43, 42, 41, 40, 29, 30, 31, 32, 21, 20, 9, 8, 7, 6, 72, 73]], "food": [64, 4], "index": 0}, "status": "DONE"}, {"action": "EAST", "reward": 8413, "info": {}, "observation": {"remainingOverageTime": 60, "index": 1}, "status": "ACTIVE"}, {"action": "NORTH", "reward": 402, "info": {}, "observation": {"remainingOverageTime": 60, "index": 2}, "status": "DONE"}, {"action": "WEST", "reward": 8419, "info": {}, "observation": {"remainingOverageTime": 60, "index": 3}, "status": "ACTIVE"}], [{"action": "NORTH", "reward": 401, "info": {}, "observation": {"remainingOverageTime": 60, "step": 84, "geese": [[], [15, 26, 25, 24, 35, 36, 37, 38, 49, 48, 47, 46, 45], [], [53, 54, 44, 33, 43, 42, 41, 40, 29, 30, 31, 32, 21, 20, 9, 8, 7, 6, 72]], "food": [64, 4], "index": 0}, "status": "DONE"}, {"action": "NORTH", "reward": 8513, "info": {}, "observation": {"remainingOverageTime": 60, "index": 1}, "status": "ACTIVE"}, {"action": "NORTH", "reward": 402, "info": {}, "observation": {"remainingOverageTime": 60, "index": 2}, "status": "DONE"}, {"action": "WEST", "reward": 8519, "info": {}, "observation": {"remainingOverageTime": 60, "index": 3}, "status": "ACTIVE"}], [{"action": "NORTH", "reward": 401, "info": {}, "observation": {"remainingOverageTime": 60, "step": 85, "geese": [[], [4, 15, 26, 25, 24, 35, 36, 37, 38, 49, 48, 47, 46, 45], [], [64, 53, 54, 44, 33, 43, 42, 41, 40, 29, 30, 31, 32, 21, 20, 9, 8, 7, 6, 72]], "food": [59, 13], "index": 0}, "status": "DONE"}, {"action": "NORTH", "reward": 8614, "info": {}, "observation": {"remainingOverageTime": 60, "index": 1}, "status": "ACTIVE"}, {"action": "NORTH", "reward": 402, "info": {}, "observation": {"remainingOverageTime": 60, "index": 2}, "status": "DONE"}, {"action": "SOUTH", "reward": 8620, "info": {}, "observation": {"remainingOverageTime": 60, "index": 3}, "status": "ACTIVE"}], [{"action": "NORTH", "reward": 401, "info": {}, "observation": {"remainingOverageTime": 60, "step": 86, "geese": [[], [70, 4, 15, 26, 25, 24, 35, 36, 37, 38, 49, 48, 47, 46], [], [63, 64, 53, 54, 44, 33, 43, 42, 41, 40, 29, 30, 31, 32, 21, 20, 9, 8, 7, 6]], "food": [59, 13], "index": 0}, "status": "DONE"}, {"action": "NORTH", "reward": 8714, "info": {}, "observation": {"remainingOverageTime": 60, "index": 1}, "status": "ACTIVE"}, {"action": "NORTH", "reward": 402, "info": {}, "observation": {"remainingOverageTime": 60, "index": 2}, "status": "DONE"}, {"action": "WEST", "reward": 8720, "info": {}, "observation": {"remainingOverageTime": 60, "index": 3}, "status": "ACTIVE"}], [{"action": "NORTH", "reward": 401, "info": {}, "observation": {"remainingOverageTime": 60, "step": 87, "geese": [[], [59, 70, 4, 15, 26, 25, 24, 35, 36, 37, 38, 49, 48, 47, 46], [], [74, 63, 64, 53, 54, 44, 33, 43, 42, 41, 40, 29, 30, 31, 32, 21, 20, 9, 8, 7]], "food": [13, 51], "index": 0}, "status": "DONE"}, {"action": "NORTH", "reward": 8815, "info": {}, "observation": {"remainingOverageTime": 60, "index": 1}, "status": "ACTIVE"}, {"action": "NORTH", "reward": 402, "info": {}, "observation": {"remainingOverageTime": 60, "index": 2}, "status": "DONE"}, {"action": "SOUTH", "reward": 8820, "info": {}, "observation": {"remainingOverageTime": 60, "index": 3}, "status": "ACTIVE"}], [{"action": "NORTH", "reward": 401, "info": {}, "observation": {"remainingOverageTime": 60, "step": 88, "geese": [[], [60, 59, 70, 4, 15, 26, 25, 24, 35, 36, 37, 38, 49, 48, 47], [], [73, 74, 63, 64, 53, 54, 44, 33, 43, 42, 41, 40, 29, 30, 31, 32, 21, 20, 9, 8]], "food": [13, 51], "index": 0}, "status": "DONE"}, {"action": "EAST", "reward": 8915, "info": {}, "observation": {"remainingOverageTime": 60, "index": 1}, "status": "ACTIVE"}, {"action": "NORTH", "reward": 402, "info": {}, "observation": {"remainingOverageTime": 60, "index": 2}, "status": "DONE"}, {"action": "WEST", "reward": 8920, "info": {}, "observation": {"remainingOverageTime": 60, "index": 3}, "status": "ACTIVE"}], [{"action": "NORTH", "reward": 401, "info": {}, "observation": {"remainingOverageTime": 60, "step": 89, "geese": [[], [61, 60, 59, 70, 4, 15, 26, 25, 24, 35, 36, 37, 38, 49, 48], [], [62, 73, 74, 63, 64, 53, 54, 44, 33, 43, 42, 41, 40, 29, 30, 31, 32, 21, 20, 9]], "food": [13, 51], "index": 0}, "status": "DONE"}, {"action": "EAST", "reward": 9015, "info": {}, "observation": {"remainingOverageTime": 60, "index": 1}, "status": "ACTIVE"}, {"action": "NORTH", "reward": 402, "info": {}, "observation": {"remainingOverageTime": 60, "index": 2}, "status": "DONE"}, {"action": "NORTH", "reward": 9020, "info": {}, "observation": {"remainingOverageTime": 60, "index": 3}, "status": "ACTIVE"}], [{"action": "NORTH", "reward": 401, "info": {}, "observation": {"remainingOverageTime": 60, "step": 90, "geese": [[], [72, 61, 60, 59, 70, 4, 15, 26, 25, 24, 35, 36, 37, 38, 49], [], [51, 62, 73, 74, 63, 64, 53, 54, 44, 33, 43, 42, 41, 40, 29, 30, 31, 32, 21, 20, 9]], "food": [13, 46], "index": 0}, "status": "DONE"}, {"action": "SOUTH", "reward": 9115, "info": {}, "observation": {"remainingOverageTime": 60, "index": 1}, "status": "ACTIVE"}, {"action": "NORTH", "reward": 402, "info": {}, "observation": {"remainingOverageTime": 60, "index": 2}, "status": "DONE"}, {"action": "NORTH", "reward": 9121, "info": {}, "observation": {"remainingOverageTime": 60, "index": 3}, "status": "ACTIVE"}], [{"action": "NORTH", "reward": 401, "info": {}, "observation": {"remainingOverageTime": 60, "step": 91, "geese": [[], [6, 72, 61, 60, 59, 70, 4, 15, 26, 25, 24, 35, 36, 37, 38], [], [50, 51, 62, 73, 74, 63, 64, 53, 54, 44, 33, 43, 42, 41, 40, 29, 30, 31, 32, 21, 20]], "food": [13, 46], "index": 0}, "status": "DONE"}, {"action": "SOUTH", "reward": 9215, "info": {}, "observation": {"remainingOverageTime": 60, "index": 1}, "status": "ACTIVE"}, {"action": "NORTH", "reward": 402, "info": {}, "observation": {"remainingOverageTime": 60, "index": 2}, "status": "DONE"}, {"action": "WEST", "reward": 9221, "info": {}, "observation": {"remainingOverageTime": 60, "index": 3}, "status": "ACTIVE"}], [{"action": "NORTH", "reward": 401, "info": {}, "observation": {"remainingOverageTime": 60, "step": 92, "geese": [[], [7, 6, 72, 61, 60, 59, 70, 4, 15, 26, 25, 24, 35, 36, 37], [], [49, 50, 51, 62, 73, 74, 63, 64, 53, 54, 44, 33, 43, 42, 41, 40, 29, 30, 31, 32, 21]], "food": [13, 46], "index": 0}, "status": "DONE"}, {"action": "EAST", "reward": 9315, "info": {}, "observation": {"remainingOverageTime": 60, "index": 1}, "status": "ACTIVE"}, {"action": "NORTH", "reward": 402, "info": {}, "observation": {"remainingOverageTime": 60, "index": 2}, "status": "DONE"}, {"action": "WEST", "reward": 9321, "info": {}, "observation": {"remainingOverageTime": 60, "index": 3}, "status": "ACTIVE"}], [{"action": "NORTH", "reward": 401, "info": {}, "observation": {"remainingOverageTime": 60, "step": 93, "geese": [[], [8, 7, 6, 72, 61, 60, 59, 70, 4, 15, 26, 25, 24, 35, 36], [], [48, 49, 50, 51, 62, 73, 74, 63, 64, 53, 54, 44, 33, 43, 42, 41, 40, 29, 30, 31, 32]], "food": [13, 46], "index": 0}, "status": "DONE"}, {"action": "EAST", "reward": 9415, "info": {}, "observation": {"remainingOverageTime": 60, "index": 1}, "status": "ACTIVE"}, {"action": "NORTH", "reward": 402, "info": {}, "observation": {"remainingOverageTime": 60, "index": 2}, "status": "DONE"}, {"action": "WEST", "reward": 9421, "info": {}, "observation": {"remainingOverageTime": 60, "index": 3}, "status": "ACTIVE"}], [{"action": "NORTH", "reward": 401, "info": {}, "observation": {"remainingOverageTime": 60, "step": 94, "geese": [[], [9, 8, 7, 6, 72, 61, 60, 59, 70, 4, 15, 26, 25, 24, 35], [], [47, 48, 49, 50, 51, 62, 73, 74, 63, 64, 53, 54, 44, 33, 43, 42, 41, 40, 29, 30, 31]], "food": [13, 46], "index": 0}, "status": "DONE"}, {"action": "EAST", "reward": 9515, "info": {}, "observation": {"remainingOverageTime": 60, "index": 1}, "status": "ACTIVE"}, {"action": "NORTH", "reward": 402, "info": {}, "observation": {"remainingOverageTime": 60, "index": 2}, "status": "DONE"}, {"action": "WEST", "reward": 9521, "info": {}, "observation": {"remainingOverageTime": 60, "index": 3}, "status": "ACTIVE"}], [{"action": "NORTH", "reward": 401, "info": {}, "observation": {"remainingOverageTime": 60, "step": 95, "geese": [[], [10, 9, 8, 7, 6, 72, 61, 60, 59, 70, 4, 15, 26, 25, 24], [], [46, 47, 48, 49, 50, 51, 62, 73, 74, 63, 64, 53, 54, 44, 33, 43, 42, 41, 40, 29, 30, 31]], "food": [13, 12], "index": 0}, "status": "DONE"}, {"action": "EAST", "reward": 9615, "info": {}, "observation": {"remainingOverageTime": 60, "index": 1}, "status": "ACTIVE"}, {"action": "NORTH", "reward": 402, "info": {}, "observation": {"remainingOverageTime": 60, "index": 2}, "status": "DONE"}, {"action": "WEST", "reward": 9622, "info": {}, "observation": {"remainingOverageTime": 60, "index": 3}, "status": "ACTIVE"}], [{"action": "NORTH", "reward": 401, "info": {}, "observation": {"remainingOverageTime": 60, "step": 96, "geese": [[], [0, 10, 9, 8, 7, 6, 72, 61, 60, 59, 70, 4, 15, 26, 25], [], [35, 46, 47, 48, 49, 50, 51, 62, 73, 74, 63, 64, 53, 54, 44, 33, 43, 42, 41, 40, 29, 30]], "food": [13, 12], "index": 0}, "status": "DONE"}, {"action": "EAST", "reward": 9715, "info": {}, "observation": {"remainingOverageTime": 60, "index": 1}, "status": "ACTIVE"}, {"action": "NORTH", "reward": 402, "info": {}, "observation": {"remainingOverageTime": 60, "index": 2}, "status": "DONE"}, {"action": "NORTH", "reward": 9722, "info": {}, "observation": {"remainingOverageTime": 60, "index": 3}, "status": "ACTIVE"}], [{"action": "NORTH", "reward": 401, "info": {}, "observation": {"remainingOverageTime": 60, "step": 97, "geese": [[], [1, 0, 10, 9, 8, 7, 6, 72, 61, 60, 59, 70, 4, 15, 26], [], [24, 35, 46, 47, 48, 49, 50, 51, 62, 73, 74, 63, 64, 53, 54, 44, 33, 43, 42, 41, 40, 29]], "food": [13, 12], "index": 0}, "status": "DONE"}, {"action": "EAST", "reward": 9815, "info": {}, "observation": {"remainingOverageTime": 60, "index": 1}, "status": "ACTIVE"}, {"action": "NORTH", "reward": 402, "info": {}, "observation": {"remainingOverageTime": 60, "index": 2}, "status": "DONE"}, {"action": "NORTH", "reward": 9822, "info": {}, "observation": {"remainingOverageTime": 60, "index": 3}, "status": "ACTIVE"}], [{"action": "NORTH", "reward": 401, "info": {}, "observation": {"remainingOverageTime": 60, "step": 98, "geese": [[], [12, 1, 0, 10, 9, 8, 7, 6, 72, 61, 60, 59, 70, 4, 15, 26], [], [13, 24, 35, 46, 47, 48, 49, 50, 51, 62, 73, 74, 63, 64, 53, 54, 44, 33, 43, 42, 41, 40, 29]], "food": [32, 21], "index": 0}, "status": "DONE"}, {"action": "SOUTH", "reward": 9916, "info": {}, "observation": {"remainingOverageTime": 60, "index": 1}, "status": "ACTIVE"}, {"action": "NORTH", "reward": 402, "info": {}, "observation": {"remainingOverageTime": 60, "index": 2}, "status": "DONE"}, {"action": "NORTH", "reward": 9923, "info": {}, "observation": {"remainingOverageTime": 60, "index": 3}, "status": "ACTIVE"}], [{"action": "NORTH", "reward": 401, "info": {}, "observation": {"remainingOverageTime": 60, "step": 99, "geese": [[], [11, 12, 1, 0, 10, 9, 8, 7, 6, 72, 61, 60, 59, 70, 4, 15], [], [14, 13, 24, 35, 46, 47, 48, 49, 50, 51, 62, 73, 74, 63, 64, 53, 54, 44, 33, 43, 42, 41, 40]], "food": [32, 21], "index": 0}, "status": "DONE"}, {"action": "WEST", "reward": 10016, "info": {}, "observation": {"remainingOverageTime": 60, "index": 1}, "status": "ACTIVE"}, {"action": "NORTH", "reward": 402, "info": {}, "observation": {"remainingOverageTime": 60, "index": 2}, "status": "DONE"}, {"action": "EAST", "reward": 10023, "info": {}, "observation": {"remainingOverageTime": 60, "index": 3}, "status": "ACTIVE"}], [{"action": "NORTH", "reward": 401, "info": {}, "observation": {"remainingOverageTime": 60, "step": 100, "geese": [[], [21, 11, 12, 1, 0, 10, 9, 8, 7, 6, 72, 61, 60, 59, 70, 4, 15], [], []], "food": [32, 51], "index": 0}, "status": "DONE"}, {"action": "WEST", "reward": 10117, "info": {}, "observation": {"remainingOverageTime": 60, "index": 1}, "status": "DONE"}, {"action": "NORTH", "reward": 402, "info": {}, "observation": {"remainingOverageTime": 60, "index": 2}, "status": "DONE"}, {"action": "EAST", "reward": 10023, "info": {}, "observation": {"remainingOverageTime": 60, "index": 3}, "status": "DONE"}]], "rewards": [401, 10117, 402, 10023], "statuses": ["DONE", "DONE", "DONE", "DONE"], "schema_version": 1, "info": {}}