{"id": "a676eb6a-db0c-11ee-b332-0242ac1c000c", "name": "hungry_geese", "title": "Hungry Geese", "description": "Similar to the classic snake game with multiple players", "version": "1.0.0", "configuration": {"episodeSteps": 200, "actTimeout": 1, "runTimeout": 1200, "columns": 11, "rows": 7, "hunger_rate": 40, "min_food": 2, "max_length": 99}, "specification": {"action": {"description": "Direction to move the head of your players goose.", "type": "string", "enum": ["NORTH", "EAST", "SOUTH", "WEST"], "default": "NORTH"}, "agents": [1, 2, 3, 4, 5, 6, 7, 8], "configuration": {"episodeSteps": {"description": "Maximum number of steps in the episode.", "type": "integer", "minimum": 1, "default": 200}, "actTimeout": {"description": "Maximum runtime (seconds) to obtain an action from an agent.", "type": "number", "minimum": 0, "default": 1}, "runTimeout": {"description": "Maximum runtime (seconds) of an episode (not necessarily DONE).", "type": "number", "minimum": 0, "default": 1200}, "columns": {"description": "Horizontal number of cells on the board.", "type": "integer", "default": 11, "minimum": 3}, "rows": {"description": "Vertical number of cells on the board.", "type": "integer", "default": 7, "minimum": 3}, "hunger_rate": {"description": "The number of steps before the goose shrinks a cell.", "type": "integer", "minimum": 1, "default": 40}, "min_food": {"description": "The minimum amount of food present for all steps.", "type": "integer", "default": 2, "minimum": 1}, "max_length": {"description": "The max length any goose can be. Total reward = (max length + 1) * steps survived + goose length.", "type": "integer", "default": 99}}, "info": {}, "observation": {"remainingOverageTime": {"description": "Total remaining banked time (seconds) that can be used in excess of per-step actTimeouts -- agent is disqualified with TIMEOUT status when this drops below 0.", "shared": false, "type": "number", "minimum": 0, "default": 60}, "step": {"description": "Current step within the episode.", "type": "integer", "shared": true, "minimum": 0, "default": 0}, "geese": {"description": "List of geese in order by the agent index.", "type": "array", "default": [], "shared": true}, "food": {"description": "Positions on the board where food is present.", "type": "array", "default": [], "shared": true}, "index": {"description": "Index of the current agent's goose in the list of geese.", "type": "integer", "minimum": 0, "defaults": [0, 1, 2, 3, 4, 5, 6, 7]}}, "reward": {"description": "steps survived * (max goose length + 1) + current goose length.", "type": ["number", "null"], "default": 0, "minimum": 0}}, "steps": [[{"action": "NORTH", "reward": 0, "info": {}, "observation": {"remainingOverageTime": 60, "step": 0, "geese": [[27], [49], [0], [57]], "food": [68, 5], "index": 0}, "status": "ACTIVE"}, {"action": "NORTH", "reward": 0, "info": {}, "observation": {"remainingOverageTime": 60, "index": 1}, "status": "ACTIVE"}, {"action": "NORTH", "reward": 0, "info": {}, "observation": {"remainingOverageTime": 60, "index": 2}, "status": "ACTIVE"}, {"action": "NORTH", "reward": 0, "info": {}, "observation": {"remainingOverageTime": 60, "index": 3}, "status": "ACTIVE"}], [{"action": "NORTH", "reward": 201, "info": {}, "observation": {"remainingOverageTime": 60, "step": 1, "geese": [[16], [60], [1], [68, 57]], "food": [5, 62], "index": 0}, "status": "ACTIVE"}, {"action": "SOUTH", "reward": 201, "info": {}, "observation": {"remainingOverageTime": 60, "index": 1}, "status": "ACTIVE"}, {"action": "EAST", "reward": 201, "info": {}, "observation": {"remainingOverageTime": 60, "index": 2}, "status": "ACTIVE"}, {"action": "SOUTH", "reward": 202, "info": {}, "observation": {"remainingOverageTime": 60, "index": 3}, "status": "ACTIVE"}], [{"action": "NORTH", "reward": 302, "info": {}, "observation": {"remainingOverageTime": 60, "step": 2, "geese": [[5, 16], [61], [], []], "food": [62, 0], "index": 0}, "status": "ACTIVE"}, {"action": "EAST", "reward": 301, "info": {}, "observation": {"remainingOverageTime": 60, "index": 1}, "status": "ACTIVE"}, {"action": "WEST", "reward": 201, "info": {}, "observation": {"remainingOverageTime": 60, "index": 2}, "status": "DONE"}, {"action": "NORTH", "reward": 202, "info": {}, "observation": {"remainingOverageTime": 60, "index": 3}, "status": "DONE"}], [{"action": "WEST", "reward": 402, "info": {}, "observation": {"remainingOverageTime": 60, "step": 3, "geese": [[4, 5], [62, 61], [], []], "food": [0, 43], "index": 0}, "status": "ACTIVE"}, {"action": "EAST", "reward": 402, "info": {}, "observation": {"remainingOverageTime": 60, "index": 1}, "status": "ACTIVE"}, {"action": "NORTH", "reward": 201, "info": {}, "observation": {"remainingOverageTime": 60, "index": 2}, "status": "DONE"}, {"action": "NORTH", "reward": 202, "info": {}, "observation": {"remainingOverageTime": 60, "index": 3}, "status": "DONE"}], [{"action": "WEST", "reward": 502, "info": {}, "observation": {"remainingOverageTime": 60, "step": 4, "geese": [[3, 4], [63, 62], [], []], "food": [0, 43], "index": 0}, "status": "ACTIVE"}, {"action": "EAST", "reward": 502, "info": {}, "observation": {"remainingOverageTime": 60, "index": 1}, "status": "ACTIVE"}, {"action": "NORTH", "reward": 201, "info": {}, "observation": {"remainingOverageTime": 60, "index": 2}, "status": "DONE"}, {"action": "NORTH", "reward": 202, "info": {}, "observation": {"remainingOverageTime": 60, "index": 3}, "status": "DONE"}], [{"action": "WEST", "reward": 602, "info": {}, "observation": {"remainingOverageTime": 60, "step": 5, "geese": [[2, 3], [64, 63], [], []], "food": [0, 43], "index": 0}, "status": "ACTIVE"}, {"action": "EAST", "reward": 602, "info": {}, "observation": {"remainingOverageTime": 60, "index": 1}, "status": "ACTIVE"}, {"action": "NORTH", "reward": 201, "info": {}, "observation": {"remainingOverageTime": 60, "index": 2}, "status": "DONE"}, {"action": "NORTH", "reward": 202, "info": {}, "observation": {"remainingOverageTime": 60, "index": 3}, "status": "DONE"}], [{"action": "WEST", "reward": 702, "info": {}, "observation": {"remainingOverageTime": 60, "step": 6, "geese": [[1, 2], [65, 64], [], []], "food": [0, 43], "index": 0}, "status": "ACTIVE"}, {"action": "EAST", "reward": 702, "info": {}, "observation": {"remainingOverageTime": 60, "index": 1}, "status": "ACTIVE"}, {"action": "NORTH", "reward": 201, "info": {}, "observation": {"remainingOverageTime": 60, "index": 2}, "status": "DONE"}, {"action": "NORTH", "reward": 202, "info": {}, "observation": {"remainingOverageTime": 60, "index": 3}, "status": "DONE"}], [{"action": "WEST", "reward": 803, "info": {}, "observation": {"remainingOverageTime": 60, "step": 7, "geese": [[0, 1, 2], [54, 65], [], []], "food": [43, 19], "index": 0}, "status": "ACTIVE"}, {"action": "NORTH", "reward": 802, "info": {}, "observation": {"remainingOverageTime": 60, "index": 1}, "status": "ACTIVE"}, {"action": "NORTH", "reward": 201, "info": {}, "observation": {"remainingOverageTime": 60, "index": 2}, "status": "DONE"}, {"action": "NORTH", "reward": 202, "info": {}, "observation": {"remainingOverageTime": 60, "index": 3}, "status": "DONE"}], [{"action": "WEST", "reward": 903, "info": {}, "observation": {"remainingOverageTime": 60, "step": 8, "geese": [[10, 0, 1], [43, 54, 65], [], []], "food": [19, 38], "index": 0}, "status": "ACTIVE"}, {"action": "NORTH", "reward": 903, "info": {}, "observation": {"remainingOverageTime": 60, "index": 1}, "status": "ACTIVE"}, {"action": "NORTH", "reward": 201, "info": {}, "observation": {"remainingOverageTime": 60, "index": 2}, "status": "DONE"}, {"action": "NORTH", "reward": 202, "info": {}, "observation": {"remainingOverageTime": 60, "index": 3}, "status": "DONE"}], [{"action": "WEST", "reward": 1003, "info": {}, "observation": {"remainingOverageTime": 60, "step": 9, "geese": [[9, 10, 0], [32, 43, 54], [], []], "food": [19, 38], "index": 0}, "status": "ACTIVE"}, {"action": "NORTH", "reward": 1003, "info": {}, "observation": {"remainingOverageTime": 60, "index": 1}, "status": "ACTIVE"}, {"action": "NORTH", "reward": 201, "info": {}, "observation": {"remainingOverageTime": 60, "index": 2}, "status": "DONE"}, {"action": "NORTH", "reward": 202, "info": {}, "observation": {"remainingOverageTime": 60, "index": 3}, "status": "DONE"}], [{"action": "WEST", "reward": 1103, "info": {}, "observation": {"remainingOverageTime": 60, "step": 10, "geese": [[8, 9, 10], [31, 32, 43], [], []], "food": [19, 38], "index": 0}, "status": "ACTIVE"}, {"action": "WEST", "reward": 1103, "info": {}, "observation": {"remainingOverageTime": 60, "index": 1}, "status": "ACTIVE"}, {"action": "NORTH", "reward": 201, "info": {}, "observation": {"remainingOverageTime": 60, "index": 2}, "status": "DONE"}, {"action": "NORTH", "reward": 202, "info": {}, "observation": {"remainingOverageTime": 60, "index": 3}, "status": "DONE"}], [{"action": "SOUTH", "reward": 1204, "info": {}, "observation": {"remainingOverageTime": 60, "step": 11, "geese": [[19, 8, 9, 10], [30, 31, 32], [], []], "food": [38, 37], "index": 0}, "status": "ACTIVE"}, {"action": "WEST", "reward": 1203, "info": {}, "observation": {"remainingOverageTime": 60, "index": 1}, "status": "ACTIVE"}, {"action": "NORTH", "reward": 201, "info": {}, "observation": {"remainingOverageTime": 60, "index": 2}, "status": "DONE"}, {"action": "NORTH", "reward": 202, "info": {}, "observation": {"remainingOverageTime": 60, "index": 3}, "status": "DONE"}], [{"action": "WEST", "reward": 1304, "info": {}, "observation": {"remainingOverageTime": 60, "step": 12, "geese": [[18, 19, 8, 9], [29, 30, 31], [], []], "food": [38, 37], "index": 0}, "status": "ACTIVE"}, {"action": "WEST", "reward": 1303, "info": {}, "observation": {"remainingOverageTime": 60, "index": 1}, "status": "ACTIVE"}, {"action": "NORTH", "reward": 201, "info": {}, "observation": {"remainingOverageTime": 60, "index": 2}, "status": "DONE"}, {"action": "NORTH", "reward": 202, "info": {}, "observation": {"remainingOverageTime": 60, "index": 3}, "status": "DONE"}], [{"action": "WEST", "reward": 1404, "info": {}, "observation": {"remainingOverageTime": 60, "step": 13, "geese": [[17, 18, 19, 8], [28, 29, 30], [], []], "food": [38, 37], "index": 0}, "status": "ACTIVE"}, {"action": "WEST", "reward": 1403, "info": {}, "observation": {"remainingOverageTime": 60, "index": 1}, "status": "ACTIVE"}, {"action": "NORTH", "reward": 201, "info": {}, "observation": {"remainingOverageTime": 60, "index": 2}, "status": "DONE"}, {"action": "NORTH", "reward": 202, "info": {}, "observation": {"remainingOverageTime": 60, "index": 3}, "status": "DONE"}], [{"action": "WEST", "reward": 1504, "info": {}, "observation": {"remainingOverageTime": 60, "step": 14, "geese": [[16, 17, 18, 19], [27, 28, 29], [], []], "food": [38, 37], "index": 0}, "status": "ACTIVE"}, {"action": "WEST", "reward": 1503, "info": {}, "observation": {"remainingOverageTime": 60, "index": 1}, "status": "ACTIVE"}, {"action": "NORTH", "reward": 201, "info": {}, "observation": {"remainingOverageTime": 60, "index": 2}, "status": "DONE"}, {"action": "NORTH", "reward": 202, "info": {}, "observation": {"remainingOverageTime": 60, "index": 3}, "status": "DONE"}], [{"action": "WEST", "reward": 1604, "info": {}, "observation": {"remainingOverageTime": 60, "step": 15, "geese": [[15, 16, 17, 18], [38, 27, 28, 29], [], []], "food": [37, 74], "index": 0}, "status": "ACTIVE"}, {"action": "SOUTH", "reward": 1604, "info": {}, "observation": {"remainingOverageTime": 60, "index": 1}, "status": "ACTIVE"}, {"action": "NORTH", "reward": 201, "info": {}, "observation": {"remainingOverageTime": 60, "index": 2}, "status": "DONE"}, {"action": "NORTH", "reward": 202, "info": {}, "observation": {"remainingOverageTime": 60, "index": 3}, "status": "DONE"}], [{"action": "NORTH", "reward": 1704, "info": {}, "observation": {"remainingOverageTime": 60, "step": 16, "geese": [[4, 15, 16, 17], [37, 38, 27, 28, 29], [], []], "food": [74, 49], "index": 0}, "status": "ACTIVE"}, {"action": "WEST", "reward": 1705, "info": {}, "observation": {"remainingOverageTime": 60, "index": 1}, "status": "ACTIVE"}, {"action": "NORTH", "reward": 201, "info": {}, "observation": {"remainingOverageTime": 60, "index": 2}, "status": "DONE"}, {"action": "NORTH", "reward": 202, "info": {}, "observation": {"remainingOverageTime": 60, "index": 3}, "status": "DONE"}], [{"action": "EAST", "reward": 1804, "info": {}, "observation": {"remainingOverageTime": 60, "step": 17, "geese": [[5, 4, 15, 16], [48, 37, 38, 27, 28], [], []], "food": [74, 49], "index": 0}, "status": "ACTIVE"}, {"action": "SOUTH", "reward": 1805, "info": {}, "observation": {"remainingOverageTime": 60, "index": 1}, "status": "ACTIVE"}, {"action": "NORTH", "reward": 201, "info": {}, "observation": {"remainingOverageTime": 60, "index": 2}, "status": "DONE"}, {"action": "NORTH", "reward": 202, "info": {}, "observation": {"remainingOverageTime": 60, "index": 3}, "status": "DONE"}], [{"action": "EAST", "reward": 1904, "info": {}, "observation": {"remainingOverageTime": 60, "step": 18, "geese": [[6, 5, 4, 15], [49, 48, 37, 38, 27, 28], [], []], "food": [74, 76], "index": 0}, "status": "ACTIVE"}, {"action": "EAST", "reward": 1906, "info": {}, "observation": {"remainingOverageTime": 60, "index": 1}, "status": "ACTIVE"}, {"action": "NORTH", "reward": 201, "info": {}, "observation": {"remainingOverageTime": 60, "index": 2}, "status": "DONE"}, {"action": "NORTH", "reward": 202, "info": {}, "observation": {"remainingOverageTime": 60, "index": 3}, "status": "DONE"}], [{"action": "EAST", "reward": 2004, "info": {}, "observation": {"remainingOverageTime": 60, "step": 19, "geese": [[7, 6, 5, 4], [50, 49, 48, 37, 38, 27], [], []], "food": [74, 76], "index": 0}, "status": "ACTIVE"}, {"action": "EAST", "reward": 2006, "info": {}, "observation": {"remainingOverageTime": 60, "index": 1}, "status": "ACTIVE"}, {"action": "NORTH", "reward": 201, "info": {}, "observation": {"remainingOverageTime": 60, "index": 2}, "status": "DONE"}, {"action": "NORTH", "reward": 202, "info": {}, "observation": {"remainingOverageTime": 60, "index": 3}, "status": "DONE"}], [{"action": "EAST", "reward": 2104, "info": {}, "observation": {"remainingOverageTime": 60, "step": 20, "geese": [[8, 7, 6, 5], [51, 50, 49, 48, 37, 38], [], []], "food": [74, 76], "index": 0}, "status": "ACTIVE"}, {"action": "EAST", "reward": 2106, "info": {}, "observation": {"remainingOverageTime": 60, "index": 1}, "status": "ACTIVE"}, {"action": "NORTH", "reward": 201, "info": {}, "observation": {"remainingOverageTime": 60, "index": 2}, "status": "DONE"}, {"action": "NORTH", "reward": 202, "info": {}, "observation": {"remainingOverageTime": 60, "index": 3}, "status": "DONE"}], [{"action": "NORTH", "reward": 2205, "info": {}, "observation": {"remainingOverageTime": 60, "step": 21, "geese": [[74, 8, 7, 6, 5], [52, 51, 50, 49, 48, 37], [], []], "food": [76, 31], "index": 0}, "status": "ACTIVE"}, {"action": "EAST", "reward": 2206, "info": {}, "observation": {"remainingOverageTime": 60, "index": 1}, "status": "ACTIVE"}, {"action": "NORTH", "reward": 201, "info": {}, "observation": {"remainingOverageTime": 60, "index": 2}, "status": "DONE"}, {"action": "NORTH", "reward": 202, "info": {}, "observation": {"remainingOverageTime": 60, "index": 3}, "status": "DONE"}], [{"action": "EAST", "reward": 2305, "info": {}, "observation": {"remainingOverageTime": 60, "step": 22, "geese": [[75, 74, 8, 7, 6], [53, 52, 51, 50, 49, 48], [], []], "food": [76, 31], "index": 0}, "status": "ACTIVE"}, {"action": "EAST", "reward": 2306, "info": {}, "observation": {"remainingOverageTime": 60, "index": 1}, "status": "ACTIVE"}, {"action": "NORTH", "reward": 201, "info": {}, "observation": {"remainingOverageTime": 60, "index": 2}, "status": "DONE"}, {"action": "NORTH", "reward": 202, "info": {}, "observation": {"remainingOverageTime": 60, "index": 3}, "status": "DONE"}], [{"action": "EAST", "reward": 2406, "info": {}, "observation": {"remainingOverageTime": 60, "step": 23, "geese": [[76, 75, 74, 8, 7, 6], [42, 53, 52, 51, 50, 49], [], []], "food": [31, 21], "index": 0}, "status": "ACTIVE"}, {"action": "NORTH", "reward": 2406, "info": {}, "observation": {"remainingOverageTime": 60, "index": 1}, "status": "ACTIVE"}, {"action": "NORTH", "reward": 201, "info": {}, "observation": {"remainingOverageTime": 60, "index": 2}, "status": "DONE"}, {"action": "NORTH", "reward": 202, "info": {}, "observation": {"remainingOverageTime": 60, "index": 3}, "status": "DONE"}], [{"action": "SOUTH", "reward": 2506, "info": {}, "observation": {"remainingOverageTime": 60, "step": 24, "geese": [[10, 76, 75, 74, 8, 7], [31, 42, 53, 52, 51, 50, 49], [], []], "food": [21, 71], "index": 0}, "status": "ACTIVE"}, {"action": "NORTH", "reward": 2507, "info": {}, "observation": {"remainingOverageTime": 60, "index": 1}, "status": "ACTIVE"}, {"action": "NORTH", "reward": 201, "info": {}, "observation": {"remainingOverageTime": 60, "index": 2}, "status": "DONE"}, {"action": "NORTH", "reward": 202, "info": {}, "observation": {"remainingOverageTime": 60, "index": 3}, "status": "DONE"}], [{"action": "SOUTH", "reward": 2607, "info": {}, "observation": {"remainingOverageTime": 60, "step": 25, "geese": [[21, 10, 76, 75, 74, 8, 7], [20, 31, 42, 53, 52, 51, 50], [], []], "food": [71, 6], "index": 0}, "status": "ACTIVE"}, {"action": "NORTH", "reward": 2607, "info": {}, "observation": {"remainingOverageTime": 60, "index": 1}, "status": "ACTIVE"}, {"action": "NORTH", "reward": 201, "info": {}, "observation": {"remainingOverageTime": 60, "index": 2}, "status": "DONE"}, {"action": "NORTH", "reward": 202, "info": {}, "observation": {"remainingOverageTime": 60, "index": 3}, "status": "DONE"}], [{"action": "EAST", "reward": 2707, "info": {}, "observation": {"remainingOverageTime": 60, "step": 26, "geese": [[11, 21, 10, 76, 75, 74, 8], [19, 20, 31, 42, 53, 52, 51], [], []], "food": [71, 6], "index": 0}, "status": "ACTIVE"}, {"action": "WEST", "reward": 2707, "info": {}, "observation": {"remainingOverageTime": 60, "index": 1}, "status": "ACTIVE"}, {"action": "NORTH", "reward": 201, "info": {}, "observation": {"remainingOverageTime": 60, "index": 2}, "status": "DONE"}, {"action": "NORTH", "reward": 202, "info": {}, "observation": {"remainingOverageTime": 60, "index": 3}, "status": "DONE"}], [{"action": "EAST", "reward": 2807, "info": {}, "observation": {"remainingOverageTime": 60, "step": 27, "geese": [[12, 11, 21, 10, 76, 75, 74], [8, 19, 20, 31, 42, 53, 52], [], []], "food": [71, 6], "index": 0}, "status": "ACTIVE"}, {"action": "NORTH", "reward": 2807, "info": {}, "observation": {"remainingOverageTime": 60, "index": 1}, "status": "ACTIVE"}, {"action": "NORTH", "reward": 201, "info": {}, "observation": {"remainingOverageTime": 60, "index": 2}, "status": "DONE"}, {"action": "NORTH", "reward": 202, "info": {}, "observation": {"remainingOverageTime": 60, "index": 3}, "status": "DONE"}], [{"action": "EAST", "reward": 2907, "info": {}, "observation": {"remainingOverageTime": 60, "step": 28, "geese": [[13, 12, 11, 21, 10, 76, 75], [7, 8, 19, 20, 31, 42, 53], [], []], "food": [71, 6], "index": 0}, "status": "ACTIVE"}, {"action": "WEST", "reward": 2907, "info": {}, "observation": {"remainingOverageTime": 60, "index": 1}, "status": "ACTIVE"}, {"action": "NORTH", "reward": 201, "info": {}, "observation": {"remainingOverageTime": 60, "index": 2}, "status": "DONE"}, {"action": "NORTH", "reward": 202, "info": {}, "observation": {"remainingOverageTime": 60, "index": 3}, "status": "DONE"}], [{"action": "EAST", "reward": 3007, "info": {}, "observation": {"remainingOverageTime": 60, "step": 29, "geese": [[14, 13, 12, 11, 21, 10, 76], [6, 7, 8, 19, 20, 31, 42, 53], [], []], "food": [71, 4], "index": 0}, "status": "ACTIVE"}, {"action": "WEST", "reward": 3008, "info": {}, "observation": {"remainingOverageTime": 60, "index": 1}, "status": "ACTIVE"}, {"action": "NORTH", "reward": 201, "info": {}, "observation": {"remainingOverageTime": 60, "index": 2}, "status": "DONE"}, {"action": "NORTH", "reward": 202, "info": {}, "observation": {"remainingOverageTime": 60, "index": 3}, "status": "DONE"}], [{"action": "EAST", "reward": 3107, "info": {}, "observation": {"remainingOverageTime": 60, "step": 30, "geese": [[15, 14, 13, 12, 11, 21, 10], [72, 6, 7, 8, 19, 20, 31, 42], [], []], "food": [71, 4], "index": 0}, "status": "ACTIVE"}, {"action": "NORTH", "reward": 3108, "info": {}, "observation": {"remainingOverageTime": 60, "index": 1}, "status": "ACTIVE"}, {"action": "NORTH", "reward": 201, "info": {}, "observation": {"remainingOverageTime": 60, "index": 2}, "status": "DONE"}, {"action": "NORTH", "reward": 202, "info": {}, "observation": {"remainingOverageTime": 60, "index": 3}, "status": "DONE"}], [{"action": "NORTH", "reward": 3208, "info": {}, "observation": {"remainingOverageTime": 60, "step": 31, "geese": [[4, 15, 14, 13, 12, 11, 21, 10], [71, 72, 6, 7, 8, 19, 20, 31, 42], [], []], "food": [0, 50], "index": 0}, "status": "ACTIVE"}, {"action": "WEST", "reward": 3209, "info": {}, "observation": {"remainingOverageTime": 60, "index": 1}, "status": "ACTIVE"}, {"action": "NORTH", "reward": 201, "info": {}, "observation": {"remainingOverageTime": 60, "index": 2}, "status": "DONE"}, {"action": "NORTH", "reward": 202, "info": {}, "observation": {"remainingOverageTime": 60, "index": 3}, "status": "DONE"}], [{"action": "WEST", "reward": 3308, "info": {}, "observation": {"remainingOverageTime": 60, "step": 32, "geese": [[3, 4, 15, 14, 13, 12, 11, 21], [60, 71, 72, 6, 7, 8, 19, 20, 31], [], []], "food": [0, 50], "index": 0}, "status": "ACTIVE"}, {"action": "NORTH", "reward": 3309, "info": {}, "observation": {"remainingOverageTime": 60, "index": 1}, "status": "ACTIVE"}, {"action": "NORTH", "reward": 201, "info": {}, "observation": {"remainingOverageTime": 60, "index": 2}, "status": "DONE"}, {"action": "NORTH", "reward": 202, "info": {}, "observation": {"remainingOverageTime": 60, "index": 3}, "status": "DONE"}], [{"action": "WEST", "reward": 3408, "info": {}, "observation": {"remainingOverageTime": 60, "step": 33, "geese": [[2, 3, 4, 15, 14, 13, 12, 11], [61, 60, 71, 72, 6, 7, 8, 19, 20], [], []], "food": [0, 50], "index": 0}, "status": "ACTIVE"}, {"action": "EAST", "reward": 3409, "info": {}, "observation": {"remainingOverageTime": 60, "index": 1}, "status": "ACTIVE"}, {"action": "NORTH", "reward": 201, "info": {}, "observation": {"remainingOverageTime": 60, "index": 2}, "status": "DONE"}, {"action": "NORTH", "reward": 202, "info": {}, "observation": {"remainingOverageTime": 60, "index": 3}, "status": "DONE"}], [{"action": "WEST", "reward": 3508, "info": {}, "observation": {"remainingOverageTime": 60, "step": 34, "geese": [[1, 2, 3, 4, 15, 14, 13, 12], [50, 61, 60, 71, 72, 6, 7, 8, 19, 20], [], []], "food": [0, 17], "index": 0}, "status": "ACTIVE"}, {"action": "NORTH", "reward": 3510, "info": {}, "observation": {"remainingOverageTime": 60, "index": 1}, "status": "ACTIVE"}, {"action": "NORTH", "reward": 201, "info": {}, "observation": {"remainingOverageTime": 60, "index": 2}, "status": "DONE"}, {"action": "NORTH", "reward": 202, "info": {}, "observation": {"remainingOverageTime": 60, "index": 3}, "status": "DONE"}], [{"action": "WEST", "reward": 3609, "info": {}, "observation": {"remainingOverageTime": 60, "step": 35, "geese": [[0, 1, 2, 3, 4, 15, 14, 13, 12], [39, 50, 61, 60, 71, 72, 6, 7, 8, 19], [], []], "food": [17, 20], "index": 0}, "status": "ACTIVE"}, {"action": "NORTH", "reward": 3610, "info": {}, "observation": {"remainingOverageTime": 60, "index": 1}, "status": "ACTIVE"}, {"action": "NORTH", "reward": 201, "info": {}, "observation": {"remainingOverageTime": 60, "index": 2}, "status": "DONE"}, {"action": "NORTH", "reward": 202, "info": {}, "observation": {"remainingOverageTime": 60, "index": 3}, "status": "DONE"}], [{"action": "WEST", "reward": 3709, "info": {}, "observation": {"remainingOverageTime": 60, "step": 36, "geese": [[10, 0, 1, 2, 3, 4, 15, 14, 13], [28, 39, 50, 61, 60, 71, 72, 6, 7, 8], [], []], "food": [17, 20], "index": 0}, "status": "ACTIVE"}, {"action": "NORTH", "reward": 3710, "info": {}, "observation": {"remainingOverageTime": 60, "index": 1}, "status": "ACTIVE"}, {"action": "NORTH", "reward": 201, "info": {}, "observation": {"remainingOverageTime": 60, "index": 2}, "status": "DONE"}, {"action": "NORTH", "reward": 202, "info": {}, "observation": {"remainingOverageTime": 60, "index": 3}, "status": "DONE"}], [{"action": "WEST", "reward": 3809, "info": {}, "observation": {"remainingOverageTime": 60, "step": 37, "geese": [[9, 10, 0, 1, 2, 3, 4, 15, 14], [17, 28, 39, 50, 61, 60, 71, 72, 6, 7, 8], [], []], "food": [20, 45], "index": 0}, "status": "ACTIVE"}, {"action": "NORTH", "reward": 3811, "info": {}, "observation": {"remainingOverageTime": 60, "index": 1}, "status": "ACTIVE"}, {"action": "NORTH", "reward": 201, "info": {}, "observation": {"remainingOverageTime": 60, "index": 2}, "status": "DONE"}, {"action": "NORTH", "reward": 202, "info": {}, "observation": {"remainingOverageTime": 60, "index": 3}, "status": "DONE"}], [{"action": "SOUTH", "reward": 3910, "info": {}, "observation": {"remainingOverageTime": 60, "step": 38, "geese": [[20, 9, 10, 0, 1, 2, 3, 4, 15, 14], [16, 17, 28, 39, 50, 61, 60, 71, 72, 6, 7], [], []], "food": [45, 67], "index": 0}, "status": "ACTIVE"}, {"action": "WEST", "reward": 3911, "info": {}, "observation": {"remainingOverageTime": 60, "index": 1}, "status": "ACTIVE"}, {"action": "NORTH", "reward": 201, "info": {}, "observation": {"remainingOverageTime": 60, "index": 2}, "status": "DONE"}, {"action": "NORTH", "reward": 202, "info": {}, "observation": {"remainingOverageTime": 60, "index": 3}, "status": "DONE"}], [{"action": "EAST", "reward": 4010, "info": {}, "observation": {"remainingOverageTime": 60, "step": 39, "geese": [[21, 20, 9, 10, 0, 1, 2, 3, 4, 15], [27, 16, 17, 28, 39, 50, 61, 60, 71, 72, 6], [], []], "food": [45, 67], "index": 0}, "status": "ACTIVE"}, {"action": "SOUTH", "reward": 4011, "info": {}, "observation": {"remainingOverageTime": 60, "index": 1}, "status": "ACTIVE"}, {"action": "NORTH", "reward": 201, "info": {}, "observation": {"remainingOverageTime": 60, "index": 2}, "status": "DONE"}, {"action": "NORTH", "reward": 202, "info": {}, "observation": {"remainingOverageTime": 60, "index": 3}, "status": "DONE"}], [{"action": "EAST", "reward": 4109, "info": {}, "observation": {"remainingOverageTime": 60, "step": 40, "geese": [[11, 21, 20, 9, 10, 0, 1, 2, 3], [26, 27, 16, 17, 28, 39, 50, 61, 60, 71], [], []], "food": [45, 67], "index": 0}, "status": "ACTIVE"}, {"action": "WEST", "reward": 4110, "info": {}, "observation": {"remainingOverageTime": 60, "index": 1}, "status": "ACTIVE"}, {"action": "NORTH", "reward": 201, "info": {}, "observation": {"remainingOverageTime": 60, "index": 2}, "status": "DONE"}, {"action": "NORTH", "reward": 202, "info": {}, "observation": {"remainingOverageTime": 60, "index": 3}, "status": "DONE"}], [{"action": "EAST", "reward": 4209, "info": {}, "observation": {"remainingOverageTime": 60, "step": 41, "geese": [[12, 11, 21, 20, 9, 10, 0, 1, 2], [25, 26, 27, 16, 17, 28, 39, 50, 61, 60], [], []], "food": [45, 67], "index": 0}, "status": "ACTIVE"}, {"action": "WEST", "reward": 4210, "info": {}, "observation": {"remainingOverageTime": 60, "index": 1}, "status": "ACTIVE"}, {"action": "NORTH", "reward": 201, "info": {}, "observation": {"remainingOverageTime": 60, "index": 2}, "status": "DONE"}, {"action": "NORTH", "reward": 202, "info": {}, "observation": {"remainingOverageTime": 60, "index": 3}, "status": "DONE"}], [{"action": "SOUTH", "reward": 4309, "info": {}, "observation": {"remainingOverageTime": 60, "step": 42, "geese": [[23, 12, 11, 21, 20, 9, 10, 0, 1], [24, 25, 26, 27, 16, 17, 28, 39, 50, 61], [], []], "food": [45, 67], "index": 0}, "status": "ACTIVE"}, {"action": "WEST", "reward": 4310, "info": {}, "observation": {"remainingOverageTime": 60, "index": 1}, "status": "ACTIVE"}, {"action": "NORTH", "reward": 201, "info": {}, "observation": {"remainingOverageTime": 60, "index": 2}, "status": "DONE"}, {"action": "NORTH", "reward": 202, "info": {}, "observation": {"remainingOverageTime": 60, "index": 3}, "status": "DONE"}], [{"action": "SOUTH", "reward": 4409, "info": {}, "observation": {"remainingOverageTime": 60, "step": 43, "geese": [[34, 23, 12, 11, 21, 20, 9, 10, 0], [35, 24, 25, 26, 27, 16, 17, 28, 39, 50], [], []], "food": [45, 67], "index": 0}, "status": "ACTIVE"}, {"action": "SOUTH", "reward": 4410, "info": {}, "observation": {"remainingOverageTime": 60, "index": 1}, "status": "ACTIVE"}, {"action": "NORTH", "reward": 201, "info": {}, "observation": {"remainingOverageTime": 60, "index": 2}, "status": "DONE"}, {"action": "NORTH", "reward": 202, "info": {}, "observation": {"remainingOverageTime": 60, "index": 3}, "status": "DONE"}], [{"action": "SOUTH", "reward": 4510, "info": {}, "observation": {"remainingOverageTime": 60, "step": 44, "geese": [[45, 34, 23, 12, 11, 21, 20, 9, 10, 0], [46, 35, 24, 25, 26, 27, 16, 17, 28, 39], [], []], "food": [67, 70], "index": 0}, "status": "ACTIVE"}, {"action": "SOUTH", "reward": 4510, "info": {}, "observation": {"remainingOverageTime": 60, "index": 1}, "status": "ACTIVE"}, {"action": "NORTH", "reward": 201, "info": {}, "observation": {"remainingOverageTime": 60, "index": 2}, "status": "DONE"}, {"action": "NORTH", "reward": 202, "info": {}, "observation": {"remainingOverageTime": 60, "index": 3}, "status": "DONE"}], [{"action": "SOUTH", "reward": 4610, "info": {}, "observation": {"remainingOverageTime": 60, "step": 45, "geese": [[56, 45, 34, 23, 12, 11, 21, 20, 9, 10], [57, 46, 35, 24, 25, 26, 27, 16, 17, 28], [], []], "food": [67, 70], "index": 0}, "status": "ACTIVE"}, {"action": "SOUTH", "reward": 4610, "info": {}, "observation": {"remainingOverageTime": 60, "index": 1}, "status": "ACTIVE"}, {"action": "NORTH", "reward": 201, "info": {}, "observation": {"remainingOverageTime": 60, "index": 2}, "status": "DONE"}, {"action": "NORTH", "reward": 202, "info": {}, "observation": {"remainingOverageTime": 60, "index": 3}, "status": "DONE"}], [{"action": "SOUTH", "reward": 4711, "info": {}, "observation": {"remainingOverageTime": 60, "step": 46, "geese": [[67, 56, 45, 34, 23, 12, 11, 21, 20, 9, 10], [58, 57, 46, 35, 24, 25, 26, 27, 16, 17], [], []], "food": [70, 13], "index": 0}, "status": "ACTIVE"}, {"action": "EAST", "reward": 4710, "info": {}, "observation": {"remainingOverageTime": 60, "index": 1}, "status": "ACTIVE"}, {"action": "NORTH", "reward": 201, "info": {}, "observation": {"remainingOverageTime": 60, "index": 2}, "status": "DONE"}, {"action": "NORTH", "reward": 202, "info": {}, "observation": {"remainingOverageTime": 60, "index": 3}, "status": "DONE"}], [{"action": "EAST", "reward": 4811, "info": {}, "observation": {"remainingOverageTime": 60, "step": 47, "geese": [[68, 67, 56, 45, 34, 23, 12, 11, 21, 20, 9], [59, 58, 57, 46, 35, 24, 25, 26, 27, 16], [], []], "food": [70, 13], "index": 0}, "status": "ACTIVE"}, {"action": "EAST", "reward": 4810, "info": {}, "observation": {"remainingOverageTime": 60, "index": 1}, "status": "ACTIVE"}, {"action": "NORTH", "reward": 201, "info": {}, "observation": {"remainingOverageTime": 60, "index": 2}, "status": "DONE"}, {"action": "NORTH", "reward": 202, "info": {}, "observation": {"remainingOverageTime": 60, "index": 3}, "status": "DONE"}], [{"action": "SOUTH", "reward": 4911, "info": {}, "observation": {"remainingOverageTime": 60, "step": 48, "geese": [[2, 68, 67, 56, 45, 34, 23, 12, 11, 21, 20], [70, 59, 58, 57, 46, 35, 24, 25, 26, 27, 16], [], []], "food": [13, 74], "index": 0}, "status": "ACTIVE"}, {"action": "SOUTH", "reward": 4911, "info": {}, "observation": {"remainingOverageTime": 60, "index": 1}, "status": "ACTIVE"}, {"action": "NORTH", "reward": 201, "info": {}, "observation": {"remainingOverageTime": 60, "index": 2}, "status": "DONE"}, {"action": "NORTH", "reward": 202, "info": {}, "observation": {"remainingOverageTime": 60, "index": 3}, "status": "DONE"}], [{"action": "SOUTH", "reward": 5012, "info": {}, "observation": {"remainingOverageTime": 60, "step": 49, "geese": [[13, 2, 68, 67, 56, 45, 34, 23, 12, 11, 21, 20], [71, 70, 59, 58, 57, 46, 35, 24, 25, 26, 27], [], []], "food": [74, 9], "index": 0}, "status": "ACTIVE"}, {"action": "EAST", "reward": 5011, "info": {}, "observation": {"remainingOverageTime": 60, "index": 1}, "status": "ACTIVE"}, {"action": "NORTH", "reward": 201, "info": {}, "observation": {"remainingOverageTime": 60, "index": 2}, "status": "DONE"}, {"action": "NORTH", "reward": 202, "info": {}, "observation": {"remainingOverageTime": 60, "index": 3}, "status": "DONE"}], [{"action": "EAST", "reward": 5112, "info": {}, "observation": {"remainingOverageTime": 60, "step": 50, "geese": [[14, 13, 2, 68, 67, 56, 45, 34, 23, 12, 11, 21], [72, 71, 70, 59, 58, 57, 46, 35, 24, 25, 26], [], []], "food": [74, 9], "index": 0}, "status": "ACTIVE"}, {"action": "EAST", "reward": 5111, "info": {}, "observation": {"remainingOverageTime": 60, "index": 1}, "status": "ACTIVE"}, {"action": "NORTH", "reward": 201, "info": {}, "observation": {"remainingOverageTime": 60, "index": 2}, "status": "DONE"}, {"action": "NORTH", "reward": 202, "info": {}, "observation": {"remainingOverageTime": 60, "index": 3}, "status": "DONE"}], [{"action": "EAST", "reward": 5212, "info": {}, "observation": {"remainingOverageTime": 60, "step": 51, "geese": [[15, 14, 13, 2, 68, 67, 56, 45, 34, 23, 12, 11], [73, 72, 71, 70, 59, 58, 57, 46, 35, 24, 25], [], []], "food": [74, 9], "index": 0}, "status": "ACTIVE"}, {"action": "EAST", "reward": 5211, "info": {}, "observation": {"remainingOverageTime": 60, "index": 1}, "status": "ACTIVE"}, {"action": "NORTH", "reward": 201, "info": {}, "observation": {"remainingOverageTime": 60, "index": 2}, "status": "DONE"}, {"action": "NORTH", "reward": 202, "info": {}, "observation": {"remainingOverageTime": 60, "index": 3}, "status": "DONE"}], [{"action": "EAST", "reward": 5312, "info": {}, "observation": {"remainingOverageTime": 60, "step": 52, "geese": [[16, 15, 14, 13, 2, 68, 67, 56, 45, 34, 23, 12], [74, 73, 72, 71, 70, 59, 58, 57, 46, 35, 24, 25], [], []], "food": [9, 53], "index": 0}, "status": "ACTIVE"}, {"action": "EAST", "reward": 5312, "info": {}, "observation": {"remainingOverageTime": 60, "index": 1}, "status": "ACTIVE"}, {"action": "NORTH", "reward": 201, "info": {}, "observation": {"remainingOverageTime": 60, "index": 2}, "status": "DONE"}, {"action": "NORTH", "reward": 202, "info": {}, "observation": {"remainingOverageTime": 60, "index": 3}, "status": "DONE"}], [{"action": "EAST", "reward": 5412, "info": {}, "observation": {"remainingOverageTime": 60, "step": 53, "geese": [[17, 16, 15, 14, 13, 2, 68, 67, 56, 45, 34, 23], [75, 74, 73, 72, 71, 70, 59, 58, 57, 46, 35, 24], [], []], "food": [9, 53], "index": 0}, "status": "ACTIVE"}, {"action": "EAST", "reward": 5412, "info": {}, "observation": {"remainingOverageTime": 60, "index": 1}, "status": "ACTIVE"}, {"action": "NORTH", "reward": 201, "info": {}, "observation": {"remainingOverageTime": 60, "index": 2}, "status": "DONE"}, {"action": "NORTH", "reward": 202, "info": {}, "observation": {"remainingOverageTime": 60, "index": 3}, "status": "DONE"}], [{"action": "EAST", "reward": 5512, "info": {}, "observation": {"remainingOverageTime": 60, "step": 54, "geese": [[18, 17, 16, 15, 14, 13, 2, 68, 67, 56, 45, 34], [9, 75, 74, 73, 72, 71, 70, 59, 58, 57, 46, 35, 24], [], []], "food": [53, 27], "index": 0}, "status": "ACTIVE"}, {"action": "SOUTH", "reward": 5513, "info": {}, "observation": {"remainingOverageTime": 60, "index": 1}, "status": "ACTIVE"}, {"action": "NORTH", "reward": 201, "info": {}, "observation": {"remainingOverageTime": 60, "index": 2}, "status": "DONE"}, {"action": "NORTH", "reward": 202, "info": {}, "observation": {"remainingOverageTime": 60, "index": 3}, "status": "DONE"}], [{"action": "SOUTH", "reward": 5612, "info": {}, "observation": {"remainingOverageTime": 60, "step": 55, "geese": [[29, 18, 17, 16, 15, 14, 13, 2, 68, 67, 56, 45], [20, 9, 75, 74, 73, 72, 71, 70, 59, 58, 57, 46, 35], [], []], "food": [53, 27], "index": 0}, "status": "ACTIVE"}, {"action": "SOUTH", "reward": 5613, "info": {}, "observation": {"remainingOverageTime": 60, "index": 1}, "status": "ACTIVE"}, {"action": "NORTH", "reward": 201, "info": {}, "observation": {"remainingOverageTime": 60, "index": 2}, "status": "DONE"}, {"action": "NORTH", "reward": 202, "info": {}, "observation": {"remainingOverageTime": 60, "index": 3}, "status": "DONE"}], [{"action": "WEST", "reward": 5712, "info": {}, "observation": {"remainingOverageTime": 60, "step": 56, "geese": [[28, 29, 18, 17, 16, 15, 14, 13, 2, 68, 67, 56], [31, 20, 9, 75, 74, 73, 72, 71, 70, 59, 58, 57, 46], [], []], "food": [53, 27], "index": 0}, "status": "ACTIVE"}, {"action": "SOUTH", "reward": 5713, "info": {}, "observation": {"remainingOverageTime": 60, "index": 1}, "status": "ACTIVE"}, {"action": "NORTH", "reward": 201, "info": {}, "observation": {"remainingOverageTime": 60, "index": 2}, "status": "DONE"}, {"action": "NORTH", "reward": 202, "info": {}, "observation": {"remainingOverageTime": 60, "index": 3}, "status": "DONE"}], [{"action": "WEST", "reward": 5813, "info": {}, "observation": {"remainingOverageTime": 60, "step": 57, "geese": [[27, 28, 29, 18, 17, 16, 15, 14, 13, 2, 68, 67, 56], [42, 31, 20, 9, 75, 74, 73, 72, 71, 70, 59, 58, 57], [], []], "food": [53, 50], "index": 0}, "status": "ACTIVE"}, {"action": "SOUTH", "reward": 5813, "info": {}, "observation": {"remainingOverageTime": 60, "index": 1}, "status": "ACTIVE"}, {"action": "NORTH", "reward": 201, "info": {}, "observation": {"remainingOverageTime": 60, "index": 2}, "status": "DONE"}, {"action": "NORTH", "reward": 202, "info": {}, "observation": {"remainingOverageTime": 60, "index": 3}, "status": "DONE"}], [{"action": "SOUTH", "reward": 5913, "info": {}, "observation": {"remainingOverageTime": 60, "step": 58, "geese": [[38, 27, 28, 29, 18, 17, 16, 15, 14, 13, 2, 68, 67], [53, 42, 31, 20, 9, 75, 74, 73, 72, 71, 70, 59, 58, 57], [], []], "food": [50, 7], "index": 0}, "status": "ACTIVE"}, {"action": "SOUTH", "reward": 5914, "info": {}, "observation": {"remainingOverageTime": 60, "index": 1}, "status": "ACTIVE"}, {"action": "NORTH", "reward": 201, "info": {}, "observation": {"remainingOverageTime": 60, "index": 2}, "status": "DONE"}, {"action": "NORTH", "reward": 202, "info": {}, "observation": {"remainingOverageTime": 60, "index": 3}, "status": "DONE"}], [{"action": "EAST", "reward": 6013, "info": {}, "observation": {"remainingOverageTime": 60, "step": 59, "geese": [[39, 38, 27, 28, 29, 18, 17, 16, 15, 14, 13, 2, 68], [52, 53, 42, 31, 20, 9, 75, 74, 73, 72, 71, 70, 59, 58], [], []], "food": [50, 7], "index": 0}, "status": "ACTIVE"}, {"action": "WEST", "reward": 6014, "info": {}, "observation": {"remainingOverageTime": 60, "index": 1}, "status": "ACTIVE"}, {"action": "NORTH", "reward": 201, "info": {}, "observation": {"remainingOverageTime": 60, "index": 2}, "status": "DONE"}, {"action": "NORTH", "reward": 202, "info": {}, "observation": {"remainingOverageTime": 60, "index": 3}, "status": "DONE"}], [{"action": "SOUTH", "reward": 6114, "info": {}, "observation": {"remainingOverageTime": 60, "step": 60, "geese": [[50, 39, 38, 27, 28, 29, 18, 17, 16, 15, 14, 13, 2, 68], [41, 52, 53, 42, 31, 20, 9, 75, 74, 73, 72, 71, 70, 59], [], []], "food": [7, 69], "index": 0}, "status": "ACTIVE"}, {"action": "NORTH", "reward": 6114, "info": {}, "observation": {"remainingOverageTime": 60, "index": 1}, "status": "ACTIVE"}, {"action": "NORTH", "reward": 201, "info": {}, "observation": {"remainingOverageTime": 60, "index": 2}, "status": "DONE"}, {"action": "NORTH", "reward": 202, "info": {}, "observation": {"remainingOverageTime": 60, "index": 3}, "status": "DONE"}], [{"action": "WEST", "reward": 6214, "info": {}, "observation": {"remainingOverageTime": 60, "step": 61, "geese": [[49, 50, 39, 38, 27, 28, 29, 18, 17, 16, 15, 14, 13, 2], [30, 41, 52, 53, 42, 31, 20, 9, 75, 74, 73, 72, 71, 70], [], []], "food": [7, 69], "index": 0}, "status": "ACTIVE"}, {"action": "NORTH", "reward": 6214, "info": {}, "observation": {"remainingOverageTime": 60, "index": 1}, "status": "ACTIVE"}, {"action": "NORTH", "reward": 201, "info": {}, "observation": {"remainingOverageTime": 60, "index": 2}, "status": "DONE"}, {"action": "NORTH", "reward": 202, "info": {}, "observation": {"remainingOverageTime": 60, "index": 3}, "status": "DONE"}], [{"action": "WEST", "reward": 6314, "info": {}, "observation": {"remainingOverageTime": 60, "step": 62, "geese": [[48, 49, 50, 39, 38, 27, 28, 29, 18, 17, 16, 15, 14, 13], [19, 30, 41, 52, 53, 42, 31, 20, 9, 75, 74, 73, 72, 71], [], []], "food": [7, 69], "index": 0}, "status": "ACTIVE"}, {"action": "NORTH", "reward": 6314, "info": {}, "observation": {"remainingOverageTime": 60, "index": 1}, "status": "ACTIVE"}, {"action": "NORTH", "reward": 201, "info": {}, "observation": {"remainingOverageTime": 60, "index": 2}, "status": "DONE"}, {"action": "NORTH", "reward": 202, "info": {}, "observation": {"remainingOverageTime": 60, "index": 3}, "status": "DONE"}], [{"action": "WEST", "reward": 6414, "info": {}, "observation": {"remainingOverageTime": 60, "step": 63, "geese": [[47, 48, 49, 50, 39, 38, 27, 28, 29, 18, 17, 16, 15, 14], [8, 19, 30, 41, 52, 53, 42, 31, 20, 9, 75, 74, 73, 72], [], []], "food": [7, 69], "index": 0}, "status": "ACTIVE"}, {"action": "NORTH", "reward": 6414, "info": {}, "observation": {"remainingOverageTime": 60, "index": 1}, "status": "ACTIVE"}, {"action": "NORTH", "reward": 201, "info": {}, "observation": {"remainingOverageTime": 60, "index": 2}, "status": "DONE"}, {"action": "NORTH", "reward": 202, "info": {}, "observation": {"remainingOverageTime": 60, "index": 3}, "status": "DONE"}], [{"action": "SOUTH", "reward": 6514, "info": {}, "observation": {"remainingOverageTime": 60, "step": 64, "geese": [[58, 47, 48, 49, 50, 39, 38, 27, 28, 29, 18, 17, 16, 15], [7, 8, 19, 30, 41, 52, 53, 42, 31, 20, 9, 75, 74, 73, 72], [], []], "food": [69, 36], "index": 0}, "status": "ACTIVE"}, {"action": "WEST", "reward": 6515, "info": {}, "observation": {"remainingOverageTime": 60, "index": 1}, "status": "ACTIVE"}, {"action": "NORTH", "reward": 201, "info": {}, "observation": {"remainingOverageTime": 60, "index": 2}, "status": "DONE"}, {"action": "NORTH", "reward": 202, "info": {}, "observation": {"remainingOverageTime": 60, "index": 3}, "status": "DONE"}], [{"action": "SOUTH", "reward": 6615, "info": {}, "observation": {"remainingOverageTime": 60, "step": 65, "geese": [[69, 58, 47, 48, 49, 50, 39, 38, 27, 28, 29, 18, 17, 16, 15], [6, 7, 8, 19, 30, 41, 52, 53, 42, 31, 20, 9, 75, 74, 73], [], []], "food": [36, 67], "index": 0}, "status": "ACTIVE"}, {"action": "WEST", "reward": 6615, "info": {}, "observation": {"remainingOverageTime": 60, "index": 1}, "status": "ACTIVE"}, {"action": "NORTH", "reward": 201, "info": {}, "observation": {"remainingOverageTime": 60, "index": 2}, "status": "DONE"}, {"action": "NORTH", "reward": 202, "info": {}, "observation": {"remainingOverageTime": 60, "index": 3}, "status": "DONE"}], [{"action": "WEST", "reward": 6715, "info": {}, "observation": {"remainingOverageTime": 60, "step": 66, "geese": [[68, 69, 58, 47, 48, 49, 50, 39, 38, 27, 28, 29, 18, 17, 16], [5, 6, 7, 8, 19, 30, 41, 52, 53, 42, 31, 20, 9, 75, 74], [], []], "food": [36, 67], "index": 0}, "status": "ACTIVE"}, {"action": "WEST", "reward": 6715, "info": {}, "observation": {"remainingOverageTime": 60, "index": 1}, "status": "ACTIVE"}, {"action": "NORTH", "reward": 201, "info": {}, "observation": {"remainingOverageTime": 60, "index": 2}, "status": "DONE"}, {"action": "NORTH", "reward": 202, "info": {}, "observation": {"remainingOverageTime": 60, "index": 3}, "status": "DONE"}], [{"action": "WEST", "reward": 6816, "info": {}, "observation": {"remainingOverageTime": 60, "step": 67, "geese": [[67, 68, 69, 58, 47, 48, 49, 50, 39, 38, 27, 28, 29, 18, 17, 16], [4, 5, 6, 7, 8, 19, 30, 41, 52, 53, 42, 31, 20, 9, 75], [], []], "food": [36, 21], "index": 0}, "status": "ACTIVE"}, {"action": "WEST", "reward": 6815, "info": {}, "observation": {"remainingOverageTime": 60, "index": 1}, "status": "ACTIVE"}, {"action": "NORTH", "reward": 201, "info": {}, "observation": {"remainingOverageTime": 60, "index": 2}, "status": "DONE"}, {"action": "NORTH", "reward": 202, "info": {}, "observation": {"remainingOverageTime": 60, "index": 3}, "status": "DONE"}], [{"action": "WEST", "reward": 6916, "info": {}, "observation": {"remainingOverageTime": 60, "step": 68, "geese": [[66, 67, 68, 69, 58, 47, 48, 49, 50, 39, 38, 27, 28, 29, 18, 17], [3, 4, 5, 6, 7, 8, 19, 30, 41, 52, 53, 42, 31, 20, 9], [], []], "food": [36, 21], "index": 0}, "status": "ACTIVE"}, {"action": "WEST", "reward": 6915, "info": {}, "observation": {"remainingOverageTime": 60, "index": 1}, "status": "ACTIVE"}, {"action": "NORTH", "reward": 201, "info": {}, "observation": {"remainingOverageTime": 60, "index": 2}, "status": "DONE"}, {"action": "NORTH", "reward": 202, "info": {}, "observation": {"remainingOverageTime": 60, "index": 3}, "status": "DONE"}], [{"action": "WEST", "reward": 7016, "info": {}, "observation": {"remainingOverageTime": 60, "step": 69, "geese": [[76, 66, 67, 68, 69, 58, 47, 48, 49, 50, 39, 38, 27, 28, 29, 18], [14, 3, 4, 5, 6, 7, 8, 19, 30, 41, 52, 53, 42, 31, 20], [], []], "food": [36, 21], "index": 0}, "status": "ACTIVE"}, {"action": "SOUTH", "reward": 7015, "info": {}, "observation": {"remainingOverageTime": 60, "index": 1}, "status": "ACTIVE"}, {"action": "NORTH", "reward": 201, "info": {}, "observation": {"remainingOverageTime": 60, "index": 2}, "status": "DONE"}, {"action": "NORTH", "reward": 202, "info": {}, "observation": {"remainingOverageTime": 60, "index": 3}, "status": "DONE"}], [{"action": "SOUTH", "reward": 7116, "info": {}, "observation": {"remainingOverageTime": 60, "step": 70, "geese": [[10, 76, 66, 67, 68, 69, 58, 47, 48, 49, 50, 39, 38, 27, 28, 29], [25, 14, 3, 4, 5, 6, 7, 8, 19, 30, 41, 52, 53, 42, 31], [], []], "food": [36, 21], "index": 0}, "status": "ACTIVE"}, {"action": "SOUTH", "reward": 7115, "info": {}, "observation": {"remainingOverageTime": 60, "index": 1}, "status": "ACTIVE"}, {"action": "NORTH", "reward": 201, "info": {}, "observation": {"remainingOverageTime": 60, "index": 2}, "status": "DONE"}, {"action": "NORTH", "reward": 202, "info": {}, "observation": {"remainingOverageTime": 60, "index": 3}, "status": "DONE"}], [{"action": "SOUTH", "reward": 7217, "info": {}, "observation": {"remainingOverageTime": 60, "step": 71, "geese": [[21, 10, 76, 66, 67, 68, 69, 58, 47, 48, 49, 50, 39, 38, 27, 28, 29], [36, 25, 14, 3, 4, 5, 6, 7, 8, 19, 30, 41, 52, 53, 42, 31], [], []], "food": [18, 24], "index": 0}, "status": "ACTIVE"}, {"action": "SOUTH", "reward": 7216, "info": {}, "observation": {"remainingOverageTime": 60, "index": 1}, "status": "ACTIVE"}, {"action": "NORTH", "reward": 201, "info": {}, "observation": {"remainingOverageTime": 60, "index": 2}, "status": "DONE"}, {"action": "NORTH", "reward": 202, "info": {}, "observation": {"remainingOverageTime": 60, "index": 3}, "status": "DONE"}], [{"action": "EAST", "reward": 7317, "info": {}, "observation": {"remainingOverageTime": 60, "step": 72, "geese": [[11, 21, 10, 76, 66, 67, 68, 69, 58, 47, 48, 49, 50, 39, 38, 27, 28], [35, 36, 25, 14, 3, 4, 5, 6, 7, 8, 19, 30, 41, 52, 53, 42], [], []], "food": [18, 24], "index": 0}, "status": "ACTIVE"}, {"action": "WEST", "reward": 7316, "info": {}, "observation": {"remainingOverageTime": 60, "index": 1}, "status": "ACTIVE"}, {"action": "NORTH", "reward": 201, "info": {}, "observation": {"remainingOverageTime": 60, "index": 2}, "status": "DONE"}, {"action": "NORTH", "reward": 202, "info": {}, "observation": {"remainingOverageTime": 60, "index": 3}, "status": "DONE"}], [{"action": "SOUTH", "reward": 7417, "info": {}, "observation": {"remainingOverageTime": 60, "step": 73, "geese": [[22, 11, 21, 10, 76, 66, 67, 68, 69, 58, 47, 48, 49, 50, 39, 38, 27], [24, 35, 36, 25, 14, 3, 4, 5, 6, 7, 8, 19, 30, 41, 52, 53, 42], [], []], "food": [18, 74], "index": 0}, "status": "ACTIVE"}, {"action": "NORTH", "reward": 7417, "info": {}, "observation": {"remainingOverageTime": 60, "index": 1}, "status": "ACTIVE"}, {"action": "NORTH", "reward": 201, "info": {}, "observation": {"remainingOverageTime": 60, "index": 2}, "status": "DONE"}, {"action": "NORTH", "reward": 202, "info": {}, "observation": {"remainingOverageTime": 60, "index": 3}, "status": "DONE"}], [{"action": "WEST", "reward": 7517, "info": {}, "observation": {"remainingOverageTime": 60, "step": 74, "geese": [[32, 22, 11, 21, 10, 76, 66, 67, 68, 69, 58, 47, 48, 49, 50, 39, 38], [], [], []], "food": [18, 74], "index": 0}, "status": "DONE"}, {"action": "EAST", "reward": 7417, "info": {}, "observation": {"remainingOverageTime": 60, "index": 1}, "status": "DONE"}, {"action": "NORTH", "reward": 201, "info": {}, "observation": {"remainingOverageTime": 60, "index": 2}, "status": "DONE"}, {"action": "NORTH", "reward": 202, "info": {}, "observation": {"remainingOverageTime": 60, "index": 3}, "status": "DONE"}]], "rewards": [7517, 7417, 201, 202], "statuses": ["DONE", "DONE", "DONE", "DONE"], "schema_version": 1, "info": {}}