{"id": "a676eb6a-db0c-11ee-b332-0242ac1c000c", "name": "hungry_geese", "title": "Hungry Geese", "description": "Similar to the classic snake game with multiple players", "version": "1.0.0", "configuration": {"episodeSteps": 200, "actTimeout": 1, "runTimeout": 1200, "columns": 11, "rows": 7, "hunger_rate": 40, "min_food": 2, "max_length": 99}, "specification": {"action": {"description": "Direction to move the head of your players goose.", "type": "string", "enum": ["NORTH", "EAST", "SOUTH", "WEST"], "default": "NORTH"}, "agents": [1, 2, 3, 4, 5, 6, 7, 8], "configuration": {"episodeSteps": {"description": "Maximum number of steps in the episode.", "type": "integer", "minimum": 1, "default": 200}, "actTimeout": {"description": "Maximum runtime (seconds) to obtain an action from an agent.", "type": "number", "minimum": 0, "default": 1}, "runTimeout": {"description": "Maximum runtime (seconds) of an episode (not necessarily DONE).", "type": "number", "minimum": 0, "default": 1200}, "columns": {"description": "Horizontal number of cells on the board.", "type": "integer", "default": 11, "minimum": 3}, "rows": {"description": "Vertical number of cells on the board.", "type": "integer", "default": 7, "minimum": 3}, "hunger_rate": {"description": "The number of steps before the goose shrinks a cell.", "type": "integer", "minimum": 1, "default": 40}, "min_food": {"description": "The minimum amount of food present for all steps.", "type": "integer", "default": 2, "minimum": 1}, "max_length": {"description": "The max length any goose can be. Total reward = (max length + 1) * steps survived + goose length.", "type": "integer", "default": 99}}, "info": {}, "observation": {"remainingOverageTime": {"description": "Total remaining banked time (seconds) that can be used in excess of per-step actTimeouts -- agent is disqualified with TIMEOUT status when this drops below 0.", "shared": false, "type": "number", "minimum": 0, "default": 60}, "step": {"description": "Current step within the episode.", "type": "integer", "shared": true, "minimum": 0, "default": 0}, "geese": {"description": "List of geese in order by the agent index.", "type": "array", "default": [], "shared": true}, "food": {"description": "Positions on the board where food is present.", "type": "array", "default": [], "shared": true}, "index": {"description": "Index of the current agent's goose in the list of geese.", "type": "integer", "minimum": 0, "defaults": [0, 1, 2, 3, 4, 5, 6, 7]}}, "reward": {"description": "steps survived * (max goose length + 1) + current goose length.", "type": ["number", "null"], "default": 0, "minimum": 0}}, "steps": [[{"action": "NORTH", "reward": 0, "info": {}, "observation": {"remainingOverageTime": 60, "step": 0, "geese": [[49], [13], [76], [5]], "food": [46, 56], "index": 0}, "status": "ACTIVE"}, {"action": "NORTH", "reward": 0, "info": {}, "observation": {"remainingOverageTime": 60, "index": 1}, "status": "ACTIVE"}, {"action": "NORTH", "reward": 0, "info": {}, "observation": {"remainingOverageTime": 60, "index": 2}, "status": "ACTIVE"}, {"action": "NORTH", "reward": 0, "info": {}, "observation": {"remainingOverageTime": 60, "index": 3}, "status": "ACTIVE"}], [{"action": "WEST", "reward": 201, "info": {}, "observation": {"remainingOverageTime": 60, "step": 1, "geese": [[48], [24], [66], [71]], "food": [46, 56], "index": 0}, "status": "ACTIVE"}, {"action": "SOUTH", "reward": 201, "info": {}, "observation": {"remainingOverageTime": 60, "index": 1}, "status": "ACTIVE"}, {"action": "EAST", "reward": 201, "info": {}, "observation": {"remainingOverageTime": 60, "index": 2}, "status": "ACTIVE"}, {"action": "NORTH", "reward": 201, "info": {}, "observation": {"remainingOverageTime": 60, "index": 3}, "status": "ACTIVE"}], [{"action": "WEST", "reward": 301, "info": {}, "observation": {"remainingOverageTime": 60, "step": 2, "geese": [[47], [35], [67], [70]], "food": [46, 56], "index": 0}, "status": "ACTIVE"}, {"action": "SOUTH", "reward": 301, "info": {}, "observation": {"remainingOverageTime": 60, "index": 1}, "status": "ACTIVE"}, {"action": "EAST", "reward": 301, "info": {}, "observation": {"remainingOverageTime": 60, "index": 2}, "status": "ACTIVE"}, {"action": "WEST", "reward": 301, "info": {}, "observation": {"remainingOverageTime": 60, "index": 3}, "status": "ACTIVE"}], [{"action": "WEST", "reward": 402, "info": {}, "observation": {"remainingOverageTime": 60, "step": 3, "geese": [[46, 47], [36], [56, 67], []], "food": [66, 29], "index": 0}, "status": "ACTIVE"}, {"action": "EAST", "reward": 401, "info": {}, "observation": {"remainingOverageTime": 60, "index": 1}, "status": "ACTIVE"}, {"action": "NORTH", "reward": 402, "info": {}, "observation": {"remainingOverageTime": 60, "index": 2}, "status": "ACTIVE"}, {"action": "EAST", "reward": 301, "info": {}, "observation": {"remainingOverageTime": 60, "index": 3}, "status": "DONE"}], [{"action": "WEST", "reward": 502, "info": {}, "observation": {"remainingOverageTime": 60, "step": 4, "geese": [[45, 46], [37], [55, 56], []], "food": [66, 29], "index": 0}, "status": "ACTIVE"}, {"action": "EAST", "reward": 501, "info": {}, "observation": {"remainingOverageTime": 60, "index": 1}, "status": "ACTIVE"}, {"action": "WEST", "reward": 502, "info": {}, "observation": {"remainingOverageTime": 60, "index": 2}, "status": "ACTIVE"}, {"action": "NORTH", "reward": 301, "info": {}, "observation": {"remainingOverageTime": 60, "index": 3}, "status": "DONE"}], [{"action": "NORTH", "reward": 602, "info": {}, "observation": {"remainingOverageTime": 60, "step": 5, "geese": [[34, 45], [38], [66, 55, 56], []], "food": [29, 18], "index": 0}, "status": "ACTIVE"}, {"action": "EAST", "reward": 601, "info": {}, "observation": {"remainingOverageTime": 60, "index": 1}, "status": "ACTIVE"}, {"action": "SOUTH", "reward": 603, "info": {}, "observation": {"remainingOverageTime": 60, "index": 2}, "status": "ACTIVE"}, {"action": "NORTH", "reward": 301, "info": {}, "observation": {"remainingOverageTime": 60, "index": 3}, "status": "DONE"}], [{"action": "NORTH", "reward": 702, "info": {}, "observation": {"remainingOverageTime": 60, "step": 6, "geese": [[23, 34], [39], [76, 66, 55], []], "food": [29, 18], "index": 0}, "status": "ACTIVE"}, {"action": "EAST", "reward": 701, "info": {}, "observation": {"remainingOverageTime": 60, "index": 1}, "status": "ACTIVE"}, {"action": "WEST", "reward": 703, "info": {}, "observation": {"remainingOverageTime": 60, "index": 2}, "status": "ACTIVE"}, {"action": "NORTH", "reward": 301, "info": {}, "observation": {"remainingOverageTime": 60, "index": 3}, "status": "DONE"}], [{"action": "WEST", "reward": 802, "info": {}, "observation": {"remainingOverageTime": 60, "step": 7, "geese": [[22, 23], [40], [75, 76, 66], []], "food": [29, 18], "index": 0}, "status": "ACTIVE"}, {"action": "EAST", "reward": 801, "info": {}, "observation": {"remainingOverageTime": 60, "index": 1}, "status": "ACTIVE"}, {"action": "WEST", "reward": 803, "info": {}, "observation": {"remainingOverageTime": 60, "index": 2}, "status": "ACTIVE"}, {"action": "NORTH", "reward": 301, "info": {}, "observation": {"remainingOverageTime": 60, "index": 3}, "status": "DONE"}], [{"action": "NORTH", "reward": 902, "info": {}, "observation": {"remainingOverageTime": 60, "step": 8, "geese": [[11, 22], [29, 40], [74, 75, 76], []], "food": [18, 63], "index": 0}, "status": "ACTIVE"}, {"action": "NORTH", "reward": 902, "info": {}, "observation": {"remainingOverageTime": 60, "index": 1}, "status": "ACTIVE"}, {"action": "WEST", "reward": 903, "info": {}, "observation": {"remainingOverageTime": 60, "index": 2}, "status": "ACTIVE"}, {"action": "NORTH", "reward": 301, "info": {}, "observation": {"remainingOverageTime": 60, "index": 3}, "status": "DONE"}], [{"action": "SOUTH", "reward": 902, "info": {}, "observation": {"remainingOverageTime": 60, "step": 9, "geese": [[], [18, 29, 40], [63, 74, 75, 76], []], "food": [33, 20], "index": 0}, "status": "DONE"}, {"action": "NORTH", "reward": 1003, "info": {}, "observation": {"remainingOverageTime": 60, "index": 1}, "status": "ACTIVE"}, {"action": "NORTH", "reward": 1004, "info": {}, "observation": {"remainingOverageTime": 60, "index": 2}, "status": "ACTIVE"}, {"action": "NORTH", "reward": 301, "info": {}, "observation": {"remainingOverageTime": 60, "index": 3}, "status": "DONE"}], [{"action": "NORTH", "reward": 902, "info": {}, "observation": {"remainingOverageTime": 60, "step": 10, "geese": [[], [19, 18, 29], [64, 63, 74, 75], []], "food": [33, 20], "index": 0}, "status": "DONE"}, {"action": "EAST", "reward": 1103, "info": {}, "observation": {"remainingOverageTime": 60, "index": 1}, "status": "ACTIVE"}, {"action": "EAST", "reward": 1104, "info": {}, "observation": {"remainingOverageTime": 60, "index": 2}, "status": "ACTIVE"}, {"action": "NORTH", "reward": 301, "info": {}, "observation": {"remainingOverageTime": 60, "index": 3}, "status": "DONE"}], [{"action": "NORTH", "reward": 902, "info": {}, "observation": {"remainingOverageTime": 60, "step": 11, "geese": [[], [20, 19, 18, 29], [65, 64, 63, 74], []], "food": [33, 22], "index": 0}, "status": "DONE"}, {"action": "EAST", "reward": 1204, "info": {}, "observation": {"remainingOverageTime": 60, "index": 1}, "status": "ACTIVE"}, {"action": "EAST", "reward": 1204, "info": {}, "observation": {"remainingOverageTime": 60, "index": 2}, "status": "ACTIVE"}, {"action": "NORTH", "reward": 301, "info": {}, "observation": {"remainingOverageTime": 60, "index": 3}, "status": "DONE"}], [{"action": "NORTH", "reward": 902, "info": {}, "observation": {"remainingOverageTime": 60, "step": 12, "geese": [[], [21, 20, 19, 18], [55, 65, 64, 63], []], "food": [33, 22], "index": 0}, "status": "DONE"}, {"action": "EAST", "reward": 1304, "info": {}, "observation": {"remainingOverageTime": 60, "index": 1}, "status": "ACTIVE"}, {"action": "EAST", "reward": 1304, "info": {}, "observation": {"remainingOverageTime": 60, "index": 2}, "status": "ACTIVE"}, {"action": "NORTH", "reward": 301, "info": {}, "observation": {"remainingOverageTime": 60, "index": 3}, "status": "DONE"}], [{"action": "NORTH", "reward": 902, "info": {}, "observation": {"remainingOverageTime": 60, "step": 13, "geese": [[], [11, 21, 20, 19], [44, 55, 65, 64], []], "food": [33, 22], "index": 0}, "status": "DONE"}, {"action": "EAST", "reward": 1404, "info": {}, "observation": {"remainingOverageTime": 60, "index": 1}, "status": "ACTIVE"}, {"action": "NORTH", "reward": 1404, "info": {}, "observation": {"remainingOverageTime": 60, "index": 2}, "status": "ACTIVE"}, {"action": "NORTH", "reward": 301, "info": {}, "observation": {"remainingOverageTime": 60, "index": 3}, "status": "DONE"}], [{"action": "NORTH", "reward": 902, "info": {}, "observation": {"remainingOverageTime": 60, "step": 14, "geese": [[], [22, 11, 21, 20, 19], [33, 44, 55, 65, 64], []], "food": [45, 32], "index": 0}, "status": "DONE"}, {"action": "SOUTH", "reward": 1505, "info": {}, "observation": {"remainingOverageTime": 60, "index": 1}, "status": "ACTIVE"}, {"action": "NORTH", "reward": 1505, "info": {}, "observation": {"remainingOverageTime": 60, "index": 2}, "status": "ACTIVE"}, {"action": "NORTH", "reward": 301, "info": {}, "observation": {"remainingOverageTime": 60, "index": 3}, "status": "DONE"}], [{"action": "NORTH", "reward": 902, "info": {}, "observation": {"remainingOverageTime": 60, "step": 15, "geese": [[], [32, 22, 11, 21, 20, 19], [34, 33, 44, 55, 65], []], "food": [45, 61], "index": 0}, "status": "DONE"}, {"action": "WEST", "reward": 1606, "info": {}, "observation": {"remainingOverageTime": 60, "index": 1}, "status": "ACTIVE"}, {"action": "EAST", "reward": 1605, "info": {}, "observation": {"remainingOverageTime": 60, "index": 2}, "status": "ACTIVE"}, {"action": "NORTH", "reward": 301, "info": {}, "observation": {"remainingOverageTime": 60, "index": 3}, "status": "DONE"}], [{"action": "NORTH", "reward": 902, "info": {}, "observation": {"remainingOverageTime": 60, "step": 16, "geese": [[], [31, 32, 22, 11, 21, 20], [45, 34, 33, 44, 55, 65], []], "food": [61, 0], "index": 0}, "status": "DONE"}, {"action": "WEST", "reward": 1706, "info": {}, "observation": {"remainingOverageTime": 60, "index": 1}, "status": "ACTIVE"}, {"action": "SOUTH", "reward": 1706, "info": {}, "observation": {"remainingOverageTime": 60, "index": 2}, "status": "ACTIVE"}, {"action": "NORTH", "reward": 301, "info": {}, "observation": {"remainingOverageTime": 60, "index": 3}, "status": "DONE"}], [{"action": "NORTH", "reward": 902, "info": {}, "observation": {"remainingOverageTime": 60, "step": 17, "geese": [[], [20, 31, 32, 22, 11, 21], [56, 45, 34, 33, 44, 55], []], "food": [61, 0], "index": 0}, "status": "DONE"}, {"action": "NORTH", "reward": 1806, "info": {}, "observation": {"remainingOverageTime": 60, "index": 1}, "status": "ACTIVE"}, {"action": "SOUTH", "reward": 1806, "info": {}, "observation": {"remainingOverageTime": 60, "index": 2}, "status": "ACTIVE"}, {"action": "NORTH", "reward": 301, "info": {}, "observation": {"remainingOverageTime": 60, "index": 3}, "status": "DONE"}], [{"action": "NORTH", "reward": 902, "info": {}, "observation": {"remainingOverageTime": 60, "step": 18, "geese": [[], [21, 20, 31, 32, 22, 11], [55, 56, 45, 34, 33, 44], []], "food": [61, 0], "index": 0}, "status": "DONE"}, {"action": "EAST", "reward": 1906, "info": {}, "observation": {"remainingOverageTime": 60, "index": 1}, "status": "ACTIVE"}, {"action": "WEST", "reward": 1906, "info": {}, "observation": {"remainingOverageTime": 60, "index": 2}, "status": "ACTIVE"}, {"action": "NORTH", "reward": 301, "info": {}, "observation": {"remainingOverageTime": 60, "index": 3}, "status": "DONE"}], [{"action": "NORTH", "reward": 902, "info": {}, "observation": {"remainingOverageTime": 60, "step": 19, "geese": [[], [11, 21, 20, 31, 32, 22], [66, 55, 56, 45, 34, 33], []], "food": [61, 0], "index": 0}, "status": "DONE"}, {"action": "EAST", "reward": 2006, "info": {}, "observation": {"remainingOverageTime": 60, "index": 1}, "status": "ACTIVE"}, {"action": "SOUTH", "reward": 2006, "info": {}, "observation": {"remainingOverageTime": 60, "index": 2}, "status": "ACTIVE"}, {"action": "NORTH", "reward": 301, "info": {}, "observation": {"remainingOverageTime": 60, "index": 3}, "status": "DONE"}], [{"action": "NORTH", "reward": 902, "info": {}, "observation": {"remainingOverageTime": 60, "step": 20, "geese": [[], [12, 11, 21, 20, 31, 32], [76, 66, 55, 56, 45, 34], []], "food": [61, 0], "index": 0}, "status": "DONE"}, {"action": "EAST", "reward": 2106, "info": {}, "observation": {"remainingOverageTime": 60, "index": 1}, "status": "ACTIVE"}, {"action": "WEST", "reward": 2106, "info": {}, "observation": {"remainingOverageTime": 60, "index": 2}, "status": "ACTIVE"}, {"action": "NORTH", "reward": 301, "info": {}, "observation": {"remainingOverageTime": 60, "index": 3}, "status": "DONE"}], [{"action": "NORTH", "reward": 902, "info": {}, "observation": {"remainingOverageTime": 60, "step": 21, "geese": [[], [1, 12, 11, 21, 20, 31], [10, 76, 66, 55, 56, 45], []], "food": [61, 0], "index": 0}, "status": "DONE"}, {"action": "NORTH", "reward": 2206, "info": {}, "observation": {"remainingOverageTime": 60, "index": 1}, "status": "ACTIVE"}, {"action": "SOUTH", "reward": 2206, "info": {}, "observation": {"remainingOverageTime": 60, "index": 2}, "status": "ACTIVE"}, {"action": "NORTH", "reward": 301, "info": {}, "observation": {"remainingOverageTime": 60, "index": 3}, "status": "DONE"}], [{"action": "NORTH", "reward": 902, "info": {}, "observation": {"remainingOverageTime": 60, "step": 22, "geese": [[], [2, 1, 12, 11, 21, 20], [9, 10, 76, 66, 55, 56], []], "food": [61, 0], "index": 0}, "status": "DONE"}, {"action": "EAST", "reward": 2306, "info": {}, "observation": {"remainingOverageTime": 60, "index": 1}, "status": "ACTIVE"}, {"action": "WEST", "reward": 2306, "info": {}, "observation": {"remainingOverageTime": 60, "index": 2}, "status": "ACTIVE"}, {"action": "NORTH", "reward": 301, "info": {}, "observation": {"remainingOverageTime": 60, "index": 3}, "status": "DONE"}], [{"action": "NORTH", "reward": 902, "info": {}, "observation": {"remainingOverageTime": 60, "step": 23, "geese": [[], [3, 2, 1, 12, 11, 21], [75, 9, 10, 76, 66, 55], []], "food": [61, 0], "index": 0}, "status": "DONE"}, {"action": "EAST", "reward": 2406, "info": {}, "observation": {"remainingOverageTime": 60, "index": 1}, "status": "ACTIVE"}, {"action": "NORTH", "reward": 2406, "info": {}, "observation": {"remainingOverageTime": 60, "index": 2}, "status": "ACTIVE"}, {"action": "NORTH", "reward": 301, "info": {}, "observation": {"remainingOverageTime": 60, "index": 3}, "status": "DONE"}], [{"action": "NORTH", "reward": 902, "info": {}, "observation": {"remainingOverageTime": 60, "step": 24, "geese": [[], [4, 3, 2, 1, 12, 11], [64, 75, 9, 10, 76, 66], []], "food": [61, 0], "index": 0}, "status": "DONE"}, {"action": "EAST", "reward": 2506, "info": {}, "observation": {"remainingOverageTime": 60, "index": 1}, "status": "ACTIVE"}, {"action": "NORTH", "reward": 2506, "info": {}, "observation": {"remainingOverageTime": 60, "index": 2}, "status": "ACTIVE"}, {"action": "NORTH", "reward": 301, "info": {}, "observation": {"remainingOverageTime": 60, "index": 3}, "status": "DONE"}], [{"action": "NORTH", "reward": 902, "info": {}, "observation": {"remainingOverageTime": 60, "step": 25, "geese": [[], [5, 4, 3, 2, 1, 12], [63, 64, 75, 9, 10, 76], []], "food": [61, 0], "index": 0}, "status": "DONE"}, {"action": "EAST", "reward": 2606, "info": {}, "observation": {"remainingOverageTime": 60, "index": 1}, "status": "ACTIVE"}, {"action": "WEST", "reward": 2606, "info": {}, "observation": {"remainingOverageTime": 60, "index": 2}, "status": "ACTIVE"}, {"action": "NORTH", "reward": 301, "info": {}, "observation": {"remainingOverageTime": 60, "index": 3}, "status": "DONE"}], [{"action": "NORTH", "reward": 902, "info": {}, "observation": {"remainingOverageTime": 60, "step": 26, "geese": [[], [6, 5, 4, 3, 2, 1], [62, 63, 64, 75, 9, 10], []], "food": [61, 0], "index": 0}, "status": "DONE"}, {"action": "EAST", "reward": 2706, "info": {}, "observation": {"remainingOverageTime": 60, "index": 1}, "status": "ACTIVE"}, {"action": "WEST", "reward": 2706, "info": {}, "observation": {"remainingOverageTime": 60, "index": 2}, "status": "ACTIVE"}, {"action": "NORTH", "reward": 301, "info": {}, "observation": {"remainingOverageTime": 60, "index": 3}, "status": "DONE"}], [{"action": "NORTH", "reward": 902, "info": {}, "observation": {"remainingOverageTime": 60, "step": 27, "geese": [[], [7, 6, 5, 4, 3, 2], [61, 62, 63, 64, 75, 9, 10], []], "food": [0, 23], "index": 0}, "status": "DONE"}, {"action": "EAST", "reward": 2806, "info": {}, "observation": {"remainingOverageTime": 60, "index": 1}, "status": "ACTIVE"}, {"action": "WEST", "reward": 2807, "info": {}, "observation": {"remainingOverageTime": 60, "index": 2}, "status": "ACTIVE"}, {"action": "NORTH", "reward": 301, "info": {}, "observation": {"remainingOverageTime": 60, "index": 3}, "status": "DONE"}], [{"action": "NORTH", "reward": 902, "info": {}, "observation": {"remainingOverageTime": 60, "step": 28, "geese": [[], [8, 7, 6, 5, 4, 3], [50, 61, 62, 63, 64, 75, 9], []], "food": [0, 23], "index": 0}, "status": "DONE"}, {"action": "EAST", "reward": 2906, "info": {}, "observation": {"remainingOverageTime": 60, "index": 1}, "status": "ACTIVE"}, {"action": "NORTH", "reward": 2907, "info": {}, "observation": {"remainingOverageTime": 60, "index": 2}, "status": "ACTIVE"}, {"action": "NORTH", "reward": 301, "info": {}, "observation": {"remainingOverageTime": 60, "index": 3}, "status": "DONE"}], [{"action": "NORTH", "reward": 902, "info": {}, "observation": {"remainingOverageTime": 60, "step": 29, "geese": [[], [9, 8, 7, 6, 5, 4], [39, 50, 61, 62, 63, 64, 75], []], "food": [0, 23], "index": 0}, "status": "DONE"}, {"action": "EAST", "reward": 3006, "info": {}, "observation": {"remainingOverageTime": 60, "index": 1}, "status": "ACTIVE"}, {"action": "NORTH", "reward": 3007, "info": {}, "observation": {"remainingOverageTime": 60, "index": 2}, "status": "ACTIVE"}, {"action": "NORTH", "reward": 301, "info": {}, "observation": {"remainingOverageTime": 60, "index": 3}, "status": "DONE"}], [{"action": "NORTH", "reward": 902, "info": {}, "observation": {"remainingOverageTime": 60, "step": 30, "geese": [[], [10, 9, 8, 7, 6, 5], [28, 39, 50, 61, 62, 63, 64], []], "food": [0, 23], "index": 0}, "status": "DONE"}, {"action": "EAST", "reward": 3106, "info": {}, "observation": {"remainingOverageTime": 60, "index": 1}, "status": "ACTIVE"}, {"action": "NORTH", "reward": 3107, "info": {}, "observation": {"remainingOverageTime": 60, "index": 2}, "status": "ACTIVE"}, {"action": "NORTH", "reward": 301, "info": {}, "observation": {"remainingOverageTime": 60, "index": 3}, "status": "DONE"}], [{"action": "NORTH", "reward": 902, "info": {}, "observation": {"remainingOverageTime": 60, "step": 31, "geese": [[], [0, 10, 9, 8, 7, 6, 5], [27, 28, 39, 50, 61, 62, 63], []], "food": [23, 17], "index": 0}, "status": "DONE"}, {"action": "EAST", "reward": 3207, "info": {}, "observation": {"remainingOverageTime": 60, "index": 1}, "status": "ACTIVE"}, {"action": "WEST", "reward": 3207, "info": {}, "observation": {"remainingOverageTime": 60, "index": 2}, "status": "ACTIVE"}, {"action": "NORTH", "reward": 301, "info": {}, "observation": {"remainingOverageTime": 60, "index": 3}, "status": "DONE"}], [{"action": "NORTH", "reward": 902, "info": {}, "observation": {"remainingOverageTime": 60, "step": 32, "geese": [[], [1, 0, 10, 9, 8, 7, 6], [16, 27, 28, 39, 50, 61, 62], []], "food": [23, 17], "index": 0}, "status": "DONE"}, {"action": "EAST", "reward": 3307, "info": {}, "observation": {"remainingOverageTime": 60, "index": 1}, "status": "ACTIVE"}, {"action": "NORTH", "reward": 3307, "info": {}, "observation": {"remainingOverageTime": 60, "index": 2}, "status": "ACTIVE"}, {"action": "NORTH", "reward": 301, "info": {}, "observation": {"remainingOverageTime": 60, "index": 3}, "status": "DONE"}], [{"action": "NORTH", "reward": 902, "info": {}, "observation": {"remainingOverageTime": 60, "step": 33, "geese": [[], [12, 1, 0, 10, 9, 8, 7], [17, 16, 27, 28, 39, 50, 61, 62], []], "food": [23, 59], "index": 0}, "status": "DONE"}, {"action": "SOUTH", "reward": 3407, "info": {}, "observation": {"remainingOverageTime": 60, "index": 1}, "status": "ACTIVE"}, {"action": "EAST", "reward": 3408, "info": {}, "observation": {"remainingOverageTime": 60, "index": 2}, "status": "ACTIVE"}, {"action": "NORTH", "reward": 301, "info": {}, "observation": {"remainingOverageTime": 60, "index": 3}, "status": "DONE"}], [{"action": "NORTH", "reward": 902, "info": {}, "observation": {"remainingOverageTime": 60, "step": 34, "geese": [[], [23, 12, 1, 0, 10, 9, 8, 7], [6, 17, 16, 27, 28, 39, 50, 61], []], "food": [59, 4], "index": 0}, "status": "DONE"}, {"action": "SOUTH", "reward": 3508, "info": {}, "observation": {"remainingOverageTime": 60, "index": 1}, "status": "ACTIVE"}, {"action": "NORTH", "reward": 3508, "info": {}, "observation": {"remainingOverageTime": 60, "index": 2}, "status": "ACTIVE"}, {"action": "NORTH", "reward": 301, "info": {}, "observation": {"remainingOverageTime": 60, "index": 3}, "status": "DONE"}], [{"action": "NORTH", "reward": 902, "info": {}, "observation": {"remainingOverageTime": 60, "step": 35, "geese": [[], [24, 23, 12, 1, 0, 10, 9, 8], [5, 6, 17, 16, 27, 28, 39, 50], []], "food": [59, 4], "index": 0}, "status": "DONE"}, {"action": "EAST", "reward": 3608, "info": {}, "observation": {"remainingOverageTime": 60, "index": 1}, "status": "ACTIVE"}, {"action": "WEST", "reward": 3608, "info": {}, "observation": {"remainingOverageTime": 60, "index": 2}, "status": "ACTIVE"}, {"action": "NORTH", "reward": 301, "info": {}, "observation": {"remainingOverageTime": 60, "index": 3}, "status": "DONE"}], [{"action": "NORTH", "reward": 902, "info": {}, "observation": {"remainingOverageTime": 60, "step": 36, "geese": [[], [25, 24, 23, 12, 1, 0, 10, 9], [4, 5, 6, 17, 16, 27, 28, 39, 50], []], "food": [59, 56], "index": 0}, "status": "DONE"}, {"action": "EAST", "reward": 3708, "info": {}, "observation": {"remainingOverageTime": 60, "index": 1}, "status": "ACTIVE"}, {"action": "WEST", "reward": 3709, "info": {}, "observation": {"remainingOverageTime": 60, "index": 2}, "status": "ACTIVE"}, {"action": "NORTH", "reward": 301, "info": {}, "observation": {"remainingOverageTime": 60, "index": 3}, "status": "DONE"}], [{"action": "NORTH", "reward": 902, "info": {}, "observation": {"remainingOverageTime": 60, "step": 37, "geese": [[], [26, 25, 24, 23, 12, 1, 0, 10], [70, 4, 5, 6, 17, 16, 27, 28, 39], []], "food": [59, 56], "index": 0}, "status": "DONE"}, {"action": "EAST", "reward": 3808, "info": {}, "observation": {"remainingOverageTime": 60, "index": 1}, "status": "ACTIVE"}, {"action": "NORTH", "reward": 3809, "info": {}, "observation": {"remainingOverageTime": 60, "index": 2}, "status": "ACTIVE"}, {"action": "NORTH", "reward": 301, "info": {}, "observation": {"remainingOverageTime": 60, "index": 3}, "status": "DONE"}], [{"action": "NORTH", "reward": 902, "info": {}, "observation": {"remainingOverageTime": 60, "step": 38, "geese": [[], [37, 26, 25, 24, 23, 12, 1, 0], [59, 70, 4, 5, 6, 17, 16, 27, 28, 39], []], "food": [56, 47], "index": 0}, "status": "DONE"}, {"action": "SOUTH", "reward": 3908, "info": {}, "observation": {"remainingOverageTime": 60, "index": 1}, "status": "ACTIVE"}, {"action": "NORTH", "reward": 3910, "info": {}, "observation": {"remainingOverageTime": 60, "index": 2}, "status": "ACTIVE"}, {"action": "NORTH", "reward": 301, "info": {}, "observation": {"remainingOverageTime": 60, "index": 3}, "status": "DONE"}], [{"action": "NORTH", "reward": 902, "info": {}, "observation": {"remainingOverageTime": 60, "step": 39, "geese": [[], [36, 37, 26, 25, 24, 23, 12, 1], [58, 59, 70, 4, 5, 6, 17, 16, 27, 28], []], "food": [56, 47], "index": 0}, "status": "DONE"}, {"action": "WEST", "reward": 4008, "info": {}, "observation": {"remainingOverageTime": 60, "index": 1}, "status": "ACTIVE"}, {"action": "WEST", "reward": 4010, "info": {}, "observation": {"remainingOverageTime": 60, "index": 2}, "status": "ACTIVE"}, {"action": "NORTH", "reward": 301, "info": {}, "observation": {"remainingOverageTime": 60, "index": 3}, "status": "DONE"}], [{"action": "NORTH", "reward": 902, "info": {}, "observation": {"remainingOverageTime": 60, "step": 40, "geese": [[], [35, 36, 37, 26, 25, 24, 23], [57, 58, 59, 70, 4, 5, 6, 17, 16], []], "food": [56, 47], "index": 0}, "status": "DONE"}, {"action": "WEST", "reward": 4107, "info": {}, "observation": {"remainingOverageTime": 60, "index": 1}, "status": "ACTIVE"}, {"action": "WEST", "reward": 4109, "info": {}, "observation": {"remainingOverageTime": 60, "index": 2}, "status": "ACTIVE"}, {"action": "NORTH", "reward": 301, "info": {}, "observation": {"remainingOverageTime": 60, "index": 3}, "status": "DONE"}], [{"action": "NORTH", "reward": 902, "info": {}, "observation": {"remainingOverageTime": 60, "step": 41, "geese": [[], [34, 35, 36, 37, 26, 25, 24], [56, 57, 58, 59, 70, 4, 5, 6, 17, 16], []], "food": [47, 8], "index": 0}, "status": "DONE"}, {"action": "WEST", "reward": 4207, "info": {}, "observation": {"remainingOverageTime": 60, "index": 1}, "status": "ACTIVE"}, {"action": "WEST", "reward": 4210, "info": {}, "observation": {"remainingOverageTime": 60, "index": 2}, "status": "ACTIVE"}, {"action": "NORTH", "reward": 301, "info": {}, "observation": {"remainingOverageTime": 60, "index": 3}, "status": "DONE"}], [{"action": "NORTH", "reward": 902, "info": {}, "observation": {"remainingOverageTime": 60, "step": 42, "geese": [[], [23, 34, 35, 36, 37, 26, 25], [55, 56, 57, 58, 59, 70, 4, 5, 6, 17], []], "food": [47, 8], "index": 0}, "status": "DONE"}, {"action": "NORTH", "reward": 4307, "info": {}, "observation": {"remainingOverageTime": 60, "index": 1}, "status": "ACTIVE"}, {"action": "WEST", "reward": 4310, "info": {}, "observation": {"remainingOverageTime": 60, "index": 2}, "status": "ACTIVE"}, {"action": "NORTH", "reward": 301, "info": {}, "observation": {"remainingOverageTime": 60, "index": 3}, "status": "DONE"}], [{"action": "NORTH", "reward": 902, "info": {}, "observation": {"remainingOverageTime": 60, "step": 43, "geese": [[], [12, 23, 34, 35, 36, 37, 26], [44, 55, 56, 57, 58, 59, 70, 4, 5, 6], []], "food": [47, 8], "index": 0}, "status": "DONE"}, {"action": "NORTH", "reward": 4407, "info": {}, "observation": {"remainingOverageTime": 60, "index": 1}, "status": "ACTIVE"}, {"action": "NORTH", "reward": 4410, "info": {}, "observation": {"remainingOverageTime": 60, "index": 2}, "status": "ACTIVE"}, {"action": "NORTH", "reward": 301, "info": {}, "observation": {"remainingOverageTime": 60, "index": 3}, "status": "DONE"}], [{"action": "NORTH", "reward": 902, "info": {}, "observation": {"remainingOverageTime": 60, "step": 44, "geese": [[], [1, 12, 23, 34, 35, 36, 37], [45, 44, 55, 56, 57, 58, 59, 70, 4, 5], []], "food": [47, 8], "index": 0}, "status": "DONE"}, {"action": "NORTH", "reward": 4507, "info": {}, "observation": {"remainingOverageTime": 60, "index": 1}, "status": "ACTIVE"}, {"action": "EAST", "reward": 4510, "info": {}, "observation": {"remainingOverageTime": 60, "index": 2}, "status": "ACTIVE"}, {"action": "NORTH", "reward": 301, "info": {}, "observation": {"remainingOverageTime": 60, "index": 3}, "status": "DONE"}], [{"action": "NORTH", "reward": 902, "info": {}, "observation": {"remainingOverageTime": 60, "step": 45, "geese": [[], [0, 1, 12, 23, 34, 35, 36], [46, 45, 44, 55, 56, 57, 58, 59, 70, 4], []], "food": [47, 8], "index": 0}, "status": "DONE"}, {"action": "WEST", "reward": 4607, "info": {}, "observation": {"remainingOverageTime": 60, "index": 1}, "status": "ACTIVE"}, {"action": "EAST", "reward": 4610, "info": {}, "observation": {"remainingOverageTime": 60, "index": 2}, "status": "ACTIVE"}, {"action": "NORTH", "reward": 301, "info": {}, "observation": {"remainingOverageTime": 60, "index": 3}, "status": "DONE"}], [{"action": "NORTH", "reward": 902, "info": {}, "observation": {"remainingOverageTime": 60, "step": 46, "geese": [[], [10, 0, 1, 12, 23, 34, 35], [47, 46, 45, 44, 55, 56, 57, 58, 59, 70, 4], []], "food": [8, 18], "index": 0}, "status": "DONE"}, {"action": "WEST", "reward": 4707, "info": {}, "observation": {"remainingOverageTime": 60, "index": 1}, "status": "ACTIVE"}, {"action": "EAST", "reward": 4711, "info": {}, "observation": {"remainingOverageTime": 60, "index": 2}, "status": "ACTIVE"}, {"action": "NORTH", "reward": 301, "info": {}, "observation": {"remainingOverageTime": 60, "index": 3}, "status": "DONE"}], [{"action": "NORTH", "reward": 902, "info": {}, "observation": {"remainingOverageTime": 60, "step": 47, "geese": [[], [9, 10, 0, 1, 12, 23, 34], [48, 47, 46, 45, 44, 55, 56, 57, 58, 59, 70], []], "food": [8, 18], "index": 0}, "status": "DONE"}, {"action": "WEST", "reward": 4807, "info": {}, "observation": {"remainingOverageTime": 60, "index": 1}, "status": "ACTIVE"}, {"action": "EAST", "reward": 4811, "info": {}, "observation": {"remainingOverageTime": 60, "index": 2}, "status": "ACTIVE"}, {"action": "NORTH", "reward": 301, "info": {}, "observation": {"remainingOverageTime": 60, "index": 3}, "status": "DONE"}], [{"action": "NORTH", "reward": 902, "info": {}, "observation": {"remainingOverageTime": 60, "step": 48, "geese": [[], [8, 9, 10, 0, 1, 12, 23, 34], [49, 48, 47, 46, 45, 44, 55, 56, 57, 58, 59], []], "food": [18, 51], "index": 0}, "status": "DONE"}, {"action": "WEST", "reward": 4908, "info": {}, "observation": {"remainingOverageTime": 60, "index": 1}, "status": "ACTIVE"}, {"action": "EAST", "reward": 4911, "info": {}, "observation": {"remainingOverageTime": 60, "index": 2}, "status": "ACTIVE"}, {"action": "NORTH", "reward": 301, "info": {}, "observation": {"remainingOverageTime": 60, "index": 3}, "status": "DONE"}], [{"action": "NORTH", "reward": 902, "info": {}, "observation": {"remainingOverageTime": 60, "step": 49, "geese": [[], [7, 8, 9, 10, 0, 1, 12, 23], [50, 49, 48, 47, 46, 45, 44, 55, 56, 57, 58], []], "food": [18, 51], "index": 0}, "status": "DONE"}, {"action": "WEST", "reward": 5008, "info": {}, "observation": {"remainingOverageTime": 60, "index": 1}, "status": "ACTIVE"}, {"action": "EAST", "reward": 5011, "info": {}, "observation": {"remainingOverageTime": 60, "index": 2}, "status": "ACTIVE"}, {"action": "NORTH", "reward": 301, "info": {}, "observation": {"remainingOverageTime": 60, "index": 3}, "status": "DONE"}], [{"action": "NORTH", "reward": 902, "info": {}, "observation": {"remainingOverageTime": 60, "step": 50, "geese": [[], [18, 7, 8, 9, 10, 0, 1, 12, 23], [51, 50, 49, 48, 47, 46, 45, 44, 55, 56, 57, 58], []], "food": [60, 69], "index": 0}, "status": "DONE"}, {"action": "SOUTH", "reward": 5109, "info": {}, "observation": {"remainingOverageTime": 60, "index": 1}, "status": "ACTIVE"}, {"action": "EAST", "reward": 5112, "info": {}, "observation": {"remainingOverageTime": 60, "index": 2}, "status": "ACTIVE"}, {"action": "NORTH", "reward": 301, "info": {}, "observation": {"remainingOverageTime": 60, "index": 3}, "status": "DONE"}], [{"action": "NORTH", "reward": 902, "info": {}, "observation": {"remainingOverageTime": 60, "step": 51, "geese": [[], [17, 18, 7, 8, 9, 10, 0, 1, 12], [62, 51, 50, 49, 48, 47, 46, 45, 44, 55, 56, 57], []], "food": [60, 69], "index": 0}, "status": "DONE"}, {"action": "WEST", "reward": 5209, "info": {}, "observation": {"remainingOverageTime": 60, "index": 1}, "status": "ACTIVE"}, {"action": "SOUTH", "reward": 5212, "info": {}, "observation": {"remainingOverageTime": 60, "index": 2}, "status": "ACTIVE"}, {"action": "NORTH", "reward": 301, "info": {}, "observation": {"remainingOverageTime": 60, "index": 3}, "status": "DONE"}], [{"action": "NORTH", "reward": 902, "info": {}, "observation": {"remainingOverageTime": 60, "step": 52, "geese": [[], [6, 17, 18, 7, 8, 9, 10, 0, 1], [61, 62, 51, 50, 49, 48, 47, 46, 45, 44, 55, 56], []], "food": [60, 69], "index": 0}, "status": "DONE"}, {"action": "NORTH", "reward": 5309, "info": {}, "observation": {"remainingOverageTime": 60, "index": 1}, "status": "ACTIVE"}, {"action": "WEST", "reward": 5312, "info": {}, "observation": {"remainingOverageTime": 60, "index": 2}, "status": "ACTIVE"}, {"action": "NORTH", "reward": 301, "info": {}, "observation": {"remainingOverageTime": 60, "index": 3}, "status": "DONE"}], [{"action": "NORTH", "reward": 902, "info": {}, "observation": {"remainingOverageTime": 60, "step": 53, "geese": [[], [5, 6, 17, 18, 7, 8, 9, 10, 0], [60, 61, 62, 51, 50, 49, 48, 47, 46, 45, 44, 55, 56], []], "food": [69, 59], "index": 0}, "status": "DONE"}, {"action": "WEST", "reward": 5409, "info": {}, "observation": {"remainingOverageTime": 60, "index": 1}, "status": "ACTIVE"}, {"action": "WEST", "reward": 5413, "info": {}, "observation": {"remainingOverageTime": 60, "index": 2}, "status": "ACTIVE"}, {"action": "NORTH", "reward": 301, "info": {}, "observation": {"remainingOverageTime": 60, "index": 3}, "status": "DONE"}], [{"action": "NORTH", "reward": 902, "info": {}, "observation": {"remainingOverageTime": 60, "step": 54, "geese": [[], [4, 5, 6, 17, 18, 7, 8, 9, 10], [59, 60, 61, 62, 51, 50, 49, 48, 47, 46, 45, 44, 55, 56], []], "food": [69, 41], "index": 0}, "status": "DONE"}, {"action": "WEST", "reward": 5509, "info": {}, "observation": {"remainingOverageTime": 60, "index": 1}, "status": "ACTIVE"}, {"action": "WEST", "reward": 5514, "info": {}, "observation": {"remainingOverageTime": 60, "index": 2}, "status": "ACTIVE"}, {"action": "NORTH", "reward": 301, "info": {}, "observation": {"remainingOverageTime": 60, "index": 3}, "status": "DONE"}], [{"action": "NORTH", "reward": 902, "info": {}, "observation": {"remainingOverageTime": 60, "step": 55, "geese": [[], [3, 4, 5, 6, 17, 18, 7, 8, 9], [58, 59, 60, 61, 62, 51, 50, 49, 48, 47, 46, 45, 44, 55], []], "food": [69, 41], "index": 0}, "status": "DONE"}, {"action": "WEST", "reward": 5609, "info": {}, "observation": {"remainingOverageTime": 60, "index": 1}, "status": "ACTIVE"}, {"action": "WEST", "reward": 5614, "info": {}, "observation": {"remainingOverageTime": 60, "index": 2}, "status": "ACTIVE"}, {"action": "NORTH", "reward": 301, "info": {}, "observation": {"remainingOverageTime": 60, "index": 3}, "status": "DONE"}], [{"action": "NORTH", "reward": 902, "info": {}, "observation": {"remainingOverageTime": 60, "step": 56, "geese": [[], [14, 3, 4, 5, 6, 17, 18, 7, 8], [57, 58, 59, 60, 61, 62, 51, 50, 49, 48, 47, 46, 45, 44], []], "food": [69, 41], "index": 0}, "status": "DONE"}, {"action": "SOUTH", "reward": 5709, "info": {}, "observation": {"remainingOverageTime": 60, "index": 1}, "status": "ACTIVE"}, {"action": "WEST", "reward": 5714, "info": {}, "observation": {"remainingOverageTime": 60, "index": 2}, "status": "ACTIVE"}, {"action": "NORTH", "reward": 301, "info": {}, "observation": {"remainingOverageTime": 60, "index": 3}, "status": "DONE"}], [{"action": "NORTH", "reward": 902, "info": {}, "observation": {"remainingOverageTime": 60, "step": 57, "geese": [[], [15, 14, 3, 4, 5, 6, 17, 18, 7], [68, 57, 58, 59, 60, 61, 62, 51, 50, 49, 48, 47, 46, 45], []], "food": [69, 41], "index": 0}, "status": "DONE"}, {"action": "EAST", "reward": 5809, "info": {}, "observation": {"remainingOverageTime": 60, "index": 1}, "status": "ACTIVE"}, {"action": "SOUTH", "reward": 5814, "info": {}, "observation": {"remainingOverageTime": 60, "index": 2}, "status": "ACTIVE"}, {"action": "NORTH", "reward": 301, "info": {}, "observation": {"remainingOverageTime": 60, "index": 3}, "status": "DONE"}], [{"action": "NORTH", "reward": 902, "info": {}, "observation": {"remainingOverageTime": 60, "step": 58, "geese": [[], [16, 15, 14, 3, 4, 5, 6, 17, 18], [69, 68, 57, 58, 59, 60, 61, 62, 51, 50, 49, 48, 47, 46, 45], []], "food": [41, 21], "index": 0}, "status": "DONE"}, {"action": "EAST", "reward": 5909, "info": {}, "observation": {"remainingOverageTime": 60, "index": 1}, "status": "ACTIVE"}, {"action": "EAST", "reward": 5915, "info": {}, "observation": {"remainingOverageTime": 60, "index": 2}, "status": "ACTIVE"}, {"action": "NORTH", "reward": 301, "info": {}, "observation": {"remainingOverageTime": 60, "index": 3}, "status": "DONE"}], [{"action": "NORTH", "reward": 902, "info": {}, "observation": {"remainingOverageTime": 60, "step": 59, "geese": [[], [27, 16, 15, 14, 3, 4, 5, 6, 17], [70, 69, 68, 57, 58, 59, 60, 61, 62, 51, 50, 49, 48, 47, 46], []], "food": [41, 21], "index": 0}, "status": "DONE"}, {"action": "SOUTH", "reward": 6009, "info": {}, "observation": {"remainingOverageTime": 60, "index": 1}, "status": "ACTIVE"}, {"action": "EAST", "reward": 6015, "info": {}, "observation": {"remainingOverageTime": 60, "index": 2}, "status": "ACTIVE"}, {"action": "NORTH", "reward": 301, "info": {}, "observation": {"remainingOverageTime": 60, "index": 3}, "status": "DONE"}], [{"action": "NORTH", "reward": 902, "info": {}, "observation": {"remainingOverageTime": 60, "step": 60, "geese": [[], [28, 27, 16, 15, 14, 3, 4, 5, 6], [71, 70, 69, 68, 57, 58, 59, 60, 61, 62, 51, 50, 49, 48, 47], []], "food": [41, 21], "index": 0}, "status": "DONE"}, {"action": "EAST", "reward": 6109, "info": {}, "observation": {"remainingOverageTime": 60, "index": 1}, "status": "ACTIVE"}, {"action": "EAST", "reward": 6115, "info": {}, "observation": {"remainingOverageTime": 60, "index": 2}, "status": "ACTIVE"}, {"action": "NORTH", "reward": 301, "info": {}, "observation": {"remainingOverageTime": 60, "index": 3}, "status": "DONE"}], [{"action": "NORTH", "reward": 902, "info": {}, "observation": {"remainingOverageTime": 60, "step": 61, "geese": [[], [29, 28, 27, 16, 15, 14, 3, 4, 5], [72, 71, 70, 69, 68, 57, 58, 59, 60, 61, 62, 51, 50, 49, 48], []], "food": [41, 21], "index": 0}, "status": "DONE"}, {"action": "EAST", "reward": 6209, "info": {}, "observation": {"remainingOverageTime": 60, "index": 1}, "status": "ACTIVE"}, {"action": "EAST", "reward": 6215, "info": {}, "observation": {"remainingOverageTime": 60, "index": 2}, "status": "ACTIVE"}, {"action": "NORTH", "reward": 301, "info": {}, "observation": {"remainingOverageTime": 60, "index": 3}, "status": "DONE"}], [{"action": "NORTH", "reward": 902, "info": {}, "observation": {"remainingOverageTime": 60, "step": 62, "geese": [[], [30, 29, 28, 27, 16, 15, 14, 3, 4], [73, 72, 71, 70, 69, 68, 57, 58, 59, 60, 61, 62, 51, 50, 49], []], "food": [41, 21], "index": 0}, "status": "DONE"}, {"action": "EAST", "reward": 6309, "info": {}, "observation": {"remainingOverageTime": 60, "index": 1}, "status": "ACTIVE"}, {"action": "EAST", "reward": 6315, "info": {}, "observation": {"remainingOverageTime": 60, "index": 2}, "status": "ACTIVE"}, {"action": "NORTH", "reward": 301, "info": {}, "observation": {"remainingOverageTime": 60, "index": 3}, "status": "DONE"}], [{"action": "NORTH", "reward": 902, "info": {}, "observation": {"remainingOverageTime": 60, "step": 63, "geese": [[], [41, 30, 29, 28, 27, 16, 15, 14, 3, 4], [74, 73, 72, 71, 70, 69, 68, 57, 58, 59, 60, 61, 62, 51, 50], []], "food": [21, 48], "index": 0}, "status": "DONE"}, {"action": "SOUTH", "reward": 6410, "info": {}, "observation": {"remainingOverageTime": 60, "index": 1}, "status": "ACTIVE"}, {"action": "EAST", "reward": 6415, "info": {}, "observation": {"remainingOverageTime": 60, "index": 2}, "status": "ACTIVE"}, {"action": "NORTH", "reward": 301, "info": {}, "observation": {"remainingOverageTime": 60, "index": 3}, "status": "DONE"}], [{"action": "NORTH", "reward": 902, "info": {}, "observation": {"remainingOverageTime": 60, "step": 64, "geese": [[], [42, 41, 30, 29, 28, 27, 16, 15, 14, 3], [75, 74, 73, 72, 71, 70, 69, 68, 57, 58, 59, 60, 61, 62, 51], []], "food": [21, 48], "index": 0}, "status": "DONE"}, {"action": "EAST", "reward": 6510, "info": {}, "observation": {"remainingOverageTime": 60, "index": 1}, "status": "ACTIVE"}, {"action": "EAST", "reward": 6515, "info": {}, "observation": {"remainingOverageTime": 60, "index": 2}, "status": "ACTIVE"}, {"action": "NORTH", "reward": 301, "info": {}, "observation": {"remainingOverageTime": 60, "index": 3}, "status": "DONE"}], [{"action": "NORTH", "reward": 902, "info": {}, "observation": {"remainingOverageTime": 60, "step": 65, "geese": [[], [43, 42, 41, 30, 29, 28, 27, 16, 15, 14], [76, 75, 74, 73, 72, 71, 70, 69, 68, 57, 58, 59, 60, 61, 62], []], "food": [21, 48], "index": 0}, "status": "DONE"}, {"action": "EAST", "reward": 6610, "info": {}, "observation": {"remainingOverageTime": 60, "index": 1}, "status": "ACTIVE"}, {"action": "EAST", "reward": 6615, "info": {}, "observation": {"remainingOverageTime": 60, "index": 2}, "status": "ACTIVE"}, {"action": "NORTH", "reward": 301, "info": {}, "observation": {"remainingOverageTime": 60, "index": 3}, "status": "DONE"}], [{"action": "NORTH", "reward": 902, "info": {}, "observation": {"remainingOverageTime": 60, "step": 66, "geese": [[], [32, 43, 42, 41, 30, 29, 28, 27, 16, 15], [10, 76, 75, 74, 73, 72, 71, 70, 69, 68, 57, 58, 59, 60, 61], []], "food": [21, 48], "index": 0}, "status": "DONE"}, {"action": "NORTH", "reward": 6710, "info": {}, "observation": {"remainingOverageTime": 60, "index": 1}, "status": "ACTIVE"}, {"action": "SOUTH", "reward": 6715, "info": {}, "observation": {"remainingOverageTime": 60, "index": 2}, "status": "ACTIVE"}, {"action": "NORTH", "reward": 301, "info": {}, "observation": {"remainingOverageTime": 60, "index": 3}, "status": "DONE"}], [{"action": "NORTH", "reward": 902, "info": {}, "observation": {"remainingOverageTime": 60, "step": 67, "geese": [[], [22, 32, 43, 42, 41, 30, 29, 28, 27, 16], [0, 10, 76, 75, 74, 73, 72, 71, 70, 69, 68, 57, 58, 59, 60], []], "food": [21, 48], "index": 0}, "status": "DONE"}, {"action": "EAST", "reward": 6810, "info": {}, "observation": {"remainingOverageTime": 60, "index": 1}, "status": "ACTIVE"}, {"action": "EAST", "reward": 6815, "info": {}, "observation": {"remainingOverageTime": 60, "index": 2}, "status": "ACTIVE"}, {"action": "NORTH", "reward": 301, "info": {}, "observation": {"remainingOverageTime": 60, "index": 3}, "status": "DONE"}], [{"action": "NORTH", "reward": 902, "info": {}, "observation": {"remainingOverageTime": 60, "step": 68, "geese": [[], [23, 22, 32, 43, 42, 41, 30, 29, 28, 27], [1, 0, 10, 76, 75, 74, 73, 72, 71, 70, 69, 68, 57, 58, 59], []], "food": [21, 48], "index": 0}, "status": "DONE"}, {"action": "EAST", "reward": 6910, "info": {}, "observation": {"remainingOverageTime": 60, "index": 1}, "status": "ACTIVE"}, {"action": "EAST", "reward": 6915, "info": {}, "observation": {"remainingOverageTime": 60, "index": 2}, "status": "ACTIVE"}, {"action": "NORTH", "reward": 301, "info": {}, "observation": {"remainingOverageTime": 60, "index": 3}, "status": "DONE"}], [{"action": "NORTH", "reward": 902, "info": {}, "observation": {"remainingOverageTime": 60, "step": 69, "geese": [[], [24, 23, 22, 32, 43, 42, 41, 30, 29, 28], [67, 1, 0, 10, 76, 75, 74, 73, 72, 71, 70, 69, 68, 57, 58], []], "food": [21, 48], "index": 0}, "status": "DONE"}, {"action": "EAST", "reward": 7010, "info": {}, "observation": {"remainingOverageTime": 60, "index": 1}, "status": "ACTIVE"}, {"action": "NORTH", "reward": 7015, "info": {}, "observation": {"remainingOverageTime": 60, "index": 2}, "status": "ACTIVE"}, {"action": "NORTH", "reward": 301, "info": {}, "observation": {"remainingOverageTime": 60, "index": 3}, "status": "DONE"}], [{"action": "NORTH", "reward": 902, "info": {}, "observation": {"remainingOverageTime": 60, "step": 70, "geese": [[], [25, 24, 23, 22, 32, 43, 42, 41, 30, 29], [56, 67, 1, 0, 10, 76, 75, 74, 73, 72, 71, 70, 69, 68, 57], []], "food": [21, 48], "index": 0}, "status": "DONE"}, {"action": "EAST", "reward": 7110, "info": {}, "observation": {"remainingOverageTime": 60, "index": 1}, "status": "ACTIVE"}, {"action": "NORTH", "reward": 7115, "info": {}, "observation": {"remainingOverageTime": 60, "index": 2}, "status": "ACTIVE"}, {"action": "NORTH", "reward": 301, "info": {}, "observation": {"remainingOverageTime": 60, "index": 3}, "status": "DONE"}], [{"action": "NORTH", "reward": 902, "info": {}, "observation": {"remainingOverageTime": 60, "step": 71, "geese": [[], [26, 25, 24, 23, 22, 32, 43, 42, 41, 30], [57, 56, 67, 1, 0, 10, 76, 75, 74, 73, 72, 71, 70, 69, 68], []], "food": [21, 48], "index": 0}, "status": "DONE"}, {"action": "EAST", "reward": 7210, "info": {}, "observation": {"remainingOverageTime": 60, "index": 1}, "status": "ACTIVE"}, {"action": "EAST", "reward": 7215, "info": {}, "observation": {"remainingOverageTime": 60, "index": 2}, "status": "ACTIVE"}, {"action": "NORTH", "reward": 301, "info": {}, "observation": {"remainingOverageTime": 60, "index": 3}, "status": "DONE"}], [{"action": "NORTH", "reward": 902, "info": {}, "observation": {"remainingOverageTime": 60, "step": 72, "geese": [[], [37, 26, 25, 24, 23, 22, 32, 43, 42, 41], [58, 57, 56, 67, 1, 0, 10, 76, 75, 74, 73, 72, 71, 70, 69], []], "food": [21, 48], "index": 0}, "status": "DONE"}, {"action": "SOUTH", "reward": 7310, "info": {}, "observation": {"remainingOverageTime": 60, "index": 1}, "status": "ACTIVE"}, {"action": "EAST", "reward": 7315, "info": {}, "observation": {"remainingOverageTime": 60, "index": 2}, "status": "ACTIVE"}, {"action": "NORTH", "reward": 301, "info": {}, "observation": {"remainingOverageTime": 60, "index": 3}, "status": "DONE"}], [{"action": "NORTH", "reward": 902, "info": {}, "observation": {"remainingOverageTime": 60, "step": 73, "geese": [[], [48, 37, 26, 25, 24, 23, 22, 32, 43, 42, 41], [69, 58, 57, 56, 67, 1, 0, 10, 76, 75, 74, 73, 72, 71, 70], []], "food": [21, 33], "index": 0}, "status": "DONE"}, {"action": "SOUTH", "reward": 7411, "info": {}, "observation": {"remainingOverageTime": 60, "index": 1}, "status": "ACTIVE"}, {"action": "SOUTH", "reward": 7415, "info": {}, "observation": {"remainingOverageTime": 60, "index": 2}, "status": "ACTIVE"}, {"action": "NORTH", "reward": 301, "info": {}, "observation": {"remainingOverageTime": 60, "index": 3}, "status": "DONE"}], [{"action": "NORTH", "reward": 902, "info": {}, "observation": {"remainingOverageTime": 60, "step": 74, "geese": [[], [47, 48, 37, 26, 25, 24, 23, 22, 32, 43, 42], [68, 69, 58, 57, 56, 67, 1, 0, 10, 76, 75, 74, 73, 72, 71], []], "food": [21, 33], "index": 0}, "status": "DONE"}, {"action": "WEST", "reward": 7511, "info": {}, "observation": {"remainingOverageTime": 60, "index": 1}, "status": "ACTIVE"}, {"action": "WEST", "reward": 7515, "info": {}, "observation": {"remainingOverageTime": 60, "index": 2}, "status": "ACTIVE"}, {"action": "NORTH", "reward": 301, "info": {}, "observation": {"remainingOverageTime": 60, "index": 3}, "status": "DONE"}], [{"action": "NORTH", "reward": 902, "info": {}, "observation": {"remainingOverageTime": 60, "step": 75, "geese": [[], [36, 47, 48, 37, 26, 25, 24, 23, 22, 32, 43], [2, 68, 69, 58, 57, 56, 67, 1, 0, 10, 76, 75, 74, 73, 72], []], "food": [21, 33], "index": 0}, "status": "DONE"}, {"action": "NORTH", "reward": 7611, "info": {}, "observation": {"remainingOverageTime": 60, "index": 1}, "status": "ACTIVE"}, {"action": "SOUTH", "reward": 7615, "info": {}, "observation": {"remainingOverageTime": 60, "index": 2}, "status": "ACTIVE"}, {"action": "NORTH", "reward": 301, "info": {}, "observation": {"remainingOverageTime": 60, "index": 3}, "status": "DONE"}], [{"action": "NORTH", "reward": 902, "info": {}, "observation": {"remainingOverageTime": 60, "step": 76, "geese": [[], [35, 36, 47, 48, 37, 26, 25, 24, 23, 22, 32], [13, 2, 68, 69, 58, 57, 56, 67, 1, 0, 10, 76, 75, 74, 73], []], "food": [21, 33], "index": 0}, "status": "DONE"}, {"action": "WEST", "reward": 7711, "info": {}, "observation": {"remainingOverageTime": 60, "index": 1}, "status": "ACTIVE"}, {"action": "SOUTH", "reward": 7715, "info": {}, "observation": {"remainingOverageTime": 60, "index": 2}, "status": "ACTIVE"}, {"action": "NORTH", "reward": 301, "info": {}, "observation": {"remainingOverageTime": 60, "index": 3}, "status": "DONE"}], [{"action": "NORTH", "reward": 902, "info": {}, "observation": {"remainingOverageTime": 60, "step": 77, "geese": [[], [34, 35, 36, 47, 48, 37, 26, 25, 24, 23, 22], [12, 13, 2, 68, 69, 58, 57, 56, 67, 1, 0, 10, 76, 75, 74], []], "food": [21, 33], "index": 0}, "status": "DONE"}, {"action": "WEST", "reward": 7811, "info": {}, "observation": {"remainingOverageTime": 60, "index": 1}, "status": "ACTIVE"}, {"action": "WEST", "reward": 7815, "info": {}, "observation": {"remainingOverageTime": 60, "index": 2}, "status": "ACTIVE"}, {"action": "NORTH", "reward": 301, "info": {}, "observation": {"remainingOverageTime": 60, "index": 3}, "status": "DONE"}], [{"action": "NORTH", "reward": 902, "info": {}, "observation": {"remainingOverageTime": 60, "step": 78, "geese": [[], [33, 34, 35, 36, 47, 48, 37, 26, 25, 24, 23, 22], [11, 12, 13, 2, 68, 69, 58, 57, 56, 67, 1, 0, 10, 76, 75], []], "food": [21, 41], "index": 0}, "status": "DONE"}, {"action": "WEST", "reward": 7912, "info": {}, "observation": {"remainingOverageTime": 60, "index": 1}, "status": "ACTIVE"}, {"action": "WEST", "reward": 7915, "info": {}, "observation": {"remainingOverageTime": 60, "index": 2}, "status": "ACTIVE"}, {"action": "NORTH", "reward": 301, "info": {}, "observation": {"remainingOverageTime": 60, "index": 3}, "status": "DONE"}], [{"action": "NORTH", "reward": 902, "info": {}, "observation": {"remainingOverageTime": 60, "step": 79, "geese": [[], [43, 33, 34, 35, 36, 47, 48, 37, 26, 25, 24, 23], [21, 11, 12, 13, 2, 68, 69, 58, 57, 56, 67, 1, 0, 10, 76, 75], []], "food": [41, 38], "index": 0}, "status": "DONE"}, {"action": "WEST", "reward": 8012, "info": {}, "observation": {"remainingOverageTime": 60, "index": 1}, "status": "ACTIVE"}, {"action": "WEST", "reward": 8016, "info": {}, "observation": {"remainingOverageTime": 60, "index": 2}, "status": "ACTIVE"}, {"action": "NORTH", "reward": 301, "info": {}, "observation": {"remainingOverageTime": 60, "index": 3}, "status": "DONE"}], [{"action": "NORTH", "reward": 902, "info": {}, "observation": {"remainingOverageTime": 60, "step": 80, "geese": [[], [42, 43, 33, 34, 35, 36, 47, 48, 37, 26, 25], [20, 21, 11, 12, 13, 2, 68, 69, 58, 57, 56, 67, 1, 0, 10], []], "food": [41, 38], "index": 0}, "status": "DONE"}, {"action": "WEST", "reward": 8111, "info": {}, "observation": {"remainingOverageTime": 60, "index": 1}, "status": "ACTIVE"}, {"action": "WEST", "reward": 8115, "info": {}, "observation": {"remainingOverageTime": 60, "index": 2}, "status": "ACTIVE"}, {"action": "NORTH", "reward": 301, "info": {}, "observation": {"remainingOverageTime": 60, "index": 3}, "status": "DONE"}], [{"action": "NORTH", "reward": 902, "info": {}, "observation": {"remainingOverageTime": 60, "step": 81, "geese": [[], [41, 42, 43, 33, 34, 35, 36, 47, 48, 37, 26, 25], [19, 20, 21, 11, 12, 13, 2, 68, 69, 58, 57, 56, 67, 1, 0], []], "food": [38, 4], "index": 0}, "status": "DONE"}, {"action": "WEST", "reward": 8212, "info": {}, "observation": {"remainingOverageTime": 60, "index": 1}, "status": "ACTIVE"}, {"action": "WEST", "reward": 8215, "info": {}, "observation": {"remainingOverageTime": 60, "index": 2}, "status": "ACTIVE"}, {"action": "NORTH", "reward": 301, "info": {}, "observation": {"remainingOverageTime": 60, "index": 3}, "status": "DONE"}], [{"action": "NORTH", "reward": 902, "info": {}, "observation": {"remainingOverageTime": 60, "step": 82, "geese": [[], [40, 41, 42, 43, 33, 34, 35, 36, 47, 48, 37, 26], [8, 19, 20, 21, 11, 12, 13, 2, 68, 69, 58, 57, 56, 67, 1], []], "food": [38, 4], "index": 0}, "status": "DONE"}, {"action": "WEST", "reward": 8312, "info": {}, "observation": {"remainingOverageTime": 60, "index": 1}, "status": "ACTIVE"}, {"action": "NORTH", "reward": 8315, "info": {}, "observation": {"remainingOverageTime": 60, "index": 2}, "status": "ACTIVE"}, {"action": "NORTH", "reward": 301, "info": {}, "observation": {"remainingOverageTime": 60, "index": 3}, "status": "DONE"}], [{"action": "NORTH", "reward": 902, "info": {}, "observation": {"remainingOverageTime": 60, "step": 83, "geese": [[], [39, 40, 41, 42, 43, 33, 34, 35, 36, 47, 48, 37], [7, 8, 19, 20, 21, 11, 12, 13, 2, 68, 69, 58, 57, 56, 67], []], "food": [38, 4], "index": 0}, "status": "DONE"}, {"action": "WEST", "reward": 8412, "info": {}, "observation": {"remainingOverageTime": 60, "index": 1}, "status": "ACTIVE"}, {"action": "WEST", "reward": 8415, "info": {}, "observation": {"remainingOverageTime": 60, "index": 2}, "status": "ACTIVE"}, {"action": "NORTH", "reward": 301, "info": {}, "observation": {"remainingOverageTime": 60, "index": 3}, "status": "DONE"}], [{"action": "NORTH", "reward": 902, "info": {}, "observation": {"remainingOverageTime": 60, "step": 84, "geese": [[], [38, 39, 40, 41, 42, 43, 33, 34, 35, 36, 47, 48, 37], [6, 7, 8, 19, 20, 21, 11, 12, 13, 2, 68, 69, 58, 57, 56], []], "food": [4, 60], "index": 0}, "status": "DONE"}, {"action": "WEST", "reward": 8513, "info": {}, "observation": {"remainingOverageTime": 60, "index": 1}, "status": "ACTIVE"}, {"action": "WEST", "reward": 8515, "info": {}, "observation": {"remainingOverageTime": 60, "index": 2}, "status": "ACTIVE"}, {"action": "NORTH", "reward": 301, "info": {}, "observation": {"remainingOverageTime": 60, "index": 3}, "status": "DONE"}], [{"action": "NORTH", "reward": 902, "info": {}, "observation": {"remainingOverageTime": 60, "step": 85, "geese": [[], [49, 38, 39, 40, 41, 42, 43, 33, 34, 35, 36, 47, 48], [5, 6, 7, 8, 19, 20, 21, 11, 12, 13, 2, 68, 69, 58, 57], []], "food": [4, 60], "index": 0}, "status": "DONE"}, {"action": "SOUTH", "reward": 8613, "info": {}, "observation": {"remainingOverageTime": 60, "index": 1}, "status": "ACTIVE"}, {"action": "WEST", "reward": 8615, "info": {}, "observation": {"remainingOverageTime": 60, "index": 2}, "status": "ACTIVE"}, {"action": "NORTH", "reward": 301, "info": {}, "observation": {"remainingOverageTime": 60, "index": 3}, "status": "DONE"}], [{"action": "NORTH", "reward": 902, "info": {}, "observation": {"remainingOverageTime": 60, "step": 86, "geese": [[], [60, 49, 38, 39, 40, 41, 42, 43, 33, 34, 35, 36, 47, 48], [4, 5, 6, 7, 8, 19, 20, 21, 11, 12, 13, 2, 68, 69, 58, 57], []], "food": [25, 63], "index": 0}, "status": "DONE"}, {"action": "SOUTH", "reward": 8714, "info": {}, "observation": {"remainingOverageTime": 60, "index": 1}, "status": "ACTIVE"}, {"action": "WEST", "reward": 8716, "info": {}, "observation": {"remainingOverageTime": 60, "index": 2}, "status": "ACTIVE"}, {"action": "NORTH", "reward": 301, "info": {}, "observation": {"remainingOverageTime": 60, "index": 3}, "status": "DONE"}], [{"action": "NORTH", "reward": 902, "info": {}, "observation": {"remainingOverageTime": 60, "step": 87, "geese": [[], [61, 60, 49, 38, 39, 40, 41, 42, 43, 33, 34, 35, 36, 47], [3, 4, 5, 6, 7, 8, 19, 20, 21, 11, 12, 13, 2, 68, 69, 58], []], "food": [25, 63], "index": 0}, "status": "DONE"}, {"action": "EAST", "reward": 8814, "info": {}, "observation": {"remainingOverageTime": 60, "index": 1}, "status": "ACTIVE"}, {"action": "WEST", "reward": 8816, "info": {}, "observation": {"remainingOverageTime": 60, "index": 2}, "status": "ACTIVE"}, {"action": "NORTH", "reward": 301, "info": {}, "observation": {"remainingOverageTime": 60, "index": 3}, "status": "DONE"}], [{"action": "NORTH", "reward": 902, "info": {}, "observation": {"remainingOverageTime": 60, "step": 88, "geese": [[], [62, 61, 60, 49, 38, 39, 40, 41, 42, 43, 33, 34, 35, 36], [14, 3, 4, 5, 6, 7, 8, 19, 20, 21, 11, 12, 13, 2, 68, 69], []], "food": [25, 63], "index": 0}, "status": "DONE"}, {"action": "EAST", "reward": 8914, "info": {}, "observation": {"remainingOverageTime": 60, "index": 1}, "status": "ACTIVE"}, {"action": "SOUTH", "reward": 8916, "info": {}, "observation": {"remainingOverageTime": 60, "index": 2}, "status": "ACTIVE"}, {"action": "NORTH", "reward": 301, "info": {}, "observation": {"remainingOverageTime": 60, "index": 3}, "status": "DONE"}], [{"action": "NORTH", "reward": 902, "info": {}, "observation": {"remainingOverageTime": 60, "step": 89, "geese": [[], [63, 62, 61, 60, 49, 38, 39, 40, 41, 42, 43, 33, 34, 35, 36], [25, 14, 3, 4, 5, 6, 7, 8, 19, 20, 21, 11, 12, 13, 2, 68, 69], []], "food": [48, 17], "index": 0}, "status": "DONE"}, {"action": "EAST", "reward": 9015, "info": {}, "observation": {"remainingOverageTime": 60, "index": 1}, "status": "ACTIVE"}, {"action": "SOUTH", "reward": 9017, "info": {}, "observation": {"remainingOverageTime": 60, "index": 2}, "status": "ACTIVE"}, {"action": "NORTH", "reward": 301, "info": {}, "observation": {"remainingOverageTime": 60, "index": 3}, "status": "DONE"}], [{"action": "NORTH", "reward": 902, "info": {}, "observation": {"remainingOverageTime": 60, "step": 90, "geese": [[], [74, 63, 62, 61, 60, 49, 38, 39, 40, 41, 42, 43, 33, 34, 35], [26, 25, 14, 3, 4, 5, 6, 7, 8, 19, 20, 21, 11, 12, 13, 2, 68], []], "food": [48, 17], "index": 0}, "status": "DONE"}, {"action": "SOUTH", "reward": 9115, "info": {}, "observation": {"remainingOverageTime": 60, "index": 1}, "status": "ACTIVE"}, {"action": "EAST", "reward": 9117, "info": {}, "observation": {"remainingOverageTime": 60, "index": 2}, "status": "ACTIVE"}, {"action": "NORTH", "reward": 301, "info": {}, "observation": {"remainingOverageTime": 60, "index": 3}, "status": "DONE"}], [{"action": "NORTH", "reward": 902, "info": {}, "observation": {"remainingOverageTime": 60, "step": 91, "geese": [[], [73, 74, 63, 62, 61, 60, 49, 38, 39, 40, 41, 42, 43, 33, 34], [37, 26, 25, 14, 3, 4, 5, 6, 7, 8, 19, 20, 21, 11, 12, 13, 2], []], "food": [48, 17], "index": 0}, "status": "DONE"}, {"action": "WEST", "reward": 9215, "info": {}, "observation": {"remainingOverageTime": 60, "index": 1}, "status": "ACTIVE"}, {"action": "SOUTH", "reward": 9217, "info": {}, "observation": {"remainingOverageTime": 60, "index": 2}, "status": "ACTIVE"}, {"action": "NORTH", "reward": 301, "info": {}, "observation": {"remainingOverageTime": 60, "index": 3}, "status": "DONE"}], [{"action": "NORTH", "reward": 902, "info": {}, "observation": {"remainingOverageTime": 60, "step": 92, "geese": [[], [72, 73, 74, 63, 62, 61, 60, 49, 38, 39, 40, 41, 42, 43, 33], [48, 37, 26, 25, 14, 3, 4, 5, 6, 7, 8, 19, 20, 21, 11, 12, 13, 2], []], "food": [17, 23], "index": 0}, "status": "DONE"}, {"action": "WEST", "reward": 9315, "info": {}, "observation": {"remainingOverageTime": 60, "index": 1}, "status": "ACTIVE"}, {"action": "SOUTH", "reward": 9318, "info": {}, "observation": {"remainingOverageTime": 60, "index": 2}, "status": "ACTIVE"}, {"action": "NORTH", "reward": 301, "info": {}, "observation": {"remainingOverageTime": 60, "index": 3}, "status": "DONE"}], [{"action": "NORTH", "reward": 902, "info": {}, "observation": {"remainingOverageTime": 60, "step": 93, "geese": [[], [71, 72, 73, 74, 63, 62, 61, 60, 49, 38, 39, 40, 41, 42, 43], [47, 48, 37, 26, 25, 14, 3, 4, 5, 6, 7, 8, 19, 20, 21, 11, 12, 13], []], "food": [17, 23], "index": 0}, "status": "DONE"}, {"action": "WEST", "reward": 9415, "info": {}, "observation": {"remainingOverageTime": 60, "index": 1}, "status": "ACTIVE"}, {"action": "WEST", "reward": 9418, "info": {}, "observation": {"remainingOverageTime": 60, "index": 2}, "status": "ACTIVE"}, {"action": "NORTH", "reward": 301, "info": {}, "observation": {"remainingOverageTime": 60, "index": 3}, "status": "DONE"}], [{"action": "NORTH", "reward": 902, "info": {}, "observation": {"remainingOverageTime": 60, "step": 94, "geese": [[], [70, 71, 72, 73, 74, 63, 62, 61, 60, 49, 38, 39, 40, 41, 42], [36, 47, 48, 37, 26, 25, 14, 3, 4, 5, 6, 7, 8, 19, 20, 21, 11, 12], []], "food": [17, 23], "index": 0}, "status": "DONE"}, {"action": "WEST", "reward": 9515, "info": {}, "observation": {"remainingOverageTime": 60, "index": 1}, "status": "ACTIVE"}, {"action": "NORTH", "reward": 9518, "info": {}, "observation": {"remainingOverageTime": 60, "index": 2}, "status": "ACTIVE"}, {"action": "NORTH", "reward": 301, "info": {}, "observation": {"remainingOverageTime": 60, "index": 3}, "status": "DONE"}], [{"action": "NORTH", "reward": 902, "info": {}, "observation": {"remainingOverageTime": 60, "step": 95, "geese": [[], [69, 70, 71, 72, 73, 74, 63, 62, 61, 60, 49, 38, 39, 40, 41], [35, 36, 47, 48, 37, 26, 25, 14, 3, 4, 5, 6, 7, 8, 19, 20, 21, 11], []], "food": [17, 23], "index": 0}, "status": "DONE"}, {"action": "WEST", "reward": 9615, "info": {}, "observation": {"remainingOverageTime": 60, "index": 1}, "status": "ACTIVE"}, {"action": "WEST", "reward": 9618, "info": {}, "observation": {"remainingOverageTime": 60, "index": 2}, "status": "ACTIVE"}, {"action": "NORTH", "reward": 301, "info": {}, "observation": {"remainingOverageTime": 60, "index": 3}, "status": "DONE"}], [{"action": "NORTH", "reward": 902, "info": {}, "observation": {"remainingOverageTime": 60, "step": 96, "geese": [[], [68, 69, 70, 71, 72, 73, 74, 63, 62, 61, 60, 49, 38, 39, 40], [24, 35, 36, 47, 48, 37, 26, 25, 14, 3, 4, 5, 6, 7, 8, 19, 20, 21], []], "food": [17, 23], "index": 0}, "status": "DONE"}, {"action": "WEST", "reward": 9715, "info": {}, "observation": {"remainingOverageTime": 60, "index": 1}, "status": "ACTIVE"}, {"action": "NORTH", "reward": 9718, "info": {}, "observation": {"remainingOverageTime": 60, "index": 2}, "status": "ACTIVE"}, {"action": "NORTH", "reward": 301, "info": {}, "observation": {"remainingOverageTime": 60, "index": 3}, "status": "DONE"}], [{"action": "NORTH", "reward": 902, "info": {}, "observation": {"remainingOverageTime": 60, "step": 97, "geese": [[], [67, 68, 69, 70, 71, 72, 73, 74, 63, 62, 61, 60, 49, 38, 39], [23, 24, 35, 36, 47, 48, 37, 26, 25, 14, 3, 4, 5, 6, 7, 8, 19, 20, 21], []], "food": [17, 12], "index": 0}, "status": "DONE"}, {"action": "WEST", "reward": 9815, "info": {}, "observation": {"remainingOverageTime": 60, "index": 1}, "status": "ACTIVE"}, {"action": "WEST", "reward": 9819, "info": {}, "observation": {"remainingOverageTime": 60, "index": 2}, "status": "ACTIVE"}, {"action": "NORTH", "reward": 301, "info": {}, "observation": {"remainingOverageTime": 60, "index": 3}, "status": "DONE"}], [{"action": "NORTH", "reward": 902, "info": {}, "observation": {"remainingOverageTime": 60, "step": 98, "geese": [[], [66, 67, 68, 69, 70, 71, 72, 73, 74, 63, 62, 61, 60, 49, 38], [12, 23, 24, 35, 36, 47, 48, 37, 26, 25, 14, 3, 4, 5, 6, 7, 8, 19, 20, 21], []], "food": [17, 59], "index": 0}, "status": "DONE"}, {"action": "WEST", "reward": 9915, "info": {}, "observation": {"remainingOverageTime": 60, "index": 1}, "status": "ACTIVE"}, {"action": "NORTH", "reward": 9920, "info": {}, "observation": {"remainingOverageTime": 60, "index": 2}, "status": "ACTIVE"}, {"action": "NORTH", "reward": 301, "info": {}, "observation": {"remainingOverageTime": 60, "index": 3}, "status": "DONE"}], [{"action": "NORTH", "reward": 902, "info": {}, "observation": {"remainingOverageTime": 60, "step": 99, "geese": [[], [55, 66, 67, 68, 69, 70, 71, 72, 73, 74, 63, 62, 61, 60, 49], [11, 12, 23, 24, 35, 36, 47, 48, 37, 26, 25, 14, 3, 4, 5, 6, 7, 8, 19, 20], []], "food": [17, 59], "index": 0}, "status": "DONE"}, {"action": "NORTH", "reward": 10015, "info": {}, "observation": {"remainingOverageTime": 60, "index": 1}, "status": "ACTIVE"}, {"action": "WEST", "reward": 10020, "info": {}, "observation": {"remainingOverageTime": 60, "index": 2}, "status": "ACTIVE"}, {"action": "NORTH", "reward": 301, "info": {}, "observation": {"remainingOverageTime": 60, "index": 3}, "status": "DONE"}], [{"action": "NORTH", "reward": 902, "info": {}, "observation": {"remainingOverageTime": 60, "step": 100, "geese": [[], [56, 55, 66, 67, 68, 69, 70, 71, 72, 73, 74, 63, 62, 61, 60], [21, 11, 12, 23, 24, 35, 36, 47, 48, 37, 26, 25, 14, 3, 4, 5, 6, 7, 8, 19], []], "food": [17, 59], "index": 0}, "status": "DONE"}, {"action": "EAST", "reward": 10115, "info": {}, "observation": {"remainingOverageTime": 60, "index": 1}, "status": "ACTIVE"}, {"action": "WEST", "reward": 10120, "info": {}, "observation": {"remainingOverageTime": 60, "index": 2}, "status": "ACTIVE"}, {"action": "NORTH", "reward": 301, "info": {}, "observation": {"remainingOverageTime": 60, "index": 3}, "status": "DONE"}], [{"action": "NORTH", "reward": 902, "info": {}, "observation": {"remainingOverageTime": 60, "step": 101, "geese": [[], [57, 56, 55, 66, 67, 68, 69, 70, 71, 72, 73, 74, 63, 62, 61], [20, 21, 11, 12, 23, 24, 35, 36, 47, 48, 37, 26, 25, 14, 3, 4, 5, 6, 7, 8], []], "food": [17, 59], "index": 0}, "status": "DONE"}, {"action": "EAST", "reward": 10215, "info": {}, "observation": {"remainingOverageTime": 60, "index": 1}, "status": "ACTIVE"}, {"action": "WEST", "reward": 10220, "info": {}, "observation": {"remainingOverageTime": 60, "index": 2}, "status": "ACTIVE"}, {"action": "NORTH", "reward": 301, "info": {}, "observation": {"remainingOverageTime": 60, "index": 3}, "status": "DONE"}], [{"action": "NORTH", "reward": 902, "info": {}, "observation": {"remainingOverageTime": 60, "step": 102, "geese": [[], [58, 57, 56, 55, 66, 67, 68, 69, 70, 71, 72, 73, 74, 63, 62], [19, 20, 21, 11, 12, 23, 24, 35, 36, 47, 48, 37, 26, 25, 14, 3, 4, 5, 6, 7], []], "food": [17, 59], "index": 0}, "status": "DONE"}, {"action": "EAST", "reward": 10315, "info": {}, "observation": {"remainingOverageTime": 60, "index": 1}, "status": "ACTIVE"}, {"action": "WEST", "reward": 10320, "info": {}, "observation": {"remainingOverageTime": 60, "index": 2}, "status": "ACTIVE"}, {"action": "NORTH", "reward": 301, "info": {}, "observation": {"remainingOverageTime": 60, "index": 3}, "status": "DONE"}], [{"action": "NORTH", "reward": 902, "info": {}, "observation": {"remainingOverageTime": 60, "step": 103, "geese": [[], [59, 58, 57, 56, 55, 66, 67, 68, 69, 70, 71, 72, 73, 74, 63, 62], [18, 19, 20, 21, 11, 12, 23, 24, 35, 36, 47, 48, 37, 26, 25, 14, 3, 4, 5, 6], []], "food": [17, 61], "index": 0}, "status": "DONE"}, {"action": "EAST", "reward": 10416, "info": {}, "observation": {"remainingOverageTime": 60, "index": 1}, "status": "ACTIVE"}, {"action": "WEST", "reward": 10420, "info": {}, "observation": {"remainingOverageTime": 60, "index": 2}, "status": "ACTIVE"}, {"action": "NORTH", "reward": 301, "info": {}, "observation": {"remainingOverageTime": 60, "index": 3}, "status": "DONE"}], [{"action": "NORTH", "reward": 902, "info": {}, "observation": {"remainingOverageTime": 60, "step": 104, "geese": [[], [60, 59, 58, 57, 56, 55, 66, 67, 68, 69, 70, 71, 72, 73, 74, 63], [17, 18, 19, 20, 21, 11, 12, 23, 24, 35, 36, 47, 48, 37, 26, 25, 14, 3, 4, 5, 6], []], "food": [61, 8], "index": 0}, "status": "DONE"}, {"action": "EAST", "reward": 10516, "info": {}, "observation": {"remainingOverageTime": 60, "index": 1}, "status": "ACTIVE"}, {"action": "WEST", "reward": 10521, "info": {}, "observation": {"remainingOverageTime": 60, "index": 2}, "status": "ACTIVE"}, {"action": "NORTH", "reward": 301, "info": {}, "observation": {"remainingOverageTime": 60, "index": 3}, "status": "DONE"}], [{"action": "NORTH", "reward": 902, "info": {}, "observation": {"remainingOverageTime": 60, "step": 105, "geese": [[], [61, 60, 59, 58, 57, 56, 55, 66, 67, 68, 69, 70, 71, 72, 73, 74, 63], [6, 17, 18, 19, 20, 21, 11, 12, 23, 24, 35, 36, 47, 48, 37, 26, 25, 14, 3, 4, 5], []], "food": [8, 45], "index": 0}, "status": "DONE"}, {"action": "EAST", "reward": 10617, "info": {}, "observation": {"remainingOverageTime": 60, "index": 1}, "status": "ACTIVE"}, {"action": "NORTH", "reward": 10621, "info": {}, "observation": {"remainingOverageTime": 60, "index": 2}, "status": "ACTIVE"}, {"action": "NORTH", "reward": 301, "info": {}, "observation": {"remainingOverageTime": 60, "index": 3}, "status": "DONE"}], [{"action": "NORTH", "reward": 902, "info": {}, "observation": {"remainingOverageTime": 60, "step": 106, "geese": [[], [62, 61, 60, 59, 58, 57, 56, 55, 66, 67, 68, 69, 70, 71, 72, 73, 74], [7, 6, 17, 18, 19, 20, 21, 11, 12, 23, 24, 35, 36, 47, 48, 37, 26, 25, 14, 3, 4], []], "food": [8, 45], "index": 0}, "status": "DONE"}, {"action": "EAST", "reward": 10717, "info": {}, "observation": {"remainingOverageTime": 60, "index": 1}, "status": "ACTIVE"}, {"action": "EAST", "reward": 10721, "info": {}, "observation": {"remainingOverageTime": 60, "index": 2}, "status": "ACTIVE"}, {"action": "NORTH", "reward": 301, "info": {}, "observation": {"remainingOverageTime": 60, "index": 3}, "status": "DONE"}], [{"action": "NORTH", "reward": 902, "info": {}, "observation": {"remainingOverageTime": 60, "step": 107, "geese": [[], [63, 62, 61, 60, 59, 58, 57, 56, 55, 66, 67, 68, 69, 70, 71, 72, 73], [8, 7, 6, 17, 18, 19, 20, 21, 11, 12, 23, 24, 35, 36, 47, 48, 37, 26, 25, 14, 3, 4], []], "food": [45, 33], "index": 0}, "status": "DONE"}, {"action": "EAST", "reward": 10817, "info": {}, "observation": {"remainingOverageTime": 60, "index": 1}, "status": "ACTIVE"}, {"action": "EAST", "reward": 10822, "info": {}, "observation": {"remainingOverageTime": 60, "index": 2}, "status": "ACTIVE"}, {"action": "NORTH", "reward": 301, "info": {}, "observation": {"remainingOverageTime": 60, "index": 3}, "status": "DONE"}], [{"action": "NORTH", "reward": 902, "info": {}, "observation": {"remainingOverageTime": 60, "step": 108, "geese": [[], [64, 63, 62, 61, 60, 59, 58, 57, 56, 55, 66, 67, 68, 69, 70, 71, 72], [9, 8, 7, 6, 17, 18, 19, 20, 21, 11, 12, 23, 24, 35, 36, 47, 48, 37, 26, 25, 14, 3], []], "food": [45, 33], "index": 0}, "status": "DONE"}, {"action": "EAST", "reward": 10917, "info": {}, "observation": {"remainingOverageTime": 60, "index": 1}, "status": "ACTIVE"}, {"action": "EAST", "reward": 10922, "info": {}, "observation": {"remainingOverageTime": 60, "index": 2}, "status": "ACTIVE"}, {"action": "NORTH", "reward": 301, "info": {}, "observation": {"remainingOverageTime": 60, "index": 3}, "status": "DONE"}], [{"action": "NORTH", "reward": 902, "info": {}, "observation": {"remainingOverageTime": 60, "step": 109, "geese": [[], [65, 64, 63, 62, 61, 60, 59, 58, 57, 56, 55, 66, 67, 68, 69, 70, 71], [10, 9, 8, 7, 6, 17, 18, 19, 20, 21, 11, 12, 23, 24, 35, 36, 47, 48, 37, 26, 25, 14], []], "food": [45, 33], "index": 0}, "status": "DONE"}, {"action": "EAST", "reward": 11017, "info": {}, "observation": {"remainingOverageTime": 60, "index": 1}, "status": "ACTIVE"}, {"action": "EAST", "reward": 11022, "info": {}, "observation": {"remainingOverageTime": 60, "index": 2}, "status": "ACTIVE"}, {"action": "NORTH", "reward": 301, "info": {}, "observation": {"remainingOverageTime": 60, "index": 3}, "status": "DONE"}], [{"action": "NORTH", "reward": 902, "info": {}, "observation": {"remainingOverageTime": 60, "step": 110, "geese": [[], [54, 65, 64, 63, 62, 61, 60, 59, 58, 57, 56, 55, 66, 67, 68, 69, 70], [0, 10, 9, 8, 7, 6, 17, 18, 19, 20, 21, 11, 12, 23, 24, 35, 36, 47, 48, 37, 26, 25], []], "food": [45, 33], "index": 0}, "status": "DONE"}, {"action": "NORTH", "reward": 11117, "info": {}, "observation": {"remainingOverageTime": 60, "index": 1}, "status": "ACTIVE"}, {"action": "EAST", "reward": 11122, "info": {}, "observation": {"remainingOverageTime": 60, "index": 2}, "status": "ACTIVE"}, {"action": "NORTH", "reward": 301, "info": {}, "observation": {"remainingOverageTime": 60, "index": 3}, "status": "DONE"}], [{"action": "NORTH", "reward": 902, "info": {}, "observation": {"remainingOverageTime": 60, "step": 111, "geese": [[], [44, 54, 65, 64, 63, 62, 61, 60, 59, 58, 57, 56, 55, 66, 67, 68, 69], [1, 0, 10, 9, 8, 7, 6, 17, 18, 19, 20, 21, 11, 12, 23, 24, 35, 36, 47, 48, 37, 26], []], "food": [45, 33], "index": 0}, "status": "DONE"}, {"action": "EAST", "reward": 11217, "info": {}, "observation": {"remainingOverageTime": 60, "index": 1}, "status": "ACTIVE"}, {"action": "EAST", "reward": 11222, "info": {}, "observation": {"remainingOverageTime": 60, "index": 2}, "status": "ACTIVE"}, {"action": "NORTH", "reward": 301, "info": {}, "observation": {"remainingOverageTime": 60, "index": 3}, "status": "DONE"}], [{"action": "NORTH", "reward": 902, "info": {}, "observation": {"remainingOverageTime": 60, "step": 112, "geese": [[], [45, 44, 54, 65, 64, 63, 62, 61, 60, 59, 58, 57, 56, 55, 66, 67, 68, 69], [2, 1, 0, 10, 9, 8, 7, 6, 17, 18, 19, 20, 21, 11, 12, 23, 24, 35, 36, 47, 48, 37], []], "food": [33, 25], "index": 0}, "status": "DONE"}, {"action": "EAST", "reward": 11318, "info": {}, "observation": {"remainingOverageTime": 60, "index": 1}, "status": "ACTIVE"}, {"action": "EAST", "reward": 11322, "info": {}, "observation": {"remainingOverageTime": 60, "index": 2}, "status": "ACTIVE"}, {"action": "NORTH", "reward": 301, "info": {}, "observation": {"remainingOverageTime": 60, "index": 3}, "status": "DONE"}], [{"action": "NORTH", "reward": 902, "info": {}, "observation": {"remainingOverageTime": 60, "step": 113, "geese": [[], [34, 45, 44, 54, 65, 64, 63, 62, 61, 60, 59, 58, 57, 56, 55, 66, 67, 68], [3, 2, 1, 0, 10, 9, 8, 7, 6, 17, 18, 19, 20, 21, 11, 12, 23, 24, 35, 36, 47, 48], []], "food": [33, 25], "index": 0}, "status": "DONE"}, {"action": "NORTH", "reward": 11418, "info": {}, "observation": {"remainingOverageTime": 60, "index": 1}, "status": "ACTIVE"}, {"action": "EAST", "reward": 11422, "info": {}, "observation": {"remainingOverageTime": 60, "index": 2}, "status": "ACTIVE"}, {"action": "NORTH", "reward": 301, "info": {}, "observation": {"remainingOverageTime": 60, "index": 3}, "status": "DONE"}], [{"action": "NORTH", "reward": 902, "info": {}, "observation": {"remainingOverageTime": 60, "step": 114, "geese": [[], [33, 34, 45, 44, 54, 65, 64, 63, 62, 61, 60, 59, 58, 57, 56, 55, 66, 67, 68], [14, 3, 2, 1, 0, 10, 9, 8, 7, 6, 17, 18, 19, 20, 21, 11, 12, 23, 24, 35, 36, 47], []], "food": [25, 4], "index": 0}, "status": "DONE"}, {"action": "WEST", "reward": 11519, "info": {}, "observation": {"remainingOverageTime": 60, "index": 1}, "status": "ACTIVE"}, {"action": "SOUTH", "reward": 11522, "info": {}, "observation": {"remainingOverageTime": 60, "index": 2}, "status": "ACTIVE"}, {"action": "NORTH", "reward": 301, "info": {}, "observation": {"remainingOverageTime": 60, "index": 3}, "status": "DONE"}], [{"action": "NORTH", "reward": 902, "info": {}, "observation": {"remainingOverageTime": 60, "step": 115, "geese": [[], [22, 33, 34, 45, 44, 54, 65, 64, 63, 62, 61, 60, 59, 58, 57, 56, 55, 66, 67], [25, 14, 3, 2, 1, 0, 10, 9, 8, 7, 6, 17, 18, 19, 20, 21, 11, 12, 23, 24, 35, 36, 47], []], "food": [4, 32], "index": 0}, "status": "DONE"}, {"action": "NORTH", "reward": 11619, "info": {}, "observation": {"remainingOverageTime": 60, "index": 1}, "status": "ACTIVE"}, {"action": "SOUTH", "reward": 11623, "info": {}, "observation": {"remainingOverageTime": 60, "index": 2}, "status": "ACTIVE"}, {"action": "NORTH", "reward": 301, "info": {}, "observation": {"remainingOverageTime": 60, "index": 3}, "status": "DONE"}], [{"action": "NORTH", "reward": 902, "info": {}, "observation": {"remainingOverageTime": 60, "step": 116, "geese": [[], [32, 22, 33, 34, 45, 44, 54, 65, 64, 63, 62, 61, 60, 59, 58, 57, 56, 55, 66, 67], [26, 25, 14, 3, 2, 1, 0, 10, 9, 8, 7, 6, 17, 18, 19, 20, 21, 11, 12, 23, 24, 35, 36], []], "food": [4, 46], "index": 0}, "status": "DONE"}, {"action": "WEST", "reward": 11720, "info": {}, "observation": {"remainingOverageTime": 60, "index": 1}, "status": "ACTIVE"}, {"action": "EAST", "reward": 11723, "info": {}, "observation": {"remainingOverageTime": 60, "index": 2}, "status": "ACTIVE"}, {"action": "NORTH", "reward": 301, "info": {}, "observation": {"remainingOverageTime": 60, "index": 3}, "status": "DONE"}], [{"action": "NORTH", "reward": 902, "info": {}, "observation": {"remainingOverageTime": 60, "step": 117, "geese": [[], [31, 32, 22, 33, 34, 45, 44, 54, 65, 64, 63, 62, 61, 60, 59, 58, 57, 56, 55, 66], [15, 26, 25, 14, 3, 2, 1, 0, 10, 9, 8, 7, 6, 17, 18, 19, 20, 21, 11, 12, 23, 24, 35], []], "food": [4, 46], "index": 0}, "status": "DONE"}, {"action": "WEST", "reward": 11820, "info": {}, "observation": {"remainingOverageTime": 60, "index": 1}, "status": "ACTIVE"}, {"action": "NORTH", "reward": 11823, "info": {}, "observation": {"remainingOverageTime": 60, "index": 2}, "status": "ACTIVE"}, {"action": "NORTH", "reward": 301, "info": {}, "observation": {"remainingOverageTime": 60, "index": 3}, "status": "DONE"}], [{"action": "NORTH", "reward": 902, "info": {}, "observation": {"remainingOverageTime": 60, "step": 118, "geese": [[], [30, 31, 32, 22, 33, 34, 45, 44, 54, 65, 64, 63, 62, 61, 60, 59, 58, 57, 56, 55], [4, 15, 26, 25, 14, 3, 2, 1, 0, 10, 9, 8, 7, 6, 17, 18, 19, 20, 21, 11, 12, 23, 24, 35], []], "food": [46, 42], "index": 0}, "status": "DONE"}, {"action": "WEST", "reward": 11920, "info": {}, "observation": {"remainingOverageTime": 60, "index": 1}, "status": "ACTIVE"}, {"action": "NORTH", "reward": 11924, "info": {}, "observation": {"remainingOverageTime": 60, "index": 2}, "status": "ACTIVE"}, {"action": "NORTH", "reward": 301, "info": {}, "observation": {"remainingOverageTime": 60, "index": 3}, "status": "DONE"}], [{"action": "NORTH", "reward": 902, "info": {}, "observation": {"remainingOverageTime": 60, "step": 119, "geese": [[], [41, 30, 31, 32, 22, 33, 34, 45, 44, 54, 65, 64, 63, 62, 61, 60, 59, 58, 57, 56], [5, 4, 15, 26, 25, 14, 3, 2, 1, 0, 10, 9, 8, 7, 6, 17, 18, 19, 20, 21, 11, 12, 23, 24], []], "food": [46, 42], "index": 0}, "status": "DONE"}, {"action": "SOUTH", "reward": 12020, "info": {}, "observation": {"remainingOverageTime": 60, "index": 1}, "status": "ACTIVE"}, {"action": "EAST", "reward": 12024, "info": {}, "observation": {"remainingOverageTime": 60, "index": 2}, "status": "ACTIVE"}, {"action": "NORTH", "reward": 301, "info": {}, "observation": {"remainingOverageTime": 60, "index": 3}, "status": "DONE"}], [{"action": "NORTH", "reward": 902, "info": {}, "observation": {"remainingOverageTime": 60, "step": 120, "geese": [[], [42, 41, 30, 31, 32, 22, 33, 34, 45, 44, 54, 65, 64, 63, 62, 61, 60, 59, 58, 57], [16, 5, 4, 15, 26, 25, 14, 3, 2, 1, 0, 10, 9, 8, 7, 6, 17, 18, 19, 20, 21, 11, 12], []], "food": [46, 66], "index": 0}, "status": "DONE"}, {"action": "EAST", "reward": 12120, "info": {}, "observation": {"remainingOverageTime": 60, "index": 1}, "status": "ACTIVE"}, {"action": "SOUTH", "reward": 12123, "info": {}, "observation": {"remainingOverageTime": 60, "index": 2}, "status": "ACTIVE"}, {"action": "NORTH", "reward": 301, "info": {}, "observation": {"remainingOverageTime": 60, "index": 3}, "status": "DONE"}], [{"action": "NORTH", "reward": 902, "info": {}, "observation": {"remainingOverageTime": 60, "step": 121, "geese": [[], [53, 42, 41, 30, 31, 32, 22, 33, 34, 45, 44, 54, 65, 64, 63, 62, 61, 60, 59, 58], [27, 16, 5, 4, 15, 26, 25, 14, 3, 2, 1, 0, 10, 9, 8, 7, 6, 17, 18, 19, 20, 21, 11], []], "food": [46, 66], "index": 0}, "status": "DONE"}, {"action": "SOUTH", "reward": 12220, "info": {}, "observation": {"remainingOverageTime": 60, "index": 1}, "status": "ACTIVE"}, {"action": "SOUTH", "reward": 12223, "info": {}, "observation": {"remainingOverageTime": 60, "index": 2}, "status": "ACTIVE"}, {"action": "NORTH", "reward": 301, "info": {}, "observation": {"remainingOverageTime": 60, "index": 3}, "status": "DONE"}], [{"action": "NORTH", "reward": 902, "info": {}, "observation": {"remainingOverageTime": 60, "step": 122, "geese": [[], [52, 53, 42, 41, 30, 31, 32, 22, 33, 34, 45, 44, 54, 65, 64, 63, 62, 61, 60, 59], [38, 27, 16, 5, 4, 15, 26, 25, 14, 3, 2, 1, 0, 10, 9, 8, 7, 6, 17, 18, 19, 20, 21], []], "food": [46, 66], "index": 0}, "status": "DONE"}, {"action": "WEST", "reward": 12320, "info": {}, "observation": {"remainingOverageTime": 60, "index": 1}, "status": "ACTIVE"}, {"action": "SOUTH", "reward": 12323, "info": {}, "observation": {"remainingOverageTime": 60, "index": 2}, "status": "ACTIVE"}, {"action": "NORTH", "reward": 301, "info": {}, "observation": {"remainingOverageTime": 60, "index": 3}, "status": "DONE"}], [{"action": "NORTH", "reward": 902, "info": {}, "observation": {"remainingOverageTime": 60, "step": 123, "geese": [[], [51, 52, 53, 42, 41, 30, 31, 32, 22, 33, 34, 45, 44, 54, 65, 64, 63, 62, 61, 60], [37, 38, 27, 16, 5, 4, 15, 26, 25, 14, 3, 2, 1, 0, 10, 9, 8, 7, 6, 17, 18, 19, 20], []], "food": [46, 66], "index": 0}, "status": "DONE"}, {"action": "WEST", "reward": 12420, "info": {}, "observation": {"remainingOverageTime": 60, "index": 1}, "status": "ACTIVE"}, {"action": "WEST", "reward": 12423, "info": {}, "observation": {"remainingOverageTime": 60, "index": 2}, "status": "ACTIVE"}, {"action": "NORTH", "reward": 301, "info": {}, "observation": {"remainingOverageTime": 60, "index": 3}, "status": "DONE"}], [{"action": "NORTH", "reward": 902, "info": {}, "observation": {"remainingOverageTime": 60, "step": 124, "geese": [[], [50, 51, 52, 53, 42, 41, 30, 31, 32, 22, 33, 34, 45, 44, 54, 65, 64, 63, 62, 61], [36, 37, 38, 27, 16, 5, 4, 15, 26, 25, 14, 3, 2, 1, 0, 10, 9, 8, 7, 6, 17, 18, 19], []], "food": [46, 66], "index": 0}, "status": "DONE"}, {"action": "WEST", "reward": 12520, "info": {}, "observation": {"remainingOverageTime": 60, "index": 1}, "status": "ACTIVE"}, {"action": "WEST", "reward": 12523, "info": {}, "observation": {"remainingOverageTime": 60, "index": 2}, "status": "ACTIVE"}, {"action": "NORTH", "reward": 301, "info": {}, "observation": {"remainingOverageTime": 60, "index": 3}, "status": "DONE"}], [{"action": "NORTH", "reward": 902, "info": {}, "observation": {"remainingOverageTime": 60, "step": 125, "geese": [[], [49, 50, 51, 52, 53, 42, 41, 30, 31, 32, 22, 33, 34, 45, 44, 54, 65, 64, 63, 62], [35, 36, 37, 38, 27, 16, 5, 4, 15, 26, 25, 14, 3, 2, 1, 0, 10, 9, 8, 7, 6, 17, 18], []], "food": [46, 66], "index": 0}, "status": "DONE"}, {"action": "WEST", "reward": 12620, "info": {}, "observation": {"remainingOverageTime": 60, "index": 1}, "status": "ACTIVE"}, {"action": "WEST", "reward": 12623, "info": {}, "observation": {"remainingOverageTime": 60, "index": 2}, "status": "ACTIVE"}, {"action": "NORTH", "reward": 301, "info": {}, "observation": {"remainingOverageTime": 60, "index": 3}, "status": "DONE"}], [{"action": "NORTH", "reward": 902, "info": {}, "observation": {"remainingOverageTime": 60, "step": 126, "geese": [[], [48, 49, 50, 51, 52, 53, 42, 41, 30, 31, 32, 22, 33, 34, 45, 44, 54, 65, 64, 63], [46, 35, 36, 37, 38, 27, 16, 5, 4, 15, 26, 25, 14, 3, 2, 1, 0, 10, 9, 8, 7, 6, 17, 18], []], "food": [66, 39], "index": 0}, "status": "DONE"}, {"action": "WEST", "reward": 12720, "info": {}, "observation": {"remainingOverageTime": 60, "index": 1}, "status": "ACTIVE"}, {"action": "SOUTH", "reward": 12724, "info": {}, "observation": {"remainingOverageTime": 60, "index": 2}, "status": "ACTIVE"}, {"action": "NORTH", "reward": 301, "info": {}, "observation": {"remainingOverageTime": 60, "index": 3}, "status": "DONE"}], [{"action": "NORTH", "reward": 902, "info": {}, "observation": {"remainingOverageTime": 60, "step": 127, "geese": [[], [59, 48, 49, 50, 51, 52, 53, 42, 41, 30, 31, 32, 22, 33, 34, 45, 44, 54, 65, 64], [57, 46, 35, 36, 37, 38, 27, 16, 5, 4, 15, 26, 25, 14, 3, 2, 1, 0, 10, 9, 8, 7, 6, 17], []], "food": [66, 39], "index": 0}, "status": "DONE"}, {"action": "SOUTH", "reward": 12820, "info": {}, "observation": {"remainingOverageTime": 60, "index": 1}, "status": "ACTIVE"}, {"action": "SOUTH", "reward": 12824, "info": {}, "observation": {"remainingOverageTime": 60, "index": 2}, "status": "ACTIVE"}, {"action": "NORTH", "reward": 301, "info": {}, "observation": {"remainingOverageTime": 60, "index": 3}, "status": "DONE"}], [{"action": "NORTH", "reward": 902, "info": {}, "observation": {"remainingOverageTime": 60, "step": 128, "geese": [[], [60, 59, 48, 49, 50, 51, 52, 53, 42, 41, 30, 31, 32, 22, 33, 34, 45, 44, 54, 65], [56, 57, 46, 35, 36, 37, 38, 27, 16, 5, 4, 15, 26, 25, 14, 3, 2, 1, 0, 10, 9, 8, 7, 6], []], "food": [66, 39], "index": 0}, "status": "DONE"}, {"action": "EAST", "reward": 12920, "info": {}, "observation": {"remainingOverageTime": 60, "index": 1}, "status": "ACTIVE"}, {"action": "WEST", "reward": 12924, "info": {}, "observation": {"remainingOverageTime": 60, "index": 2}, "status": "ACTIVE"}, {"action": "NORTH", "reward": 301, "info": {}, "observation": {"remainingOverageTime": 60, "index": 3}, "status": "DONE"}], [{"action": "NORTH", "reward": 902, "info": {}, "observation": {"remainingOverageTime": 60, "step": 129, "geese": [[], [61, 60, 59, 48, 49, 50, 51, 52, 53, 42, 41, 30, 31, 32, 22, 33, 34, 45, 44, 54], [55, 56, 57, 46, 35, 36, 37, 38, 27, 16, 5, 4, 15, 26, 25, 14, 3, 2, 1, 0, 10, 9, 8, 7], []], "food": [66, 39], "index": 0}, "status": "DONE"}, {"action": "EAST", "reward": 13020, "info": {}, "observation": {"remainingOverageTime": 60, "index": 1}, "status": "ACTIVE"}, {"action": "WEST", "reward": 13024, "info": {}, "observation": {"remainingOverageTime": 60, "index": 2}, "status": "ACTIVE"}, {"action": "NORTH", "reward": 301, "info": {}, "observation": {"remainingOverageTime": 60, "index": 3}, "status": "DONE"}], [{"action": "NORTH", "reward": 902, "info": {}, "observation": {"remainingOverageTime": 60, "step": 130, "geese": [[], [72, 61, 60, 59, 48, 49, 50, 51, 52, 53, 42, 41, 30, 31, 32, 22, 33, 34, 45, 44], [66, 55, 56, 57, 46, 35, 36, 37, 38, 27, 16, 5, 4, 15, 26, 25, 14, 3, 2, 1, 0, 10, 9, 8, 7], []], "food": [39, 20], "index": 0}, "status": "DONE"}, {"action": "SOUTH", "reward": 13120, "info": {}, "observation": {"remainingOverageTime": 60, "index": 1}, "status": "ACTIVE"}, {"action": "SOUTH", "reward": 13125, "info": {}, "observation": {"remainingOverageTime": 60, "index": 2}, "status": "ACTIVE"}, {"action": "NORTH", "reward": 301, "info": {}, "observation": {"remainingOverageTime": 60, "index": 3}, "status": "DONE"}], [{"action": "NORTH", "reward": 902, "info": {}, "observation": {"remainingOverageTime": 60, "step": 131, "geese": [[], [6, 72, 61, 60, 59, 48, 49, 50, 51, 52, 53, 42, 41, 30, 31, 32, 22, 33, 34, 45], [], []], "food": [39, 20], "index": 0}, "status": "DONE"}, {"action": "SOUTH", "reward": 13220, "info": {}, "observation": {"remainingOverageTime": 60, "index": 1}, "status": "DONE"}, {"action": "NORTH", "reward": 13125, "info": {}, "observation": {"remainingOverageTime": 60, "index": 2}, "status": "DONE"}, {"action": "NORTH", "reward": 301, "info": {}, "observation": {"remainingOverageTime": 60, "index": 3}, "status": "DONE"}]], "rewards": [902, 13220, 13125, 301], "statuses": ["DONE", "DONE", "DONE", "DONE"], "schema_version": 1, "info": {}}