{"id": "a676eb6a-db0c-11ee-b332-0242ac1c000c", "name": "hungry_geese", "title": "Hungry Geese", "description": "Similar to the classic snake game with multiple players", "version": "1.0.0", "configuration": {"episodeSteps": 200, "actTimeout": 1, "runTimeout": 1200, "columns": 11, "rows": 7, "hunger_rate": 40, "min_food": 2, "max_length": 99}, "specification": {"action": {"description": "Direction to move the head of your players goose.", "type": "string", "enum": ["NORTH", "EAST", "SOUTH", "WEST"], "default": "NORTH"}, "agents": [1, 2, 3, 4, 5, 6, 7, 8], "configuration": {"episodeSteps": {"description": "Maximum number of steps in the episode.", "type": "integer", "minimum": 1, "default": 200}, "actTimeout": {"description": "Maximum runtime (seconds) to obtain an action from an agent.", "type": "number", "minimum": 0, "default": 1}, "runTimeout": {"description": "Maximum runtime (seconds) of an episode (not necessarily DONE).", "type": "number", "minimum": 0, "default": 1200}, "columns": {"description": "Horizontal number of cells on the board.", "type": "integer", "default": 11, "minimum": 3}, "rows": {"description": "Vertical number of cells on the board.", "type": "integer", "default": 7, "minimum": 3}, "hunger_rate": {"description": "The number of steps before the goose shrinks a cell.", "type": "integer", "minimum": 1, "default": 40}, "min_food": {"description": "The minimum amount of food present for all steps.", "type": "integer", "default": 2, "minimum": 1}, "max_length": {"description": "The max length any goose can be. Total reward = (max length + 1) * steps survived + goose length.", "type": "integer", "default": 99}}, "info": {}, "observation": {"remainingOverageTime": {"description": "Total remaining banked time (seconds) that can be used in excess of per-step actTimeouts -- agent is disqualified with TIMEOUT status when this drops below 0.", "shared": false, "type": "number", "minimum": 0, "default": 60}, "step": {"description": "Current step within the episode.", "type": "integer", "shared": true, "minimum": 0, "default": 0}, "geese": {"description": "List of geese in order by the agent index.", "type": "array", "default": [], "shared": true}, "food": {"description": "Positions on the board where food is present.", "type": "array", "default": [], "shared": true}, "index": {"description": "Index of the current agent's goose in the list of geese.", "type": "integer", "minimum": 0, "defaults": [0, 1, 2, 3, 4, 5, 6, 7]}}, "reward": {"description": "steps survived * (max goose length + 1) + current goose length.", "type": ["number", "null"], "default": 0, "minimum": 0}}, "steps": [[{"action": "NORTH", "reward": 0, "info": {}, "observation": {"remainingOverageTime": 60, "step": 0, "geese": [[65], [76], [51], [32]], "food": [42, 25], "index": 0}, "status": "ACTIVE"}, {"action": "NORTH", "reward": 0, "info": {}, "observation": {"remainingOverageTime": 60, "index": 1}, "status": "ACTIVE"}, {"action": "NORTH", "reward": 0, "info": {}, "observation": {"remainingOverageTime": 60, "index": 2}, "status": "ACTIVE"}, {"action": "NORTH", "reward": 0, "info": {}, "observation": {"remainingOverageTime": 60, "index": 3}, "status": "ACTIVE"}], [{"action": "NORTH", "reward": 201, "info": {}, "observation": {"remainingOverageTime": 60, "step": 1, "geese": [[54], [66], [52], [31]], "food": [42, 25], "index": 0}, "status": "ACTIVE"}, {"action": "EAST", "reward": 201, "info": {}, "observation": {"remainingOverageTime": 60, "index": 1}, "status": "ACTIVE"}, {"action": "EAST", "reward": 201, "info": {}, "observation": {"remainingOverageTime": 60, "index": 2}, "status": "ACTIVE"}, {"action": "WEST", "reward": 201, "info": {}, "observation": {"remainingOverageTime": 60, "index": 3}, "status": "ACTIVE"}], [{"action": "EAST", "reward": 301, "info": {}, "observation": {"remainingOverageTime": 60, "step": 2, "geese": [[44], [67], [41], [42, 31]], "food": [25, 69], "index": 0}, "status": "ACTIVE"}, {"action": "EAST", "reward": 301, "info": {}, "observation": {"remainingOverageTime": 60, "index": 1}, "status": "ACTIVE"}, {"action": "NORTH", "reward": 301, "info": {}, "observation": {"remainingOverageTime": 60, "index": 2}, "status": "ACTIVE"}, {"action": "SOUTH", "reward": 302, "info": {}, "observation": {"remainingOverageTime": 60, "index": 3}, "status": "ACTIVE"}], [{"action": "EAST", "reward": 401, "info": {}, "observation": {"remainingOverageTime": 60, "step": 3, "geese": [[45], [68], [30], [43, 42]], "food": [25, 69], "index": 0}, "status": "ACTIVE"}, {"action": "EAST", "reward": 401, "info": {}, "observation": {"remainingOverageTime": 60, "index": 1}, "status": "ACTIVE"}, {"action": "NORTH", "reward": 401, "info": {}, "observation": {"remainingOverageTime": 60, "index": 2}, "status": "ACTIVE"}, {"action": "EAST", "reward": 402, "info": {}, "observation": {"remainingOverageTime": 60, "index": 3}, "status": "ACTIVE"}], [{"action": "EAST", "reward": 501, "info": {}, "observation": {"remainingOverageTime": 60, "step": 4, "geese": [[46], [69, 68], [29], [33, 43]], "food": [25, 17], "index": 0}, "status": "ACTIVE"}, {"action": "EAST", "reward": 502, "info": {}, "observation": {"remainingOverageTime": 60, "index": 1}, "status": "ACTIVE"}, {"action": "WEST", "reward": 501, "info": {}, "observation": {"remainingOverageTime": 60, "index": 2}, "status": "ACTIVE"}, {"action": "EAST", "reward": 502, "info": {}, "observation": {"remainingOverageTime": 60, "index": 3}, "status": "ACTIVE"}], [{"action": "EAST", "reward": 601, "info": {}, "observation": {"remainingOverageTime": 60, "step": 5, "geese": [[47], [3, 69], [18], [34, 33]], "food": [25, 17], "index": 0}, "status": "ACTIVE"}, {"action": "SOUTH", "reward": 602, "info": {}, "observation": {"remainingOverageTime": 60, "index": 1}, "status": "ACTIVE"}, {"action": "NORTH", "reward": 601, "info": {}, "observation": {"remainingOverageTime": 60, "index": 2}, "status": "ACTIVE"}, {"action": "EAST", "reward": 602, "info": {}, "observation": {"remainingOverageTime": 60, "index": 3}, "status": "ACTIVE"}], [{"action": "NORTH", "reward": 701, "info": {}, "observation": {"remainingOverageTime": 60, "step": 6, "geese": [[36], [14, 3], [17, 18], [35, 34]], "food": [25, 16], "index": 0}, "status": "ACTIVE"}, {"action": "SOUTH", "reward": 702, "info": {}, "observation": {"remainingOverageTime": 60, "index": 1}, "status": "ACTIVE"}, {"action": "WEST", "reward": 702, "info": {}, "observation": {"remainingOverageTime": 60, "index": 2}, "status": "ACTIVE"}, {"action": "EAST", "reward": 702, "info": {}, "observation": {"remainingOverageTime": 60, "index": 3}, "status": "ACTIVE"}], [{"action": "EAST", "reward": 801, "info": {}, "observation": {"remainingOverageTime": 60, "step": 7, "geese": [[37], [15, 14], [16, 17, 18], [36, 35]], "food": [25, 6], "index": 0}, "status": "ACTIVE"}, {"action": "EAST", "reward": 802, "info": {}, "observation": {"remainingOverageTime": 60, "index": 1}, "status": "ACTIVE"}, {"action": "WEST", "reward": 803, "info": {}, "observation": {"remainingOverageTime": 60, "index": 2}, "status": "ACTIVE"}, {"action": "EAST", "reward": 802, "info": {}, "observation": {"remainingOverageTime": 60, "index": 3}, "status": "ACTIVE"}], [{"action": "EAST", "reward": 901, "info": {}, "observation": {"remainingOverageTime": 60, "step": 8, "geese": [[38], [4, 15], [5, 16, 17], [25, 36, 35]], "food": [6, 68], "index": 0}, "status": "ACTIVE"}, {"action": "NORTH", "reward": 902, "info": {}, "observation": {"remainingOverageTime": 60, "index": 1}, "status": "ACTIVE"}, {"action": "NORTH", "reward": 903, "info": {}, "observation": {"remainingOverageTime": 60, "index": 2}, "status": "ACTIVE"}, {"action": "NORTH", "reward": 903, "info": {}, "observation": {"remainingOverageTime": 60, "index": 3}, "status": "ACTIVE"}], [{"action": "WEST", "reward": 901, "info": {}, "observation": {"remainingOverageTime": 60, "step": 9, "geese": [[], [70, 4], [6, 5, 16, 17], [14, 25, 36]], "food": [68, 26], "index": 0}, "status": "DONE"}, {"action": "NORTH", "reward": 1002, "info": {}, "observation": {"remainingOverageTime": 60, "index": 1}, "status": "ACTIVE"}, {"action": "EAST", "reward": 1004, "info": {}, "observation": {"remainingOverageTime": 60, "index": 2}, "status": "ACTIVE"}, {"action": "NORTH", "reward": 1003, "info": {}, "observation": {"remainingOverageTime": 60, "index": 3}, "status": "ACTIVE"}], [{"action": "NORTH", "reward": 901, "info": {}, "observation": {"remainingOverageTime": 60, "step": 10, "geese": [[], [69, 70], [17, 6, 5, 16], [15, 14, 25]], "food": [68, 26], "index": 0}, "status": "DONE"}, {"action": "WEST", "reward": 1102, "info": {}, "observation": {"remainingOverageTime": 60, "index": 1}, "status": "ACTIVE"}, {"action": "SOUTH", "reward": 1104, "info": {}, "observation": {"remainingOverageTime": 60, "index": 2}, "status": "ACTIVE"}, {"action": "EAST", "reward": 1103, "info": {}, "observation": {"remainingOverageTime": 60, "index": 3}, "status": "ACTIVE"}], [{"action": "NORTH", "reward": 901, "info": {}, "observation": {"remainingOverageTime": 60, "step": 11, "geese": [[], [68, 69, 70], [28, 17, 6, 5], [26, 15, 14, 25]], "food": [38, 22], "index": 0}, "status": "DONE"}, {"action": "WEST", "reward": 1203, "info": {}, "observation": {"remainingOverageTime": 60, "index": 1}, "status": "ACTIVE"}, {"action": "SOUTH", "reward": 1204, "info": {}, "observation": {"remainingOverageTime": 60, "index": 2}, "status": "ACTIVE"}, {"action": "SOUTH", "reward": 1204, "info": {}, "observation": {"remainingOverageTime": 60, "index": 3}, "status": "ACTIVE"}], [{"action": "NORTH", "reward": 901, "info": {}, "observation": {"remainingOverageTime": 60, "step": 12, "geese": [[], [67, 68, 69], [39, 28, 17, 6], [37, 26, 15, 14]], "food": [38, 22], "index": 0}, "status": "DONE"}, {"action": "WEST", "reward": 1303, "info": {}, "observation": {"remainingOverageTime": 60, "index": 1}, "status": "ACTIVE"}, {"action": "SOUTH", "reward": 1304, "info": {}, "observation": {"remainingOverageTime": 60, "index": 2}, "status": "ACTIVE"}, {"action": "SOUTH", "reward": 1304, "info": {}, "observation": {"remainingOverageTime": 60, "index": 3}, "status": "ACTIVE"}], [{"action": "NORTH", "reward": 901, "info": {}, "observation": {"remainingOverageTime": 60, "step": 13, "geese": [[], [66, 67, 68], [40, 39, 28, 17], [36, 37, 26, 15]], "food": [38, 22], "index": 0}, "status": "DONE"}, {"action": "WEST", "reward": 1403, "info": {}, "observation": {"remainingOverageTime": 60, "index": 1}, "status": "ACTIVE"}, {"action": "EAST", "reward": 1404, "info": {}, "observation": {"remainingOverageTime": 60, "index": 2}, "status": "ACTIVE"}, {"action": "WEST", "reward": 1404, "info": {}, "observation": {"remainingOverageTime": 60, "index": 3}, "status": "ACTIVE"}], [{"action": "NORTH", "reward": 901, "info": {}, "observation": {"remainingOverageTime": 60, "step": 14, "geese": [[], [0, 66, 67], [51, 40, 39, 28], [25, 36, 37, 26]], "food": [38, 22], "index": 0}, "status": "DONE"}, {"action": "SOUTH", "reward": 1503, "info": {}, "observation": {"remainingOverageTime": 60, "index": 1}, "status": "ACTIVE"}, {"action": "SOUTH", "reward": 1504, "info": {}, "observation": {"remainingOverageTime": 60, "index": 2}, "status": "ACTIVE"}, {"action": "NORTH", "reward": 1504, "info": {}, "observation": {"remainingOverageTime": 60, "index": 3}, "status": "ACTIVE"}], [{"action": "NORTH", "reward": 901, "info": {}, "observation": {"remainingOverageTime": 60, "step": 15, "geese": [[], [11, 0, 66], [50, 51, 40, 39], [26, 25, 36, 37]], "food": [38, 22], "index": 0}, "status": "DONE"}, {"action": "SOUTH", "reward": 1603, "info": {}, "observation": {"remainingOverageTime": 60, "index": 1}, "status": "ACTIVE"}, {"action": "WEST", "reward": 1604, "info": {}, "observation": {"remainingOverageTime": 60, "index": 2}, "status": "ACTIVE"}, {"action": "EAST", "reward": 1604, "info": {}, "observation": {"remainingOverageTime": 60, "index": 3}, "status": "ACTIVE"}], [{"action": "NORTH", "reward": 901, "info": {}, "observation": {"remainingOverageTime": 60, "step": 16, "geese": [[], [22, 11, 0, 66], [39, 50, 51, 40], [27, 26, 25, 36]], "food": [38, 64], "index": 0}, "status": "DONE"}, {"action": "SOUTH", "reward": 1704, "info": {}, "observation": {"remainingOverageTime": 60, "index": 1}, "status": "ACTIVE"}, {"action": "NORTH", "reward": 1704, "info": {}, "observation": {"remainingOverageTime": 60, "index": 2}, "status": "ACTIVE"}, {"action": "EAST", "reward": 1704, "info": {}, "observation": {"remainingOverageTime": 60, "index": 3}, "status": "ACTIVE"}], [{"action": "NORTH", "reward": 901, "info": {}, "observation": {"remainingOverageTime": 60, "step": 17, "geese": [[], [32, 22, 11, 0], [40, 39, 50, 51], [16, 27, 26, 25]], "food": [38, 64], "index": 0}, "status": "DONE"}, {"action": "WEST", "reward": 1804, "info": {}, "observation": {"remainingOverageTime": 60, "index": 1}, "status": "ACTIVE"}, {"action": "EAST", "reward": 1804, "info": {}, "observation": {"remainingOverageTime": 60, "index": 2}, "status": "ACTIVE"}, {"action": "NORTH", "reward": 1804, "info": {}, "observation": {"remainingOverageTime": 60, "index": 3}, "status": "ACTIVE"}], [{"action": "NORTH", "reward": 901, "info": {}, "observation": {"remainingOverageTime": 60, "step": 18, "geese": [[], [31, 32, 22, 11], [41, 40, 39, 50], [5, 16, 27, 26]], "food": [38, 64], "index": 0}, "status": "DONE"}, {"action": "WEST", "reward": 1904, "info": {}, "observation": {"remainingOverageTime": 60, "index": 1}, "status": "ACTIVE"}, {"action": "EAST", "reward": 1904, "info": {}, "observation": {"remainingOverageTime": 60, "index": 2}, "status": "ACTIVE"}, {"action": "NORTH", "reward": 1904, "info": {}, "observation": {"remainingOverageTime": 60, "index": 3}, "status": "ACTIVE"}], [{"action": "NORTH", "reward": 901, "info": {}, "observation": {"remainingOverageTime": 60, "step": 19, "geese": [[], [20, 31, 32, 22], [52, 41, 40, 39], [71, 5, 16, 27]], "food": [38, 64], "index": 0}, "status": "DONE"}, {"action": "NORTH", "reward": 2004, "info": {}, "observation": {"remainingOverageTime": 60, "index": 1}, "status": "ACTIVE"}, {"action": "SOUTH", "reward": 2004, "info": {}, "observation": {"remainingOverageTime": 60, "index": 2}, "status": "ACTIVE"}, {"action": "NORTH", "reward": 2004, "info": {}, "observation": {"remainingOverageTime": 60, "index": 3}, "status": "ACTIVE"}], [{"action": "NORTH", "reward": 901, "info": {}, "observation": {"remainingOverageTime": 60, "step": 20, "geese": [[], [9, 20, 31, 32], [53, 52, 41, 40], [60, 71, 5, 16]], "food": [38, 64], "index": 0}, "status": "DONE"}, {"action": "NORTH", "reward": 2104, "info": {}, "observation": {"remainingOverageTime": 60, "index": 1}, "status": "ACTIVE"}, {"action": "EAST", "reward": 2104, "info": {}, "observation": {"remainingOverageTime": 60, "index": 2}, "status": "ACTIVE"}, {"action": "NORTH", "reward": 2104, "info": {}, "observation": {"remainingOverageTime": 60, "index": 3}, "status": "ACTIVE"}], [{"action": "NORTH", "reward": 901, "info": {}, "observation": {"remainingOverageTime": 60, "step": 21, "geese": [[], [8, 9, 20, 31], [64, 53, 52, 41, 40], [49, 60, 71, 5]], "food": [38, 69], "index": 0}, "status": "DONE"}, {"action": "WEST", "reward": 2204, "info": {}, "observation": {"remainingOverageTime": 60, "index": 1}, "status": "ACTIVE"}, {"action": "SOUTH", "reward": 2205, "info": {}, "observation": {"remainingOverageTime": 60, "index": 2}, "status": "ACTIVE"}, {"action": "NORTH", "reward": 2204, "info": {}, "observation": {"remainingOverageTime": 60, "index": 3}, "status": "ACTIVE"}], [{"action": "NORTH", "reward": 901, "info": {}, "observation": {"remainingOverageTime": 60, "step": 22, "geese": [[], [7, 8, 9, 20], [65, 64, 53, 52, 41], [38, 49, 60, 71, 5]], "food": [69, 24], "index": 0}, "status": "DONE"}, {"action": "WEST", "reward": 2304, "info": {}, "observation": {"remainingOverageTime": 60, "index": 1}, "status": "ACTIVE"}, {"action": "EAST", "reward": 2305, "info": {}, "observation": {"remainingOverageTime": 60, "index": 2}, "status": "ACTIVE"}, {"action": "NORTH", "reward": 2305, "info": {}, "observation": {"remainingOverageTime": 60, "index": 3}, "status": "ACTIVE"}], [{"action": "NORTH", "reward": 901, "info": {}, "observation": {"remainingOverageTime": 60, "step": 23, "geese": [[], [6, 7, 8, 9], [55, 65, 64, 53, 52], [27, 38, 49, 60, 71]], "food": [69, 24], "index": 0}, "status": "DONE"}, {"action": "WEST", "reward": 2404, "info": {}, "observation": {"remainingOverageTime": 60, "index": 1}, "status": "ACTIVE"}, {"action": "EAST", "reward": 2405, "info": {}, "observation": {"remainingOverageTime": 60, "index": 2}, "status": "ACTIVE"}, {"action": "NORTH", "reward": 2405, "info": {}, "observation": {"remainingOverageTime": 60, "index": 3}, "status": "ACTIVE"}], [{"action": "NORTH", "reward": 901, "info": {}, "observation": {"remainingOverageTime": 60, "step": 24, "geese": [[], [72, 6, 7, 8], [56, 55, 65, 64, 53], [26, 27, 38, 49, 60]], "food": [69, 24], "index": 0}, "status": "DONE"}, {"action": "NORTH", "reward": 2504, "info": {}, "observation": {"remainingOverageTime": 60, "index": 1}, "status": "ACTIVE"}, {"action": "EAST", "reward": 2505, "info": {}, "observation": {"remainingOverageTime": 60, "index": 2}, "status": "ACTIVE"}, {"action": "WEST", "reward": 2505, "info": {}, "observation": {"remainingOverageTime": 60, "index": 3}, "status": "ACTIVE"}], [{"action": "NORTH", "reward": 901, "info": {}, "observation": {"remainingOverageTime": 60, "step": 25, "geese": [[], [71, 72, 6, 7], [57, 56, 55, 65, 64], [25, 26, 27, 38, 49]], "food": [69, 24], "index": 0}, "status": "DONE"}, {"action": "WEST", "reward": 2604, "info": {}, "observation": {"remainingOverageTime": 60, "index": 1}, "status": "ACTIVE"}, {"action": "EAST", "reward": 2605, "info": {}, "observation": {"remainingOverageTime": 60, "index": 2}, "status": "ACTIVE"}, {"action": "WEST", "reward": 2605, "info": {}, "observation": {"remainingOverageTime": 60, "index": 3}, "status": "ACTIVE"}], [{"action": "NORTH", "reward": 901, "info": {}, "observation": {"remainingOverageTime": 60, "step": 26, "geese": [[], [70, 71, 72, 6], [58, 57, 56, 55, 65], [24, 25, 26, 27, 38, 49]], "food": [69, 8], "index": 0}, "status": "DONE"}, {"action": "WEST", "reward": 2704, "info": {}, "observation": {"remainingOverageTime": 60, "index": 1}, "status": "ACTIVE"}, {"action": "EAST", "reward": 2705, "info": {}, "observation": {"remainingOverageTime": 60, "index": 2}, "status": "ACTIVE"}, {"action": "WEST", "reward": 2706, "info": {}, "observation": {"remainingOverageTime": 60, "index": 3}, "status": "ACTIVE"}], [{"action": "NORTH", "reward": 901, "info": {}, "observation": {"remainingOverageTime": 60, "step": 27, "geese": [[], [4, 70, 71, 72], [47, 58, 57, 56, 55], [13, 24, 25, 26, 27, 38]], "food": [69, 8], "index": 0}, "status": "DONE"}, {"action": "SOUTH", "reward": 2804, "info": {}, "observation": {"remainingOverageTime": 60, "index": 1}, "status": "ACTIVE"}, {"action": "NORTH", "reward": 2805, "info": {}, "observation": {"remainingOverageTime": 60, "index": 2}, "status": "ACTIVE"}, {"action": "NORTH", "reward": 2806, "info": {}, "observation": {"remainingOverageTime": 60, "index": 3}, "status": "ACTIVE"}], [{"action": "NORTH", "reward": 901, "info": {}, "observation": {"remainingOverageTime": 60, "step": 28, "geese": [[], [3, 4, 70, 71], [48, 47, 58, 57, 56], [2, 13, 24, 25, 26, 27]], "food": [69, 8], "index": 0}, "status": "DONE"}, {"action": "WEST", "reward": 2904, "info": {}, "observation": {"remainingOverageTime": 60, "index": 1}, "status": "ACTIVE"}, {"action": "EAST", "reward": 2905, "info": {}, "observation": {"remainingOverageTime": 60, "index": 2}, "status": "ACTIVE"}, {"action": "NORTH", "reward": 2906, "info": {}, "observation": {"remainingOverageTime": 60, "index": 3}, "status": "ACTIVE"}], [{"action": "NORTH", "reward": 901, "info": {}, "observation": {"remainingOverageTime": 60, "step": 29, "geese": [[], [69, 3, 4, 70, 71], [49, 48, 47, 58, 57], [1, 2, 13, 24, 25, 26]], "food": [8, 59], "index": 0}, "status": "DONE"}, {"action": "NORTH", "reward": 3005, "info": {}, "observation": {"remainingOverageTime": 60, "index": 1}, "status": "ACTIVE"}, {"action": "EAST", "reward": 3005, "info": {}, "observation": {"remainingOverageTime": 60, "index": 2}, "status": "ACTIVE"}, {"action": "WEST", "reward": 3006, "info": {}, "observation": {"remainingOverageTime": 60, "index": 3}, "status": "ACTIVE"}], [{"action": "NORTH", "reward": 901, "info": {}, "observation": {"remainingOverageTime": 60, "step": 30, "geese": [[], [68, 69, 3, 4, 70], [60, 49, 48, 47, 58], [0, 1, 2, 13, 24, 25]], "food": [8, 59], "index": 0}, "status": "DONE"}, {"action": "WEST", "reward": 3105, "info": {}, "observation": {"remainingOverageTime": 60, "index": 1}, "status": "ACTIVE"}, {"action": "SOUTH", "reward": 3105, "info": {}, "observation": {"remainingOverageTime": 60, "index": 2}, "status": "ACTIVE"}, {"action": "WEST", "reward": 3106, "info": {}, "observation": {"remainingOverageTime": 60, "index": 3}, "status": "ACTIVE"}], [{"action": "NORTH", "reward": 901, "info": {}, "observation": {"remainingOverageTime": 60, "step": 31, "geese": [[], [57, 68, 69, 3, 4], [59, 60, 49, 48, 47, 58], [10, 0, 1, 2, 13, 24]], "food": [8, 53], "index": 0}, "status": "DONE"}, {"action": "NORTH", "reward": 3205, "info": {}, "observation": {"remainingOverageTime": 60, "index": 1}, "status": "ACTIVE"}, {"action": "WEST", "reward": 3206, "info": {}, "observation": {"remainingOverageTime": 60, "index": 2}, "status": "ACTIVE"}, {"action": "WEST", "reward": 3206, "info": {}, "observation": {"remainingOverageTime": 60, "index": 3}, "status": "ACTIVE"}], [{"action": "NORTH", "reward": 901, "info": {}, "observation": {"remainingOverageTime": 60, "step": 32, "geese": [[], [46, 57, 68, 69, 3], [70, 59, 60, 49, 48, 47], [9, 10, 0, 1, 2, 13]], "food": [8, 53], "index": 0}, "status": "DONE"}, {"action": "NORTH", "reward": 3305, "info": {}, "observation": {"remainingOverageTime": 60, "index": 1}, "status": "ACTIVE"}, {"action": "SOUTH", "reward": 3306, "info": {}, "observation": {"remainingOverageTime": 60, "index": 2}, "status": "ACTIVE"}, {"action": "WEST", "reward": 3306, "info": {}, "observation": {"remainingOverageTime": 60, "index": 3}, "status": "ACTIVE"}], [{"action": "NORTH", "reward": 901, "info": {}, "observation": {"remainingOverageTime": 60, "step": 33, "geese": [[], [45, 46, 57, 68, 69], [71, 70, 59, 60, 49, 48], [8, 9, 10, 0, 1, 2, 13]], "food": [53, 32], "index": 0}, "status": "DONE"}, {"action": "WEST", "reward": 3405, "info": {}, "observation": {"remainingOverageTime": 60, "index": 1}, "status": "ACTIVE"}, {"action": "EAST", "reward": 3406, "info": {}, "observation": {"remainingOverageTime": 60, "index": 2}, "status": "ACTIVE"}, {"action": "WEST", "reward": 3407, "info": {}, "observation": {"remainingOverageTime": 60, "index": 3}, "status": "ACTIVE"}], [{"action": "NORTH", "reward": 901, "info": {}, "observation": {"remainingOverageTime": 60, "step": 34, "geese": [[], [44, 45, 46, 57, 68], [72, 71, 70, 59, 60, 49], [74, 8, 9, 10, 0, 1, 2]], "food": [53, 32], "index": 0}, "status": "DONE"}, {"action": "WEST", "reward": 3505, "info": {}, "observation": {"remainingOverageTime": 60, "index": 1}, "status": "ACTIVE"}, {"action": "EAST", "reward": 3506, "info": {}, "observation": {"remainingOverageTime": 60, "index": 2}, "status": "ACTIVE"}, {"action": "NORTH", "reward": 3507, "info": {}, "observation": {"remainingOverageTime": 60, "index": 3}, "status": "ACTIVE"}], [{"action": "NORTH", "reward": 901, "info": {}, "observation": {"remainingOverageTime": 60, "step": 35, "geese": [[], [54, 44, 45, 46, 57], [61, 72, 71, 70, 59, 60], [75, 74, 8, 9, 10, 0, 1]], "food": [53, 32], "index": 0}, "status": "DONE"}, {"action": "WEST", "reward": 3605, "info": {}, "observation": {"remainingOverageTime": 60, "index": 1}, "status": "ACTIVE"}, {"action": "NORTH", "reward": 3606, "info": {}, "observation": {"remainingOverageTime": 60, "index": 2}, "status": "ACTIVE"}, {"action": "EAST", "reward": 3607, "info": {}, "observation": {"remainingOverageTime": 60, "index": 3}, "status": "ACTIVE"}], [{"action": "NORTH", "reward": 901, "info": {}, "observation": {"remainingOverageTime": 60, "step": 36, "geese": [[], [53, 54, 44, 45, 46, 57], [62, 61, 72, 71, 70, 59], [64, 75, 74, 8, 9, 10, 0]], "food": [32, 1], "index": 0}, "status": "DONE"}, {"action": "WEST", "reward": 3706, "info": {}, "observation": {"remainingOverageTime": 60, "index": 1}, "status": "ACTIVE"}, {"action": "EAST", "reward": 3706, "info": {}, "observation": {"remainingOverageTime": 60, "index": 2}, "status": "ACTIVE"}, {"action": "NORTH", "reward": 3707, "info": {}, "observation": {"remainingOverageTime": 60, "index": 3}, "status": "ACTIVE"}], [{"action": "NORTH", "reward": 901, "info": {}, "observation": {"remainingOverageTime": 60, "step": 37, "geese": [[], [42, 53, 54, 44, 45, 46], [51, 62, 61, 72, 71, 70], [65, 64, 75, 74, 8, 9, 10]], "food": [32, 1], "index": 0}, "status": "DONE"}, {"action": "NORTH", "reward": 3806, "info": {}, "observation": {"remainingOverageTime": 60, "index": 1}, "status": "ACTIVE"}, {"action": "NORTH", "reward": 3806, "info": {}, "observation": {"remainingOverageTime": 60, "index": 2}, "status": "ACTIVE"}, {"action": "EAST", "reward": 3807, "info": {}, "observation": {"remainingOverageTime": 60, "index": 3}, "status": "ACTIVE"}], [{"action": "NORTH", "reward": 901, "info": {}, "observation": {"remainingOverageTime": 60, "step": 38, "geese": [[], [43, 42, 53, 54, 44, 45], [40, 51, 62, 61, 72, 71], [55, 65, 64, 75, 74, 8, 9]], "food": [32, 1], "index": 0}, "status": "DONE"}, {"action": "EAST", "reward": 3906, "info": {}, "observation": {"remainingOverageTime": 60, "index": 1}, "status": "ACTIVE"}, {"action": "NORTH", "reward": 3906, "info": {}, "observation": {"remainingOverageTime": 60, "index": 2}, "status": "ACTIVE"}, {"action": "EAST", "reward": 3907, "info": {}, "observation": {"remainingOverageTime": 60, "index": 3}, "status": "ACTIVE"}], [{"action": "NORTH", "reward": 901, "info": {}, "observation": {"remainingOverageTime": 60, "step": 39, "geese": [[], [32, 43, 42, 53, 54, 44, 45], [41, 40, 51, 62, 61, 72], [56, 55, 65, 64, 75, 74, 8]], "food": [1, 12], "index": 0}, "status": "DONE"}, {"action": "NORTH", "reward": 4007, "info": {}, "observation": {"remainingOverageTime": 60, "index": 1}, "status": "ACTIVE"}, {"action": "EAST", "reward": 4006, "info": {}, "observation": {"remainingOverageTime": 60, "index": 2}, "status": "ACTIVE"}, {"action": "EAST", "reward": 4007, "info": {}, "observation": {"remainingOverageTime": 60, "index": 3}, "status": "ACTIVE"}], [{"action": "NORTH", "reward": 901, "info": {}, "observation": {"remainingOverageTime": 60, "step": 40, "geese": [[], [22, 32, 43, 42, 53, 54], [30, 41, 40, 51, 62], [67, 56, 55, 65, 64, 75]], "food": [1, 12], "index": 0}, "status": "DONE"}, {"action": "EAST", "reward": 4106, "info": {}, "observation": {"remainingOverageTime": 60, "index": 1}, "status": "ACTIVE"}, {"action": "NORTH", "reward": 4105, "info": {}, "observation": {"remainingOverageTime": 60, "index": 2}, "status": "ACTIVE"}, {"action": "SOUTH", "reward": 4106, "info": {}, "observation": {"remainingOverageTime": 60, "index": 3}, "status": "ACTIVE"}], [{"action": "NORTH", "reward": 901, "info": {}, "observation": {"remainingOverageTime": 60, "step": 41, "geese": [[], [23, 22, 32, 43, 42, 53], [19, 30, 41, 40, 51], [1, 67, 56, 55, 65, 64, 75]], "food": [12, 6], "index": 0}, "status": "DONE"}, {"action": "EAST", "reward": 4206, "info": {}, "observation": {"remainingOverageTime": 60, "index": 1}, "status": "ACTIVE"}, {"action": "NORTH", "reward": 4205, "info": {}, "observation": {"remainingOverageTime": 60, "index": 2}, "status": "ACTIVE"}, {"action": "SOUTH", "reward": 4207, "info": {}, "observation": {"remainingOverageTime": 60, "index": 3}, "status": "ACTIVE"}], [{"action": "NORTH", "reward": 901, "info": {}, "observation": {"remainingOverageTime": 60, "step": 42, "geese": [[], [24, 23, 22, 32, 43, 42], [8, 19, 30, 41, 40], [2, 1, 67, 56, 55, 65, 64]], "food": [12, 6], "index": 0}, "status": "DONE"}, {"action": "EAST", "reward": 4306, "info": {}, "observation": {"remainingOverageTime": 60, "index": 1}, "status": "ACTIVE"}, {"action": "NORTH", "reward": 4305, "info": {}, "observation": {"remainingOverageTime": 60, "index": 2}, "status": "ACTIVE"}, {"action": "EAST", "reward": 4307, "info": {}, "observation": {"remainingOverageTime": 60, "index": 3}, "status": "ACTIVE"}], [{"action": "NORTH", "reward": 901, "info": {}, "observation": {"remainingOverageTime": 60, "step": 43, "geese": [[], [25, 24, 23, 22, 32, 43], [7, 8, 19, 30, 41], [3, 2, 1, 67, 56, 55, 65]], "food": [12, 6], "index": 0}, "status": "DONE"}, {"action": "EAST", "reward": 4406, "info": {}, "observation": {"remainingOverageTime": 60, "index": 1}, "status": "ACTIVE"}, {"action": "WEST", "reward": 4405, "info": {}, "observation": {"remainingOverageTime": 60, "index": 2}, "status": "ACTIVE"}, {"action": "EAST", "reward": 4407, "info": {}, "observation": {"remainingOverageTime": 60, "index": 3}, "status": "ACTIVE"}], [{"action": "NORTH", "reward": 901, "info": {}, "observation": {"remainingOverageTime": 60, "step": 44, "geese": [[], [36, 25, 24, 23, 22, 32], [6, 7, 8, 19, 30, 41], [69, 3, 2, 1, 67, 56, 55]], "food": [12, 15], "index": 0}, "status": "DONE"}, {"action": "SOUTH", "reward": 4506, "info": {}, "observation": {"remainingOverageTime": 60, "index": 1}, "status": "ACTIVE"}, {"action": "WEST", "reward": 4506, "info": {}, "observation": {"remainingOverageTime": 60, "index": 2}, "status": "ACTIVE"}, {"action": "NORTH", "reward": 4507, "info": {}, "observation": {"remainingOverageTime": 60, "index": 3}, "status": "ACTIVE"}], [{"action": "NORTH", "reward": 901, "info": {}, "observation": {"remainingOverageTime": 60, "step": 45, "geese": [[], [37, 36, 25, 24, 23, 22], [5, 6, 7, 8, 19, 30], [70, 69, 3, 2, 1, 67, 56]], "food": [12, 15], "index": 0}, "status": "DONE"}, {"action": "EAST", "reward": 4606, "info": {}, "observation": {"remainingOverageTime": 60, "index": 1}, "status": "ACTIVE"}, {"action": "WEST", "reward": 4606, "info": {}, "observation": {"remainingOverageTime": 60, "index": 2}, "status": "ACTIVE"}, {"action": "EAST", "reward": 4607, "info": {}, "observation": {"remainingOverageTime": 60, "index": 3}, "status": "ACTIVE"}], [{"action": "NORTH", "reward": 901, "info": {}, "observation": {"remainingOverageTime": 60, "step": 46, "geese": [[], [26, 37, 36, 25, 24, 23], [16, 5, 6, 7, 8, 19], [59, 70, 69, 3, 2, 1, 67]], "food": [12, 15], "index": 0}, "status": "DONE"}, {"action": "NORTH", "reward": 4706, "info": {}, "observation": {"remainingOverageTime": 60, "index": 1}, "status": "ACTIVE"}, {"action": "SOUTH", "reward": 4706, "info": {}, "observation": {"remainingOverageTime": 60, "index": 2}, "status": "ACTIVE"}, {"action": "NORTH", "reward": 4707, "info": {}, "observation": {"remainingOverageTime": 60, "index": 3}, "status": "ACTIVE"}], [{"action": "NORTH", "reward": 901, "info": {}, "observation": {"remainingOverageTime": 60, "step": 47, "geese": [[], [27, 26, 37, 36, 25, 24], [17, 16, 5, 6, 7, 8], [48, 59, 70, 69, 3, 2, 1]], "food": [12, 15], "index": 0}, "status": "DONE"}, {"action": "EAST", "reward": 4806, "info": {}, "observation": {"remainingOverageTime": 60, "index": 1}, "status": "ACTIVE"}, {"action": "EAST", "reward": 4806, "info": {}, "observation": {"remainingOverageTime": 60, "index": 2}, "status": "ACTIVE"}, {"action": "NORTH", "reward": 4807, "info": {}, "observation": {"remainingOverageTime": 60, "index": 3}, "status": "ACTIVE"}], [{"action": "NORTH", "reward": 901, "info": {}, "observation": {"remainingOverageTime": 60, "step": 48, "geese": [[], [38, 27, 26, 37, 36, 25], [18, 17, 16, 5, 6, 7], [47, 48, 59, 70, 69, 3, 2]], "food": [12, 15], "index": 0}, "status": "DONE"}, {"action": "SOUTH", "reward": 4906, "info": {}, "observation": {"remainingOverageTime": 60, "index": 1}, "status": "ACTIVE"}, {"action": "EAST", "reward": 4906, "info": {}, "observation": {"remainingOverageTime": 60, "index": 2}, "status": "ACTIVE"}, {"action": "WEST", "reward": 4907, "info": {}, "observation": {"remainingOverageTime": 60, "index": 3}, "status": "ACTIVE"}], [{"action": "NORTH", "reward": 901, "info": {}, "observation": {"remainingOverageTime": 60, "step": 49, "geese": [[], [39, 38, 27, 26, 37, 36], [19, 18, 17, 16, 5, 6], [46, 47, 48, 59, 70, 69, 3]], "food": [12, 15], "index": 0}, "status": "DONE"}, {"action": "EAST", "reward": 5006, "info": {}, "observation": {"remainingOverageTime": 60, "index": 1}, "status": "ACTIVE"}, {"action": "EAST", "reward": 5006, "info": {}, "observation": {"remainingOverageTime": 60, "index": 2}, "status": "ACTIVE"}, {"action": "WEST", "reward": 5007, "info": {}, "observation": {"remainingOverageTime": 60, "index": 3}, "status": "ACTIVE"}], [{"action": "NORTH", "reward": 901, "info": {}, "observation": {"remainingOverageTime": 60, "step": 50, "geese": [[], [40, 39, 38, 27, 26, 37], [20, 19, 18, 17, 16, 5], [35, 46, 47, 48, 59, 70, 69]], "food": [12, 15], "index": 0}, "status": "DONE"}, {"action": "EAST", "reward": 5106, "info": {}, "observation": {"remainingOverageTime": 60, "index": 1}, "status": "ACTIVE"}, {"action": "EAST", "reward": 5106, "info": {}, "observation": {"remainingOverageTime": 60, "index": 2}, "status": "ACTIVE"}, {"action": "NORTH", "reward": 5107, "info": {}, "observation": {"remainingOverageTime": 60, "index": 3}, "status": "ACTIVE"}], [{"action": "NORTH", "reward": 901, "info": {}, "observation": {"remainingOverageTime": 60, "step": 51, "geese": [[], [41, 40, 39, 38, 27, 26], [21, 20, 19, 18, 17, 16], [24, 35, 46, 47, 48, 59, 70]], "food": [12, 15], "index": 0}, "status": "DONE"}, {"action": "EAST", "reward": 5206, "info": {}, "observation": {"remainingOverageTime": 60, "index": 1}, "status": "ACTIVE"}, {"action": "EAST", "reward": 5206, "info": {}, "observation": {"remainingOverageTime": 60, "index": 2}, "status": "ACTIVE"}, {"action": "NORTH", "reward": 5207, "info": {}, "observation": {"remainingOverageTime": 60, "index": 3}, "status": "ACTIVE"}], [{"action": "NORTH", "reward": 901, "info": {}, "observation": {"remainingOverageTime": 60, "step": 52, "geese": [[], [42, 41, 40, 39, 38, 27], [11, 21, 20, 19, 18, 17], [13, 24, 35, 46, 47, 48, 59]], "food": [12, 15], "index": 0}, "status": "DONE"}, {"action": "EAST", "reward": 5306, "info": {}, "observation": {"remainingOverageTime": 60, "index": 1}, "status": "ACTIVE"}, {"action": "EAST", "reward": 5306, "info": {}, "observation": {"remainingOverageTime": 60, "index": 2}, "status": "ACTIVE"}, {"action": "NORTH", "reward": 5307, "info": {}, "observation": {"remainingOverageTime": 60, "index": 3}, "status": "ACTIVE"}], [{"action": "NORTH", "reward": 901, "info": {}, "observation": {"remainingOverageTime": 60, "step": 53, "geese": [[], [31, 42, 41, 40, 39, 38], [0, 11, 21, 20, 19, 18], [14, 13, 24, 35, 46, 47, 48]], "food": [12, 15], "index": 0}, "status": "DONE"}, {"action": "NORTH", "reward": 5406, "info": {}, "observation": {"remainingOverageTime": 60, "index": 1}, "status": "ACTIVE"}, {"action": "NORTH", "reward": 5406, "info": {}, "observation": {"remainingOverageTime": 60, "index": 2}, "status": "ACTIVE"}, {"action": "EAST", "reward": 5407, "info": {}, "observation": {"remainingOverageTime": 60, "index": 3}, "status": "ACTIVE"}], [{"action": "NORTH", "reward": 901, "info": {}, "observation": {"remainingOverageTime": 60, "step": 54, "geese": [[], [32, 31, 42, 41, 40, 39], [1, 0, 11, 21, 20, 19], [15, 14, 13, 24, 35, 46, 47, 48]], "food": [12, 43], "index": 0}, "status": "DONE"}, {"action": "EAST", "reward": 5506, "info": {}, "observation": {"remainingOverageTime": 60, "index": 1}, "status": "ACTIVE"}, {"action": "EAST", "reward": 5506, "info": {}, "observation": {"remainingOverageTime": 60, "index": 2}, "status": "ACTIVE"}, {"action": "EAST", "reward": 5508, "info": {}, "observation": {"remainingOverageTime": 60, "index": 3}, "status": "ACTIVE"}], [{"action": "NORTH", "reward": 901, "info": {}, "observation": {"remainingOverageTime": 60, "step": 55, "geese": [[], [43, 32, 31, 42, 41, 40, 39], [12, 1, 0, 11, 21, 20, 19], [16, 15, 14, 13, 24, 35, 46, 47]], "food": [7, 9], "index": 0}, "status": "DONE"}, {"action": "SOUTH", "reward": 5607, "info": {}, "observation": {"remainingOverageTime": 60, "index": 1}, "status": "ACTIVE"}, {"action": "SOUTH", "reward": 5607, "info": {}, "observation": {"remainingOverageTime": 60, "index": 2}, "status": "ACTIVE"}, {"action": "EAST", "reward": 5608, "info": {}, "observation": {"remainingOverageTime": 60, "index": 3}, "status": "ACTIVE"}], [{"action": "NORTH", "reward": 901, "info": {}, "observation": {"remainingOverageTime": 60, "step": 56, "geese": [[], [54, 43, 32, 31, 42, 41, 40], [23, 12, 1, 0, 11, 21, 20], [17, 16, 15, 14, 13, 24, 35, 46]], "food": [7, 9], "index": 0}, "status": "DONE"}, {"action": "SOUTH", "reward": 5707, "info": {}, "observation": {"remainingOverageTime": 60, "index": 1}, "status": "ACTIVE"}, {"action": "SOUTH", "reward": 5707, "info": {}, "observation": {"remainingOverageTime": 60, "index": 2}, "status": "ACTIVE"}, {"action": "EAST", "reward": 5708, "info": {}, "observation": {"remainingOverageTime": 60, "index": 3}, "status": "ACTIVE"}], [{"action": "NORTH", "reward": 901, "info": {}, "observation": {"remainingOverageTime": 60, "step": 57, "geese": [[], [53, 54, 43, 32, 31, 42, 41], [34, 23, 12, 1, 0, 11, 21], [18, 17, 16, 15, 14, 13, 24, 35]], "food": [7, 9], "index": 0}, "status": "DONE"}, {"action": "WEST", "reward": 5807, "info": {}, "observation": {"remainingOverageTime": 60, "index": 1}, "status": "ACTIVE"}, {"action": "SOUTH", "reward": 5807, "info": {}, "observation": {"remainingOverageTime": 60, "index": 2}, "status": "ACTIVE"}, {"action": "EAST", "reward": 5808, "info": {}, "observation": {"remainingOverageTime": 60, "index": 3}, "status": "ACTIVE"}], [{"action": "NORTH", "reward": 901, "info": {}, "observation": {"remainingOverageTime": 60, "step": 58, "geese": [[], [64, 53, 54, 43, 32, 31, 42], [33, 34, 23, 12, 1, 0, 11], [7, 18, 17, 16, 15, 14, 13, 24, 35]], "food": [9, 61], "index": 0}, "status": "DONE"}, {"action": "SOUTH", "reward": 5907, "info": {}, "observation": {"remainingOverageTime": 60, "index": 1}, "status": "ACTIVE"}, {"action": "WEST", "reward": 5907, "info": {}, "observation": {"remainingOverageTime": 60, "index": 2}, "status": "ACTIVE"}, {"action": "NORTH", "reward": 5909, "info": {}, "observation": {"remainingOverageTime": 60, "index": 3}, "status": "ACTIVE"}], [{"action": "NORTH", "reward": 901, "info": {}, "observation": {"remainingOverageTime": 60, "step": 59, "geese": [[], [75, 64, 53, 54, 43, 32, 31], [22, 33, 34, 23, 12, 1, 0], [8, 7, 18, 17, 16, 15, 14, 13, 24]], "food": [9, 61], "index": 0}, "status": "DONE"}, {"action": "SOUTH", "reward": 6007, "info": {}, "observation": {"remainingOverageTime": 60, "index": 1}, "status": "ACTIVE"}, {"action": "NORTH", "reward": 6007, "info": {}, "observation": {"remainingOverageTime": 60, "index": 2}, "status": "ACTIVE"}, {"action": "EAST", "reward": 6009, "info": {}, "observation": {"remainingOverageTime": 60, "index": 3}, "status": "ACTIVE"}], [{"action": "NORTH", "reward": 901, "info": {}, "observation": {"remainingOverageTime": 60, "step": 60, "geese": [[], [76, 75, 64, 53, 54, 43, 32], [11, 22, 33, 34, 23, 12, 1], [19, 8, 7, 18, 17, 16, 15, 14, 13]], "food": [9, 61], "index": 0}, "status": "DONE"}, {"action": "EAST", "reward": 6107, "info": {}, "observation": {"remainingOverageTime": 60, "index": 1}, "status": "ACTIVE"}, {"action": "NORTH", "reward": 6107, "info": {}, "observation": {"remainingOverageTime": 60, "index": 2}, "status": "ACTIVE"}, {"action": "SOUTH", "reward": 6109, "info": {}, "observation": {"remainingOverageTime": 60, "index": 3}, "status": "ACTIVE"}], [{"action": "NORTH", "reward": 901, "info": {}, "observation": {"remainingOverageTime": 60, "step": 61, "geese": [[], [10, 76, 75, 64, 53, 54, 43], [0, 11, 22, 33, 34, 23, 12], [20, 19, 8, 7, 18, 17, 16, 15, 14]], "food": [9, 61], "index": 0}, "status": "DONE"}, {"action": "SOUTH", "reward": 6207, "info": {}, "observation": {"remainingOverageTime": 60, "index": 1}, "status": "ACTIVE"}, {"action": "NORTH", "reward": 6207, "info": {}, "observation": {"remainingOverageTime": 60, "index": 2}, "status": "ACTIVE"}, {"action": "EAST", "reward": 6209, "info": {}, "observation": {"remainingOverageTime": 60, "index": 3}, "status": "ACTIVE"}], [{"action": "NORTH", "reward": 901, "info": {}, "observation": {"remainingOverageTime": 60, "step": 62, "geese": [[], [9, 10, 76, 75, 64, 53, 54, 43], [1, 0, 11, 22, 33, 34, 23], [31, 20, 19, 8, 7, 18, 17, 16, 15]], "food": [61, 5], "index": 0}, "status": "DONE"}, {"action": "WEST", "reward": 6308, "info": {}, "observation": {"remainingOverageTime": 60, "index": 1}, "status": "ACTIVE"}, {"action": "EAST", "reward": 6307, "info": {}, "observation": {"remainingOverageTime": 60, "index": 2}, "status": "ACTIVE"}, {"action": "SOUTH", "reward": 6309, "info": {}, "observation": {"remainingOverageTime": 60, "index": 3}, "status": "ACTIVE"}], [{"action": "NORTH", "reward": 901, "info": {}, "observation": {"remainingOverageTime": 60, "step": 63, "geese": [[], [], [2, 1, 0, 11, 22, 33, 34], [30, 31, 20, 19, 8, 7, 18, 17, 16]], "food": [61, 5], "index": 0}, "status": "DONE"}, {"action": "WEST", "reward": 6308, "info": {}, "observation": {"remainingOverageTime": 60, "index": 1}, "status": "DONE"}, {"action": "EAST", "reward": 6407, "info": {}, "observation": {"remainingOverageTime": 60, "index": 2}, "status": "ACTIVE"}, {"action": "WEST", "reward": 6409, "info": {}, "observation": {"remainingOverageTime": 60, "index": 3}, "status": "ACTIVE"}], [{"action": "NORTH", "reward": 901, "info": {}, "observation": {"remainingOverageTime": 60, "step": 64, "geese": [[], [], [3, 2, 1, 0, 11, 22, 33], [29, 30, 31, 20, 19, 8, 7, 18, 17]], "food": [61, 5], "index": 0}, "status": "DONE"}, {"action": "NORTH", "reward": 6308, "info": {}, "observation": {"remainingOverageTime": 60, "index": 1}, "status": "DONE"}, {"action": "EAST", "reward": 6507, "info": {}, "observation": {"remainingOverageTime": 60, "index": 2}, "status": "ACTIVE"}, {"action": "WEST", "reward": 6509, "info": {}, "observation": {"remainingOverageTime": 60, "index": 3}, "status": "ACTIVE"}], [{"action": "NORTH", "reward": 901, "info": {}, "observation": {"remainingOverageTime": 60, "step": 65, "geese": [[], [], [4, 3, 2, 1, 0, 11, 22], [28, 29, 30, 31, 20, 19, 8, 7, 18]], "food": [61, 5], "index": 0}, "status": "DONE"}, {"action": "NORTH", "reward": 6308, "info": {}, "observation": {"remainingOverageTime": 60, "index": 1}, "status": "DONE"}, {"action": "EAST", "reward": 6607, "info": {}, "observation": {"remainingOverageTime": 60, "index": 2}, "status": "ACTIVE"}, {"action": "WEST", "reward": 6609, "info": {}, "observation": {"remainingOverageTime": 60, "index": 3}, "status": "ACTIVE"}], [{"action": "NORTH", "reward": 901, "info": {}, "observation": {"remainingOverageTime": 60, "step": 66, "geese": [[], [], [5, 4, 3, 2, 1, 0, 11, 22], [39, 28, 29, 30, 31, 20, 19, 8, 7]], "food": [61, 55], "index": 0}, "status": "DONE"}, {"action": "NORTH", "reward": 6308, "info": {}, "observation": {"remainingOverageTime": 60, "index": 1}, "status": "DONE"}, {"action": "EAST", "reward": 6708, "info": {}, "observation": {"remainingOverageTime": 60, "index": 2}, "status": "ACTIVE"}, {"action": "SOUTH", "reward": 6709, "info": {}, "observation": {"remainingOverageTime": 60, "index": 3}, "status": "ACTIVE"}], [{"action": "NORTH", "reward": 901, "info": {}, "observation": {"remainingOverageTime": 60, "step": 67, "geese": [[], [], [6, 5, 4, 3, 2, 1, 0, 11], [50, 39, 28, 29, 30, 31, 20, 19, 8]], "food": [61, 55], "index": 0}, "status": "DONE"}, {"action": "NORTH", "reward": 6308, "info": {}, "observation": {"remainingOverageTime": 60, "index": 1}, "status": "DONE"}, {"action": "EAST", "reward": 6808, "info": {}, "observation": {"remainingOverageTime": 60, "index": 2}, "status": "ACTIVE"}, {"action": "SOUTH", "reward": 6809, "info": {}, "observation": {"remainingOverageTime": 60, "index": 3}, "status": "ACTIVE"}], [{"action": "NORTH", "reward": 901, "info": {}, "observation": {"remainingOverageTime": 60, "step": 68, "geese": [[], [], [7, 6, 5, 4, 3, 2, 1, 0], [61, 50, 39, 28, 29, 30, 31, 20, 19, 8]], "food": [55, 37], "index": 0}, "status": "DONE"}, {"action": "NORTH", "reward": 6308, "info": {}, "observation": {"remainingOverageTime": 60, "index": 1}, "status": "DONE"}, {"action": "EAST", "reward": 6908, "info": {}, "observation": {"remainingOverageTime": 60, "index": 2}, "status": "ACTIVE"}, {"action": "SOUTH", "reward": 6910, "info": {}, "observation": {"remainingOverageTime": 60, "index": 3}, "status": "ACTIVE"}], [{"action": "NORTH", "reward": 901, "info": {}, "observation": {"remainingOverageTime": 60, "step": 69, "geese": [[], [], [8, 7, 6, 5, 4, 3, 2, 1], [60, 61, 50, 39, 28, 29, 30, 31, 20, 19]], "food": [55, 37], "index": 0}, "status": "DONE"}, {"action": "NORTH", "reward": 6308, "info": {}, "observation": {"remainingOverageTime": 60, "index": 1}, "status": "DONE"}, {"action": "EAST", "reward": 7008, "info": {}, "observation": {"remainingOverageTime": 60, "index": 2}, "status": "ACTIVE"}, {"action": "WEST", "reward": 7010, "info": {}, "observation": {"remainingOverageTime": 60, "index": 3}, "status": "ACTIVE"}], [{"action": "NORTH", "reward": 901, "info": {}, "observation": {"remainingOverageTime": 60, "step": 70, "geese": [[], [], [9, 8, 7, 6, 5, 4, 3, 2], [49, 60, 61, 50, 39, 28, 29, 30, 31, 20]], "food": [55, 37], "index": 0}, "status": "DONE"}, {"action": "NORTH", "reward": 6308, "info": {}, "observation": {"remainingOverageTime": 60, "index": 1}, "status": "DONE"}, {"action": "EAST", "reward": 7108, "info": {}, "observation": {"remainingOverageTime": 60, "index": 2}, "status": "ACTIVE"}, {"action": "NORTH", "reward": 7110, "info": {}, "observation": {"remainingOverageTime": 60, "index": 3}, "status": "ACTIVE"}], [{"action": "NORTH", "reward": 901, "info": {}, "observation": {"remainingOverageTime": 60, "step": 71, "geese": [[], [], [10, 9, 8, 7, 6, 5, 4, 3], [38, 49, 60, 61, 50, 39, 28, 29, 30, 31]], "food": [55, 37], "index": 0}, "status": "DONE"}, {"action": "NORTH", "reward": 6308, "info": {}, "observation": {"remainingOverageTime": 60, "index": 1}, "status": "DONE"}, {"action": "EAST", "reward": 7208, "info": {}, "observation": {"remainingOverageTime": 60, "index": 2}, "status": "ACTIVE"}, {"action": "NORTH", "reward": 7210, "info": {}, "observation": {"remainingOverageTime": 60, "index": 3}, "status": "ACTIVE"}], [{"action": "NORTH", "reward": 901, "info": {}, "observation": {"remainingOverageTime": 60, "step": 72, "geese": [[], [], [0, 10, 9, 8, 7, 6, 5, 4], [37, 38, 49, 60, 61, 50, 39, 28, 29, 30, 31]], "food": [55, 33], "index": 0}, "status": "DONE"}, {"action": "NORTH", "reward": 6308, "info": {}, "observation": {"remainingOverageTime": 60, "index": 1}, "status": "DONE"}, {"action": "EAST", "reward": 7308, "info": {}, "observation": {"remainingOverageTime": 60, "index": 2}, "status": "ACTIVE"}, {"action": "WEST", "reward": 7311, "info": {}, "observation": {"remainingOverageTime": 60, "index": 3}, "status": "ACTIVE"}], [{"action": "NORTH", "reward": 901, "info": {}, "observation": {"remainingOverageTime": 60, "step": 73, "geese": [[], [], [66, 0, 10, 9, 8, 7, 6, 5], [36, 37, 38, 49, 60, 61, 50, 39, 28, 29, 30]], "food": [55, 33], "index": 0}, "status": "DONE"}, {"action": "NORTH", "reward": 6308, "info": {}, "observation": {"remainingOverageTime": 60, "index": 1}, "status": "DONE"}, {"action": "NORTH", "reward": 7408, "info": {}, "observation": {"remainingOverageTime": 60, "index": 2}, "status": "ACTIVE"}, {"action": "WEST", "reward": 7411, "info": {}, "observation": {"remainingOverageTime": 60, "index": 3}, "status": "ACTIVE"}], [{"action": "NORTH", "reward": 901, "info": {}, "observation": {"remainingOverageTime": 60, "step": 74, "geese": [[], [], [55, 66, 0, 10, 9, 8, 7, 6, 5], [35, 36, 37, 38, 49, 60, 61, 50, 39, 28, 29]], "food": [33, 26], "index": 0}, "status": "DONE"}, {"action": "NORTH", "reward": 6308, "info": {}, "observation": {"remainingOverageTime": 60, "index": 1}, "status": "DONE"}, {"action": "NORTH", "reward": 7509, "info": {}, "observation": {"remainingOverageTime": 60, "index": 2}, "status": "ACTIVE"}, {"action": "WEST", "reward": 7511, "info": {}, "observation": {"remainingOverageTime": 60, "index": 3}, "status": "ACTIVE"}], [{"action": "NORTH", "reward": 901, "info": {}, "observation": {"remainingOverageTime": 60, "step": 75, "geese": [[], [], [44, 55, 66, 0, 10, 9, 8, 7, 6], [34, 35, 36, 37, 38, 49, 60, 61, 50, 39, 28]], "food": [33, 26], "index": 0}, "status": "DONE"}, {"action": "NORTH", "reward": 6308, "info": {}, "observation": {"remainingOverageTime": 60, "index": 1}, "status": "DONE"}, {"action": "NORTH", "reward": 7609, "info": {}, "observation": {"remainingOverageTime": 60, "index": 2}, "status": "ACTIVE"}, {"action": "WEST", "reward": 7611, "info": {}, "observation": {"remainingOverageTime": 60, "index": 3}, "status": "ACTIVE"}], [{"action": "NORTH", "reward": 901, "info": {}, "observation": {"remainingOverageTime": 60, "step": 76, "geese": [[], [], [54, 44, 55, 66, 0, 10, 9, 8, 7], [23, 34, 35, 36, 37, 38, 49, 60, 61, 50, 39]], "food": [33, 26], "index": 0}, "status": "DONE"}, {"action": "NORTH", "reward": 6308, "info": {}, "observation": {"remainingOverageTime": 60, "index": 1}, "status": "DONE"}, {"action": "WEST", "reward": 7709, "info": {}, "observation": {"remainingOverageTime": 60, "index": 2}, "status": "ACTIVE"}, {"action": "NORTH", "reward": 7711, "info": {}, "observation": {"remainingOverageTime": 60, "index": 3}, "status": "ACTIVE"}], [{"action": "NORTH", "reward": 901, "info": {}, "observation": {"remainingOverageTime": 60, "step": 77, "geese": [[], [], [43, 54, 44, 55, 66, 0, 10, 9, 8], [22, 23, 34, 35, 36, 37, 38, 49, 60, 61, 50]], "food": [33, 26], "index": 0}, "status": "DONE"}, {"action": "NORTH", "reward": 6308, "info": {}, "observation": {"remainingOverageTime": 60, "index": 1}, "status": "DONE"}, {"action": "NORTH", "reward": 7809, "info": {}, "observation": {"remainingOverageTime": 60, "index": 2}, "status": "ACTIVE"}, {"action": "WEST", "reward": 7811, "info": {}, "observation": {"remainingOverageTime": 60, "index": 3}, "status": "ACTIVE"}], [{"action": "NORTH", "reward": 901, "info": {}, "observation": {"remainingOverageTime": 60, "step": 78, "geese": [[], [], [42, 43, 54, 44, 55, 66, 0, 10, 9], [11, 22, 23, 34, 35, 36, 37, 38, 49, 60, 61]], "food": [33, 26], "index": 0}, "status": "DONE"}, {"action": "NORTH", "reward": 6308, "info": {}, "observation": {"remainingOverageTime": 60, "index": 1}, "status": "DONE"}, {"action": "WEST", "reward": 7909, "info": {}, "observation": {"remainingOverageTime": 60, "index": 2}, "status": "ACTIVE"}, {"action": "NORTH", "reward": 7911, "info": {}, "observation": {"remainingOverageTime": 60, "index": 3}, "status": "ACTIVE"}], [{"action": "NORTH", "reward": 901, "info": {}, "observation": {"remainingOverageTime": 60, "step": 79, "geese": [[], [], [31, 42, 43, 54, 44, 55, 66, 0, 10], [12, 11, 22, 23, 34, 35, 36, 37, 38, 49, 60]], "food": [33, 26], "index": 0}, "status": "DONE"}, {"action": "NORTH", "reward": 6308, "info": {}, "observation": {"remainingOverageTime": 60, "index": 1}, "status": "DONE"}, {"action": "NORTH", "reward": 8009, "info": {}, "observation": {"remainingOverageTime": 60, "index": 2}, "status": "ACTIVE"}, {"action": "EAST", "reward": 8011, "info": {}, "observation": {"remainingOverageTime": 60, "index": 3}, "status": "ACTIVE"}], [{"action": "NORTH", "reward": 901, "info": {}, "observation": {"remainingOverageTime": 60, "step": 80, "geese": [[], [], [30, 31, 42, 43, 54, 44, 55, 66], [13, 12, 11, 22, 23, 34, 35, 36, 37, 38]], "food": [33, 26], "index": 0}, "status": "DONE"}, {"action": "NORTH", "reward": 6308, "info": {}, "observation": {"remainingOverageTime": 60, "index": 1}, "status": "DONE"}, {"action": "WEST", "reward": 8108, "info": {}, "observation": {"remainingOverageTime": 60, "index": 2}, "status": "ACTIVE"}, {"action": "EAST", "reward": 8110, "info": {}, "observation": {"remainingOverageTime": 60, "index": 3}, "status": "ACTIVE"}], [{"action": "NORTH", "reward": 901, "info": {}, "observation": {"remainingOverageTime": 60, "step": 81, "geese": [[], [], [29, 30, 31, 42, 43, 54, 44, 55], [14, 13, 12, 11, 22, 23, 34, 35, 36, 37]], "food": [33, 26], "index": 0}, "status": "DONE"}, {"action": "NORTH", "reward": 6308, "info": {}, "observation": {"remainingOverageTime": 60, "index": 1}, "status": "DONE"}, {"action": "WEST", "reward": 8208, "info": {}, "observation": {"remainingOverageTime": 60, "index": 2}, "status": "ACTIVE"}, {"action": "EAST", "reward": 8210, "info": {}, "observation": {"remainingOverageTime": 60, "index": 3}, "status": "ACTIVE"}], [{"action": "NORTH", "reward": 901, "info": {}, "observation": {"remainingOverageTime": 60, "step": 82, "geese": [[], [], [28, 29, 30, 31, 42, 43, 54, 44], [15, 14, 13, 12, 11, 22, 23, 34, 35, 36]], "food": [33, 26], "index": 0}, "status": "DONE"}, {"action": "NORTH", "reward": 6308, "info": {}, "observation": {"remainingOverageTime": 60, "index": 1}, "status": "DONE"}, {"action": "WEST", "reward": 8308, "info": {}, "observation": {"remainingOverageTime": 60, "index": 2}, "status": "ACTIVE"}, {"action": "EAST", "reward": 8310, "info": {}, "observation": {"remainingOverageTime": 60, "index": 3}, "status": "ACTIVE"}], [{"action": "NORTH", "reward": 901, "info": {}, "observation": {"remainingOverageTime": 60, "step": 83, "geese": [[], [], [27, 28, 29, 30, 31, 42, 43, 54], [26, 15, 14, 13, 12, 11, 22, 23, 34, 35, 36]], "food": [33, 62], "index": 0}, "status": "DONE"}, {"action": "NORTH", "reward": 6308, "info": {}, "observation": {"remainingOverageTime": 60, "index": 1}, "status": "DONE"}, {"action": "WEST", "reward": 8408, "info": {}, "observation": {"remainingOverageTime": 60, "index": 2}, "status": "ACTIVE"}, {"action": "SOUTH", "reward": 8411, "info": {}, "observation": {"remainingOverageTime": 60, "index": 3}, "status": "ACTIVE"}], [{"action": "NORTH", "reward": 901, "info": {}, "observation": {"remainingOverageTime": 60, "step": 84, "geese": [[], [], [38, 27, 28, 29, 30, 31, 42, 43], [37, 26, 15, 14, 13, 12, 11, 22, 23, 34, 35]], "food": [33, 62], "index": 0}, "status": "DONE"}, {"action": "NORTH", "reward": 6308, "info": {}, "observation": {"remainingOverageTime": 60, "index": 1}, "status": "DONE"}, {"action": "SOUTH", "reward": 8508, "info": {}, "observation": {"remainingOverageTime": 60, "index": 2}, "status": "ACTIVE"}, {"action": "SOUTH", "reward": 8511, "info": {}, "observation": {"remainingOverageTime": 60, "index": 3}, "status": "ACTIVE"}], [{"action": "NORTH", "reward": 901, "info": {}, "observation": {"remainingOverageTime": 60, "step": 85, "geese": [[], [], [39, 38, 27, 28, 29, 30, 31, 42], [48, 37, 26, 15, 14, 13, 12, 11, 22, 23, 34]], "food": [33, 62], "index": 0}, "status": "DONE"}, {"action": "NORTH", "reward": 6308, "info": {}, "observation": {"remainingOverageTime": 60, "index": 1}, "status": "DONE"}, {"action": "EAST", "reward": 8608, "info": {}, "observation": {"remainingOverageTime": 60, "index": 2}, "status": "ACTIVE"}, {"action": "SOUTH", "reward": 8611, "info": {}, "observation": {"remainingOverageTime": 60, "index": 3}, "status": "ACTIVE"}], [{"action": "NORTH", "reward": 901, "info": {}, "observation": {"remainingOverageTime": 60, "step": 86, "geese": [[], [], [40, 39, 38, 27, 28, 29, 30, 31], [49, 48, 37, 26, 15, 14, 13, 12, 11, 22, 23]], "food": [33, 62], "index": 0}, "status": "DONE"}, {"action": "NORTH", "reward": 6308, "info": {}, "observation": {"remainingOverageTime": 60, "index": 1}, "status": "DONE"}, {"action": "EAST", "reward": 8708, "info": {}, "observation": {"remainingOverageTime": 60, "index": 2}, "status": "ACTIVE"}, {"action": "EAST", "reward": 8711, "info": {}, "observation": {"remainingOverageTime": 60, "index": 3}, "status": "ACTIVE"}], [{"action": "NORTH", "reward": 901, "info": {}, "observation": {"remainingOverageTime": 60, "step": 87, "geese": [[], [], [51, 40, 39, 38, 27, 28, 29, 30], [50, 49, 48, 37, 26, 15, 14, 13, 12, 11, 22]], "food": [33, 62], "index": 0}, "status": "DONE"}, {"action": "NORTH", "reward": 6308, "info": {}, "observation": {"remainingOverageTime": 60, "index": 1}, "status": "DONE"}, {"action": "SOUTH", "reward": 8808, "info": {}, "observation": {"remainingOverageTime": 60, "index": 2}, "status": "ACTIVE"}, {"action": "EAST", "reward": 8811, "info": {}, "observation": {"remainingOverageTime": 60, "index": 3}, "status": "ACTIVE"}], [{"action": "NORTH", "reward": 901, "info": {}, "observation": {"remainingOverageTime": 60, "step": 88, "geese": [[], [], [62, 51, 40, 39, 38, 27, 28, 29, 30], [61, 50, 49, 48, 37, 26, 15, 14, 13, 12, 11]], "food": [33, 70], "index": 0}, "status": "DONE"}, {"action": "NORTH", "reward": 6308, "info": {}, "observation": {"remainingOverageTime": 60, "index": 1}, "status": "DONE"}, {"action": "SOUTH", "reward": 8909, "info": {}, "observation": {"remainingOverageTime": 60, "index": 2}, "status": "ACTIVE"}, {"action": "SOUTH", "reward": 8911, "info": {}, "observation": {"remainingOverageTime": 60, "index": 3}, "status": "ACTIVE"}], [{"action": "NORTH", "reward": 901, "info": {}, "observation": {"remainingOverageTime": 60, "step": 89, "geese": [[], [], [63, 62, 51, 40, 39, 38, 27, 28, 29], [60, 61, 50, 49, 48, 37, 26, 15, 14, 13, 12]], "food": [33, 70], "index": 0}, "status": "DONE"}, {"action": "NORTH", "reward": 6308, "info": {}, "observation": {"remainingOverageTime": 60, "index": 1}, "status": "DONE"}, {"action": "EAST", "reward": 9009, "info": {}, "observation": {"remainingOverageTime": 60, "index": 2}, "status": "ACTIVE"}, {"action": "WEST", "reward": 9011, "info": {}, "observation": {"remainingOverageTime": 60, "index": 3}, "status": "ACTIVE"}], [{"action": "NORTH", "reward": 901, "info": {}, "observation": {"remainingOverageTime": 60, "step": 90, "geese": [[], [], [64, 63, 62, 51, 40, 39, 38, 27, 28], [59, 60, 61, 50, 49, 48, 37, 26, 15, 14, 13]], "food": [33, 70], "index": 0}, "status": "DONE"}, {"action": "NORTH", "reward": 6308, "info": {}, "observation": {"remainingOverageTime": 60, "index": 1}, "status": "DONE"}, {"action": "EAST", "reward": 9109, "info": {}, "observation": {"remainingOverageTime": 60, "index": 2}, "status": "ACTIVE"}, {"action": "WEST", "reward": 9111, "info": {}, "observation": {"remainingOverageTime": 60, "index": 3}, "status": "ACTIVE"}], [{"action": "NORTH", "reward": 901, "info": {}, "observation": {"remainingOverageTime": 60, "step": 91, "geese": [[], [], [65, 64, 63, 62, 51, 40, 39, 38, 27], [70, 59, 60, 61, 50, 49, 48, 37, 26, 15, 14, 13]], "food": [33, 35], "index": 0}, "status": "DONE"}, {"action": "NORTH", "reward": 6308, "info": {}, "observation": {"remainingOverageTime": 60, "index": 1}, "status": "DONE"}, {"action": "EAST", "reward": 9209, "info": {}, "observation": {"remainingOverageTime": 60, "index": 2}, "status": "ACTIVE"}, {"action": "SOUTH", "reward": 9212, "info": {}, "observation": {"remainingOverageTime": 60, "index": 3}, "status": "ACTIVE"}], [{"action": "NORTH", "reward": 901, "info": {}, "observation": {"remainingOverageTime": 60, "step": 92, "geese": [[], [], [55, 65, 64, 63, 62, 51, 40, 39, 38], [69, 70, 59, 60, 61, 50, 49, 48, 37, 26, 15, 14]], "food": [33, 35], "index": 0}, "status": "DONE"}, {"action": "NORTH", "reward": 6308, "info": {}, "observation": {"remainingOverageTime": 60, "index": 1}, "status": "DONE"}, {"action": "EAST", "reward": 9309, "info": {}, "observation": {"remainingOverageTime": 60, "index": 2}, "status": "ACTIVE"}, {"action": "WEST", "reward": 9312, "info": {}, "observation": {"remainingOverageTime": 60, "index": 3}, "status": "ACTIVE"}], [{"action": "NORTH", "reward": 901, "info": {}, "observation": {"remainingOverageTime": 60, "step": 93, "geese": [[], [], [44, 55, 65, 64, 63, 62, 51, 40, 39], [58, 69, 70, 59, 60, 61, 50, 49, 48, 37, 26, 15]], "food": [33, 35], "index": 0}, "status": "DONE"}, {"action": "NORTH", "reward": 6308, "info": {}, "observation": {"remainingOverageTime": 60, "index": 1}, "status": "DONE"}, {"action": "NORTH", "reward": 9409, "info": {}, "observation": {"remainingOverageTime": 60, "index": 2}, "status": "ACTIVE"}, {"action": "NORTH", "reward": 9412, "info": {}, "observation": {"remainingOverageTime": 60, "index": 3}, "status": "ACTIVE"}], [{"action": "NORTH", "reward": 901, "info": {}, "observation": {"remainingOverageTime": 60, "step": 94, "geese": [[], [], [33, 44, 55, 65, 64, 63, 62, 51, 40, 39], [47, 58, 69, 70, 59, 60, 61, 50, 49, 48, 37, 26]], "food": [35, 45], "index": 0}, "status": "DONE"}, {"action": "NORTH", "reward": 6308, "info": {}, "observation": {"remainingOverageTime": 60, "index": 1}, "status": "DONE"}, {"action": "NORTH", "reward": 9510, "info": {}, "observation": {"remainingOverageTime": 60, "index": 2}, "status": "ACTIVE"}, {"action": "NORTH", "reward": 9512, "info": {}, "observation": {"remainingOverageTime": 60, "index": 3}, "status": "ACTIVE"}], [{"action": "NORTH", "reward": 901, "info": {}, "observation": {"remainingOverageTime": 60, "step": 95, "geese": [[], [], [34, 33, 44, 55, 65, 64, 63, 62, 51, 40], [36, 47, 58, 69, 70, 59, 60, 61, 50, 49, 48, 37]], "food": [35, 45], "index": 0}, "status": "DONE"}, {"action": "NORTH", "reward": 6308, "info": {}, "observation": {"remainingOverageTime": 60, "index": 1}, "status": "DONE"}, {"action": "EAST", "reward": 9610, "info": {}, "observation": {"remainingOverageTime": 60, "index": 2}, "status": "ACTIVE"}, {"action": "NORTH", "reward": 9612, "info": {}, "observation": {"remainingOverageTime": 60, "index": 3}, "status": "ACTIVE"}], [{"action": "NORTH", "reward": 901, "info": {}, "observation": {"remainingOverageTime": 60, "step": 96, "geese": [[], [], [45, 34, 33, 44, 55, 65, 64, 63, 62, 51, 40], [25, 36, 47, 58, 69, 70, 59, 60, 61, 50, 49, 48]], "food": [35, 16], "index": 0}, "status": "DONE"}, {"action": "NORTH", "reward": 6308, "info": {}, "observation": {"remainingOverageTime": 60, "index": 1}, "status": "DONE"}, {"action": "SOUTH", "reward": 9711, "info": {}, "observation": {"remainingOverageTime": 60, "index": 2}, "status": "ACTIVE"}, {"action": "NORTH", "reward": 9712, "info": {}, "observation": {"remainingOverageTime": 60, "index": 3}, "status": "ACTIVE"}], [{"action": "NORTH", "reward": 901, "info": {}, "observation": {"remainingOverageTime": 60, "step": 97, "geese": [[], [], [46, 45, 34, 33, 44, 55, 65, 64, 63, 62, 51], [24, 25, 36, 47, 58, 69, 70, 59, 60, 61, 50, 49]], "food": [35, 16], "index": 0}, "status": "DONE"}, {"action": "NORTH", "reward": 6308, "info": {}, "observation": {"remainingOverageTime": 60, "index": 1}, "status": "DONE"}, {"action": "EAST", "reward": 9811, "info": {}, "observation": {"remainingOverageTime": 60, "index": 2}, "status": "ACTIVE"}, {"action": "WEST", "reward": 9812, "info": {}, "observation": {"remainingOverageTime": 60, "index": 3}, "status": "ACTIVE"}], [{"action": "NORTH", "reward": 901, "info": {}, "observation": {"remainingOverageTime": 60, "step": 98, "geese": [[], [], [57, 46, 45, 34, 33, 44, 55, 65, 64, 63, 62], [13, 24, 25, 36, 47, 58, 69, 70, 59, 60, 61, 50]], "food": [35, 16], "index": 0}, "status": "DONE"}, {"action": "NORTH", "reward": 6308, "info": {}, "observation": {"remainingOverageTime": 60, "index": 1}, "status": "DONE"}, {"action": "SOUTH", "reward": 9911, "info": {}, "observation": {"remainingOverageTime": 60, "index": 2}, "status": "ACTIVE"}, {"action": "NORTH", "reward": 9912, "info": {}, "observation": {"remainingOverageTime": 60, "index": 3}, "status": "ACTIVE"}], [{"action": "NORTH", "reward": 901, "info": {}, "observation": {"remainingOverageTime": 60, "step": 99, "geese": [[], [], [56, 57, 46, 45, 34, 33, 44, 55, 65, 64, 63], [14, 13, 24, 25, 36, 47, 58, 69, 70, 59, 60, 61]], "food": [35, 16], "index": 0}, "status": "DONE"}, {"action": "NORTH", "reward": 6308, "info": {}, "observation": {"remainingOverageTime": 60, "index": 1}, "status": "DONE"}, {"action": "WEST", "reward": 10011, "info": {}, "observation": {"remainingOverageTime": 60, "index": 2}, "status": "ACTIVE"}, {"action": "EAST", "reward": 10012, "info": {}, "observation": {"remainingOverageTime": 60, "index": 3}, "status": "ACTIVE"}], [{"action": "NORTH", "reward": 901, "info": {}, "observation": {"remainingOverageTime": 60, "step": 100, "geese": [[], [], [67, 56, 57, 46, 45, 34, 33, 44, 55, 65, 64], [15, 14, 13, 24, 25, 36, 47, 58, 69, 70, 59, 60]], "food": [35, 16], "index": 0}, "status": "DONE"}, {"action": "NORTH", "reward": 6308, "info": {}, "observation": {"remainingOverageTime": 60, "index": 1}, "status": "DONE"}, {"action": "SOUTH", "reward": 10111, "info": {}, "observation": {"remainingOverageTime": 60, "index": 2}, "status": "ACTIVE"}, {"action": "EAST", "reward": 10112, "info": {}, "observation": {"remainingOverageTime": 60, "index": 3}, "status": "ACTIVE"}], [{"action": "NORTH", "reward": 901, "info": {}, "observation": {"remainingOverageTime": 60, "step": 101, "geese": [[], [], [], [16, 15, 14, 13, 24, 25, 36, 47, 58, 69, 70, 59, 60]], "food": [35, 33], "index": 0}, "status": "DONE"}, {"action": "NORTH", "reward": 6308, "info": {}, "observation": {"remainingOverageTime": 60, "index": 1}, "status": "DONE"}, {"action": "NORTH", "reward": 10111, "info": {}, "observation": {"remainingOverageTime": 60, "index": 2}, "status": "DONE"}, {"action": "EAST", "reward": 10213, "info": {}, "observation": {"remainingOverageTime": 60, "index": 3}, "status": "DONE"}]], "rewards": [901, 6308, 10111, 10213], "statuses": ["DONE", "DONE", "DONE", "DONE"], "schema_version": 1, "info": {}}