{"id": "a676eb6a-db0c-11ee-b332-0242ac1c000c", "name": "hungry_geese", "title": "Hungry Geese", "description": "Similar to the classic snake game with multiple players", "version": "1.0.0", "configuration": {"episodeSteps": 200, "actTimeout": 1, "runTimeout": 1200, "columns": 11, "rows": 7, "hunger_rate": 40, "min_food": 2, "max_length": 99}, "specification": {"action": {"description": "Direction to move the head of your players goose.", "type": "string", "enum": ["NORTH", "EAST", "SOUTH", "WEST"], "default": "NORTH"}, "agents": [1, 2, 3, 4, 5, 6, 7, 8], "configuration": {"episodeSteps": {"description": "Maximum number of steps in the episode.", "type": "integer", "minimum": 1, "default": 200}, "actTimeout": {"description": "Maximum runtime (seconds) to obtain an action from an agent.", "type": "number", "minimum": 0, "default": 1}, "runTimeout": {"description": "Maximum runtime (seconds) of an episode (not necessarily DONE).", "type": "number", "minimum": 0, "default": 1200}, "columns": {"description": "Horizontal number of cells on the board.", "type": "integer", "default": 11, "minimum": 3}, "rows": {"description": "Vertical number of cells on the board.", "type": "integer", "default": 7, "minimum": 3}, "hunger_rate": {"description": "The number of steps before the goose shrinks a cell.", "type": "integer", "minimum": 1, "default": 40}, "min_food": {"description": "The minimum amount of food present for all steps.", "type": "integer", "default": 2, "minimum": 1}, "max_length": {"description": "The max length any goose can be. Total reward = (max length + 1) * steps survived + goose length.", "type": "integer", "default": 99}}, "info": {}, "observation": {"remainingOverageTime": {"description": "Total remaining banked time (seconds) that can be used in excess of per-step actTimeouts -- agent is disqualified with TIMEOUT status when this drops below 0.", "shared": false, "type": "number", "minimum": 0, "default": 60}, "step": {"description": "Current step within the episode.", "type": "integer", "shared": true, "minimum": 0, "default": 0}, "geese": {"description": "List of geese in order by the agent index.", "type": "array", "default": [], "shared": true}, "food": {"description": "Positions on the board where food is present.", "type": "array", "default": [], "shared": true}, "index": {"description": "Index of the current agent's goose in the list of geese.", "type": "integer", "minimum": 0, "defaults": [0, 1, 2, 3, 4, 5, 6, 7]}}, "reward": {"description": "steps survived * (max goose length + 1) + current goose length.", "type": ["number", "null"], "default": 0, "minimum": 0}}, "steps": [[{"action": "NORTH", "reward": 0, "info": {}, "observation": {"remainingOverageTime": 60, "step": 0, "geese": [[57], [71], [48], [11]], "food": [68, 35], "index": 0}, "status": "ACTIVE"}, {"action": "NORTH", "reward": 0, "info": {}, "observation": {"remainingOverageTime": 60, "index": 1}, "status": "ACTIVE"}, {"action": "NORTH", "reward": 0, "info": {}, "observation": {"remainingOverageTime": 60, "index": 2}, "status": "ACTIVE"}, {"action": "NORTH", "reward": 0, "info": {}, "observation": {"remainingOverageTime": 60, "index": 3}, "status": "ACTIVE"}], [{"action": "SOUTH", "reward": 202, "info": {}, "observation": {"remainingOverageTime": 60, "step": 1, "geese": [[68, 57], [70], [37], [12]], "food": [35, 66], "index": 0}, "status": "ACTIVE"}, {"action": "WEST", "reward": 201, "info": {}, "observation": {"remainingOverageTime": 60, "index": 1}, "status": "ACTIVE"}, {"action": "NORTH", "reward": 201, "info": {}, "observation": {"remainingOverageTime": 60, "index": 2}, "status": "ACTIVE"}, {"action": "EAST", "reward": 201, "info": {}, "observation": {"remainingOverageTime": 60, "index": 3}, "status": "ACTIVE"}], [{"action": "WEST", "reward": 302, "info": {}, "observation": {"remainingOverageTime": 60, "step": 2, "geese": [[67, 68], [59], [36], [13]], "food": [35, 66], "index": 0}, "status": "ACTIVE"}, {"action": "NORTH", "reward": 301, "info": {}, "observation": {"remainingOverageTime": 60, "index": 1}, "status": "ACTIVE"}, {"action": "WEST", "reward": 301, "info": {}, "observation": {"remainingOverageTime": 60, "index": 2}, "status": "ACTIVE"}, {"action": "EAST", "reward": 301, "info": {}, "observation": {"remainingOverageTime": 60, "index": 3}, "status": "ACTIVE"}], [{"action": "WEST", "reward": 403, "info": {}, "observation": {"remainingOverageTime": 60, "step": 3, "geese": [[66, 67, 68], [], [35, 36], []], "food": [44, 63], "index": 0}, "status": "ACTIVE"}, {"action": "SOUTH", "reward": 301, "info": {}, "observation": {"remainingOverageTime": 60, "index": 1}, "status": "DONE"}, {"action": "WEST", "reward": 402, "info": {}, "observation": {"remainingOverageTime": 60, "index": 2}, "status": "ACTIVE"}, {"action": "WEST", "reward": 301, "info": {}, "observation": {"remainingOverageTime": 60, "index": 3}, "status": "DONE"}], [{"action": "NORTH", "reward": 503, "info": {}, "observation": {"remainingOverageTime": 60, "step": 4, "geese": [[55, 66, 67], [], [34, 35], []], "food": [44, 63], "index": 0}, "status": "ACTIVE"}, {"action": "NORTH", "reward": 301, "info": {}, "observation": {"remainingOverageTime": 60, "index": 1}, "status": "DONE"}, {"action": "WEST", "reward": 502, "info": {}, "observation": {"remainingOverageTime": 60, "index": 2}, "status": "ACTIVE"}, {"action": "NORTH", "reward": 301, "info": {}, "observation": {"remainingOverageTime": 60, "index": 3}, "status": "DONE"}], [{"action": "NORTH", "reward": 604, "info": {}, "observation": {"remainingOverageTime": 60, "step": 5, "geese": [[44, 55, 66, 67], [], [33, 34], []], "food": [63, 49], "index": 0}, "status": "ACTIVE"}, {"action": "NORTH", "reward": 301, "info": {}, "observation": {"remainingOverageTime": 60, "index": 1}, "status": "DONE"}, {"action": "WEST", "reward": 602, "info": {}, "observation": {"remainingOverageTime": 60, "index": 2}, "status": "ACTIVE"}, {"action": "NORTH", "reward": 301, "info": {}, "observation": {"remainingOverageTime": 60, "index": 3}, "status": "DONE"}], [{"action": "WEST", "reward": 704, "info": {}, "observation": {"remainingOverageTime": 60, "step": 6, "geese": [[54, 44, 55, 66], [], [43, 33], []], "food": [63, 49], "index": 0}, "status": "ACTIVE"}, {"action": "NORTH", "reward": 301, "info": {}, "observation": {"remainingOverageTime": 60, "index": 1}, "status": "DONE"}, {"action": "WEST", "reward": 702, "info": {}, "observation": {"remainingOverageTime": 60, "index": 2}, "status": "ACTIVE"}, {"action": "NORTH", "reward": 301, "info": {}, "observation": {"remainingOverageTime": 60, "index": 3}, "status": "DONE"}], [{"action": "WEST", "reward": 804, "info": {}, "observation": {"remainingOverageTime": 60, "step": 7, "geese": [[53, 54, 44, 55], [], [42, 43], []], "food": [63, 49], "index": 0}, "status": "ACTIVE"}, {"action": "NORTH", "reward": 301, "info": {}, "observation": {"remainingOverageTime": 60, "index": 1}, "status": "DONE"}, {"action": "WEST", "reward": 802, "info": {}, "observation": {"remainingOverageTime": 60, "index": 2}, "status": "ACTIVE"}, {"action": "NORTH", "reward": 301, "info": {}, "observation": {"remainingOverageTime": 60, "index": 3}, "status": "DONE"}], [{"action": "WEST", "reward": 904, "info": {}, "observation": {"remainingOverageTime": 60, "step": 8, "geese": [[52, 53, 54, 44], [], [41, 42], []], "food": [63, 49], "index": 0}, "status": "ACTIVE"}, {"action": "NORTH", "reward": 301, "info": {}, "observation": {"remainingOverageTime": 60, "index": 1}, "status": "DONE"}, {"action": "WEST", "reward": 902, "info": {}, "observation": {"remainingOverageTime": 60, "index": 2}, "status": "ACTIVE"}, {"action": "NORTH", "reward": 301, "info": {}, "observation": {"remainingOverageTime": 60, "index": 3}, "status": "DONE"}], [{"action": "SOUTH", "reward": 1005, "info": {}, "observation": {"remainingOverageTime": 60, "step": 9, "geese": [[63, 52, 53, 54, 44], [], [40, 41], []], "food": [49, 48], "index": 0}, "status": "ACTIVE"}, {"action": "NORTH", "reward": 301, "info": {}, "observation": {"remainingOverageTime": 60, "index": 1}, "status": "DONE"}, {"action": "WEST", "reward": 1002, "info": {}, "observation": {"remainingOverageTime": 60, "index": 2}, "status": "ACTIVE"}, {"action": "NORTH", "reward": 301, "info": {}, "observation": {"remainingOverageTime": 60, "index": 3}, "status": "DONE"}], [{"action": "WEST", "reward": 1105, "info": {}, "observation": {"remainingOverageTime": 60, "step": 10, "geese": [[62, 63, 52, 53, 54], [], [39, 40], []], "food": [49, 48], "index": 0}, "status": "ACTIVE"}, {"action": "NORTH", "reward": 301, "info": {}, "observation": {"remainingOverageTime": 60, "index": 1}, "status": "DONE"}, {"action": "WEST", "reward": 1102, "info": {}, "observation": {"remainingOverageTime": 60, "index": 2}, "status": "ACTIVE"}, {"action": "NORTH", "reward": 301, "info": {}, "observation": {"remainingOverageTime": 60, "index": 3}, "status": "DONE"}], [{"action": "WEST", "reward": 1205, "info": {}, "observation": {"remainingOverageTime": 60, "step": 11, "geese": [[61, 62, 63, 52, 53], [], [38, 39], []], "food": [49, 48], "index": 0}, "status": "ACTIVE"}, {"action": "NORTH", "reward": 301, "info": {}, "observation": {"remainingOverageTime": 60, "index": 1}, "status": "DONE"}, {"action": "WEST", "reward": 1202, "info": {}, "observation": {"remainingOverageTime": 60, "index": 2}, "status": "ACTIVE"}, {"action": "NORTH", "reward": 301, "info": {}, "observation": {"remainingOverageTime": 60, "index": 3}, "status": "DONE"}], [{"action": "WEST", "reward": 1305, "info": {}, "observation": {"remainingOverageTime": 60, "step": 12, "geese": [[60, 61, 62, 63, 52], [], [49, 38, 39], []], "food": [48, 20], "index": 0}, "status": "ACTIVE"}, {"action": "NORTH", "reward": 301, "info": {}, "observation": {"remainingOverageTime": 60, "index": 1}, "status": "DONE"}, {"action": "SOUTH", "reward": 1303, "info": {}, "observation": {"remainingOverageTime": 60, "index": 2}, "status": "ACTIVE"}, {"action": "NORTH", "reward": 301, "info": {}, "observation": {"remainingOverageTime": 60, "index": 3}, "status": "DONE"}], [{"action": "SOUTH", "reward": 1405, "info": {}, "observation": {"remainingOverageTime": 60, "step": 13, "geese": [[71, 60, 61, 62, 63], [], [48, 49, 38, 39], []], "food": [20, 6], "index": 0}, "status": "ACTIVE"}, {"action": "NORTH", "reward": 301, "info": {}, "observation": {"remainingOverageTime": 60, "index": 1}, "status": "DONE"}, {"action": "WEST", "reward": 1404, "info": {}, "observation": {"remainingOverageTime": 60, "index": 2}, "status": "ACTIVE"}, {"action": "NORTH", "reward": 301, "info": {}, "observation": {"remainingOverageTime": 60, "index": 3}, "status": "DONE"}], [{"action": "EAST", "reward": 1505, "info": {}, "observation": {"remainingOverageTime": 60, "step": 14, "geese": [[72, 71, 60, 61, 62], [], [37, 48, 49, 38], []], "food": [20, 6], "index": 0}, "status": "ACTIVE"}, {"action": "NORTH", "reward": 301, "info": {}, "observation": {"remainingOverageTime": 60, "index": 1}, "status": "DONE"}, {"action": "NORTH", "reward": 1504, "info": {}, "observation": {"remainingOverageTime": 60, "index": 2}, "status": "ACTIVE"}, {"action": "NORTH", "reward": 301, "info": {}, "observation": {"remainingOverageTime": 60, "index": 3}, "status": "DONE"}], [{"action": "SOUTH", "reward": 1606, "info": {}, "observation": {"remainingOverageTime": 60, "step": 15, "geese": [[6, 72, 71, 60, 61, 62], [], [38, 37, 48, 49], []], "food": [20, 7], "index": 0}, "status": "ACTIVE"}, {"action": "NORTH", "reward": 301, "info": {}, "observation": {"remainingOverageTime": 60, "index": 1}, "status": "DONE"}, {"action": "EAST", "reward": 1604, "info": {}, "observation": {"remainingOverageTime": 60, "index": 2}, "status": "ACTIVE"}, {"action": "NORTH", "reward": 301, "info": {}, "observation": {"remainingOverageTime": 60, "index": 3}, "status": "DONE"}], [{"action": "EAST", "reward": 1707, "info": {}, "observation": {"remainingOverageTime": 60, "step": 16, "geese": [[7, 6, 72, 71, 60, 61, 62], [], [39, 38, 37, 48], []], "food": [20, 53], "index": 0}, "status": "ACTIVE"}, {"action": "NORTH", "reward": 301, "info": {}, "observation": {"remainingOverageTime": 60, "index": 1}, "status": "DONE"}, {"action": "EAST", "reward": 1704, "info": {}, "observation": {"remainingOverageTime": 60, "index": 2}, "status": "ACTIVE"}, {"action": "NORTH", "reward": 301, "info": {}, "observation": {"remainingOverageTime": 60, "index": 3}, "status": "DONE"}], [{"action": "EAST", "reward": 1807, "info": {}, "observation": {"remainingOverageTime": 60, "step": 17, "geese": [[8, 7, 6, 72, 71, 60, 61], [], [40, 39, 38, 37], []], "food": [20, 53], "index": 0}, "status": "ACTIVE"}, {"action": "NORTH", "reward": 301, "info": {}, "observation": {"remainingOverageTime": 60, "index": 1}, "status": "DONE"}, {"action": "EAST", "reward": 1804, "info": {}, "observation": {"remainingOverageTime": 60, "index": 2}, "status": "ACTIVE"}, {"action": "NORTH", "reward": 301, "info": {}, "observation": {"remainingOverageTime": 60, "index": 3}, "status": "DONE"}], [{"action": "EAST", "reward": 1907, "info": {}, "observation": {"remainingOverageTime": 60, "step": 18, "geese": [[9, 8, 7, 6, 72, 71, 60], [], [41, 40, 39, 38], []], "food": [20, 53], "index": 0}, "status": "ACTIVE"}, {"action": "NORTH", "reward": 301, "info": {}, "observation": {"remainingOverageTime": 60, "index": 1}, "status": "DONE"}, {"action": "EAST", "reward": 1904, "info": {}, "observation": {"remainingOverageTime": 60, "index": 2}, "status": "ACTIVE"}, {"action": "NORTH", "reward": 301, "info": {}, "observation": {"remainingOverageTime": 60, "index": 3}, "status": "DONE"}], [{"action": "SOUTH", "reward": 2008, "info": {}, "observation": {"remainingOverageTime": 60, "step": 19, "geese": [[20, 9, 8, 7, 6, 72, 71, 60], [], [42, 41, 40, 39], []], "food": [53, 26], "index": 0}, "status": "ACTIVE"}, {"action": "NORTH", "reward": 301, "info": {}, "observation": {"remainingOverageTime": 60, "index": 1}, "status": "DONE"}, {"action": "EAST", "reward": 2004, "info": {}, "observation": {"remainingOverageTime": 60, "index": 2}, "status": "ACTIVE"}, {"action": "NORTH", "reward": 301, "info": {}, "observation": {"remainingOverageTime": 60, "index": 3}, "status": "DONE"}], [{"action": "WEST", "reward": 2108, "info": {}, "observation": {"remainingOverageTime": 60, "step": 20, "geese": [[19, 20, 9, 8, 7, 6, 72, 71], [], [53, 42, 41, 40, 39], []], "food": [26, 54], "index": 0}, "status": "ACTIVE"}, {"action": "NORTH", "reward": 301, "info": {}, "observation": {"remainingOverageTime": 60, "index": 1}, "status": "DONE"}, {"action": "SOUTH", "reward": 2105, "info": {}, "observation": {"remainingOverageTime": 60, "index": 2}, "status": "ACTIVE"}, {"action": "NORTH", "reward": 301, "info": {}, "observation": {"remainingOverageTime": 60, "index": 3}, "status": "DONE"}], [{"action": "WEST", "reward": 2208, "info": {}, "observation": {"remainingOverageTime": 60, "step": 21, "geese": [[18, 19, 20, 9, 8, 7, 6, 72], [], [54, 53, 42, 41, 40, 39], []], "food": [26, 69], "index": 0}, "status": "ACTIVE"}, {"action": "NORTH", "reward": 301, "info": {}, "observation": {"remainingOverageTime": 60, "index": 1}, "status": "DONE"}, {"action": "EAST", "reward": 2206, "info": {}, "observation": {"remainingOverageTime": 60, "index": 2}, "status": "ACTIVE"}, {"action": "NORTH", "reward": 301, "info": {}, "observation": {"remainingOverageTime": 60, "index": 3}, "status": "DONE"}], [{"action": "WEST", "reward": 2308, "info": {}, "observation": {"remainingOverageTime": 60, "step": 22, "geese": [[17, 18, 19, 20, 9, 8, 7, 6], [], [44, 54, 53, 42, 41, 40], []], "food": [26, 69], "index": 0}, "status": "ACTIVE"}, {"action": "NORTH", "reward": 301, "info": {}, "observation": {"remainingOverageTime": 60, "index": 1}, "status": "DONE"}, {"action": "EAST", "reward": 2306, "info": {}, "observation": {"remainingOverageTime": 60, "index": 2}, "status": "ACTIVE"}, {"action": "NORTH", "reward": 301, "info": {}, "observation": {"remainingOverageTime": 60, "index": 3}, "status": "DONE"}], [{"action": "WEST", "reward": 2408, "info": {}, "observation": {"remainingOverageTime": 60, "step": 23, "geese": [[16, 17, 18, 19, 20, 9, 8, 7], [], [45, 44, 54, 53, 42, 41], []], "food": [26, 69], "index": 0}, "status": "ACTIVE"}, {"action": "NORTH", "reward": 301, "info": {}, "observation": {"remainingOverageTime": 60, "index": 1}, "status": "DONE"}, {"action": "EAST", "reward": 2406, "info": {}, "observation": {"remainingOverageTime": 60, "index": 2}, "status": "ACTIVE"}, {"action": "NORTH", "reward": 301, "info": {}, "observation": {"remainingOverageTime": 60, "index": 3}, "status": "DONE"}], [{"action": "WEST", "reward": 2508, "info": {}, "observation": {"remainingOverageTime": 60, "step": 24, "geese": [[15, 16, 17, 18, 19, 20, 9, 8], [], [46, 45, 44, 54, 53, 42], []], "food": [26, 69], "index": 0}, "status": "ACTIVE"}, {"action": "NORTH", "reward": 301, "info": {}, "observation": {"remainingOverageTime": 60, "index": 1}, "status": "DONE"}, {"action": "EAST", "reward": 2506, "info": {}, "observation": {"remainingOverageTime": 60, "index": 2}, "status": "ACTIVE"}, {"action": "NORTH", "reward": 301, "info": {}, "observation": {"remainingOverageTime": 60, "index": 3}, "status": "DONE"}], [{"action": "SOUTH", "reward": 2609, "info": {}, "observation": {"remainingOverageTime": 60, "step": 25, "geese": [[26, 15, 16, 17, 18, 19, 20, 9, 8], [], [47, 46, 45, 44, 54, 53], []], "food": [69, 35], "index": 0}, "status": "ACTIVE"}, {"action": "NORTH", "reward": 301, "info": {}, "observation": {"remainingOverageTime": 60, "index": 1}, "status": "DONE"}, {"action": "EAST", "reward": 2606, "info": {}, "observation": {"remainingOverageTime": 60, "index": 2}, "status": "ACTIVE"}, {"action": "NORTH", "reward": 301, "info": {}, "observation": {"remainingOverageTime": 60, "index": 3}, "status": "DONE"}], [{"action": "WEST", "reward": 2709, "info": {}, "observation": {"remainingOverageTime": 60, "step": 26, "geese": [[25, 26, 15, 16, 17, 18, 19, 20, 9], [], [36, 47, 46, 45, 44, 54], []], "food": [69, 35], "index": 0}, "status": "ACTIVE"}, {"action": "NORTH", "reward": 301, "info": {}, "observation": {"remainingOverageTime": 60, "index": 1}, "status": "DONE"}, {"action": "NORTH", "reward": 2706, "info": {}, "observation": {"remainingOverageTime": 60, "index": 2}, "status": "ACTIVE"}, {"action": "NORTH", "reward": 301, "info": {}, "observation": {"remainingOverageTime": 60, "index": 3}, "status": "DONE"}], [{"action": "NORTH", "reward": 2809, "info": {}, "observation": {"remainingOverageTime": 60, "step": 27, "geese": [[14, 25, 26, 15, 16, 17, 18, 19, 20], [], [35, 36, 47, 46, 45, 44, 54], []], "food": [69, 71], "index": 0}, "status": "ACTIVE"}, {"action": "NORTH", "reward": 301, "info": {}, "observation": {"remainingOverageTime": 60, "index": 1}, "status": "DONE"}, {"action": "WEST", "reward": 2807, "info": {}, "observation": {"remainingOverageTime": 60, "index": 2}, "status": "ACTIVE"}, {"action": "NORTH", "reward": 301, "info": {}, "observation": {"remainingOverageTime": 60, "index": 3}, "status": "DONE"}], [{"action": "NORTH", "reward": 2909, "info": {}, "observation": {"remainingOverageTime": 60, "step": 28, "geese": [[3, 14, 25, 26, 15, 16, 17, 18, 19], [], [24, 35, 36, 47, 46, 45, 44], []], "food": [69, 71], "index": 0}, "status": "ACTIVE"}, {"action": "NORTH", "reward": 301, "info": {}, "observation": {"remainingOverageTime": 60, "index": 1}, "status": "DONE"}, {"action": "NORTH", "reward": 2907, "info": {}, "observation": {"remainingOverageTime": 60, "index": 2}, "status": "ACTIVE"}, {"action": "NORTH", "reward": 301, "info": {}, "observation": {"remainingOverageTime": 60, "index": 3}, "status": "DONE"}], [{"action": "NORTH", "reward": 3010, "info": {}, "observation": {"remainingOverageTime": 60, "step": 29, "geese": [[69, 3, 14, 25, 26, 15, 16, 17, 18, 19], [], [13, 24, 35, 36, 47, 46, 45], []], "food": [71, 52], "index": 0}, "status": "ACTIVE"}, {"action": "NORTH", "reward": 301, "info": {}, "observation": {"remainingOverageTime": 60, "index": 1}, "status": "DONE"}, {"action": "NORTH", "reward": 3007, "info": {}, "observation": {"remainingOverageTime": 60, "index": 2}, "status": "ACTIVE"}, {"action": "NORTH", "reward": 301, "info": {}, "observation": {"remainingOverageTime": 60, "index": 3}, "status": "DONE"}], [{"action": "EAST", "reward": 3110, "info": {}, "observation": {"remainingOverageTime": 60, "step": 30, "geese": [[70, 69, 3, 14, 25, 26, 15, 16, 17, 18], [], [12, 13, 24, 35, 36, 47, 46], []], "food": [71, 52], "index": 0}, "status": "ACTIVE"}, {"action": "NORTH", "reward": 301, "info": {}, "observation": {"remainingOverageTime": 60, "index": 1}, "status": "DONE"}, {"action": "WEST", "reward": 3107, "info": {}, "observation": {"remainingOverageTime": 60, "index": 2}, "status": "ACTIVE"}, {"action": "NORTH", "reward": 301, "info": {}, "observation": {"remainingOverageTime": 60, "index": 3}, "status": "DONE"}], [{"action": "EAST", "reward": 3211, "info": {}, "observation": {"remainingOverageTime": 60, "step": 31, "geese": [[71, 70, 69, 3, 14, 25, 26, 15, 16, 17, 18], [], [11, 12, 13, 24, 35, 36, 47], []], "food": [52, 40], "index": 0}, "status": "ACTIVE"}, {"action": "NORTH", "reward": 301, "info": {}, "observation": {"remainingOverageTime": 60, "index": 1}, "status": "DONE"}, {"action": "WEST", "reward": 3207, "info": {}, "observation": {"remainingOverageTime": 60, "index": 2}, "status": "ACTIVE"}, {"action": "NORTH", "reward": 301, "info": {}, "observation": {"remainingOverageTime": 60, "index": 3}, "status": "DONE"}], [{"action": "EAST", "reward": 3311, "info": {}, "observation": {"remainingOverageTime": 60, "step": 32, "geese": [[72, 71, 70, 69, 3, 14, 25, 26, 15, 16, 17], [], [21, 11, 12, 13, 24, 35, 36], []], "food": [52, 40], "index": 0}, "status": "ACTIVE"}, {"action": "NORTH", "reward": 301, "info": {}, "observation": {"remainingOverageTime": 60, "index": 1}, "status": "DONE"}, {"action": "WEST", "reward": 3307, "info": {}, "observation": {"remainingOverageTime": 60, "index": 2}, "status": "ACTIVE"}, {"action": "NORTH", "reward": 301, "info": {}, "observation": {"remainingOverageTime": 60, "index": 3}, "status": "DONE"}], [{"action": "EAST", "reward": 3411, "info": {}, "observation": {"remainingOverageTime": 60, "step": 33, "geese": [[73, 72, 71, 70, 69, 3, 14, 25, 26, 15, 16], [], [20, 21, 11, 12, 13, 24, 35], []], "food": [52, 40], "index": 0}, "status": "ACTIVE"}, {"action": "NORTH", "reward": 301, "info": {}, "observation": {"remainingOverageTime": 60, "index": 1}, "status": "DONE"}, {"action": "WEST", "reward": 3407, "info": {}, "observation": {"remainingOverageTime": 60, "index": 2}, "status": "ACTIVE"}, {"action": "NORTH", "reward": 301, "info": {}, "observation": {"remainingOverageTime": 60, "index": 3}, "status": "DONE"}], [{"action": "EAST", "reward": 3511, "info": {}, "observation": {"remainingOverageTime": 60, "step": 34, "geese": [[74, 73, 72, 71, 70, 69, 3, 14, 25, 26, 15], [], [19, 20, 21, 11, 12, 13, 24], []], "food": [52, 40], "index": 0}, "status": "ACTIVE"}, {"action": "NORTH", "reward": 301, "info": {}, "observation": {"remainingOverageTime": 60, "index": 1}, "status": "DONE"}, {"action": "WEST", "reward": 3507, "info": {}, "observation": {"remainingOverageTime": 60, "index": 2}, "status": "ACTIVE"}, {"action": "NORTH", "reward": 301, "info": {}, "observation": {"remainingOverageTime": 60, "index": 3}, "status": "DONE"}], [{"action": "NORTH", "reward": 3611, "info": {}, "observation": {"remainingOverageTime": 60, "step": 35, "geese": [[63, 74, 73, 72, 71, 70, 69, 3, 14, 25, 26], [], [18, 19, 20, 21, 11, 12, 13], []], "food": [52, 40], "index": 0}, "status": "ACTIVE"}, {"action": "NORTH", "reward": 301, "info": {}, "observation": {"remainingOverageTime": 60, "index": 1}, "status": "DONE"}, {"action": "WEST", "reward": 3607, "info": {}, "observation": {"remainingOverageTime": 60, "index": 2}, "status": "ACTIVE"}, {"action": "NORTH", "reward": 301, "info": {}, "observation": {"remainingOverageTime": 60, "index": 3}, "status": "DONE"}], [{"action": "NORTH", "reward": 3712, "info": {}, "observation": {"remainingOverageTime": 60, "step": 36, "geese": [[52, 63, 74, 73, 72, 71, 70, 69, 3, 14, 25, 26], [], [29, 18, 19, 20, 21, 11, 12], []], "food": [40, 0], "index": 0}, "status": "ACTIVE"}, {"action": "NORTH", "reward": 301, "info": {}, "observation": {"remainingOverageTime": 60, "index": 1}, "status": "DONE"}, {"action": "SOUTH", "reward": 3707, "info": {}, "observation": {"remainingOverageTime": 60, "index": 2}, "status": "ACTIVE"}, {"action": "NORTH", "reward": 301, "info": {}, "observation": {"remainingOverageTime": 60, "index": 3}, "status": "DONE"}], [{"action": "EAST", "reward": 3812, "info": {}, "observation": {"remainingOverageTime": 60, "step": 37, "geese": [[53, 52, 63, 74, 73, 72, 71, 70, 69, 3, 14, 25], [], [40, 29, 18, 19, 20, 21, 11, 12], []], "food": [0, 24], "index": 0}, "status": "ACTIVE"}, {"action": "NORTH", "reward": 301, "info": {}, "observation": {"remainingOverageTime": 60, "index": 1}, "status": "DONE"}, {"action": "SOUTH", "reward": 3808, "info": {}, "observation": {"remainingOverageTime": 60, "index": 2}, "status": "ACTIVE"}, {"action": "NORTH", "reward": 301, "info": {}, "observation": {"remainingOverageTime": 60, "index": 3}, "status": "DONE"}], [{"action": "EAST", "reward": 3912, "info": {}, "observation": {"remainingOverageTime": 60, "step": 38, "geese": [[54, 53, 52, 63, 74, 73, 72, 71, 70, 69, 3, 14], [], [39, 40, 29, 18, 19, 20, 21, 11], []], "food": [0, 24], "index": 0}, "status": "ACTIVE"}, {"action": "NORTH", "reward": 301, "info": {}, "observation": {"remainingOverageTime": 60, "index": 1}, "status": "DONE"}, {"action": "WEST", "reward": 3908, "info": {}, "observation": {"remainingOverageTime": 60, "index": 2}, "status": "ACTIVE"}, {"action": "NORTH", "reward": 301, "info": {}, "observation": {"remainingOverageTime": 60, "index": 3}, "status": "DONE"}], [{"action": "EAST", "reward": 4012, "info": {}, "observation": {"remainingOverageTime": 60, "step": 39, "geese": [[44, 54, 53, 52, 63, 74, 73, 72, 71, 70, 69, 3], [], [28, 39, 40, 29, 18, 19, 20, 21], []], "food": [0, 24], "index": 0}, "status": "ACTIVE"}, {"action": "NORTH", "reward": 301, "info": {}, "observation": {"remainingOverageTime": 60, "index": 1}, "status": "DONE"}, {"action": "NORTH", "reward": 4008, "info": {}, "observation": {"remainingOverageTime": 60, "index": 2}, "status": "ACTIVE"}, {"action": "NORTH", "reward": 301, "info": {}, "observation": {"remainingOverageTime": 60, "index": 3}, "status": "DONE"}], [{"action": "SOUTH", "reward": 4111, "info": {}, "observation": {"remainingOverageTime": 60, "step": 40, "geese": [[55, 44, 54, 53, 52, 63, 74, 73, 72, 71, 70], [], [27, 28, 39, 40, 29, 18, 19], []], "food": [0, 24], "index": 0}, "status": "ACTIVE"}, {"action": "NORTH", "reward": 301, "info": {}, "observation": {"remainingOverageTime": 60, "index": 1}, "status": "DONE"}, {"action": "WEST", "reward": 4107, "info": {}, "observation": {"remainingOverageTime": 60, "index": 2}, "status": "ACTIVE"}, {"action": "NORTH", "reward": 301, "info": {}, "observation": {"remainingOverageTime": 60, "index": 3}, "status": "DONE"}], [{"action": "SOUTH", "reward": 4211, "info": {}, "observation": {"remainingOverageTime": 60, "step": 41, "geese": [[66, 55, 44, 54, 53, 52, 63, 74, 73, 72, 71], [], [26, 27, 28, 39, 40, 29, 18], []], "food": [0, 24], "index": 0}, "status": "ACTIVE"}, {"action": "NORTH", "reward": 301, "info": {}, "observation": {"remainingOverageTime": 60, "index": 1}, "status": "DONE"}, {"action": "WEST", "reward": 4207, "info": {}, "observation": {"remainingOverageTime": 60, "index": 2}, "status": "ACTIVE"}, {"action": "NORTH", "reward": 301, "info": {}, "observation": {"remainingOverageTime": 60, "index": 3}, "status": "DONE"}], [{"action": "SOUTH", "reward": 4312, "info": {}, "observation": {"remainingOverageTime": 60, "step": 42, "geese": [[0, 66, 55, 44, 54, 53, 52, 63, 74, 73, 72, 71], [], [25, 26, 27, 28, 39, 40, 29], []], "food": [24, 69], "index": 0}, "status": "ACTIVE"}, {"action": "NORTH", "reward": 301, "info": {}, "observation": {"remainingOverageTime": 60, "index": 1}, "status": "DONE"}, {"action": "WEST", "reward": 4307, "info": {}, "observation": {"remainingOverageTime": 60, "index": 2}, "status": "ACTIVE"}, {"action": "NORTH", "reward": 301, "info": {}, "observation": {"remainingOverageTime": 60, "index": 3}, "status": "DONE"}], [{"action": "EAST", "reward": 4412, "info": {}, "observation": {"remainingOverageTime": 60, "step": 43, "geese": [[1, 0, 66, 55, 44, 54, 53, 52, 63, 74, 73, 72], [], [24, 25, 26, 27, 28, 39, 40, 29], []], "food": [69, 47], "index": 0}, "status": "ACTIVE"}, {"action": "NORTH", "reward": 301, "info": {}, "observation": {"remainingOverageTime": 60, "index": 1}, "status": "DONE"}, {"action": "WEST", "reward": 4408, "info": {}, "observation": {"remainingOverageTime": 60, "index": 2}, "status": "ACTIVE"}, {"action": "NORTH", "reward": 301, "info": {}, "observation": {"remainingOverageTime": 60, "index": 3}, "status": "DONE"}], [{"action": "EAST", "reward": 4512, "info": {}, "observation": {"remainingOverageTime": 60, "step": 44, "geese": [[2, 1, 0, 66, 55, 44, 54, 53, 52, 63, 74, 73], [], [35, 24, 25, 26, 27, 28, 39, 40], []], "food": [69, 47], "index": 0}, "status": "ACTIVE"}, {"action": "NORTH", "reward": 301, "info": {}, "observation": {"remainingOverageTime": 60, "index": 1}, "status": "DONE"}, {"action": "SOUTH", "reward": 4508, "info": {}, "observation": {"remainingOverageTime": 60, "index": 2}, "status": "ACTIVE"}, {"action": "NORTH", "reward": 301, "info": {}, "observation": {"remainingOverageTime": 60, "index": 3}, "status": "DONE"}], [{"action": "EAST", "reward": 4612, "info": {}, "observation": {"remainingOverageTime": 60, "step": 45, "geese": [[3, 2, 1, 0, 66, 55, 44, 54, 53, 52, 63, 74], [], [36, 35, 24, 25, 26, 27, 28, 39], []], "food": [69, 47], "index": 0}, "status": "ACTIVE"}, {"action": "NORTH", "reward": 301, "info": {}, "observation": {"remainingOverageTime": 60, "index": 1}, "status": "DONE"}, {"action": "EAST", "reward": 4608, "info": {}, "observation": {"remainingOverageTime": 60, "index": 2}, "status": "ACTIVE"}, {"action": "NORTH", "reward": 301, "info": {}, "observation": {"remainingOverageTime": 60, "index": 3}, "status": "DONE"}], [{"action": "NORTH", "reward": 4713, "info": {}, "observation": {"remainingOverageTime": 60, "step": 46, "geese": [[69, 3, 2, 1, 0, 66, 55, 44, 54, 53, 52, 63, 74], [], [47, 36, 35, 24, 25, 26, 27, 28, 39], []], "food": [21, 65], "index": 0}, "status": "ACTIVE"}, {"action": "NORTH", "reward": 301, "info": {}, "observation": {"remainingOverageTime": 60, "index": 1}, "status": "DONE"}, {"action": "SOUTH", "reward": 4709, "info": {}, "observation": {"remainingOverageTime": 60, "index": 2}, "status": "ACTIVE"}, {"action": "NORTH", "reward": 301, "info": {}, "observation": {"remainingOverageTime": 60, "index": 3}, "status": "DONE"}], [{"action": "EAST", "reward": 4813, "info": {}, "observation": {"remainingOverageTime": 60, "step": 47, "geese": [[70, 69, 3, 2, 1, 0, 66, 55, 44, 54, 53, 52, 63], [], [46, 47, 36, 35, 24, 25, 26, 27, 28], []], "food": [21, 65], "index": 0}, "status": "ACTIVE"}, {"action": "NORTH", "reward": 301, "info": {}, "observation": {"remainingOverageTime": 60, "index": 1}, "status": "DONE"}, {"action": "WEST", "reward": 4809, "info": {}, "observation": {"remainingOverageTime": 60, "index": 2}, "status": "ACTIVE"}, {"action": "NORTH", "reward": 301, "info": {}, "observation": {"remainingOverageTime": 60, "index": 3}, "status": "DONE"}], [{"action": "EAST", "reward": 4913, "info": {}, "observation": {"remainingOverageTime": 60, "step": 48, "geese": [[71, 70, 69, 3, 2, 1, 0, 66, 55, 44, 54, 53, 52], [], [45, 46, 47, 36, 35, 24, 25, 26, 27], []], "food": [21, 65], "index": 0}, "status": "ACTIVE"}, {"action": "NORTH", "reward": 301, "info": {}, "observation": {"remainingOverageTime": 60, "index": 1}, "status": "DONE"}, {"action": "WEST", "reward": 4909, "info": {}, "observation": {"remainingOverageTime": 60, "index": 2}, "status": "ACTIVE"}, {"action": "NORTH", "reward": 301, "info": {}, "observation": {"remainingOverageTime": 60, "index": 3}, "status": "DONE"}], [{"action": "EAST", "reward": 5013, "info": {}, "observation": {"remainingOverageTime": 60, "step": 49, "geese": [[72, 71, 70, 69, 3, 2, 1, 0, 66, 55, 44, 54, 53], [], [34, 45, 46, 47, 36, 35, 24, 25, 26], []], "food": [21, 65], "index": 0}, "status": "ACTIVE"}, {"action": "NORTH", "reward": 301, "info": {}, "observation": {"remainingOverageTime": 60, "index": 1}, "status": "DONE"}, {"action": "NORTH", "reward": 5009, "info": {}, "observation": {"remainingOverageTime": 60, "index": 2}, "status": "ACTIVE"}, {"action": "NORTH", "reward": 301, "info": {}, "observation": {"remainingOverageTime": 60, "index": 3}, "status": "DONE"}], [{"action": "EAST", "reward": 5113, "info": {}, "observation": {"remainingOverageTime": 60, "step": 50, "geese": [[73, 72, 71, 70, 69, 3, 2, 1, 0, 66, 55, 44, 54], [], [23, 34, 45, 46, 47, 36, 35, 24, 25], []], "food": [21, 65], "index": 0}, "status": "ACTIVE"}, {"action": "NORTH", "reward": 301, "info": {}, "observation": {"remainingOverageTime": 60, "index": 1}, "status": "DONE"}, {"action": "NORTH", "reward": 5109, "info": {}, "observation": {"remainingOverageTime": 60, "index": 2}, "status": "ACTIVE"}, {"action": "NORTH", "reward": 301, "info": {}, "observation": {"remainingOverageTime": 60, "index": 3}, "status": "DONE"}], [{"action": "EAST", "reward": 5213, "info": {}, "observation": {"remainingOverageTime": 60, "step": 51, "geese": [[74, 73, 72, 71, 70, 69, 3, 2, 1, 0, 66, 55, 44], [], [12, 23, 34, 45, 46, 47, 36, 35, 24], []], "food": [21, 65], "index": 0}, "status": "ACTIVE"}, {"action": "NORTH", "reward": 301, "info": {}, "observation": {"remainingOverageTime": 60, "index": 1}, "status": "DONE"}, {"action": "NORTH", "reward": 5209, "info": {}, "observation": {"remainingOverageTime": 60, "index": 2}, "status": "ACTIVE"}, {"action": "NORTH", "reward": 301, "info": {}, "observation": {"remainingOverageTime": 60, "index": 3}, "status": "DONE"}], [{"action": "EAST", "reward": 5313, "info": {}, "observation": {"remainingOverageTime": 60, "step": 52, "geese": [[75, 74, 73, 72, 71, 70, 69, 3, 2, 1, 0, 66, 55], [], [11, 12, 23, 34, 45, 46, 47, 36, 35], []], "food": [21, 65], "index": 0}, "status": "ACTIVE"}, {"action": "NORTH", "reward": 301, "info": {}, "observation": {"remainingOverageTime": 60, "index": 1}, "status": "DONE"}, {"action": "WEST", "reward": 5309, "info": {}, "observation": {"remainingOverageTime": 60, "index": 2}, "status": "ACTIVE"}, {"action": "NORTH", "reward": 301, "info": {}, "observation": {"remainingOverageTime": 60, "index": 3}, "status": "DONE"}], [{"action": "EAST", "reward": 5413, "info": {}, "observation": {"remainingOverageTime": 60, "step": 53, "geese": [[76, 75, 74, 73, 72, 71, 70, 69, 3, 2, 1, 0, 66], [], [21, 11, 12, 23, 34, 45, 46, 47, 36, 35], []], "food": [65, 39], "index": 0}, "status": "ACTIVE"}, {"action": "NORTH", "reward": 301, "info": {}, "observation": {"remainingOverageTime": 60, "index": 1}, "status": "DONE"}, {"action": "WEST", "reward": 5410, "info": {}, "observation": {"remainingOverageTime": 60, "index": 2}, "status": "ACTIVE"}, {"action": "NORTH", "reward": 301, "info": {}, "observation": {"remainingOverageTime": 60, "index": 3}, "status": "DONE"}], [{"action": "NORTH", "reward": 5514, "info": {}, "observation": {"remainingOverageTime": 60, "step": 54, "geese": [[65, 76, 75, 74, 73, 72, 71, 70, 69, 3, 2, 1, 0, 66], [], [20, 21, 11, 12, 23, 34, 45, 46, 47, 36], []], "food": [39, 8], "index": 0}, "status": "ACTIVE"}, {"action": "NORTH", "reward": 301, "info": {}, "observation": {"remainingOverageTime": 60, "index": 1}, "status": "DONE"}, {"action": "WEST", "reward": 5510, "info": {}, "observation": {"remainingOverageTime": 60, "index": 2}, "status": "ACTIVE"}, {"action": "NORTH", "reward": 301, "info": {}, "observation": {"remainingOverageTime": 60, "index": 3}, "status": "DONE"}], [{"action": "NORTH", "reward": 5614, "info": {}, "observation": {"remainingOverageTime": 60, "step": 55, "geese": [[54, 65, 76, 75, 74, 73, 72, 71, 70, 69, 3, 2, 1, 0], [], [9, 20, 21, 11, 12, 23, 34, 45, 46, 47], []], "food": [39, 8], "index": 0}, "status": "ACTIVE"}, {"action": "NORTH", "reward": 301, "info": {}, "observation": {"remainingOverageTime": 60, "index": 1}, "status": "DONE"}, {"action": "NORTH", "reward": 5610, "info": {}, "observation": {"remainingOverageTime": 60, "index": 2}, "status": "ACTIVE"}, {"action": "NORTH", "reward": 301, "info": {}, "observation": {"remainingOverageTime": 60, "index": 3}, "status": "DONE"}], [{"action": "NORTH", "reward": 5714, "info": {}, "observation": {"remainingOverageTime": 60, "step": 56, "geese": [[43, 54, 65, 76, 75, 74, 73, 72, 71, 70, 69, 3, 2, 1], [], [8, 9, 20, 21, 11, 12, 23, 34, 45, 46, 47], []], "food": [39, 48], "index": 0}, "status": "ACTIVE"}, {"action": "NORTH", "reward": 301, "info": {}, "observation": {"remainingOverageTime": 60, "index": 1}, "status": "DONE"}, {"action": "WEST", "reward": 5711, "info": {}, "observation": {"remainingOverageTime": 60, "index": 2}, "status": "ACTIVE"}, {"action": "NORTH", "reward": 301, "info": {}, "observation": {"remainingOverageTime": 60, "index": 3}, "status": "DONE"}], [{"action": "WEST", "reward": 5814, "info": {}, "observation": {"remainingOverageTime": 60, "step": 57, "geese": [[42, 43, 54, 65, 76, 75, 74, 73, 72, 71, 70, 69, 3, 2], [], [7, 8, 9, 20, 21, 11, 12, 23, 34, 45, 46], []], "food": [39, 48], "index": 0}, "status": "ACTIVE"}, {"action": "NORTH", "reward": 301, "info": {}, "observation": {"remainingOverageTime": 60, "index": 1}, "status": "DONE"}, {"action": "WEST", "reward": 5811, "info": {}, "observation": {"remainingOverageTime": 60, "index": 2}, "status": "ACTIVE"}, {"action": "NORTH", "reward": 301, "info": {}, "observation": {"remainingOverageTime": 60, "index": 3}, "status": "DONE"}], [{"action": "WEST", "reward": 5914, "info": {}, "observation": {"remainingOverageTime": 60, "step": 58, "geese": [[41, 42, 43, 54, 65, 76, 75, 74, 73, 72, 71, 70, 69, 3], [], [6, 7, 8, 9, 20, 21, 11, 12, 23, 34, 45], []], "food": [39, 48], "index": 0}, "status": "ACTIVE"}, {"action": "NORTH", "reward": 301, "info": {}, "observation": {"remainingOverageTime": 60, "index": 1}, "status": "DONE"}, {"action": "WEST", "reward": 5911, "info": {}, "observation": {"remainingOverageTime": 60, "index": 2}, "status": "ACTIVE"}, {"action": "NORTH", "reward": 301, "info": {}, "observation": {"remainingOverageTime": 60, "index": 3}, "status": "DONE"}], [{"action": "WEST", "reward": 6014, "info": {}, "observation": {"remainingOverageTime": 60, "step": 59, "geese": [[40, 41, 42, 43, 54, 65, 76, 75, 74, 73, 72, 71, 70, 69], [], [17, 6, 7, 8, 9, 20, 21, 11, 12, 23, 34], []], "food": [39, 48], "index": 0}, "status": "ACTIVE"}, {"action": "NORTH", "reward": 301, "info": {}, "observation": {"remainingOverageTime": 60, "index": 1}, "status": "DONE"}, {"action": "SOUTH", "reward": 6011, "info": {}, "observation": {"remainingOverageTime": 60, "index": 2}, "status": "ACTIVE"}, {"action": "NORTH", "reward": 301, "info": {}, "observation": {"remainingOverageTime": 60, "index": 3}, "status": "DONE"}], [{"action": "WEST", "reward": 6115, "info": {}, "observation": {"remainingOverageTime": 60, "step": 60, "geese": [[39, 40, 41, 42, 43, 54, 65, 76, 75, 74, 73, 72, 71, 70, 69], [], [16, 17, 6, 7, 8, 9, 20, 21, 11, 12, 23], []], "food": [48, 29], "index": 0}, "status": "ACTIVE"}, {"action": "NORTH", "reward": 301, "info": {}, "observation": {"remainingOverageTime": 60, "index": 1}, "status": "DONE"}, {"action": "WEST", "reward": 6111, "info": {}, "observation": {"remainingOverageTime": 60, "index": 2}, "status": "ACTIVE"}, {"action": "NORTH", "reward": 301, "info": {}, "observation": {"remainingOverageTime": 60, "index": 3}, "status": "DONE"}], [{"action": "NORTH", "reward": 6215, "info": {}, "observation": {"remainingOverageTime": 60, "step": 61, "geese": [[28, 39, 40, 41, 42, 43, 54, 65, 76, 75, 74, 73, 72, 71, 70], [], [15, 16, 17, 6, 7, 8, 9, 20, 21, 11, 12], []], "food": [48, 29], "index": 0}, "status": "ACTIVE"}, {"action": "NORTH", "reward": 301, "info": {}, "observation": {"remainingOverageTime": 60, "index": 1}, "status": "DONE"}, {"action": "WEST", "reward": 6211, "info": {}, "observation": {"remainingOverageTime": 60, "index": 2}, "status": "ACTIVE"}, {"action": "NORTH", "reward": 301, "info": {}, "observation": {"remainingOverageTime": 60, "index": 3}, "status": "DONE"}], [{"action": "EAST", "reward": 6316, "info": {}, "observation": {"remainingOverageTime": 60, "step": 62, "geese": [[29, 28, 39, 40, 41, 42, 43, 54, 65, 76, 75, 74, 73, 72, 71, 70], [], [26, 15, 16, 17, 6, 7, 8, 9, 20, 21, 11], []], "food": [48, 51], "index": 0}, "status": "ACTIVE"}, {"action": "NORTH", "reward": 301, "info": {}, "observation": {"remainingOverageTime": 60, "index": 1}, "status": "DONE"}, {"action": "SOUTH", "reward": 6311, "info": {}, "observation": {"remainingOverageTime": 60, "index": 2}, "status": "ACTIVE"}, {"action": "NORTH", "reward": 301, "info": {}, "observation": {"remainingOverageTime": 60, "index": 3}, "status": "DONE"}], [{"action": "EAST", "reward": 6416, "info": {}, "observation": {"remainingOverageTime": 60, "step": 63, "geese": [[30, 29, 28, 39, 40, 41, 42, 43, 54, 65, 76, 75, 74, 73, 72, 71], [], [37, 26, 15, 16, 17, 6, 7, 8, 9, 20, 21], []], "food": [48, 51], "index": 0}, "status": "ACTIVE"}, {"action": "NORTH", "reward": 301, "info": {}, "observation": {"remainingOverageTime": 60, "index": 1}, "status": "DONE"}, {"action": "SOUTH", "reward": 6411, "info": {}, "observation": {"remainingOverageTime": 60, "index": 2}, "status": "ACTIVE"}, {"action": "NORTH", "reward": 301, "info": {}, "observation": {"remainingOverageTime": 60, "index": 3}, "status": "DONE"}], [{"action": "EAST", "reward": 6516, "info": {}, "observation": {"remainingOverageTime": 60, "step": 64, "geese": [[31, 30, 29, 28, 39, 40, 41, 42, 43, 54, 65, 76, 75, 74, 73, 72], [], [48, 37, 26, 15, 16, 17, 6, 7, 8, 9, 20, 21], []], "food": [51, 67], "index": 0}, "status": "ACTIVE"}, {"action": "NORTH", "reward": 301, "info": {}, "observation": {"remainingOverageTime": 60, "index": 1}, "status": "DONE"}, {"action": "SOUTH", "reward": 6512, "info": {}, "observation": {"remainingOverageTime": 60, "index": 2}, "status": "ACTIVE"}, {"action": "NORTH", "reward": 301, "info": {}, "observation": {"remainingOverageTime": 60, "index": 3}, "status": "DONE"}], [{"action": "EAST", "reward": 6616, "info": {}, "observation": {"remainingOverageTime": 60, "step": 65, "geese": [[32, 31, 30, 29, 28, 39, 40, 41, 42, 43, 54, 65, 76, 75, 74, 73], [], [49, 48, 37, 26, 15, 16, 17, 6, 7, 8, 9, 20], []], "food": [51, 67], "index": 0}, "status": "ACTIVE"}, {"action": "NORTH", "reward": 301, "info": {}, "observation": {"remainingOverageTime": 60, "index": 1}, "status": "DONE"}, {"action": "EAST", "reward": 6612, "info": {}, "observation": {"remainingOverageTime": 60, "index": 2}, "status": "ACTIVE"}, {"action": "NORTH", "reward": 301, "info": {}, "observation": {"remainingOverageTime": 60, "index": 3}, "status": "DONE"}], [{"action": "EAST", "reward": 6716, "info": {}, "observation": {"remainingOverageTime": 60, "step": 66, "geese": [[22, 32, 31, 30, 29, 28, 39, 40, 41, 42, 43, 54, 65, 76, 75, 74], [], [50, 49, 48, 37, 26, 15, 16, 17, 6, 7, 8, 9], []], "food": [51, 67], "index": 0}, "status": "ACTIVE"}, {"action": "NORTH", "reward": 301, "info": {}, "observation": {"remainingOverageTime": 60, "index": 1}, "status": "DONE"}, {"action": "EAST", "reward": 6712, "info": {}, "observation": {"remainingOverageTime": 60, "index": 2}, "status": "ACTIVE"}, {"action": "NORTH", "reward": 301, "info": {}, "observation": {"remainingOverageTime": 60, "index": 3}, "status": "DONE"}], [{"action": "EAST", "reward": 6816, "info": {}, "observation": {"remainingOverageTime": 60, "step": 67, "geese": [[23, 22, 32, 31, 30, 29, 28, 39, 40, 41, 42, 43, 54, 65, 76, 75], [], [51, 50, 49, 48, 37, 26, 15, 16, 17, 6, 7, 8, 9], []], "food": [67, 25], "index": 0}, "status": "ACTIVE"}, {"action": "NORTH", "reward": 301, "info": {}, "observation": {"remainingOverageTime": 60, "index": 1}, "status": "DONE"}, {"action": "EAST", "reward": 6813, "info": {}, "observation": {"remainingOverageTime": 60, "index": 2}, "status": "ACTIVE"}, {"action": "NORTH", "reward": 301, "info": {}, "observation": {"remainingOverageTime": 60, "index": 3}, "status": "DONE"}], [{"action": "EAST", "reward": 6916, "info": {}, "observation": {"remainingOverageTime": 60, "step": 68, "geese": [[24, 23, 22, 32, 31, 30, 29, 28, 39, 40, 41, 42, 43, 54, 65, 76], [], [62, 51, 50, 49, 48, 37, 26, 15, 16, 17, 6, 7, 8], []], "food": [67, 25], "index": 0}, "status": "ACTIVE"}, {"action": "NORTH", "reward": 301, "info": {}, "observation": {"remainingOverageTime": 60, "index": 1}, "status": "DONE"}, {"action": "SOUTH", "reward": 6913, "info": {}, "observation": {"remainingOverageTime": 60, "index": 2}, "status": "ACTIVE"}, {"action": "NORTH", "reward": 301, "info": {}, "observation": {"remainingOverageTime": 60, "index": 3}, "status": "DONE"}], [{"action": "EAST", "reward": 7017, "info": {}, "observation": {"remainingOverageTime": 60, "step": 69, "geese": [[25, 24, 23, 22, 32, 31, 30, 29, 28, 39, 40, 41, 42, 43, 54, 65, 76], [], [63, 62, 51, 50, 49, 48, 37, 26, 15, 16, 17, 6, 7], []], "food": [67, 12], "index": 0}, "status": "ACTIVE"}, {"action": "NORTH", "reward": 301, "info": {}, "observation": {"remainingOverageTime": 60, "index": 1}, "status": "DONE"}, {"action": "EAST", "reward": 7013, "info": {}, "observation": {"remainingOverageTime": 60, "index": 2}, "status": "ACTIVE"}, {"action": "NORTH", "reward": 301, "info": {}, "observation": {"remainingOverageTime": 60, "index": 3}, "status": "DONE"}], [{"action": "NORTH", "reward": 7117, "info": {}, "observation": {"remainingOverageTime": 60, "step": 70, "geese": [[14, 25, 24, 23, 22, 32, 31, 30, 29, 28, 39, 40, 41, 42, 43, 54, 65], [], [64, 63, 62, 51, 50, 49, 48, 37, 26, 15, 16, 17, 6], []], "food": [67, 12], "index": 0}, "status": "ACTIVE"}, {"action": "NORTH", "reward": 301, "info": {}, "observation": {"remainingOverageTime": 60, "index": 1}, "status": "DONE"}, {"action": "EAST", "reward": 7113, "info": {}, "observation": {"remainingOverageTime": 60, "index": 2}, "status": "ACTIVE"}, {"action": "NORTH", "reward": 301, "info": {}, "observation": {"remainingOverageTime": 60, "index": 3}, "status": "DONE"}], [{"action": "WEST", "reward": 7217, "info": {}, "observation": {"remainingOverageTime": 60, "step": 71, "geese": [[13, 14, 25, 24, 23, 22, 32, 31, 30, 29, 28, 39, 40, 41, 42, 43, 54], [], [65, 64, 63, 62, 51, 50, 49, 48, 37, 26, 15, 16, 17], []], "food": [67, 12], "index": 0}, "status": "ACTIVE"}, {"action": "NORTH", "reward": 301, "info": {}, "observation": {"remainingOverageTime": 60, "index": 1}, "status": "DONE"}, {"action": "EAST", "reward": 7213, "info": {}, "observation": {"remainingOverageTime": 60, "index": 2}, "status": "ACTIVE"}, {"action": "NORTH", "reward": 301, "info": {}, "observation": {"remainingOverageTime": 60, "index": 3}, "status": "DONE"}], [{"action": "WEST", "reward": 7318, "info": {}, "observation": {"remainingOverageTime": 60, "step": 72, "geese": [[12, 13, 14, 25, 24, 23, 22, 32, 31, 30, 29, 28, 39, 40, 41, 42, 43, 54], [], [55, 65, 64, 63, 62, 51, 50, 49, 48, 37, 26, 15, 16], []], "food": [67, 56], "index": 0}, "status": "ACTIVE"}, {"action": "NORTH", "reward": 301, "info": {}, "observation": {"remainingOverageTime": 60, "index": 1}, "status": "DONE"}, {"action": "EAST", "reward": 7313, "info": {}, "observation": {"remainingOverageTime": 60, "index": 2}, "status": "ACTIVE"}, {"action": "NORTH", "reward": 301, "info": {}, "observation": {"remainingOverageTime": 60, "index": 3}, "status": "DONE"}], [{"action": "NORTH", "reward": 7418, "info": {}, "observation": {"remainingOverageTime": 60, "step": 73, "geese": [[1, 12, 13, 14, 25, 24, 23, 22, 32, 31, 30, 29, 28, 39, 40, 41, 42, 43], [], [56, 55, 65, 64, 63, 62, 51, 50, 49, 48, 37, 26, 15, 16], []], "food": [67, 58], "index": 0}, "status": "ACTIVE"}, {"action": "NORTH", "reward": 301, "info": {}, "observation": {"remainingOverageTime": 60, "index": 1}, "status": "DONE"}, {"action": "EAST", "reward": 7414, "info": {}, "observation": {"remainingOverageTime": 60, "index": 2}, "status": "ACTIVE"}, {"action": "NORTH", "reward": 301, "info": {}, "observation": {"remainingOverageTime": 60, "index": 3}, "status": "DONE"}], [{"action": "EAST", "reward": 7518, "info": {}, "observation": {"remainingOverageTime": 60, "step": 74, "geese": [[2, 1, 12, 13, 14, 25, 24, 23, 22, 32, 31, 30, 29, 28, 39, 40, 41, 42], [], [57, 56, 55, 65, 64, 63, 62, 51, 50, 49, 48, 37, 26, 15], []], "food": [67, 58], "index": 0}, "status": "ACTIVE"}, {"action": "NORTH", "reward": 301, "info": {}, "observation": {"remainingOverageTime": 60, "index": 1}, "status": "DONE"}, {"action": "EAST", "reward": 7514, "info": {}, "observation": {"remainingOverageTime": 60, "index": 2}, "status": "ACTIVE"}, {"action": "NORTH", "reward": 301, "info": {}, "observation": {"remainingOverageTime": 60, "index": 3}, "status": "DONE"}], [{"action": "EAST", "reward": 7618, "info": {}, "observation": {"remainingOverageTime": 60, "step": 75, "geese": [[3, 2, 1, 12, 13, 14, 25, 24, 23, 22, 32, 31, 30, 29, 28, 39, 40, 41], [], [58, 57, 56, 55, 65, 64, 63, 62, 51, 50, 49, 48, 37, 26, 15], []], "food": [67, 54], "index": 0}, "status": "ACTIVE"}, {"action": "NORTH", "reward": 301, "info": {}, "observation": {"remainingOverageTime": 60, "index": 1}, "status": "DONE"}, {"action": "EAST", "reward": 7615, "info": {}, "observation": {"remainingOverageTime": 60, "index": 2}, "status": "ACTIVE"}, {"action": "NORTH", "reward": 301, "info": {}, "observation": {"remainingOverageTime": 60, "index": 3}, "status": "DONE"}], [{"action": "EAST", "reward": 7718, "info": {}, "observation": {"remainingOverageTime": 60, "step": 76, "geese": [[4, 3, 2, 1, 12, 13, 14, 25, 24, 23, 22, 32, 31, 30, 29, 28, 39, 40], [], [47, 58, 57, 56, 55, 65, 64, 63, 62, 51, 50, 49, 48, 37, 26], []], "food": [67, 54], "index": 0}, "status": "ACTIVE"}, {"action": "NORTH", "reward": 301, "info": {}, "observation": {"remainingOverageTime": 60, "index": 1}, "status": "DONE"}, {"action": "NORTH", "reward": 7715, "info": {}, "observation": {"remainingOverageTime": 60, "index": 2}, "status": "ACTIVE"}, {"action": "NORTH", "reward": 301, "info": {}, "observation": {"remainingOverageTime": 60, "index": 3}, "status": "DONE"}], [{"action": "NORTH", "reward": 7818, "info": {}, "observation": {"remainingOverageTime": 60, "step": 77, "geese": [[70, 4, 3, 2, 1, 12, 13, 14, 25, 24, 23, 22, 32, 31, 30, 29, 28, 39], [], [46, 47, 58, 57, 56, 55, 65, 64, 63, 62, 51, 50, 49, 48, 37], []], "food": [67, 54], "index": 0}, "status": "ACTIVE"}, {"action": "NORTH", "reward": 301, "info": {}, "observation": {"remainingOverageTime": 60, "index": 1}, "status": "DONE"}, {"action": "WEST", "reward": 7815, "info": {}, "observation": {"remainingOverageTime": 60, "index": 2}, "status": "ACTIVE"}, {"action": "NORTH", "reward": 301, "info": {}, "observation": {"remainingOverageTime": 60, "index": 3}, "status": "DONE"}], [{"action": "WEST", "reward": 7918, "info": {}, "observation": {"remainingOverageTime": 60, "step": 78, "geese": [[69, 70, 4, 3, 2, 1, 12, 13, 14, 25, 24, 23, 22, 32, 31, 30, 29, 28], [], [45, 46, 47, 58, 57, 56, 55, 65, 64, 63, 62, 51, 50, 49, 48], []], "food": [67, 54], "index": 0}, "status": "ACTIVE"}, {"action": "NORTH", "reward": 301, "info": {}, "observation": {"remainingOverageTime": 60, "index": 1}, "status": "DONE"}, {"action": "WEST", "reward": 7915, "info": {}, "observation": {"remainingOverageTime": 60, "index": 2}, "status": "ACTIVE"}, {"action": "NORTH", "reward": 301, "info": {}, "observation": {"remainingOverageTime": 60, "index": 3}, "status": "DONE"}], [{"action": "WEST", "reward": 8018, "info": {}, "observation": {"remainingOverageTime": 60, "step": 79, "geese": [[68, 69, 70, 4, 3, 2, 1, 12, 13, 14, 25, 24, 23, 22, 32, 31, 30, 29], [], [44, 45, 46, 47, 58, 57, 56, 55, 65, 64, 63, 62, 51, 50, 49], []], "food": [67, 54], "index": 0}, "status": "ACTIVE"}, {"action": "NORTH", "reward": 301, "info": {}, "observation": {"remainingOverageTime": 60, "index": 1}, "status": "DONE"}, {"action": "WEST", "reward": 8015, "info": {}, "observation": {"remainingOverageTime": 60, "index": 2}, "status": "ACTIVE"}, {"action": "NORTH", "reward": 301, "info": {}, "observation": {"remainingOverageTime": 60, "index": 3}, "status": "DONE"}], [{"action": "WEST", "reward": 8118, "info": {}, "observation": {"remainingOverageTime": 60, "step": 80, "geese": [[67, 68, 69, 70, 4, 3, 2, 1, 12, 13, 14, 25, 24, 23, 22, 32, 31, 30], [], [54, 44, 45, 46, 47, 58, 57, 56, 55, 65, 64, 63, 62, 51, 50], []], "food": [71, 52], "index": 0}, "status": "ACTIVE"}, {"action": "NORTH", "reward": 301, "info": {}, "observation": {"remainingOverageTime": 60, "index": 1}, "status": "DONE"}, {"action": "WEST", "reward": 8115, "info": {}, "observation": {"remainingOverageTime": 60, "index": 2}, "status": "ACTIVE"}, {"action": "NORTH", "reward": 301, "info": {}, "observation": {"remainingOverageTime": 60, "index": 3}, "status": "DONE"}], [{"action": "WEST", "reward": 8218, "info": {}, "observation": {"remainingOverageTime": 60, "step": 81, "geese": [[66, 67, 68, 69, 70, 4, 3, 2, 1, 12, 13, 14, 25, 24, 23, 22, 32, 31], [], [53, 54, 44, 45, 46, 47, 58, 57, 56, 55, 65, 64, 63, 62, 51], []], "food": [71, 52], "index": 0}, "status": "ACTIVE"}, {"action": "NORTH", "reward": 301, "info": {}, "observation": {"remainingOverageTime": 60, "index": 1}, "status": "DONE"}, {"action": "WEST", "reward": 8215, "info": {}, "observation": {"remainingOverageTime": 60, "index": 2}, "status": "ACTIVE"}, {"action": "NORTH", "reward": 301, "info": {}, "observation": {"remainingOverageTime": 60, "index": 3}, "status": "DONE"}], [{"action": "WEST", "reward": 8318, "info": {}, "observation": {"remainingOverageTime": 60, "step": 82, "geese": [[76, 66, 67, 68, 69, 70, 4, 3, 2, 1, 12, 13, 14, 25, 24, 23, 22, 32], [], [52, 53, 54, 44, 45, 46, 47, 58, 57, 56, 55, 65, 64, 63, 62, 51], []], "food": [71, 49], "index": 0}, "status": "ACTIVE"}, {"action": "NORTH", "reward": 301, "info": {}, "observation": {"remainingOverageTime": 60, "index": 1}, "status": "DONE"}, {"action": "WEST", "reward": 8316, "info": {}, "observation": {"remainingOverageTime": 60, "index": 2}, "status": "ACTIVE"}, {"action": "NORTH", "reward": 301, "info": {}, "observation": {"remainingOverageTime": 60, "index": 3}, "status": "DONE"}], [{"action": "WEST", "reward": 8418, "info": {}, "observation": {"remainingOverageTime": 60, "step": 83, "geese": [[75, 76, 66, 67, 68, 69, 70, 4, 3, 2, 1, 12, 13, 14, 25, 24, 23, 22], [], [51, 52, 53, 54, 44, 45, 46, 47, 58, 57, 56, 55, 65, 64, 63, 62], []], "food": [71, 49], "index": 0}, "status": "ACTIVE"}, {"action": "NORTH", "reward": 301, "info": {}, "observation": {"remainingOverageTime": 60, "index": 1}, "status": "DONE"}, {"action": "WEST", "reward": 8416, "info": {}, "observation": {"remainingOverageTime": 60, "index": 2}, "status": "ACTIVE"}, {"action": "NORTH", "reward": 301, "info": {}, "observation": {"remainingOverageTime": 60, "index": 3}, "status": "DONE"}], [{"action": "WEST", "reward": 8518, "info": {}, "observation": {"remainingOverageTime": 60, "step": 84, "geese": [[74, 75, 76, 66, 67, 68, 69, 70, 4, 3, 2, 1, 12, 13, 14, 25, 24, 23], [], [50, 51, 52, 53, 54, 44, 45, 46, 47, 58, 57, 56, 55, 65, 64, 63], []], "food": [71, 49], "index": 0}, "status": "ACTIVE"}, {"action": "NORTH", "reward": 301, "info": {}, "observation": {"remainingOverageTime": 60, "index": 1}, "status": "DONE"}, {"action": "WEST", "reward": 8516, "info": {}, "observation": {"remainingOverageTime": 60, "index": 2}, "status": "ACTIVE"}, {"action": "NORTH", "reward": 301, "info": {}, "observation": {"remainingOverageTime": 60, "index": 3}, "status": "DONE"}], [{"action": "WEST", "reward": 8618, "info": {}, "observation": {"remainingOverageTime": 60, "step": 85, "geese": [[73, 74, 75, 76, 66, 67, 68, 69, 70, 4, 3, 2, 1, 12, 13, 14, 25, 24], [], [49, 50, 51, 52, 53, 54, 44, 45, 46, 47, 58, 57, 56, 55, 65, 64, 63], []], "food": [71, 60], "index": 0}, "status": "ACTIVE"}, {"action": "NORTH", "reward": 301, "info": {}, "observation": {"remainingOverageTime": 60, "index": 1}, "status": "DONE"}, {"action": "WEST", "reward": 8617, "info": {}, "observation": {"remainingOverageTime": 60, "index": 2}, "status": "ACTIVE"}, {"action": "NORTH", "reward": 301, "info": {}, "observation": {"remainingOverageTime": 60, "index": 3}, "status": "DONE"}], [{"action": "WEST", "reward": 8718, "info": {}, "observation": {"remainingOverageTime": 60, "step": 86, "geese": [[72, 73, 74, 75, 76, 66, 67, 68, 69, 70, 4, 3, 2, 1, 12, 13, 14, 25], [], [60, 49, 50, 51, 52, 53, 54, 44, 45, 46, 47, 58, 57, 56, 55, 65, 64, 63], []], "food": [71, 48], "index": 0}, "status": "ACTIVE"}, {"action": "NORTH", "reward": 301, "info": {}, "observation": {"remainingOverageTime": 60, "index": 1}, "status": "DONE"}, {"action": "SOUTH", "reward": 8718, "info": {}, "observation": {"remainingOverageTime": 60, "index": 2}, "status": "ACTIVE"}, {"action": "NORTH", "reward": 301, "info": {}, "observation": {"remainingOverageTime": 60, "index": 3}, "status": "DONE"}], [{"action": "SOUTH", "reward": 8818, "info": {}, "observation": {"remainingOverageTime": 60, "step": 87, "geese": [[6, 72, 73, 74, 75, 76, 66, 67, 68, 69, 70, 4, 3, 2, 1, 12, 13, 14], [], [59, 60, 49, 50, 51, 52, 53, 54, 44, 45, 46, 47, 58, 57, 56, 55, 65, 64], []], "food": [71, 48], "index": 0}, "status": "ACTIVE"}, {"action": "NORTH", "reward": 301, "info": {}, "observation": {"remainingOverageTime": 60, "index": 1}, "status": "DONE"}, {"action": "WEST", "reward": 8818, "info": {}, "observation": {"remainingOverageTime": 60, "index": 2}, "status": "ACTIVE"}, {"action": "NORTH", "reward": 301, "info": {}, "observation": {"remainingOverageTime": 60, "index": 3}, "status": "DONE"}], [{"action": "WEST", "reward": 8918, "info": {}, "observation": {"remainingOverageTime": 60, "step": 88, "geese": [[5, 6, 72, 73, 74, 75, 76, 66, 67, 68, 69, 70, 4, 3, 2, 1, 12, 13], [], [48, 59, 60, 49, 50, 51, 52, 53, 54, 44, 45, 46, 47, 58, 57, 56, 55, 65, 64], []], "food": [71, 62], "index": 0}, "status": "ACTIVE"}, {"action": "NORTH", "reward": 301, "info": {}, "observation": {"remainingOverageTime": 60, "index": 1}, "status": "DONE"}, {"action": "NORTH", "reward": 8919, "info": {}, "observation": {"remainingOverageTime": 60, "index": 2}, "status": "ACTIVE"}, {"action": "NORTH", "reward": 301, "info": {}, "observation": {"remainingOverageTime": 60, "index": 3}, "status": "DONE"}], [{"action": "NORTH", "reward": 9019, "info": {}, "observation": {"remainingOverageTime": 60, "step": 89, "geese": [[71, 5, 6, 72, 73, 74, 75, 76, 66, 67, 68, 69, 70, 4, 3, 2, 1, 12, 13], [], [37, 48, 59, 60, 49, 50, 51, 52, 53, 54, 44, 45, 46, 47, 58, 57, 56, 55, 65], []], "food": [62, 28], "index": 0}, "status": "ACTIVE"}, {"action": "NORTH", "reward": 301, "info": {}, "observation": {"remainingOverageTime": 60, "index": 1}, "status": "DONE"}, {"action": "NORTH", "reward": 9019, "info": {}, "observation": {"remainingOverageTime": 60, "index": 2}, "status": "ACTIVE"}, {"action": "NORTH", "reward": 301, "info": {}, "observation": {"remainingOverageTime": 60, "index": 3}, "status": "DONE"}], [{"action": "WEST", "reward": 9019, "info": {}, "observation": {"remainingOverageTime": 60, "step": 90, "geese": [[], [], [38, 37, 48, 59, 60, 49, 50, 51, 52, 53, 54, 44, 45, 46, 47, 58, 57, 56, 55], []], "food": [62, 28], "index": 0}, "status": "DONE"}, {"action": "NORTH", "reward": 301, "info": {}, "observation": {"remainingOverageTime": 60, "index": 1}, "status": "DONE"}, {"action": "EAST", "reward": 9119, "info": {}, "observation": {"remainingOverageTime": 60, "index": 2}, "status": "DONE"}, {"action": "NORTH", "reward": 301, "info": {}, "observation": {"remainingOverageTime": 60, "index": 3}, "status": "DONE"}]], "rewards": [9019, 301, 9119, 301], "statuses": ["DONE", "DONE", "DONE", "DONE"], "schema_version": 1, "info": {}}