{"id": "a676eb6a-db0c-11ee-b332-0242ac1c000c", "name": "hungry_geese", "title": "Hungry Geese", "description": "Similar to the classic snake game with multiple players", "version": "1.0.0", "configuration": {"episodeSteps": 200, "actTimeout": 1, "runTimeout": 1200, "columns": 11, "rows": 7, "hunger_rate": 40, "min_food": 2, "max_length": 99}, "specification": {"action": {"description": "Direction to move the head of your players goose.", "type": "string", "enum": ["NORTH", "EAST", "SOUTH", "WEST"], "default": "NORTH"}, "agents": [1, 2, 3, 4, 5, 6, 7, 8], "configuration": {"episodeSteps": {"description": "Maximum number of steps in the episode.", "type": "integer", "minimum": 1, "default": 200}, "actTimeout": {"description": "Maximum runtime (seconds) to obtain an action from an agent.", "type": "number", "minimum": 0, "default": 1}, "runTimeout": {"description": "Maximum runtime (seconds) of an episode (not necessarily DONE).", "type": "number", "minimum": 0, "default": 1200}, "columns": {"description": "Horizontal number of cells on the board.", "type": "integer", "default": 11, "minimum": 3}, "rows": {"description": "Vertical number of cells on the board.", "type": "integer", "default": 7, "minimum": 3}, "hunger_rate": {"description": "The number of steps before the goose shrinks a cell.", "type": "integer", "minimum": 1, "default": 40}, "min_food": {"description": "The minimum amount of food present for all steps.", "type": "integer", "default": 2, "minimum": 1}, "max_length": {"description": "The max length any goose can be. Total reward = (max length + 1) * steps survived + goose length.", "type": "integer", "default": 99}}, "info": {}, "observation": {"remainingOverageTime": {"description": "Total remaining banked time (seconds) that can be used in excess of per-step actTimeouts -- agent is disqualified with TIMEOUT status when this drops below 0.", "shared": false, "type": "number", "minimum": 0, "default": 60}, "step": {"description": "Current step within the episode.", "type": "integer", "shared": true, "minimum": 0, "default": 0}, "geese": {"description": "List of geese in order by the agent index.", "type": "array", "default": [], "shared": true}, "food": {"description": "Positions on the board where food is present.", "type": "array", "default": [], "shared": true}, "index": {"description": "Index of the current agent's goose in the list of geese.", "type": "integer", "minimum": 0, "defaults": [0, 1, 2, 3, 4, 5, 6, 7]}}, "reward": {"description": "steps survived * (max goose length + 1) + current goose length.", "type": ["number", "null"], "default": 0, "minimum": 0}}, "steps": [[{"action": "NORTH", "reward": 0, "info": {}, "observation": {"remainingOverageTime": 60, "step": 0, "geese": [[72], [46], [40], [33]], "food": [74, 61], "index": 0}, "status": "ACTIVE"}, {"action": "NORTH", "reward": 0, "info": {}, "observation": {"remainingOverageTime": 60, "index": 1}, "status": "ACTIVE"}, {"action": "NORTH", "reward": 0, "info": {}, "observation": {"remainingOverageTime": 60, "index": 2}, "status": "ACTIVE"}, {"action": "NORTH", "reward": 0, "info": {}, "observation": {"remainingOverageTime": 60, "index": 3}, "status": "ACTIVE"}], [{"action": "NORTH", "reward": 202, "info": {}, "observation": {"remainingOverageTime": 60, "step": 1, "geese": [[61, 72], [45], [41], [43]], "food": [74, 23], "index": 0}, "status": "ACTIVE"}, {"action": "WEST", "reward": 201, "info": {}, "observation": {"remainingOverageTime": 60, "index": 1}, "status": "ACTIVE"}, {"action": "EAST", "reward": 201, "info": {}, "observation": {"remainingOverageTime": 60, "index": 2}, "status": "ACTIVE"}, {"action": "WEST", "reward": 201, "info": {}, "observation": {"remainingOverageTime": 60, "index": 3}, "status": "ACTIVE"}], [{"action": "EAST", "reward": 302, "info": {}, "observation": {"remainingOverageTime": 60, "step": 2, "geese": [[62, 61], [34], [52], []], "food": [74, 23], "index": 0}, "status": "ACTIVE"}, {"action": "NORTH", "reward": 301, "info": {}, "observation": {"remainingOverageTime": 60, "index": 1}, "status": "ACTIVE"}, {"action": "SOUTH", "reward": 301, "info": {}, "observation": {"remainingOverageTime": 60, "index": 2}, "status": "ACTIVE"}, {"action": "EAST", "reward": 201, "info": {}, "observation": {"remainingOverageTime": 60, "index": 3}, "status": "DONE"}], [{"action": "SOUTH", "reward": 402, "info": {}, "observation": {"remainingOverageTime": 60, "step": 3, "geese": [[73, 62], [23, 34], [53], []], "food": [74, 76], "index": 0}, "status": "ACTIVE"}, {"action": "NORTH", "reward": 402, "info": {}, "observation": {"remainingOverageTime": 60, "index": 1}, "status": "ACTIVE"}, {"action": "EAST", "reward": 401, "info": {}, "observation": {"remainingOverageTime": 60, "index": 2}, "status": "ACTIVE"}, {"action": "NORTH", "reward": 201, "info": {}, "observation": {"remainingOverageTime": 60, "index": 3}, "status": "DONE"}], [{"action": "EAST", "reward": 503, "info": {}, "observation": {"remainingOverageTime": 60, "step": 4, "geese": [[74, 73, 62], [12, 23], [54], []], "food": [76, 13], "index": 0}, "status": "ACTIVE"}, {"action": "NORTH", "reward": 502, "info": {}, "observation": {"remainingOverageTime": 60, "index": 1}, "status": "ACTIVE"}, {"action": "EAST", "reward": 501, "info": {}, "observation": {"remainingOverageTime": 60, "index": 2}, "status": "ACTIVE"}, {"action": "NORTH", "reward": 201, "info": {}, "observation": {"remainingOverageTime": 60, "index": 3}, "status": "DONE"}], [{"action": "EAST", "reward": 603, "info": {}, "observation": {"remainingOverageTime": 60, "step": 5, "geese": [[75, 74, 73], [13, 12, 23], [65], []], "food": [76, 42], "index": 0}, "status": "ACTIVE"}, {"action": "EAST", "reward": 603, "info": {}, "observation": {"remainingOverageTime": 60, "index": 1}, "status": "ACTIVE"}, {"action": "SOUTH", "reward": 601, "info": {}, "observation": {"remainingOverageTime": 60, "index": 2}, "status": "ACTIVE"}, {"action": "NORTH", "reward": 201, "info": {}, "observation": {"remainingOverageTime": 60, "index": 3}, "status": "DONE"}], [{"action": "SOUTH", "reward": 703, "info": {}, "observation": {"remainingOverageTime": 60, "step": 6, "geese": [[9, 75, 74], [24, 13, 12], [], []], "food": [76, 42], "index": 0}, "status": "ACTIVE"}, {"action": "SOUTH", "reward": 703, "info": {}, "observation": {"remainingOverageTime": 60, "index": 1}, "status": "ACTIVE"}, {"action": "NORTH", "reward": 601, "info": {}, "observation": {"remainingOverageTime": 60, "index": 2}, "status": "DONE"}, {"action": "NORTH", "reward": 201, "info": {}, "observation": {"remainingOverageTime": 60, "index": 3}, "status": "DONE"}], [{"action": "EAST", "reward": 803, "info": {}, "observation": {"remainingOverageTime": 60, "step": 7, "geese": [[10, 9, 75], [23, 24, 13], [], []], "food": [76, 42], "index": 0}, "status": "ACTIVE"}, {"action": "WEST", "reward": 803, "info": {}, "observation": {"remainingOverageTime": 60, "index": 1}, "status": "ACTIVE"}, {"action": "NORTH", "reward": 601, "info": {}, "observation": {"remainingOverageTime": 60, "index": 2}, "status": "DONE"}, {"action": "NORTH", "reward": 201, "info": {}, "observation": {"remainingOverageTime": 60, "index": 3}, "status": "DONE"}], [{"action": "NORTH", "reward": 904, "info": {}, "observation": {"remainingOverageTime": 60, "step": 8, "geese": [[76, 10, 9, 75], [22, 23, 24], [], []], "food": [42, 1], "index": 0}, "status": "ACTIVE"}, {"action": "WEST", "reward": 903, "info": {}, "observation": {"remainingOverageTime": 60, "index": 1}, "status": "ACTIVE"}, {"action": "NORTH", "reward": 601, "info": {}, "observation": {"remainingOverageTime": 60, "index": 2}, "status": "DONE"}, {"action": "NORTH", "reward": 201, "info": {}, "observation": {"remainingOverageTime": 60, "index": 3}, "status": "DONE"}], [{"action": "EAST", "reward": 1004, "info": {}, "observation": {"remainingOverageTime": 60, "step": 9, "geese": [[66, 76, 10, 9], [11, 22, 23], [], []], "food": [42, 1], "index": 0}, "status": "ACTIVE"}, {"action": "NORTH", "reward": 1003, "info": {}, "observation": {"remainingOverageTime": 60, "index": 1}, "status": "ACTIVE"}, {"action": "NORTH", "reward": 601, "info": {}, "observation": {"remainingOverageTime": 60, "index": 2}, "status": "DONE"}, {"action": "NORTH", "reward": 201, "info": {}, "observation": {"remainingOverageTime": 60, "index": 3}, "status": "DONE"}], [{"action": "EAST", "reward": 1104, "info": {}, "observation": {"remainingOverageTime": 60, "step": 10, "geese": [[67, 66, 76, 10], [12, 11, 22], [], []], "food": [42, 1], "index": 0}, "status": "ACTIVE"}, {"action": "EAST", "reward": 1103, "info": {}, "observation": {"remainingOverageTime": 60, "index": 1}, "status": "ACTIVE"}, {"action": "NORTH", "reward": 601, "info": {}, "observation": {"remainingOverageTime": 60, "index": 2}, "status": "DONE"}, {"action": "NORTH", "reward": 201, "info": {}, "observation": {"remainingOverageTime": 60, "index": 3}, "status": "DONE"}], [{"action": "NORTH", "reward": 1204, "info": {}, "observation": {"remainingOverageTime": 60, "step": 11, "geese": [[56, 67, 66, 76], [23, 12, 11], [], []], "food": [42, 1], "index": 0}, "status": "ACTIVE"}, {"action": "SOUTH", "reward": 1203, "info": {}, "observation": {"remainingOverageTime": 60, "index": 1}, "status": "ACTIVE"}, {"action": "NORTH", "reward": 601, "info": {}, "observation": {"remainingOverageTime": 60, "index": 2}, "status": "DONE"}, {"action": "NORTH", "reward": 201, "info": {}, "observation": {"remainingOverageTime": 60, "index": 3}, "status": "DONE"}], [{"action": "EAST", "reward": 1304, "info": {}, "observation": {"remainingOverageTime": 60, "step": 12, "geese": [[57, 56, 67, 66], [24, 23, 12], [], []], "food": [42, 1], "index": 0}, "status": "ACTIVE"}, {"action": "EAST", "reward": 1303, "info": {}, "observation": {"remainingOverageTime": 60, "index": 1}, "status": "ACTIVE"}, {"action": "NORTH", "reward": 601, "info": {}, "observation": {"remainingOverageTime": 60, "index": 2}, "status": "DONE"}, {"action": "NORTH", "reward": 201, "info": {}, "observation": {"remainingOverageTime": 60, "index": 3}, "status": "DONE"}], [{"action": "SOUTH", "reward": 1404, "info": {}, "observation": {"remainingOverageTime": 60, "step": 13, "geese": [[68, 57, 56, 67], [13, 24, 23], [], []], "food": [42, 1], "index": 0}, "status": "ACTIVE"}, {"action": "NORTH", "reward": 1403, "info": {}, "observation": {"remainingOverageTime": 60, "index": 1}, "status": "ACTIVE"}, {"action": "NORTH", "reward": 601, "info": {}, "observation": {"remainingOverageTime": 60, "index": 2}, "status": "DONE"}, {"action": "NORTH", "reward": 201, "info": {}, "observation": {"remainingOverageTime": 60, "index": 3}, "status": "DONE"}], [{"action": "WEST", "reward": 1504, "info": {}, "observation": {"remainingOverageTime": 60, "step": 14, "geese": [[67, 68, 57, 56], [12, 13, 24], [], []], "food": [42, 1], "index": 0}, "status": "ACTIVE"}, {"action": "WEST", "reward": 1503, "info": {}, "observation": {"remainingOverageTime": 60, "index": 1}, "status": "ACTIVE"}, {"action": "NORTH", "reward": 601, "info": {}, "observation": {"remainingOverageTime": 60, "index": 2}, "status": "DONE"}, {"action": "NORTH", "reward": 201, "info": {}, "observation": {"remainingOverageTime": 60, "index": 3}, "status": "DONE"}], [{"action": "NORTH", "reward": 1604, "info": {}, "observation": {"remainingOverageTime": 60, "step": 15, "geese": [[56, 67, 68, 57], [11, 12, 13], [], []], "food": [42, 1], "index": 0}, "status": "ACTIVE"}, {"action": "WEST", "reward": 1603, "info": {}, "observation": {"remainingOverageTime": 60, "index": 1}, "status": "ACTIVE"}, {"action": "NORTH", "reward": 601, "info": {}, "observation": {"remainingOverageTime": 60, "index": 2}, "status": "DONE"}, {"action": "NORTH", "reward": 201, "info": {}, "observation": {"remainingOverageTime": 60, "index": 3}, "status": "DONE"}], [{"action": "NORTH", "reward": 1704, "info": {}, "observation": {"remainingOverageTime": 60, "step": 16, "geese": [[45, 56, 67, 68], [0, 11, 12], [], []], "food": [42, 1], "index": 0}, "status": "ACTIVE"}, {"action": "NORTH", "reward": 1703, "info": {}, "observation": {"remainingOverageTime": 60, "index": 1}, "status": "ACTIVE"}, {"action": "NORTH", "reward": 601, "info": {}, "observation": {"remainingOverageTime": 60, "index": 2}, "status": "DONE"}, {"action": "NORTH", "reward": 201, "info": {}, "observation": {"remainingOverageTime": 60, "index": 3}, "status": "DONE"}], [{"action": "NORTH", "reward": 1804, "info": {}, "observation": {"remainingOverageTime": 60, "step": 17, "geese": [[34, 45, 56, 67], [1, 0, 11, 12], [], []], "food": [42, 39], "index": 0}, "status": "ACTIVE"}, {"action": "EAST", "reward": 1804, "info": {}, "observation": {"remainingOverageTime": 60, "index": 1}, "status": "ACTIVE"}, {"action": "NORTH", "reward": 601, "info": {}, "observation": {"remainingOverageTime": 60, "index": 2}, "status": "DONE"}, {"action": "NORTH", "reward": 201, "info": {}, "observation": {"remainingOverageTime": 60, "index": 3}, "status": "DONE"}], [{"action": "WEST", "reward": 1904, "info": {}, "observation": {"remainingOverageTime": 60, "step": 18, "geese": [[33, 34, 45, 56], [67, 1, 0, 11], [], []], "food": [42, 39], "index": 0}, "status": "ACTIVE"}, {"action": "NORTH", "reward": 1904, "info": {}, "observation": {"remainingOverageTime": 60, "index": 1}, "status": "ACTIVE"}, {"action": "NORTH", "reward": 601, "info": {}, "observation": {"remainingOverageTime": 60, "index": 2}, "status": "DONE"}, {"action": "NORTH", "reward": 201, "info": {}, "observation": {"remainingOverageTime": 60, "index": 3}, "status": "DONE"}], [{"action": "WEST", "reward": 2004, "info": {}, "observation": {"remainingOverageTime": 60, "step": 19, "geese": [[43, 33, 34, 45], [56, 67, 1, 0], [], []], "food": [42, 39], "index": 0}, "status": "ACTIVE"}, {"action": "NORTH", "reward": 2004, "info": {}, "observation": {"remainingOverageTime": 60, "index": 1}, "status": "ACTIVE"}, {"action": "NORTH", "reward": 601, "info": {}, "observation": {"remainingOverageTime": 60, "index": 2}, "status": "DONE"}, {"action": "NORTH", "reward": 201, "info": {}, "observation": {"remainingOverageTime": 60, "index": 3}, "status": "DONE"}], [{"action": "WEST", "reward": 2105, "info": {}, "observation": {"remainingOverageTime": 60, "step": 20, "geese": [[42, 43, 33, 34, 45], [57, 56, 67, 1], [], []], "food": [39, 46], "index": 0}, "status": "ACTIVE"}, {"action": "EAST", "reward": 2104, "info": {}, "observation": {"remainingOverageTime": 60, "index": 1}, "status": "ACTIVE"}, {"action": "NORTH", "reward": 601, "info": {}, "observation": {"remainingOverageTime": 60, "index": 2}, "status": "DONE"}, {"action": "NORTH", "reward": 201, "info": {}, "observation": {"remainingOverageTime": 60, "index": 3}, "status": "DONE"}], [{"action": "WEST", "reward": 2205, "info": {}, "observation": {"remainingOverageTime": 60, "step": 21, "geese": [[41, 42, 43, 33, 34], [46, 57, 56, 67, 1], [], []], "food": [39, 52], "index": 0}, "status": "ACTIVE"}, {"action": "NORTH", "reward": 2205, "info": {}, "observation": {"remainingOverageTime": 60, "index": 1}, "status": "ACTIVE"}, {"action": "NORTH", "reward": 601, "info": {}, "observation": {"remainingOverageTime": 60, "index": 2}, "status": "DONE"}, {"action": "NORTH", "reward": 201, "info": {}, "observation": {"remainingOverageTime": 60, "index": 3}, "status": "DONE"}], [{"action": "SOUTH", "reward": 2306, "info": {}, "observation": {"remainingOverageTime": 60, "step": 22, "geese": [[52, 41, 42, 43, 33, 34], [47, 46, 57, 56, 67], [], []], "food": [39, 37], "index": 0}, "status": "ACTIVE"}, {"action": "EAST", "reward": 2305, "info": {}, "observation": {"remainingOverageTime": 60, "index": 1}, "status": "ACTIVE"}, {"action": "NORTH", "reward": 601, "info": {}, "observation": {"remainingOverageTime": 60, "index": 2}, "status": "DONE"}, {"action": "NORTH", "reward": 201, "info": {}, "observation": {"remainingOverageTime": 60, "index": 3}, "status": "DONE"}], [{"action": "WEST", "reward": 2406, "info": {}, "observation": {"remainingOverageTime": 60, "step": 23, "geese": [[51, 52, 41, 42, 43, 33], [48, 47, 46, 57, 56], [], []], "food": [39, 37], "index": 0}, "status": "ACTIVE"}, {"action": "EAST", "reward": 2405, "info": {}, "observation": {"remainingOverageTime": 60, "index": 1}, "status": "ACTIVE"}, {"action": "NORTH", "reward": 601, "info": {}, "observation": {"remainingOverageTime": 60, "index": 2}, "status": "DONE"}, {"action": "NORTH", "reward": 201, "info": {}, "observation": {"remainingOverageTime": 60, "index": 3}, "status": "DONE"}], [{"action": "NORTH", "reward": 2506, "info": {}, "observation": {"remainingOverageTime": 60, "step": 24, "geese": [[40, 51, 52, 41, 42, 43], [37, 48, 47, 46, 57, 56], [], []], "food": [39, 2], "index": 0}, "status": "ACTIVE"}, {"action": "NORTH", "reward": 2506, "info": {}, "observation": {"remainingOverageTime": 60, "index": 1}, "status": "ACTIVE"}, {"action": "NORTH", "reward": 601, "info": {}, "observation": {"remainingOverageTime": 60, "index": 2}, "status": "DONE"}, {"action": "NORTH", "reward": 201, "info": {}, "observation": {"remainingOverageTime": 60, "index": 3}, "status": "DONE"}], [{"action": "WEST", "reward": 2607, "info": {}, "observation": {"remainingOverageTime": 60, "step": 25, "geese": [[39, 40, 51, 52, 41, 42, 43], [26, 37, 48, 47, 46, 57], [], []], "food": [2, 20], "index": 0}, "status": "ACTIVE"}, {"action": "NORTH", "reward": 2606, "info": {}, "observation": {"remainingOverageTime": 60, "index": 1}, "status": "ACTIVE"}, {"action": "NORTH", "reward": 601, "info": {}, "observation": {"remainingOverageTime": 60, "index": 2}, "status": "DONE"}, {"action": "NORTH", "reward": 201, "info": {}, "observation": {"remainingOverageTime": 60, "index": 3}, "status": "DONE"}], [{"action": "NORTH", "reward": 2707, "info": {}, "observation": {"remainingOverageTime": 60, "step": 26, "geese": [[28, 39, 40, 51, 52, 41, 42], [15, 26, 37, 48, 47, 46], [], []], "food": [2, 20], "index": 0}, "status": "ACTIVE"}, {"action": "NORTH", "reward": 2706, "info": {}, "observation": {"remainingOverageTime": 60, "index": 1}, "status": "ACTIVE"}, {"action": "NORTH", "reward": 601, "info": {}, "observation": {"remainingOverageTime": 60, "index": 2}, "status": "DONE"}, {"action": "NORTH", "reward": 201, "info": {}, "observation": {"remainingOverageTime": 60, "index": 3}, "status": "DONE"}], [{"action": "EAST", "reward": 2807, "info": {}, "observation": {"remainingOverageTime": 60, "step": 27, "geese": [[29, 28, 39, 40, 51, 52, 41], [4, 15, 26, 37, 48, 47], [], []], "food": [2, 20], "index": 0}, "status": "ACTIVE"}, {"action": "NORTH", "reward": 2806, "info": {}, "observation": {"remainingOverageTime": 60, "index": 1}, "status": "ACTIVE"}, {"action": "NORTH", "reward": 601, "info": {}, "observation": {"remainingOverageTime": 60, "index": 2}, "status": "DONE"}, {"action": "NORTH", "reward": 201, "info": {}, "observation": {"remainingOverageTime": 60, "index": 3}, "status": "DONE"}], [{"action": "EAST", "reward": 2907, "info": {}, "observation": {"remainingOverageTime": 60, "step": 28, "geese": [[30, 29, 28, 39, 40, 51, 52], [3, 4, 15, 26, 37, 48], [], []], "food": [2, 20], "index": 0}, "status": "ACTIVE"}, {"action": "WEST", "reward": 2906, "info": {}, "observation": {"remainingOverageTime": 60, "index": 1}, "status": "ACTIVE"}, {"action": "NORTH", "reward": 601, "info": {}, "observation": {"remainingOverageTime": 60, "index": 2}, "status": "DONE"}, {"action": "NORTH", "reward": 201, "info": {}, "observation": {"remainingOverageTime": 60, "index": 3}, "status": "DONE"}], [{"action": "EAST", "reward": 3007, "info": {}, "observation": {"remainingOverageTime": 60, "step": 29, "geese": [[31, 30, 29, 28, 39, 40, 51], [2, 3, 4, 15, 26, 37, 48], [], []], "food": [20, 6], "index": 0}, "status": "ACTIVE"}, {"action": "WEST", "reward": 3007, "info": {}, "observation": {"remainingOverageTime": 60, "index": 1}, "status": "ACTIVE"}, {"action": "NORTH", "reward": 601, "info": {}, "observation": {"remainingOverageTime": 60, "index": 2}, "status": "DONE"}, {"action": "NORTH", "reward": 201, "info": {}, "observation": {"remainingOverageTime": 60, "index": 3}, "status": "DONE"}], [{"action": "NORTH", "reward": 3108, "info": {}, "observation": {"remainingOverageTime": 60, "step": 30, "geese": [[20, 31, 30, 29, 28, 39, 40, 51], [68, 2, 3, 4, 15, 26, 37], [], []], "food": [6, 44], "index": 0}, "status": "ACTIVE"}, {"action": "NORTH", "reward": 3107, "info": {}, "observation": {"remainingOverageTime": 60, "index": 1}, "status": "ACTIVE"}, {"action": "NORTH", "reward": 601, "info": {}, "observation": {"remainingOverageTime": 60, "index": 2}, "status": "DONE"}, {"action": "NORTH", "reward": 201, "info": {}, "observation": {"remainingOverageTime": 60, "index": 3}, "status": "DONE"}], [{"action": "NORTH", "reward": 3208, "info": {}, "observation": {"remainingOverageTime": 60, "step": 31, "geese": [[9, 20, 31, 30, 29, 28, 39, 40], [57, 68, 2, 3, 4, 15, 26], [], []], "food": [6, 44], "index": 0}, "status": "ACTIVE"}, {"action": "NORTH", "reward": 3207, "info": {}, "observation": {"remainingOverageTime": 60, "index": 1}, "status": "ACTIVE"}, {"action": "NORTH", "reward": 601, "info": {}, "observation": {"remainingOverageTime": 60, "index": 2}, "status": "DONE"}, {"action": "NORTH", "reward": 201, "info": {}, "observation": {"remainingOverageTime": 60, "index": 3}, "status": "DONE"}], [{"action": "WEST", "reward": 3308, "info": {}, "observation": {"remainingOverageTime": 60, "step": 32, "geese": [[8, 9, 20, 31, 30, 29, 28, 39], [46, 57, 68, 2, 3, 4, 15], [], []], "food": [6, 44], "index": 0}, "status": "ACTIVE"}, {"action": "NORTH", "reward": 3307, "info": {}, "observation": {"remainingOverageTime": 60, "index": 1}, "status": "ACTIVE"}, {"action": "NORTH", "reward": 601, "info": {}, "observation": {"remainingOverageTime": 60, "index": 2}, "status": "DONE"}, {"action": "NORTH", "reward": 201, "info": {}, "observation": {"remainingOverageTime": 60, "index": 3}, "status": "DONE"}], [{"action": "WEST", "reward": 3408, "info": {}, "observation": {"remainingOverageTime": 60, "step": 33, "geese": [[7, 8, 9, 20, 31, 30, 29, 28], [45, 46, 57, 68, 2, 3, 4], [], []], "food": [6, 44], "index": 0}, "status": "ACTIVE"}, {"action": "WEST", "reward": 3407, "info": {}, "observation": {"remainingOverageTime": 60, "index": 1}, "status": "ACTIVE"}, {"action": "NORTH", "reward": 601, "info": {}, "observation": {"remainingOverageTime": 60, "index": 2}, "status": "DONE"}, {"action": "NORTH", "reward": 201, "info": {}, "observation": {"remainingOverageTime": 60, "index": 3}, "status": "DONE"}], [{"action": "WEST", "reward": 3509, "info": {}, "observation": {"remainingOverageTime": 60, "step": 34, "geese": [[6, 7, 8, 9, 20, 31, 30, 29, 28], [44, 45, 46, 57, 68, 2, 3, 4], [], []], "food": [61, 25], "index": 0}, "status": "ACTIVE"}, {"action": "WEST", "reward": 3508, "info": {}, "observation": {"remainingOverageTime": 60, "index": 1}, "status": "ACTIVE"}, {"action": "NORTH", "reward": 601, "info": {}, "observation": {"remainingOverageTime": 60, "index": 2}, "status": "DONE"}, {"action": "NORTH", "reward": 201, "info": {}, "observation": {"remainingOverageTime": 60, "index": 3}, "status": "DONE"}], [{"action": "NORTH", "reward": 3609, "info": {}, "observation": {"remainingOverageTime": 60, "step": 35, "geese": [[72, 6, 7, 8, 9, 20, 31, 30, 29], [33, 44, 45, 46, 57, 68, 2, 3], [], []], "food": [61, 25], "index": 0}, "status": "ACTIVE"}, {"action": "NORTH", "reward": 3608, "info": {}, "observation": {"remainingOverageTime": 60, "index": 1}, "status": "ACTIVE"}, {"action": "NORTH", "reward": 601, "info": {}, "observation": {"remainingOverageTime": 60, "index": 2}, "status": "DONE"}, {"action": "NORTH", "reward": 201, "info": {}, "observation": {"remainingOverageTime": 60, "index": 3}, "status": "DONE"}], [{"action": "NORTH", "reward": 3710, "info": {}, "observation": {"remainingOverageTime": 60, "step": 36, "geese": [[61, 72, 6, 7, 8, 9, 20, 31, 30, 29], [34, 33, 44, 45, 46, 57, 68, 2], [], []], "food": [25, 41], "index": 0}, "status": "ACTIVE"}, {"action": "EAST", "reward": 3708, "info": {}, "observation": {"remainingOverageTime": 60, "index": 1}, "status": "ACTIVE"}, {"action": "NORTH", "reward": 601, "info": {}, "observation": {"remainingOverageTime": 60, "index": 2}, "status": "DONE"}, {"action": "NORTH", "reward": 201, "info": {}, "observation": {"remainingOverageTime": 60, "index": 3}, "status": "DONE"}], [{"action": "EAST", "reward": 3810, "info": {}, "observation": {"remainingOverageTime": 60, "step": 37, "geese": [[62, 61, 72, 6, 7, 8, 9, 20, 31, 30], [35, 34, 33, 44, 45, 46, 57, 68], [], []], "food": [25, 41], "index": 0}, "status": "ACTIVE"}, {"action": "EAST", "reward": 3808, "info": {}, "observation": {"remainingOverageTime": 60, "index": 1}, "status": "ACTIVE"}, {"action": "NORTH", "reward": 601, "info": {}, "observation": {"remainingOverageTime": 60, "index": 2}, "status": "DONE"}, {"action": "NORTH", "reward": 201, "info": {}, "observation": {"remainingOverageTime": 60, "index": 3}, "status": "DONE"}], [{"action": "EAST", "reward": 3910, "info": {}, "observation": {"remainingOverageTime": 60, "step": 38, "geese": [[63, 62, 61, 72, 6, 7, 8, 9, 20, 31], [36, 35, 34, 33, 44, 45, 46, 57], [], []], "food": [25, 41], "index": 0}, "status": "ACTIVE"}, {"action": "EAST", "reward": 3908, "info": {}, "observation": {"remainingOverageTime": 60, "index": 1}, "status": "ACTIVE"}, {"action": "NORTH", "reward": 601, "info": {}, "observation": {"remainingOverageTime": 60, "index": 2}, "status": "DONE"}, {"action": "NORTH", "reward": 201, "info": {}, "observation": {"remainingOverageTime": 60, "index": 3}, "status": "DONE"}], [{"action": "NORTH", "reward": 4010, "info": {}, "observation": {"remainingOverageTime": 60, "step": 39, "geese": [[52, 63, 62, 61, 72, 6, 7, 8, 9, 20], [25, 36, 35, 34, 33, 44, 45, 46, 57], [], []], "food": [41, 56], "index": 0}, "status": "ACTIVE"}, {"action": "NORTH", "reward": 4009, "info": {}, "observation": {"remainingOverageTime": 60, "index": 1}, "status": "ACTIVE"}, {"action": "NORTH", "reward": 601, "info": {}, "observation": {"remainingOverageTime": 60, "index": 2}, "status": "DONE"}, {"action": "NORTH", "reward": 201, "info": {}, "observation": {"remainingOverageTime": 60, "index": 3}, "status": "DONE"}], [{"action": "NORTH", "reward": 4110, "info": {}, "observation": {"remainingOverageTime": 60, "step": 40, "geese": [[41, 52, 63, 62, 61, 72, 6, 7, 8, 9], [14, 25, 36, 35, 34, 33, 44, 45], [], []], "food": [56, 46], "index": 0}, "status": "ACTIVE"}, {"action": "NORTH", "reward": 4108, "info": {}, "observation": {"remainingOverageTime": 60, "index": 1}, "status": "ACTIVE"}, {"action": "NORTH", "reward": 601, "info": {}, "observation": {"remainingOverageTime": 60, "index": 2}, "status": "DONE"}, {"action": "NORTH", "reward": 201, "info": {}, "observation": {"remainingOverageTime": 60, "index": 3}, "status": "DONE"}], [{"action": "EAST", "reward": 4210, "info": {}, "observation": {"remainingOverageTime": 60, "step": 41, "geese": [[42, 41, 52, 63, 62, 61, 72, 6, 7, 8], [3, 14, 25, 36, 35, 34, 33, 44], [], []], "food": [56, 46], "index": 0}, "status": "ACTIVE"}, {"action": "NORTH", "reward": 4208, "info": {}, "observation": {"remainingOverageTime": 60, "index": 1}, "status": "ACTIVE"}, {"action": "NORTH", "reward": 601, "info": {}, "observation": {"remainingOverageTime": 60, "index": 2}, "status": "DONE"}, {"action": "NORTH", "reward": 201, "info": {}, "observation": {"remainingOverageTime": 60, "index": 3}, "status": "DONE"}], [{"action": "EAST", "reward": 4310, "info": {}, "observation": {"remainingOverageTime": 60, "step": 42, "geese": [[43, 42, 41, 52, 63, 62, 61, 72, 6, 7], [69, 3, 14, 25, 36, 35, 34, 33], [], []], "food": [56, 46], "index": 0}, "status": "ACTIVE"}, {"action": "NORTH", "reward": 4308, "info": {}, "observation": {"remainingOverageTime": 60, "index": 1}, "status": "ACTIVE"}, {"action": "NORTH", "reward": 601, "info": {}, "observation": {"remainingOverageTime": 60, "index": 2}, "status": "DONE"}, {"action": "NORTH", "reward": 201, "info": {}, "observation": {"remainingOverageTime": 60, "index": 3}, "status": "DONE"}], [{"action": "EAST", "reward": 4410, "info": {}, "observation": {"remainingOverageTime": 60, "step": 43, "geese": [[33, 43, 42, 41, 52, 63, 62, 61, 72, 6], [58, 69, 3, 14, 25, 36, 35, 34], [], []], "food": [56, 46], "index": 0}, "status": "ACTIVE"}, {"action": "NORTH", "reward": 4408, "info": {}, "observation": {"remainingOverageTime": 60, "index": 1}, "status": "ACTIVE"}, {"action": "NORTH", "reward": 601, "info": {}, "observation": {"remainingOverageTime": 60, "index": 2}, "status": "DONE"}, {"action": "NORTH", "reward": 201, "info": {}, "observation": {"remainingOverageTime": 60, "index": 3}, "status": "DONE"}], [{"action": "EAST", "reward": 4510, "info": {}, "observation": {"remainingOverageTime": 60, "step": 44, "geese": [[34, 33, 43, 42, 41, 52, 63, 62, 61, 72], [47, 58, 69, 3, 14, 25, 36, 35], [], []], "food": [56, 46], "index": 0}, "status": "ACTIVE"}, {"action": "NORTH", "reward": 4508, "info": {}, "observation": {"remainingOverageTime": 60, "index": 1}, "status": "ACTIVE"}, {"action": "NORTH", "reward": 601, "info": {}, "observation": {"remainingOverageTime": 60, "index": 2}, "status": "DONE"}, {"action": "NORTH", "reward": 201, "info": {}, "observation": {"remainingOverageTime": 60, "index": 3}, "status": "DONE"}], [{"action": "SOUTH", "reward": 4610, "info": {}, "observation": {"remainingOverageTime": 60, "step": 45, "geese": [[45, 34, 33, 43, 42, 41, 52, 63, 62, 61], [46, 47, 58, 69, 3, 14, 25, 36, 35], [], []], "food": [56, 4], "index": 0}, "status": "ACTIVE"}, {"action": "WEST", "reward": 4609, "info": {}, "observation": {"remainingOverageTime": 60, "index": 1}, "status": "ACTIVE"}, {"action": "NORTH", "reward": 601, "info": {}, "observation": {"remainingOverageTime": 60, "index": 2}, "status": "DONE"}, {"action": "NORTH", "reward": 201, "info": {}, "observation": {"remainingOverageTime": 60, "index": 3}, "status": "DONE"}], [{"action": "SOUTH", "reward": 4711, "info": {}, "observation": {"remainingOverageTime": 60, "step": 46, "geese": [[56, 45, 34, 33, 43, 42, 41, 52, 63, 62, 61], [57, 46, 47, 58, 69, 3, 14, 25, 36], [], []], "food": [4, 20], "index": 0}, "status": "ACTIVE"}, {"action": "SOUTH", "reward": 4709, "info": {}, "observation": {"remainingOverageTime": 60, "index": 1}, "status": "ACTIVE"}, {"action": "NORTH", "reward": 601, "info": {}, "observation": {"remainingOverageTime": 60, "index": 2}, "status": "DONE"}, {"action": "NORTH", "reward": 201, "info": {}, "observation": {"remainingOverageTime": 60, "index": 3}, "status": "DONE"}], [{"action": "WEST", "reward": 4811, "info": {}, "observation": {"remainingOverageTime": 60, "step": 47, "geese": [[55, 56, 45, 34, 33, 43, 42, 41, 52, 63, 62], [68, 57, 46, 47, 58, 69, 3, 14, 25], [], []], "food": [4, 20], "index": 0}, "status": "ACTIVE"}, {"action": "SOUTH", "reward": 4809, "info": {}, "observation": {"remainingOverageTime": 60, "index": 1}, "status": "ACTIVE"}, {"action": "NORTH", "reward": 601, "info": {}, "observation": {"remainingOverageTime": 60, "index": 2}, "status": "DONE"}, {"action": "NORTH", "reward": 201, "info": {}, "observation": {"remainingOverageTime": 60, "index": 3}, "status": "DONE"}], [{"action": "WEST", "reward": 4911, "info": {}, "observation": {"remainingOverageTime": 60, "step": 48, "geese": [[65, 55, 56, 45, 34, 33, 43, 42, 41, 52, 63], [67, 68, 57, 46, 47, 58, 69, 3, 14], [], []], "food": [4, 20], "index": 0}, "status": "ACTIVE"}, {"action": "WEST", "reward": 4909, "info": {}, "observation": {"remainingOverageTime": 60, "index": 1}, "status": "ACTIVE"}, {"action": "NORTH", "reward": 601, "info": {}, "observation": {"remainingOverageTime": 60, "index": 2}, "status": "DONE"}, {"action": "NORTH", "reward": 201, "info": {}, "observation": {"remainingOverageTime": 60, "index": 3}, "status": "DONE"}], [{"action": "WEST", "reward": 5011, "info": {}, "observation": {"remainingOverageTime": 60, "step": 49, "geese": [[64, 65, 55, 56, 45, 34, 33, 43, 42, 41, 52], [66, 67, 68, 57, 46, 47, 58, 69, 3], [], []], "food": [4, 20], "index": 0}, "status": "ACTIVE"}, {"action": "WEST", "reward": 5009, "info": {}, "observation": {"remainingOverageTime": 60, "index": 1}, "status": "ACTIVE"}, {"action": "NORTH", "reward": 601, "info": {}, "observation": {"remainingOverageTime": 60, "index": 2}, "status": "DONE"}, {"action": "NORTH", "reward": 201, "info": {}, "observation": {"remainingOverageTime": 60, "index": 3}, "status": "DONE"}], [{"action": "SOUTH", "reward": 5111, "info": {}, "observation": {"remainingOverageTime": 60, "step": 50, "geese": [[75, 64, 65, 55, 56, 45, 34, 33, 43, 42, 41], [76, 66, 67, 68, 57, 46, 47, 58, 69], [], []], "food": [4, 20], "index": 0}, "status": "ACTIVE"}, {"action": "WEST", "reward": 5109, "info": {}, "observation": {"remainingOverageTime": 60, "index": 1}, "status": "ACTIVE"}, {"action": "NORTH", "reward": 601, "info": {}, "observation": {"remainingOverageTime": 60, "index": 2}, "status": "DONE"}, {"action": "NORTH", "reward": 201, "info": {}, "observation": {"remainingOverageTime": 60, "index": 3}, "status": "DONE"}], [{"action": "SOUTH", "reward": 5211, "info": {}, "observation": {"remainingOverageTime": 60, "step": 51, "geese": [[9, 75, 64, 65, 55, 56, 45, 34, 33, 43, 42], [10, 76, 66, 67, 68, 57, 46, 47, 58], [], []], "food": [4, 20], "index": 0}, "status": "ACTIVE"}, {"action": "SOUTH", "reward": 5209, "info": {}, "observation": {"remainingOverageTime": 60, "index": 1}, "status": "ACTIVE"}, {"action": "NORTH", "reward": 601, "info": {}, "observation": {"remainingOverageTime": 60, "index": 2}, "status": "DONE"}, {"action": "NORTH", "reward": 201, "info": {}, "observation": {"remainingOverageTime": 60, "index": 3}, "status": "DONE"}], [{"action": "SOUTH", "reward": 5312, "info": {}, "observation": {"remainingOverageTime": 60, "step": 52, "geese": [[20, 9, 75, 64, 65, 55, 56, 45, 34, 33, 43, 42], [0, 10, 76, 66, 67, 68, 57, 46, 47], [], []], "food": [4, 3], "index": 0}, "status": "ACTIVE"}, {"action": "EAST", "reward": 5309, "info": {}, "observation": {"remainingOverageTime": 60, "index": 1}, "status": "ACTIVE"}, {"action": "NORTH", "reward": 601, "info": {}, "observation": {"remainingOverageTime": 60, "index": 2}, "status": "DONE"}, {"action": "NORTH", "reward": 201, "info": {}, "observation": {"remainingOverageTime": 60, "index": 3}, "status": "DONE"}], [{"action": "WEST", "reward": 5412, "info": {}, "observation": {"remainingOverageTime": 60, "step": 53, "geese": [[19, 20, 9, 75, 64, 65, 55, 56, 45, 34, 33, 43], [1, 0, 10, 76, 66, 67, 68, 57, 46], [], []], "food": [4, 3], "index": 0}, "status": "ACTIVE"}, {"action": "EAST", "reward": 5409, "info": {}, "observation": {"remainingOverageTime": 60, "index": 1}, "status": "ACTIVE"}, {"action": "NORTH", "reward": 601, "info": {}, "observation": {"remainingOverageTime": 60, "index": 2}, "status": "DONE"}, {"action": "NORTH", "reward": 201, "info": {}, "observation": {"remainingOverageTime": 60, "index": 3}, "status": "DONE"}], [{"action": "NORTH", "reward": 5512, "info": {}, "observation": {"remainingOverageTime": 60, "step": 54, "geese": [[8, 19, 20, 9, 75, 64, 65, 55, 56, 45, 34, 33], [2, 1, 0, 10, 76, 66, 67, 68, 57], [], []], "food": [4, 3], "index": 0}, "status": "ACTIVE"}, {"action": "EAST", "reward": 5509, "info": {}, "observation": {"remainingOverageTime": 60, "index": 1}, "status": "ACTIVE"}, {"action": "NORTH", "reward": 601, "info": {}, "observation": {"remainingOverageTime": 60, "index": 2}, "status": "DONE"}, {"action": "NORTH", "reward": 201, "info": {}, "observation": {"remainingOverageTime": 60, "index": 3}, "status": "DONE"}], [{"action": "WEST", "reward": 5612, "info": {}, "observation": {"remainingOverageTime": 60, "step": 55, "geese": [[7, 8, 19, 20, 9, 75, 64, 65, 55, 56, 45, 34], [3, 2, 1, 0, 10, 76, 66, 67, 68, 57], [], []], "food": [4, 61], "index": 0}, "status": "ACTIVE"}, {"action": "EAST", "reward": 5610, "info": {}, "observation": {"remainingOverageTime": 60, "index": 1}, "status": "ACTIVE"}, {"action": "NORTH", "reward": 601, "info": {}, "observation": {"remainingOverageTime": 60, "index": 2}, "status": "DONE"}, {"action": "NORTH", "reward": 201, "info": {}, "observation": {"remainingOverageTime": 60, "index": 3}, "status": "DONE"}], [{"action": "NORTH", "reward": 5712, "info": {}, "observation": {"remainingOverageTime": 60, "step": 56, "geese": [[73, 7, 8, 19, 20, 9, 75, 64, 65, 55, 56, 45], [4, 3, 2, 1, 0, 10, 76, 66, 67, 68, 57], [], []], "food": [61, 21], "index": 0}, "status": "ACTIVE"}, {"action": "EAST", "reward": 5711, "info": {}, "observation": {"remainingOverageTime": 60, "index": 1}, "status": "ACTIVE"}, {"action": "NORTH", "reward": 601, "info": {}, "observation": {"remainingOverageTime": 60, "index": 2}, "status": "DONE"}, {"action": "NORTH", "reward": 201, "info": {}, "observation": {"remainingOverageTime": 60, "index": 3}, "status": "DONE"}], [{"action": "NORTH", "reward": 5812, "info": {}, "observation": {"remainingOverageTime": 60, "step": 57, "geese": [[62, 73, 7, 8, 19, 20, 9, 75, 64, 65, 55, 56], [5, 4, 3, 2, 1, 0, 10, 76, 66, 67, 68], [], []], "food": [61, 21], "index": 0}, "status": "ACTIVE"}, {"action": "EAST", "reward": 5811, "info": {}, "observation": {"remainingOverageTime": 60, "index": 1}, "status": "ACTIVE"}, {"action": "NORTH", "reward": 601, "info": {}, "observation": {"remainingOverageTime": 60, "index": 2}, "status": "DONE"}, {"action": "NORTH", "reward": 201, "info": {}, "observation": {"remainingOverageTime": 60, "index": 3}, "status": "DONE"}], [{"action": "WEST", "reward": 5913, "info": {}, "observation": {"remainingOverageTime": 60, "step": 58, "geese": [[61, 62, 73, 7, 8, 19, 20, 9, 75, 64, 65, 55, 56], [16, 5, 4, 3, 2, 1, 0, 10, 76, 66, 67], [], []], "food": [21, 54], "index": 0}, "status": "ACTIVE"}, {"action": "SOUTH", "reward": 5911, "info": {}, "observation": {"remainingOverageTime": 60, "index": 1}, "status": "ACTIVE"}, {"action": "NORTH", "reward": 601, "info": {}, "observation": {"remainingOverageTime": 60, "index": 2}, "status": "DONE"}, {"action": "NORTH", "reward": 201, "info": {}, "observation": {"remainingOverageTime": 60, "index": 3}, "status": "DONE"}], [{"action": "NORTH", "reward": 6013, "info": {}, "observation": {"remainingOverageTime": 60, "step": 59, "geese": [[50, 61, 62, 73, 7, 8, 19, 20, 9, 75, 64, 65, 55], [15, 16, 5, 4, 3, 2, 1, 0, 10, 76, 66], [], []], "food": [21, 54], "index": 0}, "status": "ACTIVE"}, {"action": "WEST", "reward": 6011, "info": {}, "observation": {"remainingOverageTime": 60, "index": 1}, "status": "ACTIVE"}, {"action": "NORTH", "reward": 601, "info": {}, "observation": {"remainingOverageTime": 60, "index": 2}, "status": "DONE"}, {"action": "NORTH", "reward": 201, "info": {}, "observation": {"remainingOverageTime": 60, "index": 3}, "status": "DONE"}], [{"action": "EAST", "reward": 6113, "info": {}, "observation": {"remainingOverageTime": 60, "step": 60, "geese": [[51, 50, 61, 62, 73, 7, 8, 19, 20, 9, 75, 64, 65], [14, 15, 16, 5, 4, 3, 2, 1, 0, 10, 76], [], []], "food": [21, 54], "index": 0}, "status": "ACTIVE"}, {"action": "WEST", "reward": 6111, "info": {}, "observation": {"remainingOverageTime": 60, "index": 1}, "status": "ACTIVE"}, {"action": "NORTH", "reward": 601, "info": {}, "observation": {"remainingOverageTime": 60, "index": 2}, "status": "DONE"}, {"action": "NORTH", "reward": 201, "info": {}, "observation": {"remainingOverageTime": 60, "index": 3}, "status": "DONE"}], [{"action": "EAST", "reward": 6213, "info": {}, "observation": {"remainingOverageTime": 60, "step": 61, "geese": [[52, 51, 50, 61, 62, 73, 7, 8, 19, 20, 9, 75, 64], [13, 14, 15, 16, 5, 4, 3, 2, 1, 0, 10], [], []], "food": [21, 54], "index": 0}, "status": "ACTIVE"}, {"action": "WEST", "reward": 6211, "info": {}, "observation": {"remainingOverageTime": 60, "index": 1}, "status": "ACTIVE"}, {"action": "NORTH", "reward": 601, "info": {}, "observation": {"remainingOverageTime": 60, "index": 2}, "status": "DONE"}, {"action": "NORTH", "reward": 201, "info": {}, "observation": {"remainingOverageTime": 60, "index": 3}, "status": "DONE"}], [{"action": "EAST", "reward": 6313, "info": {}, "observation": {"remainingOverageTime": 60, "step": 62, "geese": [[53, 52, 51, 50, 61, 62, 73, 7, 8, 19, 20, 9, 75], [12, 13, 14, 15, 16, 5, 4, 3, 2, 1, 0], [], []], "food": [21, 54], "index": 0}, "status": "ACTIVE"}, {"action": "WEST", "reward": 6311, "info": {}, "observation": {"remainingOverageTime": 60, "index": 1}, "status": "ACTIVE"}, {"action": "NORTH", "reward": 601, "info": {}, "observation": {"remainingOverageTime": 60, "index": 2}, "status": "DONE"}, {"action": "NORTH", "reward": 201, "info": {}, "observation": {"remainingOverageTime": 60, "index": 3}, "status": "DONE"}], [{"action": "EAST", "reward": 6414, "info": {}, "observation": {"remainingOverageTime": 60, "step": 63, "geese": [[54, 53, 52, 51, 50, 61, 62, 73, 7, 8, 19, 20, 9, 75], [11, 12, 13, 14, 15, 16, 5, 4, 3, 2, 1], [], []], "food": [21, 74], "index": 0}, "status": "ACTIVE"}, {"action": "WEST", "reward": 6411, "info": {}, "observation": {"remainingOverageTime": 60, "index": 1}, "status": "ACTIVE"}, {"action": "NORTH", "reward": 601, "info": {}, "observation": {"remainingOverageTime": 60, "index": 2}, "status": "DONE"}, {"action": "NORTH", "reward": 201, "info": {}, "observation": {"remainingOverageTime": 60, "index": 3}, "status": "DONE"}], [{"action": "SOUTH", "reward": 6514, "info": {}, "observation": {"remainingOverageTime": 60, "step": 64, "geese": [[65, 54, 53, 52, 51, 50, 61, 62, 73, 7, 8, 19, 20, 9], [21, 11, 12, 13, 14, 15, 16, 5, 4, 3, 2, 1], [], []], "food": [74, 23], "index": 0}, "status": "ACTIVE"}, {"action": "WEST", "reward": 6512, "info": {}, "observation": {"remainingOverageTime": 60, "index": 1}, "status": "ACTIVE"}, {"action": "NORTH", "reward": 601, "info": {}, "observation": {"remainingOverageTime": 60, "index": 2}, "status": "DONE"}, {"action": "NORTH", "reward": 201, "info": {}, "observation": {"remainingOverageTime": 60, "index": 3}, "status": "DONE"}], [{"action": "WEST", "reward": 6614, "info": {}, "observation": {"remainingOverageTime": 60, "step": 65, "geese": [[64, 65, 54, 53, 52, 51, 50, 61, 62, 73, 7, 8, 19, 20], [32, 21, 11, 12, 13, 14, 15, 16, 5, 4, 3, 2], [], []], "food": [74, 23], "index": 0}, "status": "ACTIVE"}, {"action": "SOUTH", "reward": 6612, "info": {}, "observation": {"remainingOverageTime": 60, "index": 1}, "status": "ACTIVE"}, {"action": "NORTH", "reward": 601, "info": {}, "observation": {"remainingOverageTime": 60, "index": 2}, "status": "DONE"}, {"action": "NORTH", "reward": 201, "info": {}, "observation": {"remainingOverageTime": 60, "index": 3}, "status": "DONE"}], [{"action": "WEST", "reward": 6714, "info": {}, "observation": {"remainingOverageTime": 60, "step": 66, "geese": [[63, 64, 65, 54, 53, 52, 51, 50, 61, 62, 73, 7, 8, 19], [22, 32, 21, 11, 12, 13, 14, 15, 16, 5, 4, 3], [], []], "food": [74, 23], "index": 0}, "status": "ACTIVE"}, {"action": "EAST", "reward": 6712, "info": {}, "observation": {"remainingOverageTime": 60, "index": 1}, "status": "ACTIVE"}, {"action": "NORTH", "reward": 601, "info": {}, "observation": {"remainingOverageTime": 60, "index": 2}, "status": "DONE"}, {"action": "NORTH", "reward": 201, "info": {}, "observation": {"remainingOverageTime": 60, "index": 3}, "status": "DONE"}], [{"action": "SOUTH", "reward": 6815, "info": {}, "observation": {"remainingOverageTime": 60, "step": 67, "geese": [[74, 63, 64, 65, 54, 53, 52, 51, 50, 61, 62, 73, 7, 8, 19], [23, 22, 32, 21, 11, 12, 13, 14, 15, 16, 5, 4, 3], [], []], "food": [41, 69], "index": 0}, "status": "ACTIVE"}, {"action": "EAST", "reward": 6813, "info": {}, "observation": {"remainingOverageTime": 60, "index": 1}, "status": "ACTIVE"}, {"action": "NORTH", "reward": 601, "info": {}, "observation": {"remainingOverageTime": 60, "index": 2}, "status": "DONE"}, {"action": "NORTH", "reward": 201, "info": {}, "observation": {"remainingOverageTime": 60, "index": 3}, "status": "DONE"}], [{"action": "EAST", "reward": 6915, "info": {}, "observation": {"remainingOverageTime": 60, "step": 68, "geese": [[75, 74, 63, 64, 65, 54, 53, 52, 51, 50, 61, 62, 73, 7, 8], [34, 23, 22, 32, 21, 11, 12, 13, 14, 15, 16, 5, 4], [], []], "food": [41, 69], "index": 0}, "status": "ACTIVE"}, {"action": "SOUTH", "reward": 6913, "info": {}, "observation": {"remainingOverageTime": 60, "index": 1}, "status": "ACTIVE"}, {"action": "NORTH", "reward": 601, "info": {}, "observation": {"remainingOverageTime": 60, "index": 2}, "status": "DONE"}, {"action": "NORTH", "reward": 201, "info": {}, "observation": {"remainingOverageTime": 60, "index": 3}, "status": "DONE"}], [{"action": "EAST", "reward": 7015, "info": {}, "observation": {"remainingOverageTime": 60, "step": 69, "geese": [[76, 75, 74, 63, 64, 65, 54, 53, 52, 51, 50, 61, 62, 73, 7], [33, 34, 23, 22, 32, 21, 11, 12, 13, 14, 15, 16, 5], [], []], "food": [41, 69], "index": 0}, "status": "ACTIVE"}, {"action": "WEST", "reward": 7013, "info": {}, "observation": {"remainingOverageTime": 60, "index": 1}, "status": "ACTIVE"}, {"action": "NORTH", "reward": 601, "info": {}, "observation": {"remainingOverageTime": 60, "index": 2}, "status": "DONE"}, {"action": "NORTH", "reward": 201, "info": {}, "observation": {"remainingOverageTime": 60, "index": 3}, "status": "DONE"}], [{"action": "EAST", "reward": 7115, "info": {}, "observation": {"remainingOverageTime": 60, "step": 70, "geese": [[66, 76, 75, 74, 63, 64, 65, 54, 53, 52, 51, 50, 61, 62, 73], [43, 33, 34, 23, 22, 32, 21, 11, 12, 13, 14, 15, 16], [], []], "food": [41, 69], "index": 0}, "status": "ACTIVE"}, {"action": "WEST", "reward": 7113, "info": {}, "observation": {"remainingOverageTime": 60, "index": 1}, "status": "ACTIVE"}, {"action": "NORTH", "reward": 601, "info": {}, "observation": {"remainingOverageTime": 60, "index": 2}, "status": "DONE"}, {"action": "NORTH", "reward": 201, "info": {}, "observation": {"remainingOverageTime": 60, "index": 3}, "status": "DONE"}], [{"action": "EAST", "reward": 7215, "info": {}, "observation": {"remainingOverageTime": 60, "step": 71, "geese": [[67, 66, 76, 75, 74, 63, 64, 65, 54, 53, 52, 51, 50, 61, 62], [42, 43, 33, 34, 23, 22, 32, 21, 11, 12, 13, 14, 15], [], []], "food": [41, 69], "index": 0}, "status": "ACTIVE"}, {"action": "WEST", "reward": 7213, "info": {}, "observation": {"remainingOverageTime": 60, "index": 1}, "status": "ACTIVE"}, {"action": "NORTH", "reward": 601, "info": {}, "observation": {"remainingOverageTime": 60, "index": 2}, "status": "DONE"}, {"action": "NORTH", "reward": 201, "info": {}, "observation": {"remainingOverageTime": 60, "index": 3}, "status": "DONE"}], [{"action": "EAST", "reward": 7315, "info": {}, "observation": {"remainingOverageTime": 60, "step": 72, "geese": [[68, 67, 66, 76, 75, 74, 63, 64, 65, 54, 53, 52, 51, 50, 61], [41, 42, 43, 33, 34, 23, 22, 32, 21, 11, 12, 13, 14, 15], [], []], "food": [69, 1], "index": 0}, "status": "ACTIVE"}, {"action": "WEST", "reward": 7314, "info": {}, "observation": {"remainingOverageTime": 60, "index": 1}, "status": "ACTIVE"}, {"action": "NORTH", "reward": 601, "info": {}, "observation": {"remainingOverageTime": 60, "index": 2}, "status": "DONE"}, {"action": "NORTH", "reward": 201, "info": {}, "observation": {"remainingOverageTime": 60, "index": 3}, "status": "DONE"}], [{"action": "EAST", "reward": 7416, "info": {}, "observation": {"remainingOverageTime": 60, "step": 73, "geese": [[69, 68, 67, 66, 76, 75, 74, 63, 64, 65, 54, 53, 52, 51, 50, 61], [30, 41, 42, 43, 33, 34, 23, 22, 32, 21, 11, 12, 13, 14], [], []], "food": [1, 55], "index": 0}, "status": "ACTIVE"}, {"action": "NORTH", "reward": 7414, "info": {}, "observation": {"remainingOverageTime": 60, "index": 1}, "status": "ACTIVE"}, {"action": "NORTH", "reward": 601, "info": {}, "observation": {"remainingOverageTime": 60, "index": 2}, "status": "DONE"}, {"action": "NORTH", "reward": 201, "info": {}, "observation": {"remainingOverageTime": 60, "index": 3}, "status": "DONE"}], [{"action": "SOUTH", "reward": 7516, "info": {}, "observation": {"remainingOverageTime": 60, "step": 74, "geese": [[3, 69, 68, 67, 66, 76, 75, 74, 63, 64, 65, 54, 53, 52, 51, 50], [31, 30, 41, 42, 43, 33, 34, 23, 22, 32, 21, 11, 12, 13], [], []], "food": [1, 55], "index": 0}, "status": "ACTIVE"}, {"action": "EAST", "reward": 7514, "info": {}, "observation": {"remainingOverageTime": 60, "index": 1}, "status": "ACTIVE"}, {"action": "NORTH", "reward": 601, "info": {}, "observation": {"remainingOverageTime": 60, "index": 2}, "status": "DONE"}, {"action": "NORTH", "reward": 201, "info": {}, "observation": {"remainingOverageTime": 60, "index": 3}, "status": "DONE"}], [{"action": "WEST", "reward": 7616, "info": {}, "observation": {"remainingOverageTime": 60, "step": 75, "geese": [[2, 3, 69, 68, 67, 66, 76, 75, 74, 63, 64, 65, 54, 53, 52, 51], [20, 31, 30, 41, 42, 43, 33, 34, 23, 22, 32, 21, 11, 12], [], []], "food": [1, 55], "index": 0}, "status": "ACTIVE"}, {"action": "NORTH", "reward": 7614, "info": {}, "observation": {"remainingOverageTime": 60, "index": 1}, "status": "ACTIVE"}, {"action": "NORTH", "reward": 601, "info": {}, "observation": {"remainingOverageTime": 60, "index": 2}, "status": "DONE"}, {"action": "NORTH", "reward": 201, "info": {}, "observation": {"remainingOverageTime": 60, "index": 3}, "status": "DONE"}], [{"action": "WEST", "reward": 7717, "info": {}, "observation": {"remainingOverageTime": 60, "step": 76, "geese": [[1, 2, 3, 69, 68, 67, 66, 76, 75, 74, 63, 64, 65, 54, 53, 52, 51], [9, 20, 31, 30, 41, 42, 43, 33, 34, 23, 22, 32, 21, 11], [], []], "food": [55, 56], "index": 0}, "status": "ACTIVE"}, {"action": "NORTH", "reward": 7714, "info": {}, "observation": {"remainingOverageTime": 60, "index": 1}, "status": "ACTIVE"}, {"action": "NORTH", "reward": 601, "info": {}, "observation": {"remainingOverageTime": 60, "index": 2}, "status": "DONE"}, {"action": "NORTH", "reward": 201, "info": {}, "observation": {"remainingOverageTime": 60, "index": 3}, "status": "DONE"}], [{"action": "SOUTH", "reward": 7817, "info": {}, "observation": {"remainingOverageTime": 60, "step": 77, "geese": [[12, 1, 2, 3, 69, 68, 67, 66, 76, 75, 74, 63, 64, 65, 54, 53, 52], [8, 9, 20, 31, 30, 41, 42, 43, 33, 34, 23, 22, 32, 21], [], []], "food": [55, 56], "index": 0}, "status": "ACTIVE"}, {"action": "WEST", "reward": 7814, "info": {}, "observation": {"remainingOverageTime": 60, "index": 1}, "status": "ACTIVE"}, {"action": "NORTH", "reward": 601, "info": {}, "observation": {"remainingOverageTime": 60, "index": 2}, "status": "DONE"}, {"action": "NORTH", "reward": 201, "info": {}, "observation": {"remainingOverageTime": 60, "index": 3}, "status": "DONE"}], [{"action": "EAST", "reward": 7917, "info": {}, "observation": {"remainingOverageTime": 60, "step": 78, "geese": [[13, 12, 1, 2, 3, 69, 68, 67, 66, 76, 75, 74, 63, 64, 65, 54, 53], [7, 8, 9, 20, 31, 30, 41, 42, 43, 33, 34, 23, 22, 32], [], []], "food": [55, 56], "index": 0}, "status": "ACTIVE"}, {"action": "WEST", "reward": 7914, "info": {}, "observation": {"remainingOverageTime": 60, "index": 1}, "status": "ACTIVE"}, {"action": "NORTH", "reward": 601, "info": {}, "observation": {"remainingOverageTime": 60, "index": 2}, "status": "DONE"}, {"action": "NORTH", "reward": 201, "info": {}, "observation": {"remainingOverageTime": 60, "index": 3}, "status": "DONE"}], [{"action": "SOUTH", "reward": 8017, "info": {}, "observation": {"remainingOverageTime": 60, "step": 79, "geese": [[24, 13, 12, 1, 2, 3, 69, 68, 67, 66, 76, 75, 74, 63, 64, 65, 54], [73, 7, 8, 9, 20, 31, 30, 41, 42, 43, 33, 34, 23, 22], [], []], "food": [55, 56], "index": 0}, "status": "ACTIVE"}, {"action": "NORTH", "reward": 8014, "info": {}, "observation": {"remainingOverageTime": 60, "index": 1}, "status": "ACTIVE"}, {"action": "NORTH", "reward": 601, "info": {}, "observation": {"remainingOverageTime": 60, "index": 2}, "status": "DONE"}, {"action": "NORTH", "reward": 201, "info": {}, "observation": {"remainingOverageTime": 60, "index": 3}, "status": "DONE"}], [{"action": "SOUTH", "reward": 8116, "info": {}, "observation": {"remainingOverageTime": 60, "step": 80, "geese": [[35, 24, 13, 12, 1, 2, 3, 69, 68, 67, 66, 76, 75, 74, 63, 64], [62, 73, 7, 8, 9, 20, 31, 30, 41, 42, 43, 33, 34], [], []], "food": [55, 56], "index": 0}, "status": "ACTIVE"}, {"action": "NORTH", "reward": 8113, "info": {}, "observation": {"remainingOverageTime": 60, "index": 1}, "status": "ACTIVE"}, {"action": "NORTH", "reward": 601, "info": {}, "observation": {"remainingOverageTime": 60, "index": 2}, "status": "DONE"}, {"action": "NORTH", "reward": 201, "info": {}, "observation": {"remainingOverageTime": 60, "index": 3}, "status": "DONE"}], [{"action": "WEST", "reward": 8216, "info": {}, "observation": {"remainingOverageTime": 60, "step": 81, "geese": [[34, 35, 24, 13, 12, 1, 2, 3, 69, 68, 67, 66, 76, 75, 74, 63], [51, 62, 73, 7, 8, 9, 20, 31, 30, 41, 42, 43, 33], [], []], "food": [55, 56], "index": 0}, "status": "ACTIVE"}, {"action": "NORTH", "reward": 8213, "info": {}, "observation": {"remainingOverageTime": 60, "index": 1}, "status": "ACTIVE"}, {"action": "NORTH", "reward": 601, "info": {}, "observation": {"remainingOverageTime": 60, "index": 2}, "status": "DONE"}, {"action": "NORTH", "reward": 201, "info": {}, "observation": {"remainingOverageTime": 60, "index": 3}, "status": "DONE"}], [{"action": "SOUTH", "reward": 8316, "info": {}, "observation": {"remainingOverageTime": 60, "step": 82, "geese": [[45, 34, 35, 24, 13, 12, 1, 2, 3, 69, 68, 67, 66, 76, 75, 74], [52, 51, 62, 73, 7, 8, 9, 20, 31, 30, 41, 42, 43], [], []], "food": [55, 56], "index": 0}, "status": "ACTIVE"}, {"action": "EAST", "reward": 8313, "info": {}, "observation": {"remainingOverageTime": 60, "index": 1}, "status": "ACTIVE"}, {"action": "NORTH", "reward": 601, "info": {}, "observation": {"remainingOverageTime": 60, "index": 2}, "status": "DONE"}, {"action": "NORTH", "reward": 201, "info": {}, "observation": {"remainingOverageTime": 60, "index": 3}, "status": "DONE"}], [{"action": "SOUTH", "reward": 8417, "info": {}, "observation": {"remainingOverageTime": 60, "step": 83, "geese": [[56, 45, 34, 35, 24, 13, 12, 1, 2, 3, 69, 68, 67, 66, 76, 75, 74], [53, 52, 51, 62, 73, 7, 8, 9, 20, 31, 30, 41, 42], [], []], "food": [55, 36], "index": 0}, "status": "ACTIVE"}, {"action": "EAST", "reward": 8413, "info": {}, "observation": {"remainingOverageTime": 60, "index": 1}, "status": "ACTIVE"}, {"action": "NORTH", "reward": 601, "info": {}, "observation": {"remainingOverageTime": 60, "index": 2}, "status": "DONE"}, {"action": "NORTH", "reward": 201, "info": {}, "observation": {"remainingOverageTime": 60, "index": 3}, "status": "DONE"}], [{"action": "WEST", "reward": 8518, "info": {}, "observation": {"remainingOverageTime": 60, "step": 84, "geese": [[55, 56, 45, 34, 35, 24, 13, 12, 1, 2, 3, 69, 68, 67, 66, 76, 75, 74], [54, 53, 52, 51, 62, 73, 7, 8, 9, 20, 31, 30, 41], [], []], "food": [36, 0], "index": 0}, "status": "ACTIVE"}, {"action": "EAST", "reward": 8513, "info": {}, "observation": {"remainingOverageTime": 60, "index": 1}, "status": "ACTIVE"}, {"action": "NORTH", "reward": 601, "info": {}, "observation": {"remainingOverageTime": 60, "index": 2}, "status": "DONE"}, {"action": "NORTH", "reward": 201, "info": {}, "observation": {"remainingOverageTime": 60, "index": 3}, "status": "DONE"}], [{"action": "EAST", "reward": 8518, "info": {}, "observation": {"remainingOverageTime": 60, "step": 85, "geese": [[], [43, 54, 53, 52, 51, 62, 73, 7, 8, 9, 20, 31, 30], [], []], "food": [36, 0], "index": 0}, "status": "DONE"}, {"action": "NORTH", "reward": 8613, "info": {}, "observation": {"remainingOverageTime": 60, "index": 1}, "status": "DONE"}, {"action": "NORTH", "reward": 601, "info": {}, "observation": {"remainingOverageTime": 60, "index": 2}, "status": "DONE"}, {"action": "NORTH", "reward": 201, "info": {}, "observation": {"remainingOverageTime": 60, "index": 3}, "status": "DONE"}]], "rewards": [8518, 8613, 601, 201], "statuses": ["DONE", "DONE", "DONE", "DONE"], "schema_version": 1, "info": {}}