{"id": "a676eb6a-db0c-11ee-b332-0242ac1c000c", "name": "hungry_geese", "title": "Hungry Geese", "description": "Similar to the classic snake game with multiple players", "version": "1.0.0", "configuration": {"episodeSteps": 200, "actTimeout": 1, "runTimeout": 1200, "columns": 11, "rows": 7, "hunger_rate": 40, "min_food": 2, "max_length": 99}, "specification": {"action": {"description": "Direction to move the head of your players goose.", "type": "string", "enum": ["NORTH", "EAST", "SOUTH", "WEST"], "default": "NORTH"}, "agents": [1, 2, 3, 4, 5, 6, 7, 8], "configuration": {"episodeSteps": {"description": "Maximum number of steps in the episode.", "type": "integer", "minimum": 1, "default": 200}, "actTimeout": {"description": "Maximum runtime (seconds) to obtain an action from an agent.", "type": "number", "minimum": 0, "default": 1}, "runTimeout": {"description": "Maximum runtime (seconds) of an episode (not necessarily DONE).", "type": "number", "minimum": 0, "default": 1200}, "columns": {"description": "Horizontal number of cells on the board.", "type": "integer", "default": 11, "minimum": 3}, "rows": {"description": "Vertical number of cells on the board.", "type": "integer", "default": 7, "minimum": 3}, "hunger_rate": {"description": "The number of steps before the goose shrinks a cell.", "type": "integer", "minimum": 1, "default": 40}, "min_food": {"description": "The minimum amount of food present for all steps.", "type": "integer", "default": 2, "minimum": 1}, "max_length": {"description": "The max length any goose can be. Total reward = (max length + 1) * steps survived + goose length.", "type": "integer", "default": 99}}, "info": {}, "observation": {"remainingOverageTime": {"description": "Total remaining banked time (seconds) that can be used in excess of per-step actTimeouts -- agent is disqualified with TIMEOUT status when this drops below 0.", "shared": false, "type": "number", "minimum": 0, "default": 60}, "step": {"description": "Current step within the episode.", "type": "integer", "shared": true, "minimum": 0, "default": 0}, "geese": {"description": "List of geese in order by the agent index.", "type": "array", "default": [], "shared": true}, "food": {"description": "Positions on the board where food is present.", "type": "array", "default": [], "shared": true}, "index": {"description": "Index of the current agent's goose in the list of geese.", "type": "integer", "minimum": 0, "defaults": [0, 1, 2, 3, 4, 5, 6, 7]}}, "reward": {"description": "steps survived * (max goose length + 1) + current goose length.", "type": ["number", "null"], "default": 0, "minimum": 0}}, "steps": [[{"action": "NORTH", "reward": 0, "info": {}, "observation": {"remainingOverageTime": 60, "step": 0, "geese": [[28], [9], [39], [41]], "food": [15, 37], "index": 0}, "status": "ACTIVE"}, {"action": "NORTH", "reward": 0, "info": {}, "observation": {"remainingOverageTime": 60, "index": 1}, "status": "ACTIVE"}, {"action": "NORTH", "reward": 0, "info": {}, "observation": {"remainingOverageTime": 60, "index": 2}, "status": "ACTIVE"}, {"action": "NORTH", "reward": 0, "info": {}, "observation": {"remainingOverageTime": 60, "index": 3}, "status": "ACTIVE"}], [{"action": "NORTH", "reward": 201, "info": {}, "observation": {"remainingOverageTime": 60, "step": 1, "geese": [[17], [8], [38], [42]], "food": [15, 37], "index": 0}, "status": "ACTIVE"}, {"action": "WEST", "reward": 201, "info": {}, "observation": {"remainingOverageTime": 60, "index": 1}, "status": "ACTIVE"}, {"action": "WEST", "reward": 201, "info": {}, "observation": {"remainingOverageTime": 60, "index": 2}, "status": "ACTIVE"}, {"action": "EAST", "reward": 201, "info": {}, "observation": {"remainingOverageTime": 60, "index": 3}, "status": "ACTIVE"}], [{"action": "WEST", "reward": 301, "info": {}, "observation": {"remainingOverageTime": 60, "step": 2, "geese": [[16], [74], [37, 38], [43]], "food": [15, 24], "index": 0}, "status": "ACTIVE"}, {"action": "NORTH", "reward": 301, "info": {}, "observation": {"remainingOverageTime": 60, "index": 1}, "status": "ACTIVE"}, {"action": "WEST", "reward": 302, "info": {}, "observation": {"remainingOverageTime": 60, "index": 2}, "status": "ACTIVE"}, {"action": "EAST", "reward": 301, "info": {}, "observation": {"remainingOverageTime": 60, "index": 3}, "status": "ACTIVE"}], [{"action": "WEST", "reward": 402, "info": {}, "observation": {"remainingOverageTime": 60, "step": 3, "geese": [[15, 16], [75], [26, 37], [33]], "food": [24, 43], "index": 0}, "status": "ACTIVE"}, {"action": "EAST", "reward": 401, "info": {}, "observation": {"remainingOverageTime": 60, "index": 1}, "status": "ACTIVE"}, {"action": "NORTH", "reward": 402, "info": {}, "observation": {"remainingOverageTime": 60, "index": 2}, "status": "ACTIVE"}, {"action": "EAST", "reward": 401, "info": {}, "observation": {"remainingOverageTime": 60, "index": 3}, "status": "ACTIVE"}], [{"action": "WEST", "reward": 502, "info": {}, "observation": {"remainingOverageTime": 60, "step": 4, "geese": [[14, 15], [76], [25, 26], []], "food": [24, 43], "index": 0}, "status": "ACTIVE"}, {"action": "EAST", "reward": 501, "info": {}, "observation": {"remainingOverageTime": 60, "index": 1}, "status": "ACTIVE"}, {"action": "WEST", "reward": 502, "info": {}, "observation": {"remainingOverageTime": 60, "index": 2}, "status": "ACTIVE"}, {"action": "WEST", "reward": 401, "info": {}, "observation": {"remainingOverageTime": 60, "index": 3}, "status": "DONE"}], [{"action": "WEST", "reward": 602, "info": {}, "observation": {"remainingOverageTime": 60, "step": 5, "geese": [[13, 14], [65], [24, 25, 26], []], "food": [43, 74], "index": 0}, "status": "ACTIVE"}, {"action": "NORTH", "reward": 601, "info": {}, "observation": {"remainingOverageTime": 60, "index": 1}, "status": "ACTIVE"}, {"action": "WEST", "reward": 603, "info": {}, "observation": {"remainingOverageTime": 60, "index": 2}, "status": "ACTIVE"}, {"action": "NORTH", "reward": 401, "info": {}, "observation": {"remainingOverageTime": 60, "index": 3}, "status": "DONE"}], [{"action": "WEST", "reward": 702, "info": {}, "observation": {"remainingOverageTime": 60, "step": 6, "geese": [[12, 13], [54], [23, 24, 25], []], "food": [43, 74], "index": 0}, "status": "ACTIVE"}, {"action": "NORTH", "reward": 701, "info": {}, "observation": {"remainingOverageTime": 60, "index": 1}, "status": "ACTIVE"}, {"action": "WEST", "reward": 703, "info": {}, "observation": {"remainingOverageTime": 60, "index": 2}, "status": "ACTIVE"}, {"action": "NORTH", "reward": 401, "info": {}, "observation": {"remainingOverageTime": 60, "index": 3}, "status": "DONE"}], [{"action": "NORTH", "reward": 802, "info": {}, "observation": {"remainingOverageTime": 60, "step": 7, "geese": [[1, 12], [43, 54], [22, 23, 24], []], "food": [74, 75], "index": 0}, "status": "ACTIVE"}, {"action": "NORTH", "reward": 802, "info": {}, "observation": {"remainingOverageTime": 60, "index": 1}, "status": "ACTIVE"}, {"action": "WEST", "reward": 803, "info": {}, "observation": {"remainingOverageTime": 60, "index": 2}, "status": "ACTIVE"}, {"action": "NORTH", "reward": 401, "info": {}, "observation": {"remainingOverageTime": 60, "index": 3}, "status": "DONE"}], [{"action": "NORTH", "reward": 902, "info": {}, "observation": {"remainingOverageTime": 60, "step": 8, "geese": [[67, 1], [42, 43], [11, 22, 23], []], "food": [74, 75], "index": 0}, "status": "ACTIVE"}, {"action": "WEST", "reward": 902, "info": {}, "observation": {"remainingOverageTime": 60, "index": 1}, "status": "ACTIVE"}, {"action": "NORTH", "reward": 903, "info": {}, "observation": {"remainingOverageTime": 60, "index": 2}, "status": "ACTIVE"}, {"action": "NORTH", "reward": 401, "info": {}, "observation": {"remainingOverageTime": 60, "index": 3}, "status": "DONE"}], [{"action": "WEST", "reward": 1002, "info": {}, "observation": {"remainingOverageTime": 60, "step": 9, "geese": [[66, 67], [53, 42], [0, 11, 22], []], "food": [74, 75], "index": 0}, "status": "ACTIVE"}, {"action": "SOUTH", "reward": 1002, "info": {}, "observation": {"remainingOverageTime": 60, "index": 1}, "status": "ACTIVE"}, {"action": "NORTH", "reward": 1003, "info": {}, "observation": {"remainingOverageTime": 60, "index": 2}, "status": "ACTIVE"}, {"action": "NORTH", "reward": 401, "info": {}, "observation": {"remainingOverageTime": 60, "index": 3}, "status": "DONE"}], [{"action": "WEST", "reward": 1102, "info": {}, "observation": {"remainingOverageTime": 60, "step": 10, "geese": [[76, 66], [64, 53], [10, 0, 11], []], "food": [74, 75], "index": 0}, "status": "ACTIVE"}, {"action": "SOUTH", "reward": 1102, "info": {}, "observation": {"remainingOverageTime": 60, "index": 1}, "status": "ACTIVE"}, {"action": "WEST", "reward": 1103, "info": {}, "observation": {"remainingOverageTime": 60, "index": 2}, "status": "ACTIVE"}, {"action": "NORTH", "reward": 401, "info": {}, "observation": {"remainingOverageTime": 60, "index": 3}, "status": "DONE"}], [{"action": "EAST", "reward": 1102, "info": {}, "observation": {"remainingOverageTime": 60, "step": 11, "geese": [[], [63, 64], [9, 10, 0], []], "food": [74, 75], "index": 0}, "status": "DONE"}, {"action": "WEST", "reward": 1202, "info": {}, "observation": {"remainingOverageTime": 60, "index": 1}, "status": "ACTIVE"}, {"action": "WEST", "reward": 1203, "info": {}, "observation": {"remainingOverageTime": 60, "index": 2}, "status": "ACTIVE"}, {"action": "NORTH", "reward": 401, "info": {}, "observation": {"remainingOverageTime": 60, "index": 3}, "status": "DONE"}], [{"action": "NORTH", "reward": 1102, "info": {}, "observation": {"remainingOverageTime": 60, "step": 12, "geese": [[], [74, 63, 64], [75, 9, 10, 0], []], "food": [37, 24], "index": 0}, "status": "DONE"}, {"action": "SOUTH", "reward": 1303, "info": {}, "observation": {"remainingOverageTime": 60, "index": 1}, "status": "ACTIVE"}, {"action": "NORTH", "reward": 1304, "info": {}, "observation": {"remainingOverageTime": 60, "index": 2}, "status": "ACTIVE"}, {"action": "NORTH", "reward": 401, "info": {}, "observation": {"remainingOverageTime": 60, "index": 3}, "status": "DONE"}], [{"action": "NORTH", "reward": 1102, "info": {}, "observation": {"remainingOverageTime": 60, "step": 13, "geese": [[], [73, 74, 63], [76, 75, 9, 10], []], "food": [37, 24], "index": 0}, "status": "DONE"}, {"action": "WEST", "reward": 1403, "info": {}, "observation": {"remainingOverageTime": 60, "index": 1}, "status": "ACTIVE"}, {"action": "EAST", "reward": 1404, "info": {}, "observation": {"remainingOverageTime": 60, "index": 2}, "status": "ACTIVE"}, {"action": "NORTH", "reward": 401, "info": {}, "observation": {"remainingOverageTime": 60, "index": 3}, "status": "DONE"}], [{"action": "NORTH", "reward": 1102, "info": {}, "observation": {"remainingOverageTime": 60, "step": 14, "geese": [[], [62, 73, 74], [66, 76, 75, 9], []], "food": [37, 24], "index": 0}, "status": "DONE"}, {"action": "NORTH", "reward": 1503, "info": {}, "observation": {"remainingOverageTime": 60, "index": 1}, "status": "ACTIVE"}, {"action": "EAST", "reward": 1504, "info": {}, "observation": {"remainingOverageTime": 60, "index": 2}, "status": "ACTIVE"}, {"action": "NORTH", "reward": 401, "info": {}, "observation": {"remainingOverageTime": 60, "index": 3}, "status": "DONE"}], [{"action": "NORTH", "reward": 1102, "info": {}, "observation": {"remainingOverageTime": 60, "step": 15, "geese": [[], [51, 62, 73], [67, 66, 76, 75], []], "food": [37, 24], "index": 0}, "status": "DONE"}, {"action": "NORTH", "reward": 1603, "info": {}, "observation": {"remainingOverageTime": 60, "index": 1}, "status": "ACTIVE"}, {"action": "EAST", "reward": 1604, "info": {}, "observation": {"remainingOverageTime": 60, "index": 2}, "status": "ACTIVE"}, {"action": "NORTH", "reward": 401, "info": {}, "observation": {"remainingOverageTime": 60, "index": 3}, "status": "DONE"}], [{"action": "NORTH", "reward": 1102, "info": {}, "observation": {"remainingOverageTime": 60, "step": 16, "geese": [[], [40, 51, 62], [68, 67, 66, 76], []], "food": [37, 24], "index": 0}, "status": "DONE"}, {"action": "NORTH", "reward": 1703, "info": {}, "observation": {"remainingOverageTime": 60, "index": 1}, "status": "ACTIVE"}, {"action": "EAST", "reward": 1704, "info": {}, "observation": {"remainingOverageTime": 60, "index": 2}, "status": "ACTIVE"}, {"action": "NORTH", "reward": 401, "info": {}, "observation": {"remainingOverageTime": 60, "index": 3}, "status": "DONE"}], [{"action": "NORTH", "reward": 1102, "info": {}, "observation": {"remainingOverageTime": 60, "step": 17, "geese": [[], [39, 40, 51], [2, 68, 67, 66], []], "food": [37, 24], "index": 0}, "status": "DONE"}, {"action": "WEST", "reward": 1803, "info": {}, "observation": {"remainingOverageTime": 60, "index": 1}, "status": "ACTIVE"}, {"action": "SOUTH", "reward": 1804, "info": {}, "observation": {"remainingOverageTime": 60, "index": 2}, "status": "ACTIVE"}, {"action": "NORTH", "reward": 401, "info": {}, "observation": {"remainingOverageTime": 60, "index": 3}, "status": "DONE"}], [{"action": "NORTH", "reward": 1102, "info": {}, "observation": {"remainingOverageTime": 60, "step": 18, "geese": [[], [38, 39, 40], [13, 2, 68, 67], []], "food": [37, 24], "index": 0}, "status": "DONE"}, {"action": "WEST", "reward": 1903, "info": {}, "observation": {"remainingOverageTime": 60, "index": 1}, "status": "ACTIVE"}, {"action": "SOUTH", "reward": 1904, "info": {}, "observation": {"remainingOverageTime": 60, "index": 2}, "status": "ACTIVE"}, {"action": "NORTH", "reward": 401, "info": {}, "observation": {"remainingOverageTime": 60, "index": 3}, "status": "DONE"}], [{"action": "NORTH", "reward": 1102, "info": {}, "observation": {"remainingOverageTime": 60, "step": 19, "geese": [[], [37, 38, 39, 40], [24, 13, 2, 68, 67], []], "food": [26, 34], "index": 0}, "status": "DONE"}, {"action": "WEST", "reward": 2004, "info": {}, "observation": {"remainingOverageTime": 60, "index": 1}, "status": "ACTIVE"}, {"action": "SOUTH", "reward": 2005, "info": {}, "observation": {"remainingOverageTime": 60, "index": 2}, "status": "ACTIVE"}, {"action": "NORTH", "reward": 401, "info": {}, "observation": {"remainingOverageTime": 60, "index": 3}, "status": "DONE"}], [{"action": "NORTH", "reward": 1102, "info": {}, "observation": {"remainingOverageTime": 60, "step": 20, "geese": [[], [26, 37, 38, 39, 40], [23, 24, 13, 2, 68], []], "food": [34, 65], "index": 0}, "status": "DONE"}, {"action": "NORTH", "reward": 2105, "info": {}, "observation": {"remainingOverageTime": 60, "index": 1}, "status": "ACTIVE"}, {"action": "WEST", "reward": 2105, "info": {}, "observation": {"remainingOverageTime": 60, "index": 2}, "status": "ACTIVE"}, {"action": "NORTH", "reward": 401, "info": {}, "observation": {"remainingOverageTime": 60, "index": 3}, "status": "DONE"}], [{"action": "NORTH", "reward": 1102, "info": {}, "observation": {"remainingOverageTime": 60, "step": 21, "geese": [[], [25, 26, 37, 38, 39], [34, 23, 24, 13, 2, 68], []], "food": [65, 63], "index": 0}, "status": "DONE"}, {"action": "WEST", "reward": 2205, "info": {}, "observation": {"remainingOverageTime": 60, "index": 1}, "status": "ACTIVE"}, {"action": "SOUTH", "reward": 2206, "info": {}, "observation": {"remainingOverageTime": 60, "index": 2}, "status": "ACTIVE"}, {"action": "NORTH", "reward": 401, "info": {}, "observation": {"remainingOverageTime": 60, "index": 3}, "status": "DONE"}], [{"action": "NORTH", "reward": 1102, "info": {}, "observation": {"remainingOverageTime": 60, "step": 22, "geese": [[], [36, 25, 26, 37, 38], [33, 34, 23, 24, 13, 2], []], "food": [65, 63], "index": 0}, "status": "DONE"}, {"action": "SOUTH", "reward": 2305, "info": {}, "observation": {"remainingOverageTime": 60, "index": 1}, "status": "ACTIVE"}, {"action": "WEST", "reward": 2306, "info": {}, "observation": {"remainingOverageTime": 60, "index": 2}, "status": "ACTIVE"}, {"action": "NORTH", "reward": 401, "info": {}, "observation": {"remainingOverageTime": 60, "index": 3}, "status": "DONE"}], [{"action": "NORTH", "reward": 1102, "info": {}, "observation": {"remainingOverageTime": 60, "step": 23, "geese": [[], [35, 36, 25, 26, 37], [43, 33, 34, 23, 24, 13], []], "food": [65, 63], "index": 0}, "status": "DONE"}, {"action": "WEST", "reward": 2405, "info": {}, "observation": {"remainingOverageTime": 60, "index": 1}, "status": "ACTIVE"}, {"action": "WEST", "reward": 2406, "info": {}, "observation": {"remainingOverageTime": 60, "index": 2}, "status": "ACTIVE"}, {"action": "NORTH", "reward": 401, "info": {}, "observation": {"remainingOverageTime": 60, "index": 3}, "status": "DONE"}], [{"action": "NORTH", "reward": 1102, "info": {}, "observation": {"remainingOverageTime": 60, "step": 24, "geese": [[], [46, 35, 36, 25, 26], [54, 43, 33, 34, 23, 24], []], "food": [65, 63], "index": 0}, "status": "DONE"}, {"action": "SOUTH", "reward": 2505, "info": {}, "observation": {"remainingOverageTime": 60, "index": 1}, "status": "ACTIVE"}, {"action": "SOUTH", "reward": 2506, "info": {}, "observation": {"remainingOverageTime": 60, "index": 2}, "status": "ACTIVE"}, {"action": "NORTH", "reward": 401, "info": {}, "observation": {"remainingOverageTime": 60, "index": 3}, "status": "DONE"}], [{"action": "NORTH", "reward": 1102, "info": {}, "observation": {"remainingOverageTime": 60, "step": 25, "geese": [[], [47, 46, 35, 36, 25], [65, 54, 43, 33, 34, 23, 24], []], "food": [63, 60], "index": 0}, "status": "DONE"}, {"action": "EAST", "reward": 2605, "info": {}, "observation": {"remainingOverageTime": 60, "index": 1}, "status": "ACTIVE"}, {"action": "SOUTH", "reward": 2607, "info": {}, "observation": {"remainingOverageTime": 60, "index": 2}, "status": "ACTIVE"}, {"action": "NORTH", "reward": 401, "info": {}, "observation": {"remainingOverageTime": 60, "index": 3}, "status": "DONE"}], [{"action": "NORTH", "reward": 1102, "info": {}, "observation": {"remainingOverageTime": 60, "step": 26, "geese": [[], [48, 47, 46, 35, 36], [64, 65, 54, 43, 33, 34, 23], []], "food": [63, 60], "index": 0}, "status": "DONE"}, {"action": "EAST", "reward": 2705, "info": {}, "observation": {"remainingOverageTime": 60, "index": 1}, "status": "ACTIVE"}, {"action": "WEST", "reward": 2707, "info": {}, "observation": {"remainingOverageTime": 60, "index": 2}, "status": "ACTIVE"}, {"action": "NORTH", "reward": 401, "info": {}, "observation": {"remainingOverageTime": 60, "index": 3}, "status": "DONE"}], [{"action": "NORTH", "reward": 1102, "info": {}, "observation": {"remainingOverageTime": 60, "step": 27, "geese": [[], [49, 48, 47, 46, 35], [63, 64, 65, 54, 43, 33, 34, 23], []], "food": [60, 7], "index": 0}, "status": "DONE"}, {"action": "EAST", "reward": 2805, "info": {}, "observation": {"remainingOverageTime": 60, "index": 1}, "status": "ACTIVE"}, {"action": "WEST", "reward": 2808, "info": {}, "observation": {"remainingOverageTime": 60, "index": 2}, "status": "ACTIVE"}, {"action": "NORTH", "reward": 401, "info": {}, "observation": {"remainingOverageTime": 60, "index": 3}, "status": "DONE"}], [{"action": "NORTH", "reward": 1102, "info": {}, "observation": {"remainingOverageTime": 60, "step": 28, "geese": [[], [60, 49, 48, 47, 46, 35], [62, 63, 64, 65, 54, 43, 33, 34], []], "food": [7, 66], "index": 0}, "status": "DONE"}, {"action": "SOUTH", "reward": 2906, "info": {}, "observation": {"remainingOverageTime": 60, "index": 1}, "status": "ACTIVE"}, {"action": "WEST", "reward": 2908, "info": {}, "observation": {"remainingOverageTime": 60, "index": 2}, "status": "ACTIVE"}, {"action": "NORTH", "reward": 401, "info": {}, "observation": {"remainingOverageTime": 60, "index": 3}, "status": "DONE"}], [{"action": "NORTH", "reward": 1102, "info": {}, "observation": {"remainingOverageTime": 60, "step": 29, "geese": [[], [71, 60, 49, 48, 47, 46], [73, 62, 63, 64, 65, 54, 43, 33], []], "food": [7, 66], "index": 0}, "status": "DONE"}, {"action": "SOUTH", "reward": 3006, "info": {}, "observation": {"remainingOverageTime": 60, "index": 1}, "status": "ACTIVE"}, {"action": "SOUTH", "reward": 3008, "info": {}, "observation": {"remainingOverageTime": 60, "index": 2}, "status": "ACTIVE"}, {"action": "NORTH", "reward": 401, "info": {}, "observation": {"remainingOverageTime": 60, "index": 3}, "status": "DONE"}], [{"action": "NORTH", "reward": 1102, "info": {}, "observation": {"remainingOverageTime": 60, "step": 30, "geese": [[], [70, 71, 60, 49, 48, 47], [7, 73, 62, 63, 64, 65, 54, 43, 33], []], "food": [66, 35], "index": 0}, "status": "DONE"}, {"action": "WEST", "reward": 3106, "info": {}, "observation": {"remainingOverageTime": 60, "index": 1}, "status": "ACTIVE"}, {"action": "SOUTH", "reward": 3109, "info": {}, "observation": {"remainingOverageTime": 60, "index": 2}, "status": "ACTIVE"}, {"action": "NORTH", "reward": 401, "info": {}, "observation": {"remainingOverageTime": 60, "index": 3}, "status": "DONE"}], [{"action": "NORTH", "reward": 1102, "info": {}, "observation": {"remainingOverageTime": 60, "step": 31, "geese": [[], [69, 70, 71, 60, 49, 48], [8, 7, 73, 62, 63, 64, 65, 54, 43], []], "food": [66, 35], "index": 0}, "status": "DONE"}, {"action": "WEST", "reward": 3206, "info": {}, "observation": {"remainingOverageTime": 60, "index": 1}, "status": "ACTIVE"}, {"action": "EAST", "reward": 3209, "info": {}, "observation": {"remainingOverageTime": 60, "index": 2}, "status": "ACTIVE"}, {"action": "NORTH", "reward": 401, "info": {}, "observation": {"remainingOverageTime": 60, "index": 3}, "status": "DONE"}], [{"action": "NORTH", "reward": 1102, "info": {}, "observation": {"remainingOverageTime": 60, "step": 32, "geese": [[], [68, 69, 70, 71, 60, 49], [9, 8, 7, 73, 62, 63, 64, 65, 54], []], "food": [66, 35], "index": 0}, "status": "DONE"}, {"action": "WEST", "reward": 3306, "info": {}, "observation": {"remainingOverageTime": 60, "index": 1}, "status": "ACTIVE"}, {"action": "EAST", "reward": 3309, "info": {}, "observation": {"remainingOverageTime": 60, "index": 2}, "status": "ACTIVE"}, {"action": "NORTH", "reward": 401, "info": {}, "observation": {"remainingOverageTime": 60, "index": 3}, "status": "DONE"}], [{"action": "NORTH", "reward": 1102, "info": {}, "observation": {"remainingOverageTime": 60, "step": 33, "geese": [[], [67, 68, 69, 70, 71, 60], [10, 9, 8, 7, 73, 62, 63, 64, 65], []], "food": [66, 35], "index": 0}, "status": "DONE"}, {"action": "WEST", "reward": 3406, "info": {}, "observation": {"remainingOverageTime": 60, "index": 1}, "status": "ACTIVE"}, {"action": "EAST", "reward": 3409, "info": {}, "observation": {"remainingOverageTime": 60, "index": 2}, "status": "ACTIVE"}, {"action": "NORTH", "reward": 401, "info": {}, "observation": {"remainingOverageTime": 60, "index": 3}, "status": "DONE"}], [{"action": "NORTH", "reward": 1102, "info": {}, "observation": {"remainingOverageTime": 60, "step": 34, "geese": [[], [66, 67, 68, 69, 70, 71, 60], [0, 10, 9, 8, 7, 73, 62, 63, 64], []], "food": [35, 50], "index": 0}, "status": "DONE"}, {"action": "WEST", "reward": 3507, "info": {}, "observation": {"remainingOverageTime": 60, "index": 1}, "status": "ACTIVE"}, {"action": "EAST", "reward": 3509, "info": {}, "observation": {"remainingOverageTime": 60, "index": 2}, "status": "ACTIVE"}, {"action": "NORTH", "reward": 401, "info": {}, "observation": {"remainingOverageTime": 60, "index": 3}, "status": "DONE"}], [{"action": "NORTH", "reward": 1102, "info": {}, "observation": {"remainingOverageTime": 60, "step": 35, "geese": [[], [55, 66, 67, 68, 69, 70, 71], [1, 0, 10, 9, 8, 7, 73, 62, 63], []], "food": [35, 50], "index": 0}, "status": "DONE"}, {"action": "NORTH", "reward": 3607, "info": {}, "observation": {"remainingOverageTime": 60, "index": 1}, "status": "ACTIVE"}, {"action": "EAST", "reward": 3609, "info": {}, "observation": {"remainingOverageTime": 60, "index": 2}, "status": "ACTIVE"}, {"action": "NORTH", "reward": 401, "info": {}, "observation": {"remainingOverageTime": 60, "index": 3}, "status": "DONE"}], [{"action": "NORTH", "reward": 1102, "info": {}, "observation": {"remainingOverageTime": 60, "step": 36, "geese": [[], [56, 55, 66, 67, 68, 69, 70], [2, 1, 0, 10, 9, 8, 7, 73, 62], []], "food": [35, 50], "index": 0}, "status": "DONE"}, {"action": "EAST", "reward": 3707, "info": {}, "observation": {"remainingOverageTime": 60, "index": 1}, "status": "ACTIVE"}, {"action": "EAST", "reward": 3709, "info": {}, "observation": {"remainingOverageTime": 60, "index": 2}, "status": "ACTIVE"}, {"action": "NORTH", "reward": 401, "info": {}, "observation": {"remainingOverageTime": 60, "index": 3}, "status": "DONE"}], [{"action": "NORTH", "reward": 1102, "info": {}, "observation": {"remainingOverageTime": 60, "step": 37, "geese": [[], [57, 56, 55, 66, 67, 68, 69], [13, 2, 1, 0, 10, 9, 8, 7, 73], []], "food": [35, 50], "index": 0}, "status": "DONE"}, {"action": "EAST", "reward": 3807, "info": {}, "observation": {"remainingOverageTime": 60, "index": 1}, "status": "ACTIVE"}, {"action": "SOUTH", "reward": 3809, "info": {}, "observation": {"remainingOverageTime": 60, "index": 2}, "status": "ACTIVE"}, {"action": "NORTH", "reward": 401, "info": {}, "observation": {"remainingOverageTime": 60, "index": 3}, "status": "DONE"}], [{"action": "NORTH", "reward": 1102, "info": {}, "observation": {"remainingOverageTime": 60, "step": 38, "geese": [[], [46, 57, 56, 55, 66, 67, 68], [24, 13, 2, 1, 0, 10, 9, 8, 7], []], "food": [35, 50], "index": 0}, "status": "DONE"}, {"action": "NORTH", "reward": 3907, "info": {}, "observation": {"remainingOverageTime": 60, "index": 1}, "status": "ACTIVE"}, {"action": "SOUTH", "reward": 3909, "info": {}, "observation": {"remainingOverageTime": 60, "index": 2}, "status": "ACTIVE"}, {"action": "NORTH", "reward": 401, "info": {}, "observation": {"remainingOverageTime": 60, "index": 3}, "status": "DONE"}], [{"action": "NORTH", "reward": 1102, "info": {}, "observation": {"remainingOverageTime": 60, "step": 39, "geese": [[], [47, 46, 57, 56, 55, 66, 67], [25, 24, 13, 2, 1, 0, 10, 9, 8], []], "food": [35, 50], "index": 0}, "status": "DONE"}, {"action": "EAST", "reward": 4007, "info": {}, "observation": {"remainingOverageTime": 60, "index": 1}, "status": "ACTIVE"}, {"action": "EAST", "reward": 4009, "info": {}, "observation": {"remainingOverageTime": 60, "index": 2}, "status": "ACTIVE"}, {"action": "NORTH", "reward": 401, "info": {}, "observation": {"remainingOverageTime": 60, "index": 3}, "status": "DONE"}], [{"action": "NORTH", "reward": 1102, "info": {}, "observation": {"remainingOverageTime": 60, "step": 40, "geese": [[], [48, 47, 46, 57, 56, 55], [26, 25, 24, 13, 2, 1, 0, 10], []], "food": [35, 50], "index": 0}, "status": "DONE"}, {"action": "EAST", "reward": 4106, "info": {}, "observation": {"remainingOverageTime": 60, "index": 1}, "status": "ACTIVE"}, {"action": "EAST", "reward": 4108, "info": {}, "observation": {"remainingOverageTime": 60, "index": 2}, "status": "ACTIVE"}, {"action": "NORTH", "reward": 401, "info": {}, "observation": {"remainingOverageTime": 60, "index": 3}, "status": "DONE"}], [{"action": "NORTH", "reward": 1102, "info": {}, "observation": {"remainingOverageTime": 60, "step": 41, "geese": [[], [49, 48, 47, 46, 57, 56], [27, 26, 25, 24, 13, 2, 1, 0], []], "food": [35, 50], "index": 0}, "status": "DONE"}, {"action": "EAST", "reward": 4206, "info": {}, "observation": {"remainingOverageTime": 60, "index": 1}, "status": "ACTIVE"}, {"action": "EAST", "reward": 4208, "info": {}, "observation": {"remainingOverageTime": 60, "index": 2}, "status": "ACTIVE"}, {"action": "NORTH", "reward": 401, "info": {}, "observation": {"remainingOverageTime": 60, "index": 3}, "status": "DONE"}], [{"action": "NORTH", "reward": 1102, "info": {}, "observation": {"remainingOverageTime": 60, "step": 42, "geese": [[], [50, 49, 48, 47, 46, 57, 56], [28, 27, 26, 25, 24, 13, 2, 1], []], "food": [35, 65], "index": 0}, "status": "DONE"}, {"action": "EAST", "reward": 4307, "info": {}, "observation": {"remainingOverageTime": 60, "index": 1}, "status": "ACTIVE"}, {"action": "EAST", "reward": 4308, "info": {}, "observation": {"remainingOverageTime": 60, "index": 2}, "status": "ACTIVE"}, {"action": "NORTH", "reward": 401, "info": {}, "observation": {"remainingOverageTime": 60, "index": 3}, "status": "DONE"}], [{"action": "NORTH", "reward": 1102, "info": {}, "observation": {"remainingOverageTime": 60, "step": 43, "geese": [[], [51, 50, 49, 48, 47, 46, 57], [29, 28, 27, 26, 25, 24, 13, 2], []], "food": [35, 65], "index": 0}, "status": "DONE"}, {"action": "EAST", "reward": 4407, "info": {}, "observation": {"remainingOverageTime": 60, "index": 1}, "status": "ACTIVE"}, {"action": "EAST", "reward": 4408, "info": {}, "observation": {"remainingOverageTime": 60, "index": 2}, "status": "ACTIVE"}, {"action": "NORTH", "reward": 401, "info": {}, "observation": {"remainingOverageTime": 60, "index": 3}, "status": "DONE"}], [{"action": "NORTH", "reward": 1102, "info": {}, "observation": {"remainingOverageTime": 60, "step": 44, "geese": [[], [52, 51, 50, 49, 48, 47, 46], [30, 29, 28, 27, 26, 25, 24, 13], []], "food": [35, 65], "index": 0}, "status": "DONE"}, {"action": "EAST", "reward": 4507, "info": {}, "observation": {"remainingOverageTime": 60, "index": 1}, "status": "ACTIVE"}, {"action": "EAST", "reward": 4508, "info": {}, "observation": {"remainingOverageTime": 60, "index": 2}, "status": "ACTIVE"}, {"action": "NORTH", "reward": 401, "info": {}, "observation": {"remainingOverageTime": 60, "index": 3}, "status": "DONE"}], [{"action": "NORTH", "reward": 1102, "info": {}, "observation": {"remainingOverageTime": 60, "step": 45, "geese": [[], [53, 52, 51, 50, 49, 48, 47], [31, 30, 29, 28, 27, 26, 25, 24], []], "food": [35, 65], "index": 0}, "status": "DONE"}, {"action": "EAST", "reward": 4607, "info": {}, "observation": {"remainingOverageTime": 60, "index": 1}, "status": "ACTIVE"}, {"action": "EAST", "reward": 4608, "info": {}, "observation": {"remainingOverageTime": 60, "index": 2}, "status": "ACTIVE"}, {"action": "NORTH", "reward": 401, "info": {}, "observation": {"remainingOverageTime": 60, "index": 3}, "status": "DONE"}], [{"action": "NORTH", "reward": 1102, "info": {}, "observation": {"remainingOverageTime": 60, "step": 46, "geese": [[], [54, 53, 52, 51, 50, 49, 48], [32, 31, 30, 29, 28, 27, 26, 25], []], "food": [35, 65], "index": 0}, "status": "DONE"}, {"action": "EAST", "reward": 4707, "info": {}, "observation": {"remainingOverageTime": 60, "index": 1}, "status": "ACTIVE"}, {"action": "EAST", "reward": 4708, "info": {}, "observation": {"remainingOverageTime": 60, "index": 2}, "status": "ACTIVE"}, {"action": "NORTH", "reward": 401, "info": {}, "observation": {"remainingOverageTime": 60, "index": 3}, "status": "DONE"}], [{"action": "NORTH", "reward": 1102, "info": {}, "observation": {"remainingOverageTime": 60, "step": 47, "geese": [[], [65, 54, 53, 52, 51, 50, 49, 48], [22, 32, 31, 30, 29, 28, 27, 26], []], "food": [35, 5], "index": 0}, "status": "DONE"}, {"action": "SOUTH", "reward": 4808, "info": {}, "observation": {"remainingOverageTime": 60, "index": 1}, "status": "ACTIVE"}, {"action": "EAST", "reward": 4808, "info": {}, "observation": {"remainingOverageTime": 60, "index": 2}, "status": "ACTIVE"}, {"action": "NORTH", "reward": 401, "info": {}, "observation": {"remainingOverageTime": 60, "index": 3}, "status": "DONE"}], [{"action": "NORTH", "reward": 1102, "info": {}, "observation": {"remainingOverageTime": 60, "step": 48, "geese": [[], [55, 65, 54, 53, 52, 51, 50, 49], [23, 22, 32, 31, 30, 29, 28, 27], []], "food": [35, 5], "index": 0}, "status": "DONE"}, {"action": "EAST", "reward": 4908, "info": {}, "observation": {"remainingOverageTime": 60, "index": 1}, "status": "ACTIVE"}, {"action": "EAST", "reward": 4908, "info": {}, "observation": {"remainingOverageTime": 60, "index": 2}, "status": "ACTIVE"}, {"action": "NORTH", "reward": 401, "info": {}, "observation": {"remainingOverageTime": 60, "index": 3}, "status": "DONE"}], [{"action": "NORTH", "reward": 1102, "info": {}, "observation": {"remainingOverageTime": 60, "step": 49, "geese": [[], [56, 55, 65, 54, 53, 52, 51, 50], [24, 23, 22, 32, 31, 30, 29, 28], []], "food": [35, 5], "index": 0}, "status": "DONE"}, {"action": "EAST", "reward": 5008, "info": {}, "observation": {"remainingOverageTime": 60, "index": 1}, "status": "ACTIVE"}, {"action": "EAST", "reward": 5008, "info": {}, "observation": {"remainingOverageTime": 60, "index": 2}, "status": "ACTIVE"}, {"action": "NORTH", "reward": 401, "info": {}, "observation": {"remainingOverageTime": 60, "index": 3}, "status": "DONE"}], [{"action": "NORTH", "reward": 1102, "info": {}, "observation": {"remainingOverageTime": 60, "step": 50, "geese": [[], [57, 56, 55, 65, 54, 53, 52, 51], [35, 24, 23, 22, 32, 31, 30, 29, 28], []], "food": [5, 70], "index": 0}, "status": "DONE"}, {"action": "EAST", "reward": 5108, "info": {}, "observation": {"remainingOverageTime": 60, "index": 1}, "status": "ACTIVE"}, {"action": "SOUTH", "reward": 5109, "info": {}, "observation": {"remainingOverageTime": 60, "index": 2}, "status": "ACTIVE"}, {"action": "NORTH", "reward": 401, "info": {}, "observation": {"remainingOverageTime": 60, "index": 3}, "status": "DONE"}], [{"action": "NORTH", "reward": 1102, "info": {}, "observation": {"remainingOverageTime": 60, "step": 51, "geese": [[], [58, 57, 56, 55, 65, 54, 53, 52], [36, 35, 24, 23, 22, 32, 31, 30, 29], []], "food": [5, 70], "index": 0}, "status": "DONE"}, {"action": "EAST", "reward": 5208, "info": {}, "observation": {"remainingOverageTime": 60, "index": 1}, "status": "ACTIVE"}, {"action": "EAST", "reward": 5209, "info": {}, "observation": {"remainingOverageTime": 60, "index": 2}, "status": "ACTIVE"}, {"action": "NORTH", "reward": 401, "info": {}, "observation": {"remainingOverageTime": 60, "index": 3}, "status": "DONE"}], [{"action": "NORTH", "reward": 1102, "info": {}, "observation": {"remainingOverageTime": 60, "step": 52, "geese": [[], [59, 58, 57, 56, 55, 65, 54, 53], [37, 36, 35, 24, 23, 22, 32, 31, 30], []], "food": [5, 70], "index": 0}, "status": "DONE"}, {"action": "EAST", "reward": 5308, "info": {}, "observation": {"remainingOverageTime": 60, "index": 1}, "status": "ACTIVE"}, {"action": "EAST", "reward": 5309, "info": {}, "observation": {"remainingOverageTime": 60, "index": 2}, "status": "ACTIVE"}, {"action": "NORTH", "reward": 401, "info": {}, "observation": {"remainingOverageTime": 60, "index": 3}, "status": "DONE"}], [{"action": "NORTH", "reward": 1102, "info": {}, "observation": {"remainingOverageTime": 60, "step": 53, "geese": [[], [70, 59, 58, 57, 56, 55, 65, 54, 53], [38, 37, 36, 35, 24, 23, 22, 32, 31], []], "food": [5, 7], "index": 0}, "status": "DONE"}, {"action": "SOUTH", "reward": 5409, "info": {}, "observation": {"remainingOverageTime": 60, "index": 1}, "status": "ACTIVE"}, {"action": "EAST", "reward": 5409, "info": {}, "observation": {"remainingOverageTime": 60, "index": 2}, "status": "ACTIVE"}, {"action": "NORTH", "reward": 401, "info": {}, "observation": {"remainingOverageTime": 60, "index": 3}, "status": "DONE"}], [{"action": "NORTH", "reward": 1102, "info": {}, "observation": {"remainingOverageTime": 60, "step": 54, "geese": [[], [71, 70, 59, 58, 57, 56, 55, 65, 54], [27, 38, 37, 36, 35, 24, 23, 22, 32], []], "food": [5, 7], "index": 0}, "status": "DONE"}, {"action": "EAST", "reward": 5509, "info": {}, "observation": {"remainingOverageTime": 60, "index": 1}, "status": "ACTIVE"}, {"action": "NORTH", "reward": 5509, "info": {}, "observation": {"remainingOverageTime": 60, "index": 2}, "status": "ACTIVE"}, {"action": "NORTH", "reward": 401, "info": {}, "observation": {"remainingOverageTime": 60, "index": 3}, "status": "DONE"}], [{"action": "NORTH", "reward": 1102, "info": {}, "observation": {"remainingOverageTime": 60, "step": 55, "geese": [[], [5, 71, 70, 59, 58, 57, 56, 55, 65, 54], [28, 27, 38, 37, 36, 35, 24, 23, 22], []], "food": [7, 62], "index": 0}, "status": "DONE"}, {"action": "SOUTH", "reward": 5610, "info": {}, "observation": {"remainingOverageTime": 60, "index": 1}, "status": "ACTIVE"}, {"action": "EAST", "reward": 5609, "info": {}, "observation": {"remainingOverageTime": 60, "index": 2}, "status": "ACTIVE"}, {"action": "NORTH", "reward": 401, "info": {}, "observation": {"remainingOverageTime": 60, "index": 3}, "status": "DONE"}], [{"action": "NORTH", "reward": 1102, "info": {}, "observation": {"remainingOverageTime": 60, "step": 56, "geese": [[], [6, 5, 71, 70, 59, 58, 57, 56, 55, 65], [29, 28, 27, 38, 37, 36, 35, 24, 23], []], "food": [7, 62], "index": 0}, "status": "DONE"}, {"action": "EAST", "reward": 5710, "info": {}, "observation": {"remainingOverageTime": 60, "index": 1}, "status": "ACTIVE"}, {"action": "EAST", "reward": 5709, "info": {}, "observation": {"remainingOverageTime": 60, "index": 2}, "status": "ACTIVE"}, {"action": "NORTH", "reward": 401, "info": {}, "observation": {"remainingOverageTime": 60, "index": 3}, "status": "DONE"}], [{"action": "NORTH", "reward": 1102, "info": {}, "observation": {"remainingOverageTime": 60, "step": 57, "geese": [[], [7, 6, 5, 71, 70, 59, 58, 57, 56, 55, 65], [40, 29, 28, 27, 38, 37, 36, 35, 24], []], "food": [62, 26], "index": 0}, "status": "DONE"}, {"action": "EAST", "reward": 5811, "info": {}, "observation": {"remainingOverageTime": 60, "index": 1}, "status": "ACTIVE"}, {"action": "SOUTH", "reward": 5809, "info": {}, "observation": {"remainingOverageTime": 60, "index": 2}, "status": "ACTIVE"}, {"action": "NORTH", "reward": 401, "info": {}, "observation": {"remainingOverageTime": 60, "index": 3}, "status": "DONE"}], [{"action": "NORTH", "reward": 1102, "info": {}, "observation": {"remainingOverageTime": 60, "step": 58, "geese": [[], [73, 7, 6, 5, 71, 70, 59, 58, 57, 56, 55], [51, 40, 29, 28, 27, 38, 37, 36, 35], []], "food": [62, 26], "index": 0}, "status": "DONE"}, {"action": "NORTH", "reward": 5911, "info": {}, "observation": {"remainingOverageTime": 60, "index": 1}, "status": "ACTIVE"}, {"action": "SOUTH", "reward": 5909, "info": {}, "observation": {"remainingOverageTime": 60, "index": 2}, "status": "ACTIVE"}, {"action": "NORTH", "reward": 401, "info": {}, "observation": {"remainingOverageTime": 60, "index": 3}, "status": "DONE"}], [{"action": "NORTH", "reward": 1102, "info": {}, "observation": {"remainingOverageTime": 60, "step": 59, "geese": [[], [74, 73, 7, 6, 5, 71, 70, 59, 58, 57, 56], [52, 51, 40, 29, 28, 27, 38, 37, 36], []], "food": [62, 26], "index": 0}, "status": "DONE"}, {"action": "EAST", "reward": 6011, "info": {}, "observation": {"remainingOverageTime": 60, "index": 1}, "status": "ACTIVE"}, {"action": "EAST", "reward": 6009, "info": {}, "observation": {"remainingOverageTime": 60, "index": 2}, "status": "ACTIVE"}, {"action": "NORTH", "reward": 401, "info": {}, "observation": {"remainingOverageTime": 60, "index": 3}, "status": "DONE"}], [{"action": "NORTH", "reward": 1102, "info": {}, "observation": {"remainingOverageTime": 60, "step": 60, "geese": [[], [8, 74, 73, 7, 6, 5, 71, 70, 59, 58, 57], [41, 52, 51, 40, 29, 28, 27, 38, 37], []], "food": [62, 26], "index": 0}, "status": "DONE"}, {"action": "SOUTH", "reward": 6111, "info": {}, "observation": {"remainingOverageTime": 60, "index": 1}, "status": "ACTIVE"}, {"action": "NORTH", "reward": 6109, "info": {}, "observation": {"remainingOverageTime": 60, "index": 2}, "status": "ACTIVE"}, {"action": "NORTH", "reward": 401, "info": {}, "observation": {"remainingOverageTime": 60, "index": 3}, "status": "DONE"}], [{"action": "NORTH", "reward": 1102, "info": {}, "observation": {"remainingOverageTime": 60, "step": 61, "geese": [[], [9, 8, 74, 73, 7, 6, 5, 71, 70, 59, 58], [42, 41, 52, 51, 40, 29, 28, 27, 38], []], "food": [62, 26], "index": 0}, "status": "DONE"}, {"action": "EAST", "reward": 6211, "info": {}, "observation": {"remainingOverageTime": 60, "index": 1}, "status": "ACTIVE"}, {"action": "EAST", "reward": 6209, "info": {}, "observation": {"remainingOverageTime": 60, "index": 2}, "status": "ACTIVE"}, {"action": "NORTH", "reward": 401, "info": {}, "observation": {"remainingOverageTime": 60, "index": 3}, "status": "DONE"}], [{"action": "NORTH", "reward": 1102, "info": {}, "observation": {"remainingOverageTime": 60, "step": 62, "geese": [[], [75, 9, 8, 74, 73, 7, 6, 5, 71, 70, 59], [53, 42, 41, 52, 51, 40, 29, 28, 27], []], "food": [62, 26], "index": 0}, "status": "DONE"}, {"action": "NORTH", "reward": 6311, "info": {}, "observation": {"remainingOverageTime": 60, "index": 1}, "status": "ACTIVE"}, {"action": "SOUTH", "reward": 6309, "info": {}, "observation": {"remainingOverageTime": 60, "index": 2}, "status": "ACTIVE"}, {"action": "NORTH", "reward": 401, "info": {}, "observation": {"remainingOverageTime": 60, "index": 3}, "status": "DONE"}], [{"action": "NORTH", "reward": 1102, "info": {}, "observation": {"remainingOverageTime": 60, "step": 63, "geese": [[], [76, 75, 9, 8, 74, 73, 7, 6, 5, 71, 70], [54, 53, 42, 41, 52, 51, 40, 29, 28], []], "food": [62, 26], "index": 0}, "status": "DONE"}, {"action": "EAST", "reward": 6411, "info": {}, "observation": {"remainingOverageTime": 60, "index": 1}, "status": "ACTIVE"}, {"action": "EAST", "reward": 6409, "info": {}, "observation": {"remainingOverageTime": 60, "index": 2}, "status": "ACTIVE"}, {"action": "NORTH", "reward": 401, "info": {}, "observation": {"remainingOverageTime": 60, "index": 3}, "status": "DONE"}], [{"action": "NORTH", "reward": 1102, "info": {}, "observation": {"remainingOverageTime": 60, "step": 64, "geese": [[], [66, 76, 75, 9, 8, 74, 73, 7, 6, 5, 71], [44, 54, 53, 42, 41, 52, 51, 40, 29], []], "food": [62, 26], "index": 0}, "status": "DONE"}, {"action": "EAST", "reward": 6511, "info": {}, "observation": {"remainingOverageTime": 60, "index": 1}, "status": "ACTIVE"}, {"action": "EAST", "reward": 6509, "info": {}, "observation": {"remainingOverageTime": 60, "index": 2}, "status": "ACTIVE"}, {"action": "NORTH", "reward": 401, "info": {}, "observation": {"remainingOverageTime": 60, "index": 3}, "status": "DONE"}], [{"action": "NORTH", "reward": 1102, "info": {}, "observation": {"remainingOverageTime": 60, "step": 65, "geese": [[], [67, 66, 76, 75, 9, 8, 74, 73, 7, 6, 5], [45, 44, 54, 53, 42, 41, 52, 51, 40], []], "food": [62, 26], "index": 0}, "status": "DONE"}, {"action": "EAST", "reward": 6611, "info": {}, "observation": {"remainingOverageTime": 60, "index": 1}, "status": "ACTIVE"}, {"action": "EAST", "reward": 6609, "info": {}, "observation": {"remainingOverageTime": 60, "index": 2}, "status": "ACTIVE"}, {"action": "NORTH", "reward": 401, "info": {}, "observation": {"remainingOverageTime": 60, "index": 3}, "status": "DONE"}], [{"action": "NORTH", "reward": 1102, "info": {}, "observation": {"remainingOverageTime": 60, "step": 66, "geese": [[], [68, 67, 66, 76, 75, 9, 8, 74, 73, 7, 6], [46, 45, 44, 54, 53, 42, 41, 52, 51], []], "food": [62, 26], "index": 0}, "status": "DONE"}, {"action": "EAST", "reward": 6711, "info": {}, "observation": {"remainingOverageTime": 60, "index": 1}, "status": "ACTIVE"}, {"action": "EAST", "reward": 6709, "info": {}, "observation": {"remainingOverageTime": 60, "index": 2}, "status": "ACTIVE"}, {"action": "NORTH", "reward": 401, "info": {}, "observation": {"remainingOverageTime": 60, "index": 3}, "status": "DONE"}], [{"action": "NORTH", "reward": 1102, "info": {}, "observation": {"remainingOverageTime": 60, "step": 67, "geese": [[], [69, 68, 67, 66, 76, 75, 9, 8, 74, 73, 7], [47, 46, 45, 44, 54, 53, 42, 41, 52], []], "food": [62, 26], "index": 0}, "status": "DONE"}, {"action": "EAST", "reward": 6811, "info": {}, "observation": {"remainingOverageTime": 60, "index": 1}, "status": "ACTIVE"}, {"action": "EAST", "reward": 6809, "info": {}, "observation": {"remainingOverageTime": 60, "index": 2}, "status": "ACTIVE"}, {"action": "NORTH", "reward": 401, "info": {}, "observation": {"remainingOverageTime": 60, "index": 3}, "status": "DONE"}], [{"action": "NORTH", "reward": 1102, "info": {}, "observation": {"remainingOverageTime": 60, "step": 68, "geese": [[], [70, 69, 68, 67, 66, 76, 75, 9, 8, 74, 73], [48, 47, 46, 45, 44, 54, 53, 42, 41], []], "food": [62, 26], "index": 0}, "status": "DONE"}, {"action": "EAST", "reward": 6911, "info": {}, "observation": {"remainingOverageTime": 60, "index": 1}, "status": "ACTIVE"}, {"action": "EAST", "reward": 6909, "info": {}, "observation": {"remainingOverageTime": 60, "index": 2}, "status": "ACTIVE"}, {"action": "NORTH", "reward": 401, "info": {}, "observation": {"remainingOverageTime": 60, "index": 3}, "status": "DONE"}], [{"action": "NORTH", "reward": 1102, "info": {}, "observation": {"remainingOverageTime": 60, "step": 69, "geese": [[], [4, 70, 69, 68, 67, 66, 76, 75, 9, 8, 74], [37, 48, 47, 46, 45, 44, 54, 53, 42], []], "food": [62, 26], "index": 0}, "status": "DONE"}, {"action": "SOUTH", "reward": 7011, "info": {}, "observation": {"remainingOverageTime": 60, "index": 1}, "status": "ACTIVE"}, {"action": "NORTH", "reward": 7009, "info": {}, "observation": {"remainingOverageTime": 60, "index": 2}, "status": "ACTIVE"}, {"action": "NORTH", "reward": 401, "info": {}, "observation": {"remainingOverageTime": 60, "index": 3}, "status": "DONE"}], [{"action": "NORTH", "reward": 1102, "info": {}, "observation": {"remainingOverageTime": 60, "step": 70, "geese": [[], [5, 4, 70, 69, 68, 67, 66, 76, 75, 9, 8], [26, 37, 48, 47, 46, 45, 44, 54, 53, 42], []], "food": [62, 41], "index": 0}, "status": "DONE"}, {"action": "EAST", "reward": 7111, "info": {}, "observation": {"remainingOverageTime": 60, "index": 1}, "status": "ACTIVE"}, {"action": "NORTH", "reward": 7110, "info": {}, "observation": {"remainingOverageTime": 60, "index": 2}, "status": "ACTIVE"}, {"action": "NORTH", "reward": 401, "info": {}, "observation": {"remainingOverageTime": 60, "index": 3}, "status": "DONE"}], [{"action": "NORTH", "reward": 1102, "info": {}, "observation": {"remainingOverageTime": 60, "step": 71, "geese": [[], [6, 5, 4, 70, 69, 68, 67, 66, 76, 75, 9], [27, 26, 37, 48, 47, 46, 45, 44, 54, 53], []], "food": [62, 41], "index": 0}, "status": "DONE"}, {"action": "EAST", "reward": 7211, "info": {}, "observation": {"remainingOverageTime": 60, "index": 1}, "status": "ACTIVE"}, {"action": "EAST", "reward": 7210, "info": {}, "observation": {"remainingOverageTime": 60, "index": 2}, "status": "ACTIVE"}, {"action": "NORTH", "reward": 401, "info": {}, "observation": {"remainingOverageTime": 60, "index": 3}, "status": "DONE"}], [{"action": "NORTH", "reward": 1102, "info": {}, "observation": {"remainingOverageTime": 60, "step": 72, "geese": [[], [7, 6, 5, 4, 70, 69, 68, 67, 66, 76, 75], [28, 27, 26, 37, 48, 47, 46, 45, 44, 54], []], "food": [62, 41], "index": 0}, "status": "DONE"}, {"action": "EAST", "reward": 7311, "info": {}, "observation": {"remainingOverageTime": 60, "index": 1}, "status": "ACTIVE"}, {"action": "EAST", "reward": 7310, "info": {}, "observation": {"remainingOverageTime": 60, "index": 2}, "status": "ACTIVE"}, {"action": "NORTH", "reward": 401, "info": {}, "observation": {"remainingOverageTime": 60, "index": 3}, "status": "DONE"}], [{"action": "NORTH", "reward": 1102, "info": {}, "observation": {"remainingOverageTime": 60, "step": 73, "geese": [[], [73, 7, 6, 5, 4, 70, 69, 68, 67, 66, 76], [29, 28, 27, 26, 37, 48, 47, 46, 45, 44], []], "food": [62, 41], "index": 0}, "status": "DONE"}, {"action": "NORTH", "reward": 7411, "info": {}, "observation": {"remainingOverageTime": 60, "index": 1}, "status": "ACTIVE"}, {"action": "EAST", "reward": 7410, "info": {}, "observation": {"remainingOverageTime": 60, "index": 2}, "status": "ACTIVE"}, {"action": "NORTH", "reward": 401, "info": {}, "observation": {"remainingOverageTime": 60, "index": 3}, "status": "DONE"}], [{"action": "NORTH", "reward": 1102, "info": {}, "observation": {"remainingOverageTime": 60, "step": 74, "geese": [[], [62, 73, 7, 6, 5, 4, 70, 69, 68, 67, 66, 76], [30, 29, 28, 27, 26, 37, 48, 47, 46, 45], []], "food": [41, 19], "index": 0}, "status": "DONE"}, {"action": "NORTH", "reward": 7512, "info": {}, "observation": {"remainingOverageTime": 60, "index": 1}, "status": "ACTIVE"}, {"action": "EAST", "reward": 7510, "info": {}, "observation": {"remainingOverageTime": 60, "index": 2}, "status": "ACTIVE"}, {"action": "NORTH", "reward": 401, "info": {}, "observation": {"remainingOverageTime": 60, "index": 3}, "status": "DONE"}], [{"action": "NORTH", "reward": 1102, "info": {}, "observation": {"remainingOverageTime": 60, "step": 75, "geese": [[], [61, 62, 73, 7, 6, 5, 4, 70, 69, 68, 67, 66], [19, 30, 29, 28, 27, 26, 37, 48, 47, 46, 45], []], "food": [41, 2], "index": 0}, "status": "DONE"}, {"action": "WEST", "reward": 7612, "info": {}, "observation": {"remainingOverageTime": 60, "index": 1}, "status": "ACTIVE"}, {"action": "NORTH", "reward": 7611, "info": {}, "observation": {"remainingOverageTime": 60, "index": 2}, "status": "ACTIVE"}, {"action": "NORTH", "reward": 401, "info": {}, "observation": {"remainingOverageTime": 60, "index": 3}, "status": "DONE"}], [{"action": "NORTH", "reward": 1102, "info": {}, "observation": {"remainingOverageTime": 60, "step": 76, "geese": [[], [50, 61, 62, 73, 7, 6, 5, 4, 70, 69, 68, 67], [20, 19, 30, 29, 28, 27, 26, 37, 48, 47, 46], []], "food": [41, 2], "index": 0}, "status": "DONE"}, {"action": "NORTH", "reward": 7712, "info": {}, "observation": {"remainingOverageTime": 60, "index": 1}, "status": "ACTIVE"}, {"action": "EAST", "reward": 7711, "info": {}, "observation": {"remainingOverageTime": 60, "index": 2}, "status": "ACTIVE"}, {"action": "NORTH", "reward": 401, "info": {}, "observation": {"remainingOverageTime": 60, "index": 3}, "status": "DONE"}], [{"action": "NORTH", "reward": 1102, "info": {}, "observation": {"remainingOverageTime": 60, "step": 77, "geese": [[], [51, 50, 61, 62, 73, 7, 6, 5, 4, 70, 69, 68], [31, 20, 19, 30, 29, 28, 27, 26, 37, 48, 47], []], "food": [41, 2], "index": 0}, "status": "DONE"}, {"action": "EAST", "reward": 7812, "info": {}, "observation": {"remainingOverageTime": 60, "index": 1}, "status": "ACTIVE"}, {"action": "SOUTH", "reward": 7811, "info": {}, "observation": {"remainingOverageTime": 60, "index": 2}, "status": "ACTIVE"}, {"action": "NORTH", "reward": 401, "info": {}, "observation": {"remainingOverageTime": 60, "index": 3}, "status": "DONE"}], [{"action": "NORTH", "reward": 1102, "info": {}, "observation": {"remainingOverageTime": 60, "step": 78, "geese": [[], [52, 51, 50, 61, 62, 73, 7, 6, 5, 4, 70, 69], [42, 31, 20, 19, 30, 29, 28, 27, 26, 37, 48], []], "food": [41, 2], "index": 0}, "status": "DONE"}, {"action": "EAST", "reward": 7912, "info": {}, "observation": {"remainingOverageTime": 60, "index": 1}, "status": "ACTIVE"}, {"action": "SOUTH", "reward": 7911, "info": {}, "observation": {"remainingOverageTime": 60, "index": 2}, "status": "ACTIVE"}, {"action": "NORTH", "reward": 401, "info": {}, "observation": {"remainingOverageTime": 60, "index": 3}, "status": "DONE"}], [{"action": "NORTH", "reward": 1102, "info": {}, "observation": {"remainingOverageTime": 60, "step": 79, "geese": [[], [63, 52, 51, 50, 61, 62, 73, 7, 6, 5, 4, 70], [43, 42, 31, 20, 19, 30, 29, 28, 27, 26, 37], []], "food": [41, 2], "index": 0}, "status": "DONE"}, {"action": "SOUTH", "reward": 8012, "info": {}, "observation": {"remainingOverageTime": 60, "index": 1}, "status": "ACTIVE"}, {"action": "EAST", "reward": 8011, "info": {}, "observation": {"remainingOverageTime": 60, "index": 2}, "status": "ACTIVE"}, {"action": "NORTH", "reward": 401, "info": {}, "observation": {"remainingOverageTime": 60, "index": 3}, "status": "DONE"}], [{"action": "NORTH", "reward": 1102, "info": {}, "observation": {"remainingOverageTime": 60, "step": 80, "geese": [[], [64, 63, 52, 51, 50, 61, 62, 73, 7, 6, 5], [33, 43, 42, 31, 20, 19, 30, 29, 28, 27], []], "food": [41, 2], "index": 0}, "status": "DONE"}, {"action": "EAST", "reward": 8111, "info": {}, "observation": {"remainingOverageTime": 60, "index": 1}, "status": "ACTIVE"}, {"action": "EAST", "reward": 8110, "info": {}, "observation": {"remainingOverageTime": 60, "index": 2}, "status": "ACTIVE"}, {"action": "NORTH", "reward": 401, "info": {}, "observation": {"remainingOverageTime": 60, "index": 3}, "status": "DONE"}], [{"action": "NORTH", "reward": 1102, "info": {}, "observation": {"remainingOverageTime": 60, "step": 81, "geese": [[], [65, 64, 63, 52, 51, 50, 61, 62, 73, 7, 6], [34, 33, 43, 42, 31, 20, 19, 30, 29, 28], []], "food": [41, 2], "index": 0}, "status": "DONE"}, {"action": "EAST", "reward": 8211, "info": {}, "observation": {"remainingOverageTime": 60, "index": 1}, "status": "ACTIVE"}, {"action": "EAST", "reward": 8210, "info": {}, "observation": {"remainingOverageTime": 60, "index": 2}, "status": "ACTIVE"}, {"action": "NORTH", "reward": 401, "info": {}, "observation": {"remainingOverageTime": 60, "index": 3}, "status": "DONE"}], [{"action": "NORTH", "reward": 1102, "info": {}, "observation": {"remainingOverageTime": 60, "step": 82, "geese": [[], [55, 65, 64, 63, 52, 51, 50, 61, 62, 73, 7], [35, 34, 33, 43, 42, 31, 20, 19, 30, 29], []], "food": [41, 2], "index": 0}, "status": "DONE"}, {"action": "EAST", "reward": 8311, "info": {}, "observation": {"remainingOverageTime": 60, "index": 1}, "status": "ACTIVE"}, {"action": "EAST", "reward": 8310, "info": {}, "observation": {"remainingOverageTime": 60, "index": 2}, "status": "ACTIVE"}, {"action": "NORTH", "reward": 401, "info": {}, "observation": {"remainingOverageTime": 60, "index": 3}, "status": "DONE"}], [{"action": "NORTH", "reward": 1102, "info": {}, "observation": {"remainingOverageTime": 60, "step": 83, "geese": [[], [56, 55, 65, 64, 63, 52, 51, 50, 61, 62, 73], [24, 35, 34, 33, 43, 42, 31, 20, 19, 30], []], "food": [41, 2], "index": 0}, "status": "DONE"}, {"action": "EAST", "reward": 8411, "info": {}, "observation": {"remainingOverageTime": 60, "index": 1}, "status": "ACTIVE"}, {"action": "NORTH", "reward": 8410, "info": {}, "observation": {"remainingOverageTime": 60, "index": 2}, "status": "ACTIVE"}, {"action": "NORTH", "reward": 401, "info": {}, "observation": {"remainingOverageTime": 60, "index": 3}, "status": "DONE"}], [{"action": "NORTH", "reward": 1102, "info": {}, "observation": {"remainingOverageTime": 60, "step": 84, "geese": [[], [57, 56, 55, 65, 64, 63, 52, 51, 50, 61, 62], [13, 24, 35, 34, 33, 43, 42, 31, 20, 19], []], "food": [41, 2], "index": 0}, "status": "DONE"}, {"action": "EAST", "reward": 8511, "info": {}, "observation": {"remainingOverageTime": 60, "index": 1}, "status": "ACTIVE"}, {"action": "NORTH", "reward": 8510, "info": {}, "observation": {"remainingOverageTime": 60, "index": 2}, "status": "ACTIVE"}, {"action": "NORTH", "reward": 401, "info": {}, "observation": {"remainingOverageTime": 60, "index": 3}, "status": "DONE"}], [{"action": "NORTH", "reward": 1102, "info": {}, "observation": {"remainingOverageTime": 60, "step": 85, "geese": [[], [58, 57, 56, 55, 65, 64, 63, 52, 51, 50, 61], [2, 13, 24, 35, 34, 33, 43, 42, 31, 20, 19], []], "food": [41, 4], "index": 0}, "status": "DONE"}, {"action": "EAST", "reward": 8611, "info": {}, "observation": {"remainingOverageTime": 60, "index": 1}, "status": "ACTIVE"}, {"action": "NORTH", "reward": 8611, "info": {}, "observation": {"remainingOverageTime": 60, "index": 2}, "status": "ACTIVE"}, {"action": "NORTH", "reward": 401, "info": {}, "observation": {"remainingOverageTime": 60, "index": 3}, "status": "DONE"}], [{"action": "NORTH", "reward": 1102, "info": {}, "observation": {"remainingOverageTime": 60, "step": 86, "geese": [[], [59, 58, 57, 56, 55, 65, 64, 63, 52, 51, 50], [3, 2, 13, 24, 35, 34, 33, 43, 42, 31, 20], []], "food": [41, 4], "index": 0}, "status": "DONE"}, {"action": "EAST", "reward": 8711, "info": {}, "observation": {"remainingOverageTime": 60, "index": 1}, "status": "ACTIVE"}, {"action": "EAST", "reward": 8711, "info": {}, "observation": {"remainingOverageTime": 60, "index": 2}, "status": "ACTIVE"}, {"action": "NORTH", "reward": 401, "info": {}, "observation": {"remainingOverageTime": 60, "index": 3}, "status": "DONE"}], [{"action": "NORTH", "reward": 1102, "info": {}, "observation": {"remainingOverageTime": 60, "step": 87, "geese": [[], [60, 59, 58, 57, 56, 55, 65, 64, 63, 52, 51], [4, 3, 2, 13, 24, 35, 34, 33, 43, 42, 31, 20], []], "food": [41, 30], "index": 0}, "status": "DONE"}, {"action": "EAST", "reward": 8811, "info": {}, "observation": {"remainingOverageTime": 60, "index": 1}, "status": "ACTIVE"}, {"action": "EAST", "reward": 8812, "info": {}, "observation": {"remainingOverageTime": 60, "index": 2}, "status": "ACTIVE"}, {"action": "NORTH", "reward": 401, "info": {}, "observation": {"remainingOverageTime": 60, "index": 3}, "status": "DONE"}], [{"action": "NORTH", "reward": 1102, "info": {}, "observation": {"remainingOverageTime": 60, "step": 88, "geese": [[], [61, 60, 59, 58, 57, 56, 55, 65, 64, 63, 52], [5, 4, 3, 2, 13, 24, 35, 34, 33, 43, 42, 31], []], "food": [41, 30], "index": 0}, "status": "DONE"}, {"action": "EAST", "reward": 8911, "info": {}, "observation": {"remainingOverageTime": 60, "index": 1}, "status": "ACTIVE"}, {"action": "EAST", "reward": 8912, "info": {}, "observation": {"remainingOverageTime": 60, "index": 2}, "status": "ACTIVE"}, {"action": "NORTH", "reward": 401, "info": {}, "observation": {"remainingOverageTime": 60, "index": 3}, "status": "DONE"}], [{"action": "NORTH", "reward": 1102, "info": {}, "observation": {"remainingOverageTime": 60, "step": 89, "geese": [[], [62, 61, 60, 59, 58, 57, 56, 55, 65, 64, 63], [6, 5, 4, 3, 2, 13, 24, 35, 34, 33, 43, 42], []], "food": [41, 30], "index": 0}, "status": "DONE"}, {"action": "EAST", "reward": 9011, "info": {}, "observation": {"remainingOverageTime": 60, "index": 1}, "status": "ACTIVE"}, {"action": "EAST", "reward": 9012, "info": {}, "observation": {"remainingOverageTime": 60, "index": 2}, "status": "ACTIVE"}, {"action": "NORTH", "reward": 401, "info": {}, "observation": {"remainingOverageTime": 60, "index": 3}, "status": "DONE"}], [{"action": "NORTH", "reward": 1102, "info": {}, "observation": {"remainingOverageTime": 60, "step": 90, "geese": [[], [63, 62, 61, 60, 59, 58, 57, 56, 55, 65, 64], [7, 6, 5, 4, 3, 2, 13, 24, 35, 34, 33, 43], []], "food": [41, 30], "index": 0}, "status": "DONE"}, {"action": "EAST", "reward": 9111, "info": {}, "observation": {"remainingOverageTime": 60, "index": 1}, "status": "ACTIVE"}, {"action": "EAST", "reward": 9112, "info": {}, "observation": {"remainingOverageTime": 60, "index": 2}, "status": "ACTIVE"}, {"action": "NORTH", "reward": 401, "info": {}, "observation": {"remainingOverageTime": 60, "index": 3}, "status": "DONE"}], [{"action": "NORTH", "reward": 1102, "info": {}, "observation": {"remainingOverageTime": 60, "step": 91, "geese": [[], [52, 63, 62, 61, 60, 59, 58, 57, 56, 55, 65], [8, 7, 6, 5, 4, 3, 2, 13, 24, 35, 34, 33], []], "food": [41, 30], "index": 0}, "status": "DONE"}, {"action": "NORTH", "reward": 9211, "info": {}, "observation": {"remainingOverageTime": 60, "index": 1}, "status": "ACTIVE"}, {"action": "EAST", "reward": 9212, "info": {}, "observation": {"remainingOverageTime": 60, "index": 2}, "status": "ACTIVE"}, {"action": "NORTH", "reward": 401, "info": {}, "observation": {"remainingOverageTime": 60, "index": 3}, "status": "DONE"}], [{"action": "NORTH", "reward": 1102, "info": {}, "observation": {"remainingOverageTime": 60, "step": 92, "geese": [[], [41, 52, 63, 62, 61, 60, 59, 58, 57, 56, 55, 65], [19, 8, 7, 6, 5, 4, 3, 2, 13, 24, 35, 34], []], "food": [30, 46], "index": 0}, "status": "DONE"}, {"action": "NORTH", "reward": 9312, "info": {}, "observation": {"remainingOverageTime": 60, "index": 1}, "status": "ACTIVE"}, {"action": "SOUTH", "reward": 9312, "info": {}, "observation": {"remainingOverageTime": 60, "index": 2}, "status": "ACTIVE"}, {"action": "NORTH", "reward": 401, "info": {}, "observation": {"remainingOverageTime": 60, "index": 3}, "status": "DONE"}], [{"action": "NORTH", "reward": 1102, "info": {}, "observation": {"remainingOverageTime": 60, "step": 93, "geese": [[], [42, 41, 52, 63, 62, 61, 60, 59, 58, 57, 56, 55], [20, 19, 8, 7, 6, 5, 4, 3, 2, 13, 24, 35], []], "food": [30, 46], "index": 0}, "status": "DONE"}, {"action": "EAST", "reward": 9412, "info": {}, "observation": {"remainingOverageTime": 60, "index": 1}, "status": "ACTIVE"}, {"action": "EAST", "reward": 9412, "info": {}, "observation": {"remainingOverageTime": 60, "index": 2}, "status": "ACTIVE"}, {"action": "NORTH", "reward": 401, "info": {}, "observation": {"remainingOverageTime": 60, "index": 3}, "status": "DONE"}], [{"action": "NORTH", "reward": 1102, "info": {}, "observation": {"remainingOverageTime": 60, "step": 94, "geese": [[], [43, 42, 41, 52, 63, 62, 61, 60, 59, 58, 57, 56], [21, 20, 19, 8, 7, 6, 5, 4, 3, 2, 13, 24], []], "food": [30, 46], "index": 0}, "status": "DONE"}, {"action": "EAST", "reward": 9512, "info": {}, "observation": {"remainingOverageTime": 60, "index": 1}, "status": "ACTIVE"}, {"action": "EAST", "reward": 9512, "info": {}, "observation": {"remainingOverageTime": 60, "index": 2}, "status": "ACTIVE"}, {"action": "NORTH", "reward": 401, "info": {}, "observation": {"remainingOverageTime": 60, "index": 3}, "status": "DONE"}], [{"action": "NORTH", "reward": 1102, "info": {}, "observation": {"remainingOverageTime": 60, "step": 95, "geese": [[], [33, 43, 42, 41, 52, 63, 62, 61, 60, 59, 58, 57], [11, 21, 20, 19, 8, 7, 6, 5, 4, 3, 2, 13], []], "food": [30, 46], "index": 0}, "status": "DONE"}, {"action": "EAST", "reward": 9612, "info": {}, "observation": {"remainingOverageTime": 60, "index": 1}, "status": "ACTIVE"}, {"action": "EAST", "reward": 9612, "info": {}, "observation": {"remainingOverageTime": 60, "index": 2}, "status": "ACTIVE"}, {"action": "NORTH", "reward": 401, "info": {}, "observation": {"remainingOverageTime": 60, "index": 3}, "status": "DONE"}], [{"action": "NORTH", "reward": 1102, "info": {}, "observation": {"remainingOverageTime": 60, "step": 96, "geese": [[], [34, 33, 43, 42, 41, 52, 63, 62, 61, 60, 59, 58], [12, 11, 21, 20, 19, 8, 7, 6, 5, 4, 3, 2], []], "food": [30, 46], "index": 0}, "status": "DONE"}, {"action": "EAST", "reward": 9712, "info": {}, "observation": {"remainingOverageTime": 60, "index": 1}, "status": "ACTIVE"}, {"action": "EAST", "reward": 9712, "info": {}, "observation": {"remainingOverageTime": 60, "index": 2}, "status": "ACTIVE"}, {"action": "NORTH", "reward": 401, "info": {}, "observation": {"remainingOverageTime": 60, "index": 3}, "status": "DONE"}], [{"action": "NORTH", "reward": 1102, "info": {}, "observation": {"remainingOverageTime": 60, "step": 97, "geese": [[], [35, 34, 33, 43, 42, 41, 52, 63, 62, 61, 60, 59], [13, 12, 11, 21, 20, 19, 8, 7, 6, 5, 4, 3], []], "food": [30, 46], "index": 0}, "status": "DONE"}, {"action": "EAST", "reward": 9812, "info": {}, "observation": {"remainingOverageTime": 60, "index": 1}, "status": "ACTIVE"}, {"action": "EAST", "reward": 9812, "info": {}, "observation": {"remainingOverageTime": 60, "index": 2}, "status": "ACTIVE"}, {"action": "NORTH", "reward": 401, "info": {}, "observation": {"remainingOverageTime": 60, "index": 3}, "status": "DONE"}], [{"action": "NORTH", "reward": 1102, "info": {}, "observation": {"remainingOverageTime": 60, "step": 98, "geese": [[], [46, 35, 34, 33, 43, 42, 41, 52, 63, 62, 61, 60, 59], [14, 13, 12, 11, 21, 20, 19, 8, 7, 6, 5, 4], []], "food": [30, 37], "index": 0}, "status": "DONE"}, {"action": "SOUTH", "reward": 9913, "info": {}, "observation": {"remainingOverageTime": 60, "index": 1}, "status": "ACTIVE"}, {"action": "EAST", "reward": 9912, "info": {}, "observation": {"remainingOverageTime": 60, "index": 2}, "status": "ACTIVE"}, {"action": "NORTH", "reward": 401, "info": {}, "observation": {"remainingOverageTime": 60, "index": 3}, "status": "DONE"}], [{"action": "NORTH", "reward": 1102, "info": {}, "observation": {"remainingOverageTime": 60, "step": 99, "geese": [[], [47, 46, 35, 34, 33, 43, 42, 41, 52, 63, 62, 61, 60], [15, 14, 13, 12, 11, 21, 20, 19, 8, 7, 6, 5], []], "food": [30, 37], "index": 0}, "status": "DONE"}, {"action": "EAST", "reward": 10013, "info": {}, "observation": {"remainingOverageTime": 60, "index": 1}, "status": "ACTIVE"}, {"action": "EAST", "reward": 10012, "info": {}, "observation": {"remainingOverageTime": 60, "index": 2}, "status": "ACTIVE"}, {"action": "NORTH", "reward": 401, "info": {}, "observation": {"remainingOverageTime": 60, "index": 3}, "status": "DONE"}], [{"action": "NORTH", "reward": 1102, "info": {}, "observation": {"remainingOverageTime": 60, "step": 100, "geese": [[], [48, 47, 46, 35, 34, 33, 43, 42, 41, 52, 63, 62, 61], [26, 15, 14, 13, 12, 11, 21, 20, 19, 8, 7, 6], []], "food": [30, 37], "index": 0}, "status": "DONE"}, {"action": "EAST", "reward": 10113, "info": {}, "observation": {"remainingOverageTime": 60, "index": 1}, "status": "ACTIVE"}, {"action": "SOUTH", "reward": 10112, "info": {}, "observation": {"remainingOverageTime": 60, "index": 2}, "status": "ACTIVE"}, {"action": "NORTH", "reward": 401, "info": {}, "observation": {"remainingOverageTime": 60, "index": 3}, "status": "DONE"}], [{"action": "NORTH", "reward": 1102, "info": {}, "observation": {"remainingOverageTime": 60, "step": 101, "geese": [[], [49, 48, 47, 46, 35, 34, 33, 43, 42, 41, 52, 63, 62], [27, 26, 15, 14, 13, 12, 11, 21, 20, 19, 8, 7], []], "food": [30, 37], "index": 0}, "status": "DONE"}, {"action": "EAST", "reward": 10213, "info": {}, "observation": {"remainingOverageTime": 60, "index": 1}, "status": "ACTIVE"}, {"action": "EAST", "reward": 10212, "info": {}, "observation": {"remainingOverageTime": 60, "index": 2}, "status": "ACTIVE"}, {"action": "NORTH", "reward": 401, "info": {}, "observation": {"remainingOverageTime": 60, "index": 3}, "status": "DONE"}], [{"action": "NORTH", "reward": 1102, "info": {}, "observation": {"remainingOverageTime": 60, "step": 102, "geese": [[], [50, 49, 48, 47, 46, 35, 34, 33, 43, 42, 41, 52, 63], [28, 27, 26, 15, 14, 13, 12, 11, 21, 20, 19, 8], []], "food": [30, 37], "index": 0}, "status": "DONE"}, {"action": "EAST", "reward": 10313, "info": {}, "observation": {"remainingOverageTime": 60, "index": 1}, "status": "ACTIVE"}, {"action": "EAST", "reward": 10312, "info": {}, "observation": {"remainingOverageTime": 60, "index": 2}, "status": "ACTIVE"}, {"action": "NORTH", "reward": 401, "info": {}, "observation": {"remainingOverageTime": 60, "index": 3}, "status": "DONE"}], [{"action": "NORTH", "reward": 1102, "info": {}, "observation": {"remainingOverageTime": 60, "step": 103, "geese": [[], [], [29, 28, 27, 26, 15, 14, 13, 12, 11, 21, 20, 19], []], "food": [30, 37], "index": 0}, "status": "DONE"}, {"action": "WEST", "reward": 10313, "info": {}, "observation": {"remainingOverageTime": 60, "index": 1}, "status": "DONE"}, {"action": "EAST", "reward": 10412, "info": {}, "observation": {"remainingOverageTime": 60, "index": 2}, "status": "DONE"}, {"action": "NORTH", "reward": 401, "info": {}, "observation": {"remainingOverageTime": 60, "index": 3}, "status": "DONE"}]], "rewards": [1102, 10313, 10412, 401], "statuses": ["DONE", "DONE", "DONE", "DONE"], "schema_version": 1, "info": {}}