{"id": "a676eb6a-db0c-11ee-b332-0242ac1c000c", "name": "hungry_geese", "title": "Hungry Geese", "description": "Similar to the classic snake game with multiple players", "version": "1.0.0", "configuration": {"episodeSteps": 200, "actTimeout": 1, "runTimeout": 1200, "columns": 11, "rows": 7, "hunger_rate": 40, "min_food": 2, "max_length": 99}, "specification": {"action": {"description": "Direction to move the head of your players goose.", "type": "string", "enum": ["NORTH", "EAST", "SOUTH", "WEST"], "default": "NORTH"}, "agents": [1, 2, 3, 4, 5, 6, 7, 8], "configuration": {"episodeSteps": {"description": "Maximum number of steps in the episode.", "type": "integer", "minimum": 1, "default": 200}, "actTimeout": {"description": "Maximum runtime (seconds) to obtain an action from an agent.", "type": "number", "minimum": 0, "default": 1}, "runTimeout": {"description": "Maximum runtime (seconds) of an episode (not necessarily DONE).", "type": "number", "minimum": 0, "default": 1200}, "columns": {"description": "Horizontal number of cells on the board.", "type": "integer", "default": 11, "minimum": 3}, "rows": {"description": "Vertical number of cells on the board.", "type": "integer", "default": 7, "minimum": 3}, "hunger_rate": {"description": "The number of steps before the goose shrinks a cell.", "type": "integer", "minimum": 1, "default": 40}, "min_food": {"description": "The minimum amount of food present for all steps.", "type": "integer", "default": 2, "minimum": 1}, "max_length": {"description": "The max length any goose can be. Total reward = (max length + 1) * steps survived + goose length.", "type": "integer", "default": 99}}, "info": {}, "observation": {"remainingOverageTime": {"description": "Total remaining banked time (seconds) that can be used in excess of per-step actTimeouts -- agent is disqualified with TIMEOUT status when this drops below 0.", "shared": false, "type": "number", "minimum": 0, "default": 60}, "step": {"description": "Current step within the episode.", "type": "integer", "shared": true, "minimum": 0, "default": 0}, "geese": {"description": "List of geese in order by the agent index.", "type": "array", "default": [], "shared": true}, "food": {"description": "Positions on the board where food is present.", "type": "array", "default": [], "shared": true}, "index": {"description": "Index of the current agent's goose in the list of geese.", "type": "integer", "minimum": 0, "defaults": [0, 1, 2, 3, 4, 5, 6, 7]}}, "reward": {"description": "steps survived * (max goose length + 1) + current goose length.", "type": ["number", "null"], "default": 0, "minimum": 0}}, "steps": [[{"action": "NORTH", "reward": 0, "info": {}, "observation": {"remainingOverageTime": 60, "step": 0, "geese": [[10], [6], [59], [74]], "food": [7, 54], "index": 0}, "status": "ACTIVE"}, {"action": "NORTH", "reward": 0, "info": {}, "observation": {"remainingOverageTime": 60, "index": 1}, "status": "ACTIVE"}, {"action": "NORTH", "reward": 0, "info": {}, "observation": {"remainingOverageTime": 60, "index": 2}, "status": "ACTIVE"}, {"action": "NORTH", "reward": 0, "info": {}, "observation": {"remainingOverageTime": 60, "index": 3}, "status": "ACTIVE"}], [{"action": "NORTH", "reward": 201, "info": {}, "observation": {"remainingOverageTime": 60, "step": 1, "geese": [[76], [7, 6], [48], [75]], "food": [54, 1], "index": 0}, "status": "ACTIVE"}, {"action": "EAST", "reward": 202, "info": {}, "observation": {"remainingOverageTime": 60, "index": 1}, "status": "ACTIVE"}, {"action": "NORTH", "reward": 201, "info": {}, "observation": {"remainingOverageTime": 60, "index": 2}, "status": "ACTIVE"}, {"action": "EAST", "reward": 201, "info": {}, "observation": {"remainingOverageTime": 60, "index": 3}, "status": "ACTIVE"}], [{"action": "NORTH", "reward": 301, "info": {}, "observation": {"remainingOverageTime": 60, "step": 2, "geese": [[65], [73, 7], [47], [64]], "food": [54, 1], "index": 0}, "status": "ACTIVE"}, {"action": "NORTH", "reward": 302, "info": {}, "observation": {"remainingOverageTime": 60, "index": 1}, "status": "ACTIVE"}, {"action": "WEST", "reward": 301, "info": {}, "observation": {"remainingOverageTime": 60, "index": 2}, "status": "ACTIVE"}, {"action": "NORTH", "reward": 301, "info": {}, "observation": {"remainingOverageTime": 60, "index": 3}, "status": "ACTIVE"}], [{"action": "NORTH", "reward": 402, "info": {}, "observation": {"remainingOverageTime": 60, "step": 3, "geese": [[54, 65], [74, 73], [46], []], "food": [1, 60], "index": 0}, "status": "ACTIVE"}, {"action": "EAST", "reward": 402, "info": {}, "observation": {"remainingOverageTime": 60, "index": 1}, "status": "ACTIVE"}, {"action": "WEST", "reward": 401, "info": {}, "observation": {"remainingOverageTime": 60, "index": 2}, "status": "ACTIVE"}, {"action": "SOUTH", "reward": 301, "info": {}, "observation": {"remainingOverageTime": 60, "index": 3}, "status": "DONE"}], [{"action": "EAST", "reward": 502, "info": {}, "observation": {"remainingOverageTime": 60, "step": 4, "geese": [[44, 54], [63, 74], [], []], "food": [1, 60], "index": 0}, "status": "ACTIVE"}, {"action": "NORTH", "reward": 502, "info": {}, "observation": {"remainingOverageTime": 60, "index": 1}, "status": "ACTIVE"}, {"action": "EAST", "reward": 401, "info": {}, "observation": {"remainingOverageTime": 60, "index": 2}, "status": "DONE"}, {"action": "NORTH", "reward": 301, "info": {}, "observation": {"remainingOverageTime": 60, "index": 3}, "status": "DONE"}], [{"action": "EAST", "reward": 602, "info": {}, "observation": {"remainingOverageTime": 60, "step": 5, "geese": [[45, 44], [62, 63], [], []], "food": [1, 60], "index": 0}, "status": "ACTIVE"}, {"action": "WEST", "reward": 602, "info": {}, "observation": {"remainingOverageTime": 60, "index": 1}, "status": "ACTIVE"}, {"action": "NORTH", "reward": 401, "info": {}, "observation": {"remainingOverageTime": 60, "index": 2}, "status": "DONE"}, {"action": "NORTH", "reward": 301, "info": {}, "observation": {"remainingOverageTime": 60, "index": 3}, "status": "DONE"}], [{"action": "SOUTH", "reward": 702, "info": {}, "observation": {"remainingOverageTime": 60, "step": 6, "geese": [[56, 45], [61, 62], [], []], "food": [1, 60], "index": 0}, "status": "ACTIVE"}, {"action": "WEST", "reward": 702, "info": {}, "observation": {"remainingOverageTime": 60, "index": 1}, "status": "ACTIVE"}, {"action": "NORTH", "reward": 401, "info": {}, "observation": {"remainingOverageTime": 60, "index": 2}, "status": "DONE"}, {"action": "NORTH", "reward": 301, "info": {}, "observation": {"remainingOverageTime": 60, "index": 3}, "status": "DONE"}], [{"action": "SOUTH", "reward": 802, "info": {}, "observation": {"remainingOverageTime": 60, "step": 7, "geese": [[67, 56], [60, 61, 62], [], []], "food": [1, 29], "index": 0}, "status": "ACTIVE"}, {"action": "WEST", "reward": 803, "info": {}, "observation": {"remainingOverageTime": 60, "index": 1}, "status": "ACTIVE"}, {"action": "NORTH", "reward": 401, "info": {}, "observation": {"remainingOverageTime": 60, "index": 2}, "status": "DONE"}, {"action": "NORTH", "reward": 301, "info": {}, "observation": {"remainingOverageTime": 60, "index": 3}, "status": "DONE"}], [{"action": "SOUTH", "reward": 903, "info": {}, "observation": {"remainingOverageTime": 60, "step": 8, "geese": [[1, 67, 56], [49, 60, 61], [], []], "food": [29, 40], "index": 0}, "status": "ACTIVE"}, {"action": "NORTH", "reward": 903, "info": {}, "observation": {"remainingOverageTime": 60, "index": 1}, "status": "ACTIVE"}, {"action": "NORTH", "reward": 401, "info": {}, "observation": {"remainingOverageTime": 60, "index": 2}, "status": "DONE"}, {"action": "NORTH", "reward": 301, "info": {}, "observation": {"remainingOverageTime": 60, "index": 3}, "status": "DONE"}], [{"action": "WEST", "reward": 1003, "info": {}, "observation": {"remainingOverageTime": 60, "step": 9, "geese": [[0, 1, 67], [50, 49, 60], [], []], "food": [29, 40], "index": 0}, "status": "ACTIVE"}, {"action": "EAST", "reward": 1003, "info": {}, "observation": {"remainingOverageTime": 60, "index": 1}, "status": "ACTIVE"}, {"action": "NORTH", "reward": 401, "info": {}, "observation": {"remainingOverageTime": 60, "index": 2}, "status": "DONE"}, {"action": "NORTH", "reward": 301, "info": {}, "observation": {"remainingOverageTime": 60, "index": 3}, "status": "DONE"}], [{"action": "WEST", "reward": 1103, "info": {}, "observation": {"remainingOverageTime": 60, "step": 10, "geese": [[10, 0, 1], [51, 50, 49], [], []], "food": [29, 40], "index": 0}, "status": "ACTIVE"}, {"action": "EAST", "reward": 1103, "info": {}, "observation": {"remainingOverageTime": 60, "index": 1}, "status": "ACTIVE"}, {"action": "NORTH", "reward": 401, "info": {}, "observation": {"remainingOverageTime": 60, "index": 2}, "status": "DONE"}, {"action": "NORTH", "reward": 301, "info": {}, "observation": {"remainingOverageTime": 60, "index": 3}, "status": "DONE"}], [{"action": "WEST", "reward": 1203, "info": {}, "observation": {"remainingOverageTime": 60, "step": 11, "geese": [[9, 10, 0], [40, 51, 50, 49], [], []], "food": [29, 45], "index": 0}, "status": "ACTIVE"}, {"action": "NORTH", "reward": 1204, "info": {}, "observation": {"remainingOverageTime": 60, "index": 1}, "status": "ACTIVE"}, {"action": "NORTH", "reward": 401, "info": {}, "observation": {"remainingOverageTime": 60, "index": 2}, "status": "DONE"}, {"action": "NORTH", "reward": 301, "info": {}, "observation": {"remainingOverageTime": 60, "index": 3}, "status": "DONE"}], [{"action": "NORTH", "reward": 1303, "info": {}, "observation": {"remainingOverageTime": 60, "step": 12, "geese": [[75, 9, 10], [29, 40, 51, 50, 49], [], []], "food": [45, 60], "index": 0}, "status": "ACTIVE"}, {"action": "NORTH", "reward": 1305, "info": {}, "observation": {"remainingOverageTime": 60, "index": 1}, "status": "ACTIVE"}, {"action": "NORTH", "reward": 401, "info": {}, "observation": {"remainingOverageTime": 60, "index": 2}, "status": "DONE"}, {"action": "NORTH", "reward": 301, "info": {}, "observation": {"remainingOverageTime": 60, "index": 3}, "status": "DONE"}], [{"action": "EAST", "reward": 1403, "info": {}, "observation": {"remainingOverageTime": 60, "step": 13, "geese": [[76, 75, 9], [28, 29, 40, 51, 50], [], []], "food": [45, 60], "index": 0}, "status": "ACTIVE"}, {"action": "WEST", "reward": 1405, "info": {}, "observation": {"remainingOverageTime": 60, "index": 1}, "status": "ACTIVE"}, {"action": "NORTH", "reward": 401, "info": {}, "observation": {"remainingOverageTime": 60, "index": 2}, "status": "DONE"}, {"action": "NORTH", "reward": 301, "info": {}, "observation": {"remainingOverageTime": 60, "index": 3}, "status": "DONE"}], [{"action": "EAST", "reward": 1503, "info": {}, "observation": {"remainingOverageTime": 60, "step": 14, "geese": [[66, 76, 75], [27, 28, 29, 40, 51], [], []], "food": [45, 60], "index": 0}, "status": "ACTIVE"}, {"action": "WEST", "reward": 1505, "info": {}, "observation": {"remainingOverageTime": 60, "index": 1}, "status": "ACTIVE"}, {"action": "NORTH", "reward": 401, "info": {}, "observation": {"remainingOverageTime": 60, "index": 2}, "status": "DONE"}, {"action": "NORTH", "reward": 301, "info": {}, "observation": {"remainingOverageTime": 60, "index": 3}, "status": "DONE"}], [{"action": "EAST", "reward": 1603, "info": {}, "observation": {"remainingOverageTime": 60, "step": 15, "geese": [[67, 66, 76], [38, 27, 28, 29, 40], [], []], "food": [45, 60], "index": 0}, "status": "ACTIVE"}, {"action": "SOUTH", "reward": 1605, "info": {}, "observation": {"remainingOverageTime": 60, "index": 1}, "status": "ACTIVE"}, {"action": "NORTH", "reward": 401, "info": {}, "observation": {"remainingOverageTime": 60, "index": 2}, "status": "DONE"}, {"action": "NORTH", "reward": 301, "info": {}, "observation": {"remainingOverageTime": 60, "index": 3}, "status": "DONE"}], [{"action": "NORTH", "reward": 1703, "info": {}, "observation": {"remainingOverageTime": 60, "step": 16, "geese": [[56, 67, 66], [49, 38, 27, 28, 29], [], []], "food": [45, 60], "index": 0}, "status": "ACTIVE"}, {"action": "SOUTH", "reward": 1705, "info": {}, "observation": {"remainingOverageTime": 60, "index": 1}, "status": "ACTIVE"}, {"action": "NORTH", "reward": 401, "info": {}, "observation": {"remainingOverageTime": 60, "index": 2}, "status": "DONE"}, {"action": "NORTH", "reward": 301, "info": {}, "observation": {"remainingOverageTime": 60, "index": 3}, "status": "DONE"}], [{"action": "NORTH", "reward": 1804, "info": {}, "observation": {"remainingOverageTime": 60, "step": 17, "geese": [[45, 56, 67, 66], [60, 49, 38, 27, 28, 29], [], []], "food": [1, 14], "index": 0}, "status": "ACTIVE"}, {"action": "SOUTH", "reward": 1806, "info": {}, "observation": {"remainingOverageTime": 60, "index": 1}, "status": "ACTIVE"}, {"action": "NORTH", "reward": 401, "info": {}, "observation": {"remainingOverageTime": 60, "index": 2}, "status": "DONE"}, {"action": "NORTH", "reward": 301, "info": {}, "observation": {"remainingOverageTime": 60, "index": 3}, "status": "DONE"}], [{"action": "NORTH", "reward": 1904, "info": {}, "observation": {"remainingOverageTime": 60, "step": 18, "geese": [[34, 45, 56, 67], [59, 60, 49, 38, 27, 28], [], []], "food": [1, 14], "index": 0}, "status": "ACTIVE"}, {"action": "WEST", "reward": 1906, "info": {}, "observation": {"remainingOverageTime": 60, "index": 1}, "status": "ACTIVE"}, {"action": "NORTH", "reward": 401, "info": {}, "observation": {"remainingOverageTime": 60, "index": 2}, "status": "DONE"}, {"action": "NORTH", "reward": 301, "info": {}, "observation": {"remainingOverageTime": 60, "index": 3}, "status": "DONE"}], [{"action": "NORTH", "reward": 2004, "info": {}, "observation": {"remainingOverageTime": 60, "step": 19, "geese": [[23, 34, 45, 56], [58, 59, 60, 49, 38, 27], [], []], "food": [1, 14], "index": 0}, "status": "ACTIVE"}, {"action": "WEST", "reward": 2006, "info": {}, "observation": {"remainingOverageTime": 60, "index": 1}, "status": "ACTIVE"}, {"action": "NORTH", "reward": 401, "info": {}, "observation": {"remainingOverageTime": 60, "index": 2}, "status": "DONE"}, {"action": "NORTH", "reward": 301, "info": {}, "observation": {"remainingOverageTime": 60, "index": 3}, "status": "DONE"}], [{"action": "NORTH", "reward": 2104, "info": {}, "observation": {"remainingOverageTime": 60, "step": 20, "geese": [[12, 23, 34, 45], [69, 58, 59, 60, 49, 38], [], []], "food": [1, 14], "index": 0}, "status": "ACTIVE"}, {"action": "SOUTH", "reward": 2106, "info": {}, "observation": {"remainingOverageTime": 60, "index": 1}, "status": "ACTIVE"}, {"action": "NORTH", "reward": 401, "info": {}, "observation": {"remainingOverageTime": 60, "index": 2}, "status": "DONE"}, {"action": "NORTH", "reward": 301, "info": {}, "observation": {"remainingOverageTime": 60, "index": 3}, "status": "DONE"}], [{"action": "NORTH", "reward": 2205, "info": {}, "observation": {"remainingOverageTime": 60, "step": 21, "geese": [[1, 12, 23, 34, 45], [3, 69, 58, 59, 60, 49], [], []], "food": [14, 4], "index": 0}, "status": "ACTIVE"}, {"action": "SOUTH", "reward": 2206, "info": {}, "observation": {"remainingOverageTime": 60, "index": 1}, "status": "ACTIVE"}, {"action": "NORTH", "reward": 401, "info": {}, "observation": {"remainingOverageTime": 60, "index": 2}, "status": "DONE"}, {"action": "NORTH", "reward": 301, "info": {}, "observation": {"remainingOverageTime": 60, "index": 3}, "status": "DONE"}], [{"action": "NORTH", "reward": 2305, "info": {}, "observation": {"remainingOverageTime": 60, "step": 22, "geese": [[67, 1, 12, 23, 34], [4, 3, 69, 58, 59, 60, 49], [], []], "food": [14, 38], "index": 0}, "status": "ACTIVE"}, {"action": "EAST", "reward": 2307, "info": {}, "observation": {"remainingOverageTime": 60, "index": 1}, "status": "ACTIVE"}, {"action": "NORTH", "reward": 401, "info": {}, "observation": {"remainingOverageTime": 60, "index": 2}, "status": "DONE"}, {"action": "NORTH", "reward": 301, "info": {}, "observation": {"remainingOverageTime": 60, "index": 3}, "status": "DONE"}], [{"action": "EAST", "reward": 2405, "info": {}, "observation": {"remainingOverageTime": 60, "step": 23, "geese": [[68, 67, 1, 12, 23], [15, 4, 3, 69, 58, 59, 60], [], []], "food": [14, 38], "index": 0}, "status": "ACTIVE"}, {"action": "SOUTH", "reward": 2407, "info": {}, "observation": {"remainingOverageTime": 60, "index": 1}, "status": "ACTIVE"}, {"action": "NORTH", "reward": 401, "info": {}, "observation": {"remainingOverageTime": 60, "index": 2}, "status": "DONE"}, {"action": "NORTH", "reward": 301, "info": {}, "observation": {"remainingOverageTime": 60, "index": 3}, "status": "DONE"}], [{"action": "NORTH", "reward": 2505, "info": {}, "observation": {"remainingOverageTime": 60, "step": 24, "geese": [[57, 68, 67, 1, 12], [14, 15, 4, 3, 69, 58, 59, 60], [], []], "food": [38, 42], "index": 0}, "status": "ACTIVE"}, {"action": "WEST", "reward": 2508, "info": {}, "observation": {"remainingOverageTime": 60, "index": 1}, "status": "ACTIVE"}, {"action": "NORTH", "reward": 401, "info": {}, "observation": {"remainingOverageTime": 60, "index": 2}, "status": "DONE"}, {"action": "NORTH", "reward": 301, "info": {}, "observation": {"remainingOverageTime": 60, "index": 3}, "status": "DONE"}], [{"action": "NORTH", "reward": 2605, "info": {}, "observation": {"remainingOverageTime": 60, "step": 25, "geese": [[46, 57, 68, 67, 1], [25, 14, 15, 4, 3, 69, 58, 59], [], []], "food": [38, 42], "index": 0}, "status": "ACTIVE"}, {"action": "SOUTH", "reward": 2608, "info": {}, "observation": {"remainingOverageTime": 60, "index": 1}, "status": "ACTIVE"}, {"action": "NORTH", "reward": 401, "info": {}, "observation": {"remainingOverageTime": 60, "index": 2}, "status": "DONE"}, {"action": "NORTH", "reward": 301, "info": {}, "observation": {"remainingOverageTime": 60, "index": 3}, "status": "DONE"}], [{"action": "EAST", "reward": 2705, "info": {}, "observation": {"remainingOverageTime": 60, "step": 26, "geese": [[47, 46, 57, 68, 67], [26, 25, 14, 15, 4, 3, 69, 58], [], []], "food": [38, 42], "index": 0}, "status": "ACTIVE"}, {"action": "EAST", "reward": 2708, "info": {}, "observation": {"remainingOverageTime": 60, "index": 1}, "status": "ACTIVE"}, {"action": "NORTH", "reward": 401, "info": {}, "observation": {"remainingOverageTime": 60, "index": 2}, "status": "DONE"}, {"action": "NORTH", "reward": 301, "info": {}, "observation": {"remainingOverageTime": 60, "index": 3}, "status": "DONE"}], [{"action": "EAST", "reward": 2805, "info": {}, "observation": {"remainingOverageTime": 60, "step": 27, "geese": [[48, 47, 46, 57, 68], [27, 26, 25, 14, 15, 4, 3, 69], [], []], "food": [38, 42], "index": 0}, "status": "ACTIVE"}, {"action": "EAST", "reward": 2808, "info": {}, "observation": {"remainingOverageTime": 60, "index": 1}, "status": "ACTIVE"}, {"action": "NORTH", "reward": 401, "info": {}, "observation": {"remainingOverageTime": 60, "index": 2}, "status": "DONE"}, {"action": "NORTH", "reward": 301, "info": {}, "observation": {"remainingOverageTime": 60, "index": 3}, "status": "DONE"}], [{"action": "EAST", "reward": 2905, "info": {}, "observation": {"remainingOverageTime": 60, "step": 28, "geese": [[49, 48, 47, 46, 57], [38, 27, 26, 25, 14, 15, 4, 3, 69], [], []], "food": [42, 66], "index": 0}, "status": "ACTIVE"}, {"action": "SOUTH", "reward": 2909, "info": {}, "observation": {"remainingOverageTime": 60, "index": 1}, "status": "ACTIVE"}, {"action": "NORTH", "reward": 401, "info": {}, "observation": {"remainingOverageTime": 60, "index": 2}, "status": "DONE"}, {"action": "NORTH", "reward": 301, "info": {}, "observation": {"remainingOverageTime": 60, "index": 3}, "status": "DONE"}], [{"action": "EAST", "reward": 3005, "info": {}, "observation": {"remainingOverageTime": 60, "step": 29, "geese": [[50, 49, 48, 47, 46], [39, 38, 27, 26, 25, 14, 15, 4, 3], [], []], "food": [42, 66], "index": 0}, "status": "ACTIVE"}, {"action": "EAST", "reward": 3009, "info": {}, "observation": {"remainingOverageTime": 60, "index": 1}, "status": "ACTIVE"}, {"action": "NORTH", "reward": 401, "info": {}, "observation": {"remainingOverageTime": 60, "index": 2}, "status": "DONE"}, {"action": "NORTH", "reward": 301, "info": {}, "observation": {"remainingOverageTime": 60, "index": 3}, "status": "DONE"}], [{"action": "EAST", "reward": 3105, "info": {}, "observation": {"remainingOverageTime": 60, "step": 30, "geese": [[51, 50, 49, 48, 47], [40, 39, 38, 27, 26, 25, 14, 15, 4], [], []], "food": [42, 66], "index": 0}, "status": "ACTIVE"}, {"action": "EAST", "reward": 3109, "info": {}, "observation": {"remainingOverageTime": 60, "index": 1}, "status": "ACTIVE"}, {"action": "NORTH", "reward": 401, "info": {}, "observation": {"remainingOverageTime": 60, "index": 2}, "status": "DONE"}, {"action": "NORTH", "reward": 301, "info": {}, "observation": {"remainingOverageTime": 60, "index": 3}, "status": "DONE"}], [{"action": "EAST", "reward": 3205, "info": {}, "observation": {"remainingOverageTime": 60, "step": 31, "geese": [[52, 51, 50, 49, 48], [41, 40, 39, 38, 27, 26, 25, 14, 15], [], []], "food": [42, 66], "index": 0}, "status": "ACTIVE"}, {"action": "EAST", "reward": 3209, "info": {}, "observation": {"remainingOverageTime": 60, "index": 1}, "status": "ACTIVE"}, {"action": "NORTH", "reward": 401, "info": {}, "observation": {"remainingOverageTime": 60, "index": 2}, "status": "DONE"}, {"action": "NORTH", "reward": 301, "info": {}, "observation": {"remainingOverageTime": 60, "index": 3}, "status": "DONE"}], [{"action": "EAST", "reward": 3305, "info": {}, "observation": {"remainingOverageTime": 60, "step": 32, "geese": [[53, 52, 51, 50, 49], [42, 41, 40, 39, 38, 27, 26, 25, 14, 15], [], []], "food": [66, 36], "index": 0}, "status": "ACTIVE"}, {"action": "EAST", "reward": 3310, "info": {}, "observation": {"remainingOverageTime": 60, "index": 1}, "status": "ACTIVE"}, {"action": "NORTH", "reward": 401, "info": {}, "observation": {"remainingOverageTime": 60, "index": 2}, "status": "DONE"}, {"action": "NORTH", "reward": 301, "info": {}, "observation": {"remainingOverageTime": 60, "index": 3}, "status": "DONE"}], [{"action": "EAST", "reward": 3405, "info": {}, "observation": {"remainingOverageTime": 60, "step": 33, "geese": [[54, 53, 52, 51, 50], [43, 42, 41, 40, 39, 38, 27, 26, 25, 14], [], []], "food": [66, 36], "index": 0}, "status": "ACTIVE"}, {"action": "EAST", "reward": 3410, "info": {}, "observation": {"remainingOverageTime": 60, "index": 1}, "status": "ACTIVE"}, {"action": "NORTH", "reward": 401, "info": {}, "observation": {"remainingOverageTime": 60, "index": 2}, "status": "DONE"}, {"action": "NORTH", "reward": 301, "info": {}, "observation": {"remainingOverageTime": 60, "index": 3}, "status": "DONE"}], [{"action": "EAST", "reward": 3505, "info": {}, "observation": {"remainingOverageTime": 60, "step": 34, "geese": [[44, 54, 53, 52, 51], [33, 43, 42, 41, 40, 39, 38, 27, 26, 25], [], []], "food": [66, 36], "index": 0}, "status": "ACTIVE"}, {"action": "EAST", "reward": 3510, "info": {}, "observation": {"remainingOverageTime": 60, "index": 1}, "status": "ACTIVE"}, {"action": "NORTH", "reward": 401, "info": {}, "observation": {"remainingOverageTime": 60, "index": 2}, "status": "DONE"}, {"action": "NORTH", "reward": 301, "info": {}, "observation": {"remainingOverageTime": 60, "index": 3}, "status": "DONE"}], [{"action": "SOUTH", "reward": 3605, "info": {}, "observation": {"remainingOverageTime": 60, "step": 35, "geese": [[55, 44, 54, 53, 52], [34, 33, 43, 42, 41, 40, 39, 38, 27, 26], [], []], "food": [66, 36], "index": 0}, "status": "ACTIVE"}, {"action": "EAST", "reward": 3610, "info": {}, "observation": {"remainingOverageTime": 60, "index": 1}, "status": "ACTIVE"}, {"action": "NORTH", "reward": 401, "info": {}, "observation": {"remainingOverageTime": 60, "index": 2}, "status": "DONE"}, {"action": "NORTH", "reward": 301, "info": {}, "observation": {"remainingOverageTime": 60, "index": 3}, "status": "DONE"}], [{"action": "SOUTH", "reward": 3706, "info": {}, "observation": {"remainingOverageTime": 60, "step": 36, "geese": [[66, 55, 44, 54, 53, 52], [35, 34, 33, 43, 42, 41, 40, 39, 38, 27], [], []], "food": [36, 60], "index": 0}, "status": "ACTIVE"}, {"action": "EAST", "reward": 3710, "info": {}, "observation": {"remainingOverageTime": 60, "index": 1}, "status": "ACTIVE"}, {"action": "NORTH", "reward": 401, "info": {}, "observation": {"remainingOverageTime": 60, "index": 2}, "status": "DONE"}, {"action": "NORTH", "reward": 301, "info": {}, "observation": {"remainingOverageTime": 60, "index": 3}, "status": "DONE"}], [{"action": "EAST", "reward": 3806, "info": {}, "observation": {"remainingOverageTime": 60, "step": 37, "geese": [[67, 66, 55, 44, 54, 53], [36, 35, 34, 33, 43, 42, 41, 40, 39, 38, 27], [], []], "food": [60, 8], "index": 0}, "status": "ACTIVE"}, {"action": "EAST", "reward": 3811, "info": {}, "observation": {"remainingOverageTime": 60, "index": 1}, "status": "ACTIVE"}, {"action": "NORTH", "reward": 401, "info": {}, "observation": {"remainingOverageTime": 60, "index": 2}, "status": "DONE"}, {"action": "NORTH", "reward": 301, "info": {}, "observation": {"remainingOverageTime": 60, "index": 3}, "status": "DONE"}], [{"action": "EAST", "reward": 3906, "info": {}, "observation": {"remainingOverageTime": 60, "step": 38, "geese": [[68, 67, 66, 55, 44, 54], [37, 36, 35, 34, 33, 43, 42, 41, 40, 39, 38], [], []], "food": [60, 8], "index": 0}, "status": "ACTIVE"}, {"action": "EAST", "reward": 3911, "info": {}, "observation": {"remainingOverageTime": 60, "index": 1}, "status": "ACTIVE"}, {"action": "NORTH", "reward": 401, "info": {}, "observation": {"remainingOverageTime": 60, "index": 2}, "status": "DONE"}, {"action": "NORTH", "reward": 301, "info": {}, "observation": {"remainingOverageTime": 60, "index": 3}, "status": "DONE"}], [{"action": "EAST", "reward": 4006, "info": {}, "observation": {"remainingOverageTime": 60, "step": 39, "geese": [[69, 68, 67, 66, 55, 44], [38, 37, 36, 35, 34, 33, 43, 42, 41, 40, 39], [], []], "food": [60, 8], "index": 0}, "status": "ACTIVE"}, {"action": "EAST", "reward": 4011, "info": {}, "observation": {"remainingOverageTime": 60, "index": 1}, "status": "ACTIVE"}, {"action": "NORTH", "reward": 401, "info": {}, "observation": {"remainingOverageTime": 60, "index": 2}, "status": "DONE"}, {"action": "NORTH", "reward": 301, "info": {}, "observation": {"remainingOverageTime": 60, "index": 3}, "status": "DONE"}], [{"action": "EAST", "reward": 4105, "info": {}, "observation": {"remainingOverageTime": 60, "step": 40, "geese": [[70, 69, 68, 67, 66], [49, 38, 37, 36, 35, 34, 33, 43, 42, 41], [], []], "food": [60, 8], "index": 0}, "status": "ACTIVE"}, {"action": "SOUTH", "reward": 4110, "info": {}, "observation": {"remainingOverageTime": 60, "index": 1}, "status": "ACTIVE"}, {"action": "NORTH", "reward": 401, "info": {}, "observation": {"remainingOverageTime": 60, "index": 2}, "status": "DONE"}, {"action": "NORTH", "reward": 301, "info": {}, "observation": {"remainingOverageTime": 60, "index": 3}, "status": "DONE"}], [{"action": "EAST", "reward": 4205, "info": {}, "observation": {"remainingOverageTime": 60, "step": 41, "geese": [[71, 70, 69, 68, 67], [60, 49, 38, 37, 36, 35, 34, 33, 43, 42, 41], [], []], "food": [8, 22], "index": 0}, "status": "ACTIVE"}, {"action": "SOUTH", "reward": 4211, "info": {}, "observation": {"remainingOverageTime": 60, "index": 1}, "status": "ACTIVE"}, {"action": "NORTH", "reward": 401, "info": {}, "observation": {"remainingOverageTime": 60, "index": 2}, "status": "DONE"}, {"action": "NORTH", "reward": 301, "info": {}, "observation": {"remainingOverageTime": 60, "index": 3}, "status": "DONE"}], [{"action": "EAST", "reward": 4305, "info": {}, "observation": {"remainingOverageTime": 60, "step": 42, "geese": [[72, 71, 70, 69, 68], [61, 60, 49, 38, 37, 36, 35, 34, 33, 43, 42], [], []], "food": [8, 22], "index": 0}, "status": "ACTIVE"}, {"action": "EAST", "reward": 4311, "info": {}, "observation": {"remainingOverageTime": 60, "index": 1}, "status": "ACTIVE"}, {"action": "NORTH", "reward": 401, "info": {}, "observation": {"remainingOverageTime": 60, "index": 2}, "status": "DONE"}, {"action": "NORTH", "reward": 301, "info": {}, "observation": {"remainingOverageTime": 60, "index": 3}, "status": "DONE"}], [{"action": "EAST", "reward": 4405, "info": {}, "observation": {"remainingOverageTime": 60, "step": 43, "geese": [[73, 72, 71, 70, 69], [62, 61, 60, 49, 38, 37, 36, 35, 34, 33, 43], [], []], "food": [8, 22], "index": 0}, "status": "ACTIVE"}, {"action": "EAST", "reward": 4411, "info": {}, "observation": {"remainingOverageTime": 60, "index": 1}, "status": "ACTIVE"}, {"action": "NORTH", "reward": 401, "info": {}, "observation": {"remainingOverageTime": 60, "index": 2}, "status": "DONE"}, {"action": "NORTH", "reward": 301, "info": {}, "observation": {"remainingOverageTime": 60, "index": 3}, "status": "DONE"}], [{"action": "EAST", "reward": 4505, "info": {}, "observation": {"remainingOverageTime": 60, "step": 44, "geese": [[74, 73, 72, 71, 70], [63, 62, 61, 60, 49, 38, 37, 36, 35, 34, 33], [], []], "food": [8, 22], "index": 0}, "status": "ACTIVE"}, {"action": "EAST", "reward": 4511, "info": {}, "observation": {"remainingOverageTime": 60, "index": 1}, "status": "ACTIVE"}, {"action": "NORTH", "reward": 401, "info": {}, "observation": {"remainingOverageTime": 60, "index": 2}, "status": "DONE"}, {"action": "NORTH", "reward": 301, "info": {}, "observation": {"remainingOverageTime": 60, "index": 3}, "status": "DONE"}], [{"action": "SOUTH", "reward": 4606, "info": {}, "observation": {"remainingOverageTime": 60, "step": 45, "geese": [[8, 74, 73, 72, 71, 70], [64, 63, 62, 61, 60, 49, 38, 37, 36, 35, 34], [], []], "food": [22, 5], "index": 0}, "status": "ACTIVE"}, {"action": "EAST", "reward": 4611, "info": {}, "observation": {"remainingOverageTime": 60, "index": 1}, "status": "ACTIVE"}, {"action": "NORTH", "reward": 401, "info": {}, "observation": {"remainingOverageTime": 60, "index": 2}, "status": "DONE"}, {"action": "NORTH", "reward": 301, "info": {}, "observation": {"remainingOverageTime": 60, "index": 3}, "status": "DONE"}], [{"action": "WEST", "reward": 4706, "info": {}, "observation": {"remainingOverageTime": 60, "step": 46, "geese": [[7, 8, 74, 73, 72, 71], [65, 64, 63, 62, 61, 60, 49, 38, 37, 36, 35], [], []], "food": [22, 5], "index": 0}, "status": "ACTIVE"}, {"action": "EAST", "reward": 4711, "info": {}, "observation": {"remainingOverageTime": 60, "index": 1}, "status": "ACTIVE"}, {"action": "NORTH", "reward": 401, "info": {}, "observation": {"remainingOverageTime": 60, "index": 2}, "status": "DONE"}, {"action": "NORTH", "reward": 301, "info": {}, "observation": {"remainingOverageTime": 60, "index": 3}, "status": "DONE"}], [{"action": "WEST", "reward": 4806, "info": {}, "observation": {"remainingOverageTime": 60, "step": 47, "geese": [[6, 7, 8, 74, 73, 72], [55, 65, 64, 63, 62, 61, 60, 49, 38, 37, 36], [], []], "food": [22, 5], "index": 0}, "status": "ACTIVE"}, {"action": "EAST", "reward": 4811, "info": {}, "observation": {"remainingOverageTime": 60, "index": 1}, "status": "ACTIVE"}, {"action": "NORTH", "reward": 401, "info": {}, "observation": {"remainingOverageTime": 60, "index": 2}, "status": "DONE"}, {"action": "NORTH", "reward": 301, "info": {}, "observation": {"remainingOverageTime": 60, "index": 3}, "status": "DONE"}], [{"action": "WEST", "reward": 4907, "info": {}, "observation": {"remainingOverageTime": 60, "step": 48, "geese": [[5, 6, 7, 8, 74, 73, 72], [44, 55, 65, 64, 63, 62, 61, 60, 49, 38, 37], [], []], "food": [22, 23], "index": 0}, "status": "ACTIVE"}, {"action": "NORTH", "reward": 4911, "info": {}, "observation": {"remainingOverageTime": 60, "index": 1}, "status": "ACTIVE"}, {"action": "NORTH", "reward": 401, "info": {}, "observation": {"remainingOverageTime": 60, "index": 2}, "status": "DONE"}, {"action": "NORTH", "reward": 301, "info": {}, "observation": {"remainingOverageTime": 60, "index": 3}, "status": "DONE"}], [{"action": "WEST", "reward": 5007, "info": {}, "observation": {"remainingOverageTime": 60, "step": 49, "geese": [[4, 5, 6, 7, 8, 74, 73], [33, 44, 55, 65, 64, 63, 62, 61, 60, 49, 38], [], []], "food": [22, 23], "index": 0}, "status": "ACTIVE"}, {"action": "NORTH", "reward": 5011, "info": {}, "observation": {"remainingOverageTime": 60, "index": 1}, "status": "ACTIVE"}, {"action": "NORTH", "reward": 401, "info": {}, "observation": {"remainingOverageTime": 60, "index": 2}, "status": "DONE"}, {"action": "NORTH", "reward": 301, "info": {}, "observation": {"remainingOverageTime": 60, "index": 3}, "status": "DONE"}], [{"action": "WEST", "reward": 5107, "info": {}, "observation": {"remainingOverageTime": 60, "step": 50, "geese": [[3, 4, 5, 6, 7, 8, 74], [22, 33, 44, 55, 65, 64, 63, 62, 61, 60, 49, 38], [], []], "food": [23, 48], "index": 0}, "status": "ACTIVE"}, {"action": "NORTH", "reward": 5112, "info": {}, "observation": {"remainingOverageTime": 60, "index": 1}, "status": "ACTIVE"}, {"action": "NORTH", "reward": 401, "info": {}, "observation": {"remainingOverageTime": 60, "index": 2}, "status": "DONE"}, {"action": "NORTH", "reward": 301, "info": {}, "observation": {"remainingOverageTime": 60, "index": 3}, "status": "DONE"}], [{"action": "NORTH", "reward": 5207, "info": {}, "observation": {"remainingOverageTime": 60, "step": 51, "geese": [[69, 3, 4, 5, 6, 7, 8], [23, 22, 33, 44, 55, 65, 64, 63, 62, 61, 60, 49, 38], [], []], "food": [48, 56], "index": 0}, "status": "ACTIVE"}, {"action": "EAST", "reward": 5213, "info": {}, "observation": {"remainingOverageTime": 60, "index": 1}, "status": "ACTIVE"}, {"action": "NORTH", "reward": 401, "info": {}, "observation": {"remainingOverageTime": 60, "index": 2}, "status": "DONE"}, {"action": "NORTH", "reward": 301, "info": {}, "observation": {"remainingOverageTime": 60, "index": 3}, "status": "DONE"}], [{"action": "EAST", "reward": 5307, "info": {}, "observation": {"remainingOverageTime": 60, "step": 52, "geese": [[70, 69, 3, 4, 5, 6, 7], [34, 23, 22, 33, 44, 55, 65, 64, 63, 62, 61, 60, 49], [], []], "food": [48, 56], "index": 0}, "status": "ACTIVE"}, {"action": "SOUTH", "reward": 5313, "info": {}, "observation": {"remainingOverageTime": 60, "index": 1}, "status": "ACTIVE"}, {"action": "NORTH", "reward": 401, "info": {}, "observation": {"remainingOverageTime": 60, "index": 2}, "status": "DONE"}, {"action": "NORTH", "reward": 301, "info": {}, "observation": {"remainingOverageTime": 60, "index": 3}, "status": "DONE"}], [{"action": "NORTH", "reward": 5407, "info": {}, "observation": {"remainingOverageTime": 60, "step": 53, "geese": [[59, 70, 69, 3, 4, 5, 6], [45, 34, 23, 22, 33, 44, 55, 65, 64, 63, 62, 61, 60], [], []], "food": [48, 56], "index": 0}, "status": "ACTIVE"}, {"action": "SOUTH", "reward": 5413, "info": {}, "observation": {"remainingOverageTime": 60, "index": 1}, "status": "ACTIVE"}, {"action": "NORTH", "reward": 401, "info": {}, "observation": {"remainingOverageTime": 60, "index": 2}, "status": "DONE"}, {"action": "NORTH", "reward": 301, "info": {}, "observation": {"remainingOverageTime": 60, "index": 3}, "status": "DONE"}], [{"action": "NORTH", "reward": 5508, "info": {}, "observation": {"remainingOverageTime": 60, "step": 54, "geese": [[48, 59, 70, 69, 3, 4, 5, 6], [56, 45, 34, 23, 22, 33, 44, 55, 65, 64, 63, 62, 61, 60], [], []], "food": [43, 8], "index": 0}, "status": "ACTIVE"}, {"action": "SOUTH", "reward": 5514, "info": {}, "observation": {"remainingOverageTime": 60, "index": 1}, "status": "ACTIVE"}, {"action": "NORTH", "reward": 401, "info": {}, "observation": {"remainingOverageTime": 60, "index": 2}, "status": "DONE"}, {"action": "NORTH", "reward": 301, "info": {}, "observation": {"remainingOverageTime": 60, "index": 3}, "status": "DONE"}], [{"action": "EAST", "reward": 5608, "info": {}, "observation": {"remainingOverageTime": 60, "step": 55, "geese": [[49, 48, 59, 70, 69, 3, 4, 5], [67, 56, 45, 34, 23, 22, 33, 44, 55, 65, 64, 63, 62, 61], [], []], "food": [43, 8], "index": 0}, "status": "ACTIVE"}, {"action": "SOUTH", "reward": 5614, "info": {}, "observation": {"remainingOverageTime": 60, "index": 1}, "status": "ACTIVE"}, {"action": "NORTH", "reward": 401, "info": {}, "observation": {"remainingOverageTime": 60, "index": 2}, "status": "DONE"}, {"action": "NORTH", "reward": 301, "info": {}, "observation": {"remainingOverageTime": 60, "index": 3}, "status": "DONE"}], [{"action": "EAST", "reward": 5708, "info": {}, "observation": {"remainingOverageTime": 60, "step": 56, "geese": [[50, 49, 48, 59, 70, 69, 3, 4], [66, 67, 56, 45, 34, 23, 22, 33, 44, 55, 65, 64, 63, 62], [], []], "food": [43, 8], "index": 0}, "status": "ACTIVE"}, {"action": "WEST", "reward": 5714, "info": {}, "observation": {"remainingOverageTime": 60, "index": 1}, "status": "ACTIVE"}, {"action": "NORTH", "reward": 401, "info": {}, "observation": {"remainingOverageTime": 60, "index": 2}, "status": "DONE"}, {"action": "NORTH", "reward": 301, "info": {}, "observation": {"remainingOverageTime": 60, "index": 3}, "status": "DONE"}], [{"action": "EAST", "reward": 5808, "info": {}, "observation": {"remainingOverageTime": 60, "step": 57, "geese": [[51, 50, 49, 48, 59, 70, 69, 3], [76, 66, 67, 56, 45, 34, 23, 22, 33, 44, 55, 65, 64, 63], [], []], "food": [43, 8], "index": 0}, "status": "ACTIVE"}, {"action": "WEST", "reward": 5814, "info": {}, "observation": {"remainingOverageTime": 60, "index": 1}, "status": "ACTIVE"}, {"action": "NORTH", "reward": 401, "info": {}, "observation": {"remainingOverageTime": 60, "index": 2}, "status": "DONE"}, {"action": "NORTH", "reward": 301, "info": {}, "observation": {"remainingOverageTime": 60, "index": 3}, "status": "DONE"}], [{"action": "EAST", "reward": 5908, "info": {}, "observation": {"remainingOverageTime": 60, "step": 58, "geese": [[52, 51, 50, 49, 48, 59, 70, 69], [75, 76, 66, 67, 56, 45, 34, 23, 22, 33, 44, 55, 65, 64], [], []], "food": [43, 8], "index": 0}, "status": "ACTIVE"}, {"action": "WEST", "reward": 5914, "info": {}, "observation": {"remainingOverageTime": 60, "index": 1}, "status": "ACTIVE"}, {"action": "NORTH", "reward": 401, "info": {}, "observation": {"remainingOverageTime": 60, "index": 2}, "status": "DONE"}, {"action": "NORTH", "reward": 301, "info": {}, "observation": {"remainingOverageTime": 60, "index": 3}, "status": "DONE"}], [{"action": "EAST", "reward": 6008, "info": {}, "observation": {"remainingOverageTime": 60, "step": 59, "geese": [[53, 52, 51, 50, 49, 48, 59, 70], [74, 75, 76, 66, 67, 56, 45, 34, 23, 22, 33, 44, 55, 65], [], []], "food": [43, 8], "index": 0}, "status": "ACTIVE"}, {"action": "WEST", "reward": 6014, "info": {}, "observation": {"remainingOverageTime": 60, "index": 1}, "status": "ACTIVE"}, {"action": "NORTH", "reward": 401, "info": {}, "observation": {"remainingOverageTime": 60, "index": 2}, "status": "DONE"}, {"action": "NORTH", "reward": 301, "info": {}, "observation": {"remainingOverageTime": 60, "index": 3}, "status": "DONE"}], [{"action": "EAST", "reward": 6108, "info": {}, "observation": {"remainingOverageTime": 60, "step": 60, "geese": [[54, 53, 52, 51, 50, 49, 48, 59], [8, 74, 75, 76, 66, 67, 56, 45, 34, 23, 22, 33, 44, 55, 65], [], []], "food": [43, 28], "index": 0}, "status": "ACTIVE"}, {"action": "SOUTH", "reward": 6115, "info": {}, "observation": {"remainingOverageTime": 60, "index": 1}, "status": "ACTIVE"}, {"action": "NORTH", "reward": 401, "info": {}, "observation": {"remainingOverageTime": 60, "index": 2}, "status": "DONE"}, {"action": "NORTH", "reward": 301, "info": {}, "observation": {"remainingOverageTime": 60, "index": 3}, "status": "DONE"}], [{"action": "NORTH", "reward": 6209, "info": {}, "observation": {"remainingOverageTime": 60, "step": 61, "geese": [[43, 54, 53, 52, 51, 50, 49, 48, 59], [7, 8, 74, 75, 76, 66, 67, 56, 45, 34, 23, 22, 33, 44, 55], [], []], "food": [28, 37], "index": 0}, "status": "ACTIVE"}, {"action": "WEST", "reward": 6215, "info": {}, "observation": {"remainingOverageTime": 60, "index": 1}, "status": "ACTIVE"}, {"action": "NORTH", "reward": 401, "info": {}, "observation": {"remainingOverageTime": 60, "index": 2}, "status": "DONE"}, {"action": "NORTH", "reward": 301, "info": {}, "observation": {"remainingOverageTime": 60, "index": 3}, "status": "DONE"}], [{"action": "NORTH", "reward": 6309, "info": {}, "observation": {"remainingOverageTime": 60, "step": 62, "geese": [[32, 43, 54, 53, 52, 51, 50, 49, 48], [6, 7, 8, 74, 75, 76, 66, 67, 56, 45, 34, 23, 22, 33, 44], [], []], "food": [28, 37], "index": 0}, "status": "ACTIVE"}, {"action": "WEST", "reward": 6315, "info": {}, "observation": {"remainingOverageTime": 60, "index": 1}, "status": "ACTIVE"}, {"action": "NORTH", "reward": 401, "info": {}, "observation": {"remainingOverageTime": 60, "index": 2}, "status": "DONE"}, {"action": "NORTH", "reward": 301, "info": {}, "observation": {"remainingOverageTime": 60, "index": 3}, "status": "DONE"}], [{"action": "WEST", "reward": 6409, "info": {}, "observation": {"remainingOverageTime": 60, "step": 63, "geese": [[31, 32, 43, 54, 53, 52, 51, 50, 49], [17, 6, 7, 8, 74, 75, 76, 66, 67, 56, 45, 34, 23, 22, 33], [], []], "food": [28, 37], "index": 0}, "status": "ACTIVE"}, {"action": "SOUTH", "reward": 6415, "info": {}, "observation": {"remainingOverageTime": 60, "index": 1}, "status": "ACTIVE"}, {"action": "NORTH", "reward": 401, "info": {}, "observation": {"remainingOverageTime": 60, "index": 2}, "status": "DONE"}, {"action": "NORTH", "reward": 301, "info": {}, "observation": {"remainingOverageTime": 60, "index": 3}, "status": "DONE"}], [{"action": "WEST", "reward": 6509, "info": {}, "observation": {"remainingOverageTime": 60, "step": 64, "geese": [[30, 31, 32, 43, 54, 53, 52, 51, 50], [28, 17, 6, 7, 8, 74, 75, 76, 66, 67, 56, 45, 34, 23, 22, 33], [], []], "food": [37, 21], "index": 0}, "status": "ACTIVE"}, {"action": "SOUTH", "reward": 6516, "info": {}, "observation": {"remainingOverageTime": 60, "index": 1}, "status": "ACTIVE"}, {"action": "NORTH", "reward": 401, "info": {}, "observation": {"remainingOverageTime": 60, "index": 2}, "status": "DONE"}, {"action": "NORTH", "reward": 301, "info": {}, "observation": {"remainingOverageTime": 60, "index": 3}, "status": "DONE"}], [{"action": "NORTH", "reward": 6609, "info": {}, "observation": {"remainingOverageTime": 60, "step": 65, "geese": [[19, 30, 31, 32, 43, 54, 53, 52, 51], [27, 28, 17, 6, 7, 8, 74, 75, 76, 66, 67, 56, 45, 34, 23, 22], [], []], "food": [37, 21], "index": 0}, "status": "ACTIVE"}, {"action": "WEST", "reward": 6616, "info": {}, "observation": {"remainingOverageTime": 60, "index": 1}, "status": "ACTIVE"}, {"action": "NORTH", "reward": 401, "info": {}, "observation": {"remainingOverageTime": 60, "index": 2}, "status": "DONE"}, {"action": "NORTH", "reward": 301, "info": {}, "observation": {"remainingOverageTime": 60, "index": 3}, "status": "DONE"}], [{"action": "EAST", "reward": 6709, "info": {}, "observation": {"remainingOverageTime": 60, "step": 66, "geese": [[20, 19, 30, 31, 32, 43, 54, 53, 52], [26, 27, 28, 17, 6, 7, 8, 74, 75, 76, 66, 67, 56, 45, 34, 23], [], []], "food": [37, 21], "index": 0}, "status": "ACTIVE"}, {"action": "WEST", "reward": 6716, "info": {}, "observation": {"remainingOverageTime": 60, "index": 1}, "status": "ACTIVE"}, {"action": "NORTH", "reward": 401, "info": {}, "observation": {"remainingOverageTime": 60, "index": 2}, "status": "DONE"}, {"action": "NORTH", "reward": 301, "info": {}, "observation": {"remainingOverageTime": 60, "index": 3}, "status": "DONE"}], [{"action": "EAST", "reward": 6810, "info": {}, "observation": {"remainingOverageTime": 60, "step": 67, "geese": [[21, 20, 19, 30, 31, 32, 43, 54, 53, 52], [37, 26, 27, 28, 17, 6, 7, 8, 74, 75, 76, 66, 67, 56, 45, 34, 23], [], []], "food": [64, 1], "index": 0}, "status": "ACTIVE"}, {"action": "SOUTH", "reward": 6817, "info": {}, "observation": {"remainingOverageTime": 60, "index": 1}, "status": "ACTIVE"}, {"action": "NORTH", "reward": 401, "info": {}, "observation": {"remainingOverageTime": 60, "index": 2}, "status": "DONE"}, {"action": "NORTH", "reward": 301, "info": {}, "observation": {"remainingOverageTime": 60, "index": 3}, "status": "DONE"}], [{"action": "EAST", "reward": 6910, "info": {}, "observation": {"remainingOverageTime": 60, "step": 68, "geese": [[11, 21, 20, 19, 30, 31, 32, 43, 54, 53], [36, 37, 26, 27, 28, 17, 6, 7, 8, 74, 75, 76, 66, 67, 56, 45, 34], [], []], "food": [64, 1], "index": 0}, "status": "ACTIVE"}, {"action": "WEST", "reward": 6917, "info": {}, "observation": {"remainingOverageTime": 60, "index": 1}, "status": "ACTIVE"}, {"action": "NORTH", "reward": 401, "info": {}, "observation": {"remainingOverageTime": 60, "index": 2}, "status": "DONE"}, {"action": "NORTH", "reward": 301, "info": {}, "observation": {"remainingOverageTime": 60, "index": 3}, "status": "DONE"}], [{"action": "EAST", "reward": 7010, "info": {}, "observation": {"remainingOverageTime": 60, "step": 69, "geese": [[12, 11, 21, 20, 19, 30, 31, 32, 43, 54], [25, 36, 37, 26, 27, 28, 17, 6, 7, 8, 74, 75, 76, 66, 67, 56, 45], [], []], "food": [64, 1], "index": 0}, "status": "ACTIVE"}, {"action": "NORTH", "reward": 7017, "info": {}, "observation": {"remainingOverageTime": 60, "index": 1}, "status": "ACTIVE"}, {"action": "NORTH", "reward": 401, "info": {}, "observation": {"remainingOverageTime": 60, "index": 2}, "status": "DONE"}, {"action": "NORTH", "reward": 301, "info": {}, "observation": {"remainingOverageTime": 60, "index": 3}, "status": "DONE"}], [{"action": "NORTH", "reward": 7111, "info": {}, "observation": {"remainingOverageTime": 60, "step": 70, "geese": [[1, 12, 11, 21, 20, 19, 30, 31, 32, 43, 54], [24, 25, 36, 37, 26, 27, 28, 17, 6, 7, 8, 74, 75, 76, 66, 67, 56], [], []], "food": [64, 16], "index": 0}, "status": "ACTIVE"}, {"action": "WEST", "reward": 7117, "info": {}, "observation": {"remainingOverageTime": 60, "index": 1}, "status": "ACTIVE"}, {"action": "NORTH", "reward": 401, "info": {}, "observation": {"remainingOverageTime": 60, "index": 2}, "status": "DONE"}, {"action": "NORTH", "reward": 301, "info": {}, "observation": {"remainingOverageTime": 60, "index": 3}, "status": "DONE"}], [{"action": "EAST", "reward": 7211, "info": {}, "observation": {"remainingOverageTime": 60, "step": 71, "geese": [[2, 1, 12, 11, 21, 20, 19, 30, 31, 32, 43], [13, 24, 25, 36, 37, 26, 27, 28, 17, 6, 7, 8, 74, 75, 76, 66, 67], [], []], "food": [64, 16], "index": 0}, "status": "ACTIVE"}, {"action": "NORTH", "reward": 7217, "info": {}, "observation": {"remainingOverageTime": 60, "index": 1}, "status": "ACTIVE"}, {"action": "NORTH", "reward": 401, "info": {}, "observation": {"remainingOverageTime": 60, "index": 2}, "status": "DONE"}, {"action": "NORTH", "reward": 301, "info": {}, "observation": {"remainingOverageTime": 60, "index": 3}, "status": "DONE"}], [{"action": "EAST", "reward": 7311, "info": {}, "observation": {"remainingOverageTime": 60, "step": 72, "geese": [[3, 2, 1, 12, 11, 21, 20, 19, 30, 31, 32], [14, 13, 24, 25, 36, 37, 26, 27, 28, 17, 6, 7, 8, 74, 75, 76, 66], [], []], "food": [64, 16], "index": 0}, "status": "ACTIVE"}, {"action": "EAST", "reward": 7317, "info": {}, "observation": {"remainingOverageTime": 60, "index": 1}, "status": "ACTIVE"}, {"action": "NORTH", "reward": 401, "info": {}, "observation": {"remainingOverageTime": 60, "index": 2}, "status": "DONE"}, {"action": "NORTH", "reward": 301, "info": {}, "observation": {"remainingOverageTime": 60, "index": 3}, "status": "DONE"}], [{"action": "EAST", "reward": 7411, "info": {}, "observation": {"remainingOverageTime": 60, "step": 73, "geese": [[4, 3, 2, 1, 12, 11, 21, 20, 19, 30, 31], [15, 14, 13, 24, 25, 36, 37, 26, 27, 28, 17, 6, 7, 8, 74, 75, 76], [], []], "food": [64, 16], "index": 0}, "status": "ACTIVE"}, {"action": "EAST", "reward": 7417, "info": {}, "observation": {"remainingOverageTime": 60, "index": 1}, "status": "ACTIVE"}, {"action": "NORTH", "reward": 401, "info": {}, "observation": {"remainingOverageTime": 60, "index": 2}, "status": "DONE"}, {"action": "NORTH", "reward": 301, "info": {}, "observation": {"remainingOverageTime": 60, "index": 3}, "status": "DONE"}], [{"action": "EAST", "reward": 7511, "info": {}, "observation": {"remainingOverageTime": 60, "step": 74, "geese": [[5, 4, 3, 2, 1, 12, 11, 21, 20, 19, 30], [16, 15, 14, 13, 24, 25, 36, 37, 26, 27, 28, 17, 6, 7, 8, 74, 75, 76], [], []], "food": [64, 9], "index": 0}, "status": "ACTIVE"}, {"action": "EAST", "reward": 7518, "info": {}, "observation": {"remainingOverageTime": 60, "index": 1}, "status": "ACTIVE"}, {"action": "NORTH", "reward": 401, "info": {}, "observation": {"remainingOverageTime": 60, "index": 2}, "status": "DONE"}, {"action": "NORTH", "reward": 301, "info": {}, "observation": {"remainingOverageTime": 60, "index": 3}, "status": "DONE"}], [{"action": "NORTH", "reward": 7611, "info": {}, "observation": {"remainingOverageTime": 60, "step": 75, "geese": [[71, 5, 4, 3, 2, 1, 12, 11, 21, 20, 19], [], [], []], "food": [64, 9], "index": 0}, "status": "DONE"}, {"action": "WEST", "reward": 7518, "info": {}, "observation": {"remainingOverageTime": 60, "index": 1}, "status": "DONE"}, {"action": "NORTH", "reward": 401, "info": {}, "observation": {"remainingOverageTime": 60, "index": 2}, "status": "DONE"}, {"action": "NORTH", "reward": 301, "info": {}, "observation": {"remainingOverageTime": 60, "index": 3}, "status": "DONE"}]], "rewards": [7611, 7518, 401, 301], "statuses": ["DONE", "DONE", "DONE", "DONE"], "schema_version": 1, "info": {}}