{"id": "a676eb6a-db0c-11ee-b332-0242ac1c000c", "name": "hungry_geese", "title": "Hungry Geese", "description": "Similar to the classic snake game with multiple players", "version": "1.0.0", "configuration": {"episodeSteps": 200, "actTimeout": 1, "runTimeout": 1200, "columns": 11, "rows": 7, "hunger_rate": 40, "min_food": 2, "max_length": 99}, "specification": {"action": {"description": "Direction to move the head of your players goose.", "type": "string", "enum": ["NORTH", "EAST", "SOUTH", "WEST"], "default": "NORTH"}, "agents": [1, 2, 3, 4, 5, 6, 7, 8], "configuration": {"episodeSteps": {"description": "Maximum number of steps in the episode.", "type": "integer", "minimum": 1, "default": 200}, "actTimeout": {"description": "Maximum runtime (seconds) to obtain an action from an agent.", "type": "number", "minimum": 0, "default": 1}, "runTimeout": {"description": "Maximum runtime (seconds) of an episode (not necessarily DONE).", "type": "number", "minimum": 0, "default": 1200}, "columns": {"description": "Horizontal number of cells on the board.", "type": "integer", "default": 11, "minimum": 3}, "rows": {"description": "Vertical number of cells on the board.", "type": "integer", "default": 7, "minimum": 3}, "hunger_rate": {"description": "The number of steps before the goose shrinks a cell.", "type": "integer", "minimum": 1, "default": 40}, "min_food": {"description": "The minimum amount of food present for all steps.", "type": "integer", "default": 2, "minimum": 1}, "max_length": {"description": "The max length any goose can be. Total reward = (max length + 1) * steps survived + goose length.", "type": "integer", "default": 99}}, "info": {}, "observation": {"remainingOverageTime": {"description": "Total remaining banked time (seconds) that can be used in excess of per-step actTimeouts -- agent is disqualified with TIMEOUT status when this drops below 0.", "shared": false, "type": "number", "minimum": 0, "default": 60}, "step": {"description": "Current step within the episode.", "type": "integer", "shared": true, "minimum": 0, "default": 0}, "geese": {"description": "List of geese in order by the agent index.", "type": "array", "default": [], "shared": true}, "food": {"description": "Positions on the board where food is present.", "type": "array", "default": [], "shared": true}, "index": {"description": "Index of the current agent's goose in the list of geese.", "type": "integer", "minimum": 0, "defaults": [0, 1, 2, 3, 4, 5, 6, 7]}}, "reward": {"description": "steps survived * (max goose length + 1) + current goose length.", "type": ["number", "null"], "default": 0, "minimum": 0}}, "steps": [[{"action": "NORTH", "reward": 0, "info": {}, "observation": {"remainingOverageTime": 60, "step": 0, "geese": [[25], [51], [6], [12]], "food": [56, 22], "index": 0}, "status": "ACTIVE"}, {"action": "NORTH", "reward": 0, "info": {}, "observation": {"remainingOverageTime": 60, "index": 1}, "status": "ACTIVE"}, {"action": "NORTH", "reward": 0, "info": {}, "observation": {"remainingOverageTime": 60, "index": 2}, "status": "ACTIVE"}, {"action": "NORTH", "reward": 0, "info": {}, "observation": {"remainingOverageTime": 60, "index": 3}, "status": "ACTIVE"}], [{"action": "WEST", "reward": 201, "info": {}, "observation": {"remainingOverageTime": 60, "step": 1, "geese": [[24], [52], [7], [11]], "food": [56, 22], "index": 0}, "status": "ACTIVE"}, {"action": "EAST", "reward": 201, "info": {}, "observation": {"remainingOverageTime": 60, "index": 1}, "status": "ACTIVE"}, {"action": "EAST", "reward": 201, "info": {}, "observation": {"remainingOverageTime": 60, "index": 2}, "status": "ACTIVE"}, {"action": "WEST", "reward": 201, "info": {}, "observation": {"remainingOverageTime": 60, "index": 3}, "status": "ACTIVE"}], [{"action": "WEST", "reward": 301, "info": {}, "observation": {"remainingOverageTime": 60, "step": 2, "geese": [[23], [53], [8], [22, 11]], "food": [56, 69], "index": 0}, "status": "ACTIVE"}, {"action": "EAST", "reward": 301, "info": {}, "observation": {"remainingOverageTime": 60, "index": 1}, "status": "ACTIVE"}, {"action": "EAST", "reward": 301, "info": {}, "observation": {"remainingOverageTime": 60, "index": 2}, "status": "ACTIVE"}, {"action": "SOUTH", "reward": 302, "info": {}, "observation": {"remainingOverageTime": 60, "index": 3}, "status": "ACTIVE"}], [{"action": "SOUTH", "reward": 401, "info": {}, "observation": {"remainingOverageTime": 60, "step": 3, "geese": [[34], [54], [9], [33, 22]], "food": [56, 69], "index": 0}, "status": "ACTIVE"}, {"action": "EAST", "reward": 401, "info": {}, "observation": {"remainingOverageTime": 60, "index": 1}, "status": "ACTIVE"}, {"action": "EAST", "reward": 401, "info": {}, "observation": {"remainingOverageTime": 60, "index": 2}, "status": "ACTIVE"}, {"action": "SOUTH", "reward": 402, "info": {}, "observation": {"remainingOverageTime": 60, "index": 3}, "status": "ACTIVE"}], [{"action": "SOUTH", "reward": 501, "info": {}, "observation": {"remainingOverageTime": 60, "step": 4, "geese": [[45], [65], [10], []], "food": [56, 69], "index": 0}, "status": "ACTIVE"}, {"action": "SOUTH", "reward": 501, "info": {}, "observation": {"remainingOverageTime": 60, "index": 1}, "status": "ACTIVE"}, {"action": "EAST", "reward": 501, "info": {}, "observation": {"remainingOverageTime": 60, "index": 2}, "status": "ACTIVE"}, {"action": "NORTH", "reward": 402, "info": {}, "observation": {"remainingOverageTime": 60, "index": 3}, "status": "DONE"}], [{"action": "SOUTH", "reward": 602, "info": {}, "observation": {"remainingOverageTime": 60, "step": 5, "geese": [[56, 45], [55], [0], []], "food": [69, 18], "index": 0}, "status": "ACTIVE"}, {"action": "EAST", "reward": 601, "info": {}, "observation": {"remainingOverageTime": 60, "index": 1}, "status": "ACTIVE"}, {"action": "EAST", "reward": 601, "info": {}, "observation": {"remainingOverageTime": 60, "index": 2}, "status": "ACTIVE"}, {"action": "NORTH", "reward": 402, "info": {}, "observation": {"remainingOverageTime": 60, "index": 3}, "status": "DONE"}], [{"action": "EAST", "reward": 702, "info": {}, "observation": {"remainingOverageTime": 60, "step": 6, "geese": [[57, 56], [], [1], []], "food": [69, 18], "index": 0}, "status": "ACTIVE"}, {"action": "WEST", "reward": 601, "info": {}, "observation": {"remainingOverageTime": 60, "index": 1}, "status": "DONE"}, {"action": "EAST", "reward": 701, "info": {}, "observation": {"remainingOverageTime": 60, "index": 2}, "status": "ACTIVE"}, {"action": "NORTH", "reward": 402, "info": {}, "observation": {"remainingOverageTime": 60, "index": 3}, "status": "DONE"}], [{"action": "EAST", "reward": 802, "info": {}, "observation": {"remainingOverageTime": 60, "step": 7, "geese": [[58, 57], [], [2], []], "food": [69, 18], "index": 0}, "status": "ACTIVE"}, {"action": "NORTH", "reward": 601, "info": {}, "observation": {"remainingOverageTime": 60, "index": 1}, "status": "DONE"}, {"action": "EAST", "reward": 801, "info": {}, "observation": {"remainingOverageTime": 60, "index": 2}, "status": "ACTIVE"}, {"action": "NORTH", "reward": 402, "info": {}, "observation": {"remainingOverageTime": 60, "index": 3}, "status": "DONE"}], [{"action": "SOUTH", "reward": 903, "info": {}, "observation": {"remainingOverageTime": 60, "step": 8, "geese": [[69, 58, 57], [], [3], []], "food": [18, 5], "index": 0}, "status": "ACTIVE"}, {"action": "NORTH", "reward": 601, "info": {}, "observation": {"remainingOverageTime": 60, "index": 1}, "status": "DONE"}, {"action": "EAST", "reward": 901, "info": {}, "observation": {"remainingOverageTime": 60, "index": 2}, "status": "ACTIVE"}, {"action": "NORTH", "reward": 402, "info": {}, "observation": {"remainingOverageTime": 60, "index": 3}, "status": "DONE"}], [{"action": "EAST", "reward": 1003, "info": {}, "observation": {"remainingOverageTime": 60, "step": 9, "geese": [[70, 69, 58], [], [4], []], "food": [18, 5], "index": 0}, "status": "ACTIVE"}, {"action": "NORTH", "reward": 601, "info": {}, "observation": {"remainingOverageTime": 60, "index": 1}, "status": "DONE"}, {"action": "EAST", "reward": 1001, "info": {}, "observation": {"remainingOverageTime": 60, "index": 2}, "status": "ACTIVE"}, {"action": "NORTH", "reward": 402, "info": {}, "observation": {"remainingOverageTime": 60, "index": 3}, "status": "DONE"}], [{"action": "EAST", "reward": 1103, "info": {}, "observation": {"remainingOverageTime": 60, "step": 10, "geese": [[71, 70, 69], [], [5, 4], []], "food": [18, 63], "index": 0}, "status": "ACTIVE"}, {"action": "NORTH", "reward": 601, "info": {}, "observation": {"remainingOverageTime": 60, "index": 1}, "status": "DONE"}, {"action": "EAST", "reward": 1102, "info": {}, "observation": {"remainingOverageTime": 60, "index": 2}, "status": "ACTIVE"}, {"action": "NORTH", "reward": 402, "info": {}, "observation": {"remainingOverageTime": 60, "index": 3}, "status": "DONE"}], [{"action": "EAST", "reward": 1203, "info": {}, "observation": {"remainingOverageTime": 60, "step": 11, "geese": [[72, 71, 70], [], [6, 5], []], "food": [18, 63], "index": 0}, "status": "ACTIVE"}, {"action": "NORTH", "reward": 601, "info": {}, "observation": {"remainingOverageTime": 60, "index": 1}, "status": "DONE"}, {"action": "EAST", "reward": 1202, "info": {}, "observation": {"remainingOverageTime": 60, "index": 2}, "status": "ACTIVE"}, {"action": "NORTH", "reward": 402, "info": {}, "observation": {"remainingOverageTime": 60, "index": 3}, "status": "DONE"}], [{"action": "EAST", "reward": 1303, "info": {}, "observation": {"remainingOverageTime": 60, "step": 12, "geese": [[73, 72, 71], [], [7, 6], []], "food": [18, 63], "index": 0}, "status": "ACTIVE"}, {"action": "NORTH", "reward": 601, "info": {}, "observation": {"remainingOverageTime": 60, "index": 1}, "status": "DONE"}, {"action": "EAST", "reward": 1302, "info": {}, "observation": {"remainingOverageTime": 60, "index": 2}, "status": "ACTIVE"}, {"action": "NORTH", "reward": 402, "info": {}, "observation": {"remainingOverageTime": 60, "index": 3}, "status": "DONE"}], [{"action": "EAST", "reward": 1403, "info": {}, "observation": {"remainingOverageTime": 60, "step": 13, "geese": [[74, 73, 72], [], [18, 7, 6], []], "food": [63, 11], "index": 0}, "status": "ACTIVE"}, {"action": "NORTH", "reward": 601, "info": {}, "observation": {"remainingOverageTime": 60, "index": 1}, "status": "DONE"}, {"action": "SOUTH", "reward": 1403, "info": {}, "observation": {"remainingOverageTime": 60, "index": 2}, "status": "ACTIVE"}, {"action": "NORTH", "reward": 402, "info": {}, "observation": {"remainingOverageTime": 60, "index": 3}, "status": "DONE"}], [{"action": "NORTH", "reward": 1504, "info": {}, "observation": {"remainingOverageTime": 60, "step": 14, "geese": [[63, 74, 73, 72], [], [19, 18, 7], []], "food": [11, 62], "index": 0}, "status": "ACTIVE"}, {"action": "NORTH", "reward": 601, "info": {}, "observation": {"remainingOverageTime": 60, "index": 1}, "status": "DONE"}, {"action": "EAST", "reward": 1503, "info": {}, "observation": {"remainingOverageTime": 60, "index": 2}, "status": "ACTIVE"}, {"action": "NORTH", "reward": 402, "info": {}, "observation": {"remainingOverageTime": 60, "index": 3}, "status": "DONE"}], [{"action": "WEST", "reward": 1605, "info": {}, "observation": {"remainingOverageTime": 60, "step": 15, "geese": [[62, 63, 74, 73, 72], [], [20, 19, 18], []], "food": [11, 42], "index": 0}, "status": "ACTIVE"}, {"action": "NORTH", "reward": 601, "info": {}, "observation": {"remainingOverageTime": 60, "index": 1}, "status": "DONE"}, {"action": "EAST", "reward": 1603, "info": {}, "observation": {"remainingOverageTime": 60, "index": 2}, "status": "ACTIVE"}, {"action": "NORTH", "reward": 402, "info": {}, "observation": {"remainingOverageTime": 60, "index": 3}, "status": "DONE"}], [{"action": "NORTH", "reward": 1705, "info": {}, "observation": {"remainingOverageTime": 60, "step": 16, "geese": [[51, 62, 63, 74, 73], [], [21, 20, 19], []], "food": [11, 42], "index": 0}, "status": "ACTIVE"}, {"action": "NORTH", "reward": 601, "info": {}, "observation": {"remainingOverageTime": 60, "index": 1}, "status": "DONE"}, {"action": "EAST", "reward": 1703, "info": {}, "observation": {"remainingOverageTime": 60, "index": 2}, "status": "ACTIVE"}, {"action": "NORTH", "reward": 402, "info": {}, "observation": {"remainingOverageTime": 60, "index": 3}, "status": "DONE"}], [{"action": "EAST", "reward": 1805, "info": {}, "observation": {"remainingOverageTime": 60, "step": 17, "geese": [[52, 51, 62, 63, 74], [], [11, 21, 20, 19], []], "food": [42, 26], "index": 0}, "status": "ACTIVE"}, {"action": "NORTH", "reward": 601, "info": {}, "observation": {"remainingOverageTime": 60, "index": 1}, "status": "DONE"}, {"action": "EAST", "reward": 1804, "info": {}, "observation": {"remainingOverageTime": 60, "index": 2}, "status": "ACTIVE"}, {"action": "NORTH", "reward": 402, "info": {}, "observation": {"remainingOverageTime": 60, "index": 3}, "status": "DONE"}], [{"action": "EAST", "reward": 1905, "info": {}, "observation": {"remainingOverageTime": 60, "step": 18, "geese": [[53, 52, 51, 62, 63], [], [22, 11, 21, 20], []], "food": [42, 26], "index": 0}, "status": "ACTIVE"}, {"action": "NORTH", "reward": 601, "info": {}, "observation": {"remainingOverageTime": 60, "index": 1}, "status": "DONE"}, {"action": "SOUTH", "reward": 1904, "info": {}, "observation": {"remainingOverageTime": 60, "index": 2}, "status": "ACTIVE"}, {"action": "NORTH", "reward": 402, "info": {}, "observation": {"remainingOverageTime": 60, "index": 3}, "status": "DONE"}], [{"action": "NORTH", "reward": 2006, "info": {}, "observation": {"remainingOverageTime": 60, "step": 19, "geese": [[42, 53, 52, 51, 62, 63], [], [23, 22, 11, 21], []], "food": [26, 28], "index": 0}, "status": "ACTIVE"}, {"action": "NORTH", "reward": 601, "info": {}, "observation": {"remainingOverageTime": 60, "index": 1}, "status": "DONE"}, {"action": "EAST", "reward": 2004, "info": {}, "observation": {"remainingOverageTime": 60, "index": 2}, "status": "ACTIVE"}, {"action": "NORTH", "reward": 402, "info": {}, "observation": {"remainingOverageTime": 60, "index": 3}, "status": "DONE"}], [{"action": "NORTH", "reward": 2106, "info": {}, "observation": {"remainingOverageTime": 60, "step": 20, "geese": [[31, 42, 53, 52, 51, 62], [], [24, 23, 22, 11], []], "food": [26, 28], "index": 0}, "status": "ACTIVE"}, {"action": "NORTH", "reward": 601, "info": {}, "observation": {"remainingOverageTime": 60, "index": 1}, "status": "DONE"}, {"action": "EAST", "reward": 2104, "info": {}, "observation": {"remainingOverageTime": 60, "index": 2}, "status": "ACTIVE"}, {"action": "NORTH", "reward": 402, "info": {}, "observation": {"remainingOverageTime": 60, "index": 3}, "status": "DONE"}], [{"action": "WEST", "reward": 2206, "info": {}, "observation": {"remainingOverageTime": 60, "step": 21, "geese": [[30, 31, 42, 53, 52, 51], [], [25, 24, 23, 22], []], "food": [26, 28], "index": 0}, "status": "ACTIVE"}, {"action": "NORTH", "reward": 601, "info": {}, "observation": {"remainingOverageTime": 60, "index": 1}, "status": "DONE"}, {"action": "EAST", "reward": 2204, "info": {}, "observation": {"remainingOverageTime": 60, "index": 2}, "status": "ACTIVE"}, {"action": "NORTH", "reward": 402, "info": {}, "observation": {"remainingOverageTime": 60, "index": 3}, "status": "DONE"}], [{"action": "WEST", "reward": 2306, "info": {}, "observation": {"remainingOverageTime": 60, "step": 22, "geese": [[29, 30, 31, 42, 53, 52], [], [26, 25, 24, 23, 22], []], "food": [28, 44], "index": 0}, "status": "ACTIVE"}, {"action": "NORTH", "reward": 601, "info": {}, "observation": {"remainingOverageTime": 60, "index": 1}, "status": "DONE"}, {"action": "EAST", "reward": 2305, "info": {}, "observation": {"remainingOverageTime": 60, "index": 2}, "status": "ACTIVE"}, {"action": "NORTH", "reward": 402, "info": {}, "observation": {"remainingOverageTime": 60, "index": 3}, "status": "DONE"}], [{"action": "WEST", "reward": 2407, "info": {}, "observation": {"remainingOverageTime": 60, "step": 23, "geese": [[28, 29, 30, 31, 42, 53, 52], [], [37, 26, 25, 24, 23], []], "food": [44, 39], "index": 0}, "status": "ACTIVE"}, {"action": "NORTH", "reward": 601, "info": {}, "observation": {"remainingOverageTime": 60, "index": 1}, "status": "DONE"}, {"action": "SOUTH", "reward": 2405, "info": {}, "observation": {"remainingOverageTime": 60, "index": 2}, "status": "ACTIVE"}, {"action": "NORTH", "reward": 402, "info": {}, "observation": {"remainingOverageTime": 60, "index": 3}, "status": "DONE"}], [{"action": "SOUTH", "reward": 2508, "info": {}, "observation": {"remainingOverageTime": 60, "step": 24, "geese": [[39, 28, 29, 30, 31, 42, 53, 52], [], [36, 37, 26, 25, 24], []], "food": [44, 14], "index": 0}, "status": "ACTIVE"}, {"action": "NORTH", "reward": 601, "info": {}, "observation": {"remainingOverageTime": 60, "index": 1}, "status": "DONE"}, {"action": "WEST", "reward": 2505, "info": {}, "observation": {"remainingOverageTime": 60, "index": 2}, "status": "ACTIVE"}, {"action": "NORTH", "reward": 402, "info": {}, "observation": {"remainingOverageTime": 60, "index": 3}, "status": "DONE"}], [{"action": "WEST", "reward": 2608, "info": {}, "observation": {"remainingOverageTime": 60, "step": 25, "geese": [[38, 39, 28, 29, 30, 31, 42, 53], [], [35, 36, 37, 26, 25], []], "food": [44, 14], "index": 0}, "status": "ACTIVE"}, {"action": "NORTH", "reward": 601, "info": {}, "observation": {"remainingOverageTime": 60, "index": 1}, "status": "DONE"}, {"action": "WEST", "reward": 2605, "info": {}, "observation": {"remainingOverageTime": 60, "index": 2}, "status": "ACTIVE"}, {"action": "NORTH", "reward": 402, "info": {}, "observation": {"remainingOverageTime": 60, "index": 3}, "status": "DONE"}], [{"action": "NORTH", "reward": 2708, "info": {}, "observation": {"remainingOverageTime": 60, "step": 26, "geese": [[27, 38, 39, 28, 29, 30, 31, 42], [], [24, 35, 36, 37, 26], []], "food": [44, 14], "index": 0}, "status": "ACTIVE"}, {"action": "NORTH", "reward": 601, "info": {}, "observation": {"remainingOverageTime": 60, "index": 1}, "status": "DONE"}, {"action": "NORTH", "reward": 2705, "info": {}, "observation": {"remainingOverageTime": 60, "index": 2}, "status": "ACTIVE"}, {"action": "NORTH", "reward": 402, "info": {}, "observation": {"remainingOverageTime": 60, "index": 3}, "status": "DONE"}], [{"action": "NORTH", "reward": 2808, "info": {}, "observation": {"remainingOverageTime": 60, "step": 27, "geese": [[16, 27, 38, 39, 28, 29, 30, 31], [], [25, 24, 35, 36, 37], []], "food": [44, 14], "index": 0}, "status": "ACTIVE"}, {"action": "NORTH", "reward": 601, "info": {}, "observation": {"remainingOverageTime": 60, "index": 1}, "status": "DONE"}, {"action": "EAST", "reward": 2805, "info": {}, "observation": {"remainingOverageTime": 60, "index": 2}, "status": "ACTIVE"}, {"action": "NORTH", "reward": 402, "info": {}, "observation": {"remainingOverageTime": 60, "index": 3}, "status": "DONE"}], [{"action": "EAST", "reward": 2908, "info": {}, "observation": {"remainingOverageTime": 60, "step": 28, "geese": [[17, 16, 27, 38, 39, 28, 29, 30], [], [14, 25, 24, 35, 36, 37], []], "food": [44, 5], "index": 0}, "status": "ACTIVE"}, {"action": "NORTH", "reward": 601, "info": {}, "observation": {"remainingOverageTime": 60, "index": 1}, "status": "DONE"}, {"action": "NORTH", "reward": 2906, "info": {}, "observation": {"remainingOverageTime": 60, "index": 2}, "status": "ACTIVE"}, {"action": "NORTH", "reward": 402, "info": {}, "observation": {"remainingOverageTime": 60, "index": 3}, "status": "DONE"}], [{"action": "NORTH", "reward": 3008, "info": {}, "observation": {"remainingOverageTime": 60, "step": 29, "geese": [[6, 17, 16, 27, 38, 39, 28, 29], [], [15, 14, 25, 24, 35, 36], []], "food": [44, 5], "index": 0}, "status": "ACTIVE"}, {"action": "NORTH", "reward": 601, "info": {}, "observation": {"remainingOverageTime": 60, "index": 1}, "status": "DONE"}, {"action": "EAST", "reward": 3006, "info": {}, "observation": {"remainingOverageTime": 60, "index": 2}, "status": "ACTIVE"}, {"action": "NORTH", "reward": 402, "info": {}, "observation": {"remainingOverageTime": 60, "index": 3}, "status": "DONE"}], [{"action": "WEST", "reward": 3109, "info": {}, "observation": {"remainingOverageTime": 60, "step": 30, "geese": [[5, 6, 17, 16, 27, 38, 39, 28, 29], [], [26, 15, 14, 25, 24, 35], []], "food": [44, 68], "index": 0}, "status": "ACTIVE"}, {"action": "NORTH", "reward": 601, "info": {}, "observation": {"remainingOverageTime": 60, "index": 1}, "status": "DONE"}, {"action": "SOUTH", "reward": 3106, "info": {}, "observation": {"remainingOverageTime": 60, "index": 2}, "status": "ACTIVE"}, {"action": "NORTH", "reward": 402, "info": {}, "observation": {"remainingOverageTime": 60, "index": 3}, "status": "DONE"}], [{"action": "NORTH", "reward": 3209, "info": {}, "observation": {"remainingOverageTime": 60, "step": 31, "geese": [[71, 5, 6, 17, 16, 27, 38, 39, 28], [], [37, 26, 15, 14, 25, 24], []], "food": [44, 68], "index": 0}, "status": "ACTIVE"}, {"action": "NORTH", "reward": 601, "info": {}, "observation": {"remainingOverageTime": 60, "index": 1}, "status": "DONE"}, {"action": "SOUTH", "reward": 3206, "info": {}, "observation": {"remainingOverageTime": 60, "index": 2}, "status": "ACTIVE"}, {"action": "NORTH", "reward": 402, "info": {}, "observation": {"remainingOverageTime": 60, "index": 3}, "status": "DONE"}], [{"action": "WEST", "reward": 3309, "info": {}, "observation": {"remainingOverageTime": 60, "step": 32, "geese": [[70, 71, 5, 6, 17, 16, 27, 38, 39], [], [36, 37, 26, 15, 14, 25], []], "food": [44, 68], "index": 0}, "status": "ACTIVE"}, {"action": "NORTH", "reward": 601, "info": {}, "observation": {"remainingOverageTime": 60, "index": 1}, "status": "DONE"}, {"action": "WEST", "reward": 3306, "info": {}, "observation": {"remainingOverageTime": 60, "index": 2}, "status": "ACTIVE"}, {"action": "NORTH", "reward": 402, "info": {}, "observation": {"remainingOverageTime": 60, "index": 3}, "status": "DONE"}], [{"action": "WEST", "reward": 3409, "info": {}, "observation": {"remainingOverageTime": 60, "step": 33, "geese": [[69, 70, 71, 5, 6, 17, 16, 27, 38], [], [35, 36, 37, 26, 15, 14], []], "food": [44, 68], "index": 0}, "status": "ACTIVE"}, {"action": "NORTH", "reward": 601, "info": {}, "observation": {"remainingOverageTime": 60, "index": 1}, "status": "DONE"}, {"action": "WEST", "reward": 3406, "info": {}, "observation": {"remainingOverageTime": 60, "index": 2}, "status": "ACTIVE"}, {"action": "NORTH", "reward": 402, "info": {}, "observation": {"remainingOverageTime": 60, "index": 3}, "status": "DONE"}], [{"action": "WEST", "reward": 3510, "info": {}, "observation": {"remainingOverageTime": 60, "step": 34, "geese": [[68, 69, 70, 71, 5, 6, 17, 16, 27, 38], [], [34, 35, 36, 37, 26, 15], []], "food": [44, 54], "index": 0}, "status": "ACTIVE"}, {"action": "NORTH", "reward": 601, "info": {}, "observation": {"remainingOverageTime": 60, "index": 1}, "status": "DONE"}, {"action": "WEST", "reward": 3506, "info": {}, "observation": {"remainingOverageTime": 60, "index": 2}, "status": "ACTIVE"}, {"action": "NORTH", "reward": 402, "info": {}, "observation": {"remainingOverageTime": 60, "index": 3}, "status": "DONE"}], [{"action": "NORTH", "reward": 3610, "info": {}, "observation": {"remainingOverageTime": 60, "step": 35, "geese": [[57, 68, 69, 70, 71, 5, 6, 17, 16, 27], [], [33, 34, 35, 36, 37, 26], []], "food": [44, 54], "index": 0}, "status": "ACTIVE"}, {"action": "NORTH", "reward": 601, "info": {}, "observation": {"remainingOverageTime": 60, "index": 1}, "status": "DONE"}, {"action": "WEST", "reward": 3606, "info": {}, "observation": {"remainingOverageTime": 60, "index": 2}, "status": "ACTIVE"}, {"action": "NORTH", "reward": 402, "info": {}, "observation": {"remainingOverageTime": 60, "index": 3}, "status": "DONE"}], [{"action": "WEST", "reward": 3710, "info": {}, "observation": {"remainingOverageTime": 60, "step": 36, "geese": [[56, 57, 68, 69, 70, 71, 5, 6, 17, 16], [], [44, 33, 34, 35, 36, 37, 26], []], "food": [54, 31], "index": 0}, "status": "ACTIVE"}, {"action": "NORTH", "reward": 601, "info": {}, "observation": {"remainingOverageTime": 60, "index": 1}, "status": "DONE"}, {"action": "SOUTH", "reward": 3707, "info": {}, "observation": {"remainingOverageTime": 60, "index": 2}, "status": "ACTIVE"}, {"action": "NORTH", "reward": 402, "info": {}, "observation": {"remainingOverageTime": 60, "index": 3}, "status": "DONE"}], [{"action": "SOUTH", "reward": 3810, "info": {}, "observation": {"remainingOverageTime": 60, "step": 37, "geese": [[67, 56, 57, 68, 69, 70, 71, 5, 6, 17], [], [54, 44, 33, 34, 35, 36, 37, 26], []], "food": [31, 11], "index": 0}, "status": "ACTIVE"}, {"action": "NORTH", "reward": 601, "info": {}, "observation": {"remainingOverageTime": 60, "index": 1}, "status": "DONE"}, {"action": "WEST", "reward": 3808, "info": {}, "observation": {"remainingOverageTime": 60, "index": 2}, "status": "ACTIVE"}, {"action": "NORTH", "reward": 402, "info": {}, "observation": {"remainingOverageTime": 60, "index": 3}, "status": "DONE"}], [{"action": "WEST", "reward": 3910, "info": {}, "observation": {"remainingOverageTime": 60, "step": 38, "geese": [[66, 67, 56, 57, 68, 69, 70, 71, 5, 6], [], [43, 54, 44, 33, 34, 35, 36, 37], []], "food": [31, 11], "index": 0}, "status": "ACTIVE"}, {"action": "NORTH", "reward": 601, "info": {}, "observation": {"remainingOverageTime": 60, "index": 1}, "status": "DONE"}, {"action": "NORTH", "reward": 3908, "info": {}, "observation": {"remainingOverageTime": 60, "index": 2}, "status": "ACTIVE"}, {"action": "NORTH", "reward": 402, "info": {}, "observation": {"remainingOverageTime": 60, "index": 3}, "status": "DONE"}], [{"action": "SOUTH", "reward": 4010, "info": {}, "observation": {"remainingOverageTime": 60, "step": 39, "geese": [[0, 66, 67, 56, 57, 68, 69, 70, 71, 5], [], [32, 43, 54, 44, 33, 34, 35, 36], []], "food": [31, 11], "index": 0}, "status": "ACTIVE"}, {"action": "NORTH", "reward": 601, "info": {}, "observation": {"remainingOverageTime": 60, "index": 1}, "status": "DONE"}, {"action": "NORTH", "reward": 4008, "info": {}, "observation": {"remainingOverageTime": 60, "index": 2}, "status": "ACTIVE"}, {"action": "NORTH", "reward": 402, "info": {}, "observation": {"remainingOverageTime": 60, "index": 3}, "status": "DONE"}], [{"action": "SOUTH", "reward": 4110, "info": {}, "observation": {"remainingOverageTime": 60, "step": 40, "geese": [[11, 0, 66, 67, 56, 57, 68, 69, 70, 71], [], [31, 32, 43, 54, 44, 33, 34, 35], []], "food": [37, 13], "index": 0}, "status": "ACTIVE"}, {"action": "NORTH", "reward": 601, "info": {}, "observation": {"remainingOverageTime": 60, "index": 1}, "status": "DONE"}, {"action": "WEST", "reward": 4108, "info": {}, "observation": {"remainingOverageTime": 60, "index": 2}, "status": "ACTIVE"}, {"action": "NORTH", "reward": 402, "info": {}, "observation": {"remainingOverageTime": 60, "index": 3}, "status": "DONE"}], [{"action": "EAST", "reward": 4210, "info": {}, "observation": {"remainingOverageTime": 60, "step": 41, "geese": [[12, 11, 0, 66, 67, 56, 57, 68, 69, 70], [], [30, 31, 32, 43, 54, 44, 33, 34], []], "food": [37, 13], "index": 0}, "status": "ACTIVE"}, {"action": "NORTH", "reward": 601, "info": {}, "observation": {"remainingOverageTime": 60, "index": 1}, "status": "DONE"}, {"action": "WEST", "reward": 4208, "info": {}, "observation": {"remainingOverageTime": 60, "index": 2}, "status": "ACTIVE"}, {"action": "NORTH", "reward": 402, "info": {}, "observation": {"remainingOverageTime": 60, "index": 3}, "status": "DONE"}], [{"action": "EAST", "reward": 4311, "info": {}, "observation": {"remainingOverageTime": 60, "step": 42, "geese": [[13, 12, 11, 0, 66, 67, 56, 57, 68, 69, 70], [], [29, 30, 31, 32, 43, 54, 44, 33], []], "food": [37, 72], "index": 0}, "status": "ACTIVE"}, {"action": "NORTH", "reward": 601, "info": {}, "observation": {"remainingOverageTime": 60, "index": 1}, "status": "DONE"}, {"action": "WEST", "reward": 4308, "info": {}, "observation": {"remainingOverageTime": 60, "index": 2}, "status": "ACTIVE"}, {"action": "NORTH", "reward": 402, "info": {}, "observation": {"remainingOverageTime": 60, "index": 3}, "status": "DONE"}], [{"action": "EAST", "reward": 4411, "info": {}, "observation": {"remainingOverageTime": 60, "step": 43, "geese": [[14, 13, 12, 11, 0, 66, 67, 56, 57, 68, 69], [], [18, 29, 30, 31, 32, 43, 54, 44], []], "food": [37, 72], "index": 0}, "status": "ACTIVE"}, {"action": "NORTH", "reward": 601, "info": {}, "observation": {"remainingOverageTime": 60, "index": 1}, "status": "DONE"}, {"action": "NORTH", "reward": 4408, "info": {}, "observation": {"remainingOverageTime": 60, "index": 2}, "status": "ACTIVE"}, {"action": "NORTH", "reward": 402, "info": {}, "observation": {"remainingOverageTime": 60, "index": 3}, "status": "DONE"}], [{"action": "EAST", "reward": 4511, "info": {}, "observation": {"remainingOverageTime": 60, "step": 44, "geese": [[15, 14, 13, 12, 11, 0, 66, 67, 56, 57, 68], [], [7, 18, 29, 30, 31, 32, 43, 54], []], "food": [37, 72], "index": 0}, "status": "ACTIVE"}, {"action": "NORTH", "reward": 601, "info": {}, "observation": {"remainingOverageTime": 60, "index": 1}, "status": "DONE"}, {"action": "NORTH", "reward": 4508, "info": {}, "observation": {"remainingOverageTime": 60, "index": 2}, "status": "ACTIVE"}, {"action": "NORTH", "reward": 402, "info": {}, "observation": {"remainingOverageTime": 60, "index": 3}, "status": "DONE"}], [{"action": "SOUTH", "reward": 4611, "info": {}, "observation": {"remainingOverageTime": 60, "step": 45, "geese": [[26, 15, 14, 13, 12, 11, 0, 66, 67, 56, 57], [], [73, 7, 18, 29, 30, 31, 32, 43], []], "food": [37, 72], "index": 0}, "status": "ACTIVE"}, {"action": "NORTH", "reward": 601, "info": {}, "observation": {"remainingOverageTime": 60, "index": 1}, "status": "DONE"}, {"action": "NORTH", "reward": 4608, "info": {}, "observation": {"remainingOverageTime": 60, "index": 2}, "status": "ACTIVE"}, {"action": "NORTH", "reward": 402, "info": {}, "observation": {"remainingOverageTime": 60, "index": 3}, "status": "DONE"}], [{"action": "SOUTH", "reward": 4712, "info": {}, "observation": {"remainingOverageTime": 60, "step": 46, "geese": [[37, 26, 15, 14, 13, 12, 11, 0, 66, 67, 56, 57], [], [72, 73, 7, 18, 29, 30, 31, 32, 43], []], "food": [76, 70], "index": 0}, "status": "ACTIVE"}, {"action": "NORTH", "reward": 601, "info": {}, "observation": {"remainingOverageTime": 60, "index": 1}, "status": "DONE"}, {"action": "WEST", "reward": 4709, "info": {}, "observation": {"remainingOverageTime": 60, "index": 2}, "status": "ACTIVE"}, {"action": "NORTH", "reward": 402, "info": {}, "observation": {"remainingOverageTime": 60, "index": 3}, "status": "DONE"}], [{"action": "SOUTH", "reward": 4812, "info": {}, "observation": {"remainingOverageTime": 60, "step": 47, "geese": [[48, 37, 26, 15, 14, 13, 12, 11, 0, 66, 67, 56], [], [71, 72, 73, 7, 18, 29, 30, 31, 32], []], "food": [76, 70], "index": 0}, "status": "ACTIVE"}, {"action": "NORTH", "reward": 601, "info": {}, "observation": {"remainingOverageTime": 60, "index": 1}, "status": "DONE"}, {"action": "WEST", "reward": 4809, "info": {}, "observation": {"remainingOverageTime": 60, "index": 2}, "status": "ACTIVE"}, {"action": "NORTH", "reward": 402, "info": {}, "observation": {"remainingOverageTime": 60, "index": 3}, "status": "DONE"}], [{"action": "WEST", "reward": 4912, "info": {}, "observation": {"remainingOverageTime": 60, "step": 48, "geese": [[47, 48, 37, 26, 15, 14, 13, 12, 11, 0, 66, 67], [], [70, 71, 72, 73, 7, 18, 29, 30, 31, 32], []], "food": [76, 34], "index": 0}, "status": "ACTIVE"}, {"action": "NORTH", "reward": 601, "info": {}, "observation": {"remainingOverageTime": 60, "index": 1}, "status": "DONE"}, {"action": "WEST", "reward": 4910, "info": {}, "observation": {"remainingOverageTime": 60, "index": 2}, "status": "ACTIVE"}, {"action": "NORTH", "reward": 402, "info": {}, "observation": {"remainingOverageTime": 60, "index": 3}, "status": "DONE"}], [{"action": "NORTH", "reward": 5012, "info": {}, "observation": {"remainingOverageTime": 60, "step": 49, "geese": [[36, 47, 48, 37, 26, 15, 14, 13, 12, 11, 0, 66], [], [69, 70, 71, 72, 73, 7, 18, 29, 30, 31], []], "food": [76, 34], "index": 0}, "status": "ACTIVE"}, {"action": "NORTH", "reward": 601, "info": {}, "observation": {"remainingOverageTime": 60, "index": 1}, "status": "DONE"}, {"action": "WEST", "reward": 5010, "info": {}, "observation": {"remainingOverageTime": 60, "index": 2}, "status": "ACTIVE"}, {"action": "NORTH", "reward": 402, "info": {}, "observation": {"remainingOverageTime": 60, "index": 3}, "status": "DONE"}], [{"action": "WEST", "reward": 5112, "info": {}, "observation": {"remainingOverageTime": 60, "step": 50, "geese": [[35, 36, 47, 48, 37, 26, 15, 14, 13, 12, 11, 0], [], [68, 69, 70, 71, 72, 73, 7, 18, 29, 30], []], "food": [76, 34], "index": 0}, "status": "ACTIVE"}, {"action": "NORTH", "reward": 601, "info": {}, "observation": {"remainingOverageTime": 60, "index": 1}, "status": "DONE"}, {"action": "WEST", "reward": 5110, "info": {}, "observation": {"remainingOverageTime": 60, "index": 2}, "status": "ACTIVE"}, {"action": "NORTH", "reward": 402, "info": {}, "observation": {"remainingOverageTime": 60, "index": 3}, "status": "DONE"}], [{"action": "WEST", "reward": 5213, "info": {}, "observation": {"remainingOverageTime": 60, "step": 51, "geese": [[34, 35, 36, 47, 48, 37, 26, 15, 14, 13, 12, 11, 0], [], [67, 68, 69, 70, 71, 72, 73, 7, 18, 29], []], "food": [76, 61], "index": 0}, "status": "ACTIVE"}, {"action": "NORTH", "reward": 601, "info": {}, "observation": {"remainingOverageTime": 60, "index": 1}, "status": "DONE"}, {"action": "WEST", "reward": 5210, "info": {}, "observation": {"remainingOverageTime": 60, "index": 2}, "status": "ACTIVE"}, {"action": "NORTH", "reward": 402, "info": {}, "observation": {"remainingOverageTime": 60, "index": 3}, "status": "DONE"}], [{"action": "WEST", "reward": 5313, "info": {}, "observation": {"remainingOverageTime": 60, "step": 52, "geese": [[33, 34, 35, 36, 47, 48, 37, 26, 15, 14, 13, 12, 11], [], [66, 67, 68, 69, 70, 71, 72, 73, 7, 18], []], "food": [76, 61], "index": 0}, "status": "ACTIVE"}, {"action": "NORTH", "reward": 601, "info": {}, "observation": {"remainingOverageTime": 60, "index": 1}, "status": "DONE"}, {"action": "WEST", "reward": 5310, "info": {}, "observation": {"remainingOverageTime": 60, "index": 2}, "status": "ACTIVE"}, {"action": "NORTH", "reward": 402, "info": {}, "observation": {"remainingOverageTime": 60, "index": 3}, "status": "DONE"}], [{"action": "WEST", "reward": 5413, "info": {}, "observation": {"remainingOverageTime": 60, "step": 53, "geese": [[43, 33, 34, 35, 36, 47, 48, 37, 26, 15, 14, 13, 12], [], [76, 66, 67, 68, 69, 70, 71, 72, 73, 7, 18], []], "food": [61, 3], "index": 0}, "status": "ACTIVE"}, {"action": "NORTH", "reward": 601, "info": {}, "observation": {"remainingOverageTime": 60, "index": 1}, "status": "DONE"}, {"action": "WEST", "reward": 5411, "info": {}, "observation": {"remainingOverageTime": 60, "index": 2}, "status": "ACTIVE"}, {"action": "NORTH", "reward": 402, "info": {}, "observation": {"remainingOverageTime": 60, "index": 3}, "status": "DONE"}], [{"action": "WEST", "reward": 5513, "info": {}, "observation": {"remainingOverageTime": 60, "step": 54, "geese": [[42, 43, 33, 34, 35, 36, 47, 48, 37, 26, 15, 14, 13], [], [65, 76, 66, 67, 68, 69, 70, 71, 72, 73, 7], []], "food": [61, 3], "index": 0}, "status": "ACTIVE"}, {"action": "NORTH", "reward": 601, "info": {}, "observation": {"remainingOverageTime": 60, "index": 1}, "status": "DONE"}, {"action": "NORTH", "reward": 5511, "info": {}, "observation": {"remainingOverageTime": 60, "index": 2}, "status": "ACTIVE"}, {"action": "NORTH", "reward": 402, "info": {}, "observation": {"remainingOverageTime": 60, "index": 3}, "status": "DONE"}], [{"action": "WEST", "reward": 5613, "info": {}, "observation": {"remainingOverageTime": 60, "step": 55, "geese": [[41, 42, 43, 33, 34, 35, 36, 47, 48, 37, 26, 15, 14], [], [64, 65, 76, 66, 67, 68, 69, 70, 71, 72, 73], []], "food": [61, 3], "index": 0}, "status": "ACTIVE"}, {"action": "NORTH", "reward": 601, "info": {}, "observation": {"remainingOverageTime": 60, "index": 1}, "status": "DONE"}, {"action": "WEST", "reward": 5611, "info": {}, "observation": {"remainingOverageTime": 60, "index": 2}, "status": "ACTIVE"}, {"action": "NORTH", "reward": 402, "info": {}, "observation": {"remainingOverageTime": 60, "index": 3}, "status": "DONE"}], [{"action": "WEST", "reward": 5713, "info": {}, "observation": {"remainingOverageTime": 60, "step": 56, "geese": [[40, 41, 42, 43, 33, 34, 35, 36, 47, 48, 37, 26, 15], [], [63, 64, 65, 76, 66, 67, 68, 69, 70, 71, 72], []], "food": [61, 3], "index": 0}, "status": "ACTIVE"}, {"action": "NORTH", "reward": 601, "info": {}, "observation": {"remainingOverageTime": 60, "index": 1}, "status": "DONE"}, {"action": "WEST", "reward": 5711, "info": {}, "observation": {"remainingOverageTime": 60, "index": 2}, "status": "ACTIVE"}, {"action": "NORTH", "reward": 402, "info": {}, "observation": {"remainingOverageTime": 60, "index": 3}, "status": "DONE"}], [{"action": "WEST", "reward": 5813, "info": {}, "observation": {"remainingOverageTime": 60, "step": 57, "geese": [[39, 40, 41, 42, 43, 33, 34, 35, 36, 47, 48, 37, 26], [], [62, 63, 64, 65, 76, 66, 67, 68, 69, 70, 71], []], "food": [61, 3], "index": 0}, "status": "ACTIVE"}, {"action": "NORTH", "reward": 601, "info": {}, "observation": {"remainingOverageTime": 60, "index": 1}, "status": "DONE"}, {"action": "WEST", "reward": 5811, "info": {}, "observation": {"remainingOverageTime": 60, "index": 2}, "status": "ACTIVE"}, {"action": "NORTH", "reward": 402, "info": {}, "observation": {"remainingOverageTime": 60, "index": 3}, "status": "DONE"}], [{"action": "NORTH", "reward": 5913, "info": {}, "observation": {"remainingOverageTime": 60, "step": 58, "geese": [[28, 39, 40, 41, 42, 43, 33, 34, 35, 36, 47, 48, 37], [], [61, 62, 63, 64, 65, 76, 66, 67, 68, 69, 70, 71], []], "food": [3, 18], "index": 0}, "status": "ACTIVE"}, {"action": "NORTH", "reward": 601, "info": {}, "observation": {"remainingOverageTime": 60, "index": 1}, "status": "DONE"}, {"action": "WEST", "reward": 5912, "info": {}, "observation": {"remainingOverageTime": 60, "index": 2}, "status": "ACTIVE"}, {"action": "NORTH", "reward": 402, "info": {}, "observation": {"remainingOverageTime": 60, "index": 3}, "status": "DONE"}], [{"action": "EAST", "reward": 6013, "info": {}, "observation": {"remainingOverageTime": 60, "step": 59, "geese": [[29, 28, 39, 40, 41, 42, 43, 33, 34, 35, 36, 47, 48], [], [72, 61, 62, 63, 64, 65, 76, 66, 67, 68, 69, 70], []], "food": [3, 18], "index": 0}, "status": "ACTIVE"}, {"action": "NORTH", "reward": 601, "info": {}, "observation": {"remainingOverageTime": 60, "index": 1}, "status": "DONE"}, {"action": "SOUTH", "reward": 6012, "info": {}, "observation": {"remainingOverageTime": 60, "index": 2}, "status": "ACTIVE"}, {"action": "NORTH", "reward": 402, "info": {}, "observation": {"remainingOverageTime": 60, "index": 3}, "status": "DONE"}], [{"action": "NORTH", "reward": 6114, "info": {}, "observation": {"remainingOverageTime": 60, "step": 60, "geese": [[18, 29, 28, 39, 40, 41, 42, 43, 33, 34, 35, 36, 47, 48], [], [71, 72, 61, 62, 63, 64, 65, 76, 66, 67, 68, 69], []], "food": [3, 11], "index": 0}, "status": "ACTIVE"}, {"action": "NORTH", "reward": 601, "info": {}, "observation": {"remainingOverageTime": 60, "index": 1}, "status": "DONE"}, {"action": "WEST", "reward": 6112, "info": {}, "observation": {"remainingOverageTime": 60, "index": 2}, "status": "ACTIVE"}, {"action": "NORTH", "reward": 402, "info": {}, "observation": {"remainingOverageTime": 60, "index": 3}, "status": "DONE"}], [{"action": "EAST", "reward": 6214, "info": {}, "observation": {"remainingOverageTime": 60, "step": 61, "geese": [[19, 18, 29, 28, 39, 40, 41, 42, 43, 33, 34, 35, 36, 47], [], [70, 71, 72, 61, 62, 63, 64, 65, 76, 66, 67, 68], []], "food": [3, 11], "index": 0}, "status": "ACTIVE"}, {"action": "NORTH", "reward": 601, "info": {}, "observation": {"remainingOverageTime": 60, "index": 1}, "status": "DONE"}, {"action": "WEST", "reward": 6212, "info": {}, "observation": {"remainingOverageTime": 60, "index": 2}, "status": "ACTIVE"}, {"action": "NORTH", "reward": 402, "info": {}, "observation": {"remainingOverageTime": 60, "index": 3}, "status": "DONE"}], [{"action": "EAST", "reward": 6314, "info": {}, "observation": {"remainingOverageTime": 60, "step": 62, "geese": [[20, 19, 18, 29, 28, 39, 40, 41, 42, 43, 33, 34, 35, 36], [], [69, 70, 71, 72, 61, 62, 63, 64, 65, 76, 66, 67], []], "food": [3, 11], "index": 0}, "status": "ACTIVE"}, {"action": "NORTH", "reward": 601, "info": {}, "observation": {"remainingOverageTime": 60, "index": 1}, "status": "DONE"}, {"action": "WEST", "reward": 6312, "info": {}, "observation": {"remainingOverageTime": 60, "index": 2}, "status": "ACTIVE"}, {"action": "NORTH", "reward": 402, "info": {}, "observation": {"remainingOverageTime": 60, "index": 3}, "status": "DONE"}], [{"action": "EAST", "reward": 6414, "info": {}, "observation": {"remainingOverageTime": 60, "step": 63, "geese": [[21, 20, 19, 18, 29, 28, 39, 40, 41, 42, 43, 33, 34, 35], [], [3, 69, 70, 71, 72, 61, 62, 63, 64, 65, 76, 66, 67], []], "food": [11, 60], "index": 0}, "status": "ACTIVE"}, {"action": "NORTH", "reward": 601, "info": {}, "observation": {"remainingOverageTime": 60, "index": 1}, "status": "DONE"}, {"action": "SOUTH", "reward": 6413, "info": {}, "observation": {"remainingOverageTime": 60, "index": 2}, "status": "ACTIVE"}, {"action": "NORTH", "reward": 402, "info": {}, "observation": {"remainingOverageTime": 60, "index": 3}, "status": "DONE"}], [{"action": "EAST", "reward": 6515, "info": {}, "observation": {"remainingOverageTime": 60, "step": 64, "geese": [[11, 21, 20, 19, 18, 29, 28, 39, 40, 41, 42, 43, 33, 34, 35], [], [2, 3, 69, 70, 71, 72, 61, 62, 63, 64, 65, 76, 66], []], "food": [60, 56], "index": 0}, "status": "ACTIVE"}, {"action": "NORTH", "reward": 601, "info": {}, "observation": {"remainingOverageTime": 60, "index": 1}, "status": "DONE"}, {"action": "WEST", "reward": 6513, "info": {}, "observation": {"remainingOverageTime": 60, "index": 2}, "status": "ACTIVE"}, {"action": "NORTH", "reward": 402, "info": {}, "observation": {"remainingOverageTime": 60, "index": 3}, "status": "DONE"}], [{"action": "NORTH", "reward": 6615, "info": {}, "observation": {"remainingOverageTime": 60, "step": 65, "geese": [[0, 11, 21, 20, 19, 18, 29, 28, 39, 40, 41, 42, 43, 33, 34], [], [68, 2, 3, 69, 70, 71, 72, 61, 62, 63, 64, 65, 76], []], "food": [60, 56], "index": 0}, "status": "ACTIVE"}, {"action": "NORTH", "reward": 601, "info": {}, "observation": {"remainingOverageTime": 60, "index": 1}, "status": "DONE"}, {"action": "NORTH", "reward": 6613, "info": {}, "observation": {"remainingOverageTime": 60, "index": 2}, "status": "ACTIVE"}, {"action": "NORTH", "reward": 402, "info": {}, "observation": {"remainingOverageTime": 60, "index": 3}, "status": "DONE"}], [{"action": "NORTH", "reward": 6715, "info": {}, "observation": {"remainingOverageTime": 60, "step": 66, "geese": [[66, 0, 11, 21, 20, 19, 18, 29, 28, 39, 40, 41, 42, 43, 33], [], [57, 68, 2, 3, 69, 70, 71, 72, 61, 62, 63, 64, 65], []], "food": [60, 56], "index": 0}, "status": "ACTIVE"}, {"action": "NORTH", "reward": 601, "info": {}, "observation": {"remainingOverageTime": 60, "index": 1}, "status": "DONE"}, {"action": "NORTH", "reward": 6713, "info": {}, "observation": {"remainingOverageTime": 60, "index": 2}, "status": "ACTIVE"}, {"action": "NORTH", "reward": 402, "info": {}, "observation": {"remainingOverageTime": 60, "index": 3}, "status": "DONE"}], [{"action": "NORTH", "reward": 6815, "info": {}, "observation": {"remainingOverageTime": 60, "step": 67, "geese": [[55, 66, 0, 11, 21, 20, 19, 18, 29, 28, 39, 40, 41, 42, 43], [], [56, 57, 68, 2, 3, 69, 70, 71, 72, 61, 62, 63, 64, 65], []], "food": [60, 12], "index": 0}, "status": "ACTIVE"}, {"action": "NORTH", "reward": 601, "info": {}, "observation": {"remainingOverageTime": 60, "index": 1}, "status": "DONE"}, {"action": "WEST", "reward": 6814, "info": {}, "observation": {"remainingOverageTime": 60, "index": 2}, "status": "ACTIVE"}, {"action": "NORTH", "reward": 402, "info": {}, "observation": {"remainingOverageTime": 60, "index": 3}, "status": "DONE"}], [{"action": "NORTH", "reward": 6915, "info": {}, "observation": {"remainingOverageTime": 60, "step": 68, "geese": [[44, 55, 66, 0, 11, 21, 20, 19, 18, 29, 28, 39, 40, 41, 42], [], [67, 56, 57, 68, 2, 3, 69, 70, 71, 72, 61, 62, 63, 64], []], "food": [60, 12], "index": 0}, "status": "ACTIVE"}, {"action": "NORTH", "reward": 601, "info": {}, "observation": {"remainingOverageTime": 60, "index": 1}, "status": "DONE"}, {"action": "SOUTH", "reward": 6914, "info": {}, "observation": {"remainingOverageTime": 60, "index": 2}, "status": "ACTIVE"}, {"action": "NORTH", "reward": 402, "info": {}, "observation": {"remainingOverageTime": 60, "index": 3}, "status": "DONE"}], [{"action": "EAST", "reward": 7015, "info": {}, "observation": {"remainingOverageTime": 60, "step": 69, "geese": [[45, 44, 55, 66, 0, 11, 21, 20, 19, 18, 29, 28, 39, 40, 41], [], [1, 67, 56, 57, 68, 2, 3, 69, 70, 71, 72, 61, 62, 63], []], "food": [60, 12], "index": 0}, "status": "ACTIVE"}, {"action": "NORTH", "reward": 601, "info": {}, "observation": {"remainingOverageTime": 60, "index": 1}, "status": "DONE"}, {"action": "SOUTH", "reward": 7014, "info": {}, "observation": {"remainingOverageTime": 60, "index": 2}, "status": "ACTIVE"}, {"action": "NORTH", "reward": 402, "info": {}, "observation": {"remainingOverageTime": 60, "index": 3}, "status": "DONE"}], [{"action": "EAST", "reward": 7115, "info": {}, "observation": {"remainingOverageTime": 60, "step": 70, "geese": [[46, 45, 44, 55, 66, 0, 11, 21, 20, 19, 18, 29, 28, 39, 40], [], [12, 1, 67, 56, 57, 68, 2, 3, 69, 70, 71, 72, 61, 62, 63], []], "food": [60, 37], "index": 0}, "status": "ACTIVE"}, {"action": "NORTH", "reward": 601, "info": {}, "observation": {"remainingOverageTime": 60, "index": 1}, "status": "DONE"}, {"action": "SOUTH", "reward": 7115, "info": {}, "observation": {"remainingOverageTime": 60, "index": 2}, "status": "ACTIVE"}, {"action": "NORTH", "reward": 402, "info": {}, "observation": {"remainingOverageTime": 60, "index": 3}, "status": "DONE"}], [{"action": "EAST", "reward": 7215, "info": {}, "observation": {"remainingOverageTime": 60, "step": 71, "geese": [[47, 46, 45, 44, 55, 66, 0, 11, 21, 20, 19, 18, 29, 28, 39], [], [13, 12, 1, 67, 56, 57, 68, 2, 3, 69, 70, 71, 72, 61, 62], []], "food": [60, 37], "index": 0}, "status": "ACTIVE"}, {"action": "NORTH", "reward": 601, "info": {}, "observation": {"remainingOverageTime": 60, "index": 1}, "status": "DONE"}, {"action": "EAST", "reward": 7215, "info": {}, "observation": {"remainingOverageTime": 60, "index": 2}, "status": "ACTIVE"}, {"action": "NORTH", "reward": 402, "info": {}, "observation": {"remainingOverageTime": 60, "index": 3}, "status": "DONE"}], [{"action": "EAST", "reward": 7315, "info": {}, "observation": {"remainingOverageTime": 60, "step": 72, "geese": [[48, 47, 46, 45, 44, 55, 66, 0, 11, 21, 20, 19, 18, 29, 28], [], [14, 13, 12, 1, 67, 56, 57, 68, 2, 3, 69, 70, 71, 72, 61], []], "food": [60, 37], "index": 0}, "status": "ACTIVE"}, {"action": "NORTH", "reward": 601, "info": {}, "observation": {"remainingOverageTime": 60, "index": 1}, "status": "DONE"}, {"action": "EAST", "reward": 7315, "info": {}, "observation": {"remainingOverageTime": 60, "index": 2}, "status": "ACTIVE"}, {"action": "NORTH", "reward": 402, "info": {}, "observation": {"remainingOverageTime": 60, "index": 3}, "status": "DONE"}], [{"action": "NORTH", "reward": 7416, "info": {}, "observation": {"remainingOverageTime": 60, "step": 73, "geese": [[37, 48, 47, 46, 45, 44, 55, 66, 0, 11, 21, 20, 19, 18, 29, 28], [], [15, 14, 13, 12, 1, 67, 56, 57, 68, 2, 3, 69, 70, 71, 72], []], "food": [60, 40], "index": 0}, "status": "ACTIVE"}, {"action": "NORTH", "reward": 601, "info": {}, "observation": {"remainingOverageTime": 60, "index": 1}, "status": "DONE"}, {"action": "EAST", "reward": 7415, "info": {}, "observation": {"remainingOverageTime": 60, "index": 2}, "status": "ACTIVE"}, {"action": "NORTH", "reward": 402, "info": {}, "observation": {"remainingOverageTime": 60, "index": 3}, "status": "DONE"}], [{"action": "EAST", "reward": 7516, "info": {}, "observation": {"remainingOverageTime": 60, "step": 74, "geese": [[38, 37, 48, 47, 46, 45, 44, 55, 66, 0, 11, 21, 20, 19, 18, 29], [], [16, 15, 14, 13, 12, 1, 67, 56, 57, 68, 2, 3, 69, 70, 71], []], "food": [60, 40], "index": 0}, "status": "ACTIVE"}, {"action": "NORTH", "reward": 601, "info": {}, "observation": {"remainingOverageTime": 60, "index": 1}, "status": "DONE"}, {"action": "EAST", "reward": 7515, "info": {}, "observation": {"remainingOverageTime": 60, "index": 2}, "status": "ACTIVE"}, {"action": "NORTH", "reward": 402, "info": {}, "observation": {"remainingOverageTime": 60, "index": 3}, "status": "DONE"}], [{"action": "EAST", "reward": 7616, "info": {}, "observation": {"remainingOverageTime": 60, "step": 75, "geese": [[39, 38, 37, 48, 47, 46, 45, 44, 55, 66, 0, 11, 21, 20, 19, 18], [], [5, 16, 15, 14, 13, 12, 1, 67, 56, 57, 68, 2, 3, 69, 70], []], "food": [60, 40], "index": 0}, "status": "ACTIVE"}, {"action": "NORTH", "reward": 601, "info": {}, "observation": {"remainingOverageTime": 60, "index": 1}, "status": "DONE"}, {"action": "NORTH", "reward": 7615, "info": {}, "observation": {"remainingOverageTime": 60, "index": 2}, "status": "ACTIVE"}, {"action": "NORTH", "reward": 402, "info": {}, "observation": {"remainingOverageTime": 60, "index": 3}, "status": "DONE"}], [{"action": "EAST", "reward": 7717, "info": {}, "observation": {"remainingOverageTime": 60, "step": 76, "geese": [[40, 39, 38, 37, 48, 47, 46, 45, 44, 55, 66, 0, 11, 21, 20, 19, 18], [], [71, 5, 16, 15, 14, 13, 12, 1, 67, 56, 57, 68, 2, 3, 69], []], "food": [60, 28], "index": 0}, "status": "ACTIVE"}, {"action": "NORTH", "reward": 601, "info": {}, "observation": {"remainingOverageTime": 60, "index": 1}, "status": "DONE"}, {"action": "NORTH", "reward": 7715, "info": {}, "observation": {"remainingOverageTime": 60, "index": 2}, "status": "ACTIVE"}, {"action": "NORTH", "reward": 402, "info": {}, "observation": {"remainingOverageTime": 60, "index": 3}, "status": "DONE"}], [{"action": "NORTH", "reward": 7817, "info": {}, "observation": {"remainingOverageTime": 60, "step": 77, "geese": [[29, 40, 39, 38, 37, 48, 47, 46, 45, 44, 55, 66, 0, 11, 21, 20, 19], [], [60, 71, 5, 16, 15, 14, 13, 12, 1, 67, 56, 57, 68, 2, 3, 69], []], "food": [28, 9], "index": 0}, "status": "ACTIVE"}, {"action": "NORTH", "reward": 601, "info": {}, "observation": {"remainingOverageTime": 60, "index": 1}, "status": "DONE"}, {"action": "NORTH", "reward": 7816, "info": {}, "observation": {"remainingOverageTime": 60, "index": 2}, "status": "ACTIVE"}, {"action": "NORTH", "reward": 402, "info": {}, "observation": {"remainingOverageTime": 60, "index": 3}, "status": "DONE"}], [{"action": "WEST", "reward": 7918, "info": {}, "observation": {"remainingOverageTime": 60, "step": 78, "geese": [[28, 29, 40, 39, 38, 37, 48, 47, 46, 45, 44, 55, 66, 0, 11, 21, 20, 19], [], [61, 60, 71, 5, 16, 15, 14, 13, 12, 1, 67, 56, 57, 68, 2, 3], []], "food": [9, 58], "index": 0}, "status": "ACTIVE"}, {"action": "NORTH", "reward": 601, "info": {}, "observation": {"remainingOverageTime": 60, "index": 1}, "status": "DONE"}, {"action": "EAST", "reward": 7916, "info": {}, "observation": {"remainingOverageTime": 60, "index": 2}, "status": "ACTIVE"}, {"action": "NORTH", "reward": 402, "info": {}, "observation": {"remainingOverageTime": 60, "index": 3}, "status": "DONE"}], [{"action": "NORTH", "reward": 8018, "info": {}, "observation": {"remainingOverageTime": 60, "step": 79, "geese": [[17, 28, 29, 40, 39, 38, 37, 48, 47, 46, 45, 44, 55, 66, 0, 11, 21, 20], [], [62, 61, 60, 71, 5, 16, 15, 14, 13, 12, 1, 67, 56, 57, 68, 2], []], "food": [9, 58], "index": 0}, "status": "ACTIVE"}, {"action": "NORTH", "reward": 601, "info": {}, "observation": {"remainingOverageTime": 60, "index": 1}, "status": "DONE"}, {"action": "EAST", "reward": 8016, "info": {}, "observation": {"remainingOverageTime": 60, "index": 2}, "status": "ACTIVE"}, {"action": "NORTH", "reward": 402, "info": {}, "observation": {"remainingOverageTime": 60, "index": 3}, "status": "DONE"}], [{"action": "EAST", "reward": 8117, "info": {}, "observation": {"remainingOverageTime": 60, "step": 80, "geese": [[18, 17, 28, 29, 40, 39, 38, 37, 48, 47, 46, 45, 44, 55, 66, 0, 11], [], [63, 62, 61, 60, 71, 5, 16, 15, 14, 13, 12, 1, 67, 56, 57], []], "food": [9, 58], "index": 0}, "status": "ACTIVE"}, {"action": "NORTH", "reward": 601, "info": {}, "observation": {"remainingOverageTime": 60, "index": 1}, "status": "DONE"}, {"action": "EAST", "reward": 8115, "info": {}, "observation": {"remainingOverageTime": 60, "index": 2}, "status": "ACTIVE"}, {"action": "NORTH", "reward": 402, "info": {}, "observation": {"remainingOverageTime": 60, "index": 3}, "status": "DONE"}], [{"action": "EAST", "reward": 8217, "info": {}, "observation": {"remainingOverageTime": 60, "step": 81, "geese": [[19, 18, 17, 28, 29, 40, 39, 38, 37, 48, 47, 46, 45, 44, 55, 66, 0], [], [64, 63, 62, 61, 60, 71, 5, 16, 15, 14, 13, 12, 1, 67, 56], []], "food": [9, 58], "index": 0}, "status": "ACTIVE"}, {"action": "NORTH", "reward": 601, "info": {}, "observation": {"remainingOverageTime": 60, "index": 1}, "status": "DONE"}, {"action": "EAST", "reward": 8215, "info": {}, "observation": {"remainingOverageTime": 60, "index": 2}, "status": "ACTIVE"}, {"action": "NORTH", "reward": 402, "info": {}, "observation": {"remainingOverageTime": 60, "index": 3}, "status": "DONE"}], [{"action": "EAST", "reward": 8317, "info": {}, "observation": {"remainingOverageTime": 60, "step": 82, "geese": [[20, 19, 18, 17, 28, 29, 40, 39, 38, 37, 48, 47, 46, 45, 44, 55, 66], [], [75, 64, 63, 62, 61, 60, 71, 5, 16, 15, 14, 13, 12, 1, 67], []], "food": [9, 58], "index": 0}, "status": "ACTIVE"}, {"action": "NORTH", "reward": 601, "info": {}, "observation": {"remainingOverageTime": 60, "index": 1}, "status": "DONE"}, {"action": "SOUTH", "reward": 8315, "info": {}, "observation": {"remainingOverageTime": 60, "index": 2}, "status": "ACTIVE"}, {"action": "NORTH", "reward": 402, "info": {}, "observation": {"remainingOverageTime": 60, "index": 3}, "status": "DONE"}], [{"action": "EAST", "reward": 8417, "info": {}, "observation": {"remainingOverageTime": 60, "step": 83, "geese": [[21, 20, 19, 18, 17, 28, 29, 40, 39, 38, 37, 48, 47, 46, 45, 44, 55], [], [76, 75, 64, 63, 62, 61, 60, 71, 5, 16, 15, 14, 13, 12, 1], []], "food": [9, 58], "index": 0}, "status": "ACTIVE"}, {"action": "NORTH", "reward": 601, "info": {}, "observation": {"remainingOverageTime": 60, "index": 1}, "status": "DONE"}, {"action": "EAST", "reward": 8415, "info": {}, "observation": {"remainingOverageTime": 60, "index": 2}, "status": "ACTIVE"}, {"action": "NORTH", "reward": 402, "info": {}, "observation": {"remainingOverageTime": 60, "index": 3}, "status": "DONE"}], [{"action": "EAST", "reward": 8517, "info": {}, "observation": {"remainingOverageTime": 60, "step": 84, "geese": [[11, 21, 20, 19, 18, 17, 28, 29, 40, 39, 38, 37, 48, 47, 46, 45, 44], [], [66, 76, 75, 64, 63, 62, 61, 60, 71, 5, 16, 15, 14, 13, 12], []], "food": [9, 58], "index": 0}, "status": "ACTIVE"}, {"action": "NORTH", "reward": 601, "info": {}, "observation": {"remainingOverageTime": 60, "index": 1}, "status": "DONE"}, {"action": "EAST", "reward": 8515, "info": {}, "observation": {"remainingOverageTime": 60, "index": 2}, "status": "ACTIVE"}, {"action": "NORTH", "reward": 402, "info": {}, "observation": {"remainingOverageTime": 60, "index": 3}, "status": "DONE"}], [{"action": "EAST", "reward": 8617, "info": {}, "observation": {"remainingOverageTime": 60, "step": 85, "geese": [[12, 11, 21, 20, 19, 18, 17, 28, 29, 40, 39, 38, 37, 48, 47, 46, 45], [], [67, 66, 76, 75, 64, 63, 62, 61, 60, 71, 5, 16, 15, 14, 13], []], "food": [9, 58], "index": 0}, "status": "ACTIVE"}, {"action": "NORTH", "reward": 601, "info": {}, "observation": {"remainingOverageTime": 60, "index": 1}, "status": "DONE"}, {"action": "EAST", "reward": 8615, "info": {}, "observation": {"remainingOverageTime": 60, "index": 2}, "status": "ACTIVE"}, {"action": "NORTH", "reward": 402, "info": {}, "observation": {"remainingOverageTime": 60, "index": 3}, "status": "DONE"}], [{"action": "EAST", "reward": 8717, "info": {}, "observation": {"remainingOverageTime": 60, "step": 86, "geese": [[13, 12, 11, 21, 20, 19, 18, 17, 28, 29, 40, 39, 38, 37, 48, 47, 46], [], [68, 67, 66, 76, 75, 64, 63, 62, 61, 60, 71, 5, 16, 15, 14], []], "food": [9, 58], "index": 0}, "status": "ACTIVE"}, {"action": "NORTH", "reward": 601, "info": {}, "observation": {"remainingOverageTime": 60, "index": 1}, "status": "DONE"}, {"action": "EAST", "reward": 8715, "info": {}, "observation": {"remainingOverageTime": 60, "index": 2}, "status": "ACTIVE"}, {"action": "NORTH", "reward": 402, "info": {}, "observation": {"remainingOverageTime": 60, "index": 3}, "status": "DONE"}], [{"action": "EAST", "reward": 8817, "info": {}, "observation": {"remainingOverageTime": 60, "step": 87, "geese": [[14, 13, 12, 11, 21, 20, 19, 18, 17, 28, 29, 40, 39, 38, 37, 48, 47], [], [69, 68, 67, 66, 76, 75, 64, 63, 62, 61, 60, 71, 5, 16, 15], []], "food": [9, 58], "index": 0}, "status": "ACTIVE"}, {"action": "NORTH", "reward": 601, "info": {}, "observation": {"remainingOverageTime": 60, "index": 1}, "status": "DONE"}, {"action": "EAST", "reward": 8815, "info": {}, "observation": {"remainingOverageTime": 60, "index": 2}, "status": "ACTIVE"}, {"action": "NORTH", "reward": 402, "info": {}, "observation": {"remainingOverageTime": 60, "index": 3}, "status": "DONE"}], [{"action": "NORTH", "reward": 8917, "info": {}, "observation": {"remainingOverageTime": 60, "step": 88, "geese": [[3, 14, 13, 12, 11, 21, 20, 19, 18, 17, 28, 29, 40, 39, 38, 37, 48], [], [58, 69, 68, 67, 66, 76, 75, 64, 63, 62, 61, 60, 71, 5, 16, 15], []], "food": [9, 49], "index": 0}, "status": "ACTIVE"}, {"action": "NORTH", "reward": 601, "info": {}, "observation": {"remainingOverageTime": 60, "index": 1}, "status": "DONE"}, {"action": "NORTH", "reward": 8916, "info": {}, "observation": {"remainingOverageTime": 60, "index": 2}, "status": "ACTIVE"}, {"action": "NORTH", "reward": 402, "info": {}, "observation": {"remainingOverageTime": 60, "index": 3}, "status": "DONE"}], [{"action": "WEST", "reward": 9017, "info": {}, "observation": {"remainingOverageTime": 60, "step": 89, "geese": [[2, 3, 14, 13, 12, 11, 21, 20, 19, 18, 17, 28, 29, 40, 39, 38, 37], [], [59, 58, 69, 68, 67, 66, 76, 75, 64, 63, 62, 61, 60, 71, 5, 16], []], "food": [9, 49], "index": 0}, "status": "ACTIVE"}, {"action": "NORTH", "reward": 601, "info": {}, "observation": {"remainingOverageTime": 60, "index": 1}, "status": "DONE"}, {"action": "EAST", "reward": 9016, "info": {}, "observation": {"remainingOverageTime": 60, "index": 2}, "status": "ACTIVE"}, {"action": "NORTH", "reward": 402, "info": {}, "observation": {"remainingOverageTime": 60, "index": 3}, "status": "DONE"}], [{"action": "WEST", "reward": 9117, "info": {}, "observation": {"remainingOverageTime": 60, "step": 90, "geese": [[1, 2, 3, 14, 13, 12, 11, 21, 20, 19, 18, 17, 28, 29, 40, 39, 38], [], [48, 59, 58, 69, 68, 67, 66, 76, 75, 64, 63, 62, 61, 60, 71, 5], []], "food": [9, 49], "index": 0}, "status": "ACTIVE"}, {"action": "NORTH", "reward": 601, "info": {}, "observation": {"remainingOverageTime": 60, "index": 1}, "status": "DONE"}, {"action": "NORTH", "reward": 9116, "info": {}, "observation": {"remainingOverageTime": 60, "index": 2}, "status": "ACTIVE"}, {"action": "NORTH", "reward": 402, "info": {}, "observation": {"remainingOverageTime": 60, "index": 3}, "status": "DONE"}], [{"action": "WEST", "reward": 9217, "info": {}, "observation": {"remainingOverageTime": 60, "step": 91, "geese": [[0, 1, 2, 3, 14, 13, 12, 11, 21, 20, 19, 18, 17, 28, 29, 40, 39], [], [49, 48, 59, 58, 69, 68, 67, 66, 76, 75, 64, 63, 62, 61, 60, 71, 5], []], "food": [9, 65], "index": 0}, "status": "ACTIVE"}, {"action": "NORTH", "reward": 601, "info": {}, "observation": {"remainingOverageTime": 60, "index": 1}, "status": "DONE"}, {"action": "EAST", "reward": 9217, "info": {}, "observation": {"remainingOverageTime": 60, "index": 2}, "status": "ACTIVE"}, {"action": "NORTH", "reward": 402, "info": {}, "observation": {"remainingOverageTime": 60, "index": 3}, "status": "DONE"}], [{"action": "WEST", "reward": 9317, "info": {}, "observation": {"remainingOverageTime": 60, "step": 92, "geese": [[10, 0, 1, 2, 3, 14, 13, 12, 11, 21, 20, 19, 18, 17, 28, 29, 40], [], [50, 49, 48, 59, 58, 69, 68, 67, 66, 76, 75, 64, 63, 62, 61, 60, 71], []], "food": [9, 65], "index": 0}, "status": "ACTIVE"}, {"action": "NORTH", "reward": 601, "info": {}, "observation": {"remainingOverageTime": 60, "index": 1}, "status": "DONE"}, {"action": "EAST", "reward": 9317, "info": {}, "observation": {"remainingOverageTime": 60, "index": 2}, "status": "ACTIVE"}, {"action": "NORTH", "reward": 402, "info": {}, "observation": {"remainingOverageTime": 60, "index": 3}, "status": "DONE"}], [{"action": "WEST", "reward": 9418, "info": {}, "observation": {"remainingOverageTime": 60, "step": 93, "geese": [[9, 10, 0, 1, 2, 3, 14, 13, 12, 11, 21, 20, 19, 18, 17, 28, 29, 40], [], [51, 50, 49, 48, 59, 58, 69, 68, 67, 66, 76, 75, 64, 63, 62, 61, 60], []], "food": [65, 16], "index": 0}, "status": "ACTIVE"}, {"action": "NORTH", "reward": 601, "info": {}, "observation": {"remainingOverageTime": 60, "index": 1}, "status": "DONE"}, {"action": "EAST", "reward": 9417, "info": {}, "observation": {"remainingOverageTime": 60, "index": 2}, "status": "ACTIVE"}, {"action": "NORTH", "reward": 402, "info": {}, "observation": {"remainingOverageTime": 60, "index": 3}, "status": "DONE"}], [{"action": "WEST", "reward": 9518, "info": {}, "observation": {"remainingOverageTime": 60, "step": 94, "geese": [[8, 9, 10, 0, 1, 2, 3, 14, 13, 12, 11, 21, 20, 19, 18, 17, 28, 29], [], [52, 51, 50, 49, 48, 59, 58, 69, 68, 67, 66, 76, 75, 64, 63, 62, 61], []], "food": [65, 16], "index": 0}, "status": "ACTIVE"}, {"action": "NORTH", "reward": 601, "info": {}, "observation": {"remainingOverageTime": 60, "index": 1}, "status": "DONE"}, {"action": "EAST", "reward": 9517, "info": {}, "observation": {"remainingOverageTime": 60, "index": 2}, "status": "ACTIVE"}, {"action": "NORTH", "reward": 402, "info": {}, "observation": {"remainingOverageTime": 60, "index": 3}, "status": "DONE"}], [{"action": "WEST", "reward": 9618, "info": {}, "observation": {"remainingOverageTime": 60, "step": 95, "geese": [[7, 8, 9, 10, 0, 1, 2, 3, 14, 13, 12, 11, 21, 20, 19, 18, 17, 28], [], [53, 52, 51, 50, 49, 48, 59, 58, 69, 68, 67, 66, 76, 75, 64, 63, 62], []], "food": [65, 16], "index": 0}, "status": "ACTIVE"}, {"action": "NORTH", "reward": 601, "info": {}, "observation": {"remainingOverageTime": 60, "index": 1}, "status": "DONE"}, {"action": "EAST", "reward": 9617, "info": {}, "observation": {"remainingOverageTime": 60, "index": 2}, "status": "ACTIVE"}, {"action": "NORTH", "reward": 402, "info": {}, "observation": {"remainingOverageTime": 60, "index": 3}, "status": "DONE"}], [{"action": "WEST", "reward": 9718, "info": {}, "observation": {"remainingOverageTime": 60, "step": 96, "geese": [[6, 7, 8, 9, 10, 0, 1, 2, 3, 14, 13, 12, 11, 21, 20, 19, 18, 17], [], [54, 53, 52, 51, 50, 49, 48, 59, 58, 69, 68, 67, 66, 76, 75, 64, 63], []], "food": [65, 16], "index": 0}, "status": "ACTIVE"}, {"action": "NORTH", "reward": 601, "info": {}, "observation": {"remainingOverageTime": 60, "index": 1}, "status": "DONE"}, {"action": "EAST", "reward": 9717, "info": {}, "observation": {"remainingOverageTime": 60, "index": 2}, "status": "ACTIVE"}, {"action": "NORTH", "reward": 402, "info": {}, "observation": {"remainingOverageTime": 60, "index": 3}, "status": "DONE"}], [{"action": "WEST", "reward": 9818, "info": {}, "observation": {"remainingOverageTime": 60, "step": 97, "geese": [[5, 6, 7, 8, 9, 10, 0, 1, 2, 3, 14, 13, 12, 11, 21, 20, 19, 18], [], [65, 54, 53, 52, 51, 50, 49, 48, 59, 58, 69, 68, 67, 66, 76, 75, 64, 63], []], "food": [16, 60], "index": 0}, "status": "ACTIVE"}, {"action": "NORTH", "reward": 601, "info": {}, "observation": {"remainingOverageTime": 60, "index": 1}, "status": "DONE"}, {"action": "SOUTH", "reward": 9818, "info": {}, "observation": {"remainingOverageTime": 60, "index": 2}, "status": "ACTIVE"}, {"action": "NORTH", "reward": 402, "info": {}, "observation": {"remainingOverageTime": 60, "index": 3}, "status": "DONE"}], [{"action": "SOUTH", "reward": 9919, "info": {}, "observation": {"remainingOverageTime": 60, "step": 98, "geese": [[16, 5, 6, 7, 8, 9, 10, 0, 1, 2, 3, 14, 13, 12, 11, 21, 20, 19, 18], [], [], []], "food": [60, 25], "index": 0}, "status": "DONE"}, {"action": "NORTH", "reward": 601, "info": {}, "observation": {"remainingOverageTime": 60, "index": 1}, "status": "DONE"}, {"action": "SOUTH", "reward": 9818, "info": {}, "observation": {"remainingOverageTime": 60, "index": 2}, "status": "DONE"}, {"action": "NORTH", "reward": 402, "info": {}, "observation": {"remainingOverageTime": 60, "index": 3}, "status": "DONE"}]], "rewards": [9919, 601, 9818, 402], "statuses": ["DONE", "DONE", "DONE", "DONE"], "schema_version": 1, "info": {}}