{"id": "a676eb6a-db0c-11ee-b332-0242ac1c000c", "name": "hungry_geese", "title": "Hungry Geese", "description": "Similar to the classic snake game with multiple players", "version": "1.0.0", "configuration": {"episodeSteps": 200, "actTimeout": 1, "runTimeout": 1200, "columns": 11, "rows": 7, "hunger_rate": 40, "min_food": 2, "max_length": 99}, "specification": {"action": {"description": "Direction to move the head of your players goose.", "type": "string", "enum": ["NORTH", "EAST", "SOUTH", "WEST"], "default": "NORTH"}, "agents": [1, 2, 3, 4, 5, 6, 7, 8], "configuration": {"episodeSteps": {"description": "Maximum number of steps in the episode.", "type": "integer", "minimum": 1, "default": 200}, "actTimeout": {"description": "Maximum runtime (seconds) to obtain an action from an agent.", "type": "number", "minimum": 0, "default": 1}, "runTimeout": {"description": "Maximum runtime (seconds) of an episode (not necessarily DONE).", "type": "number", "minimum": 0, "default": 1200}, "columns": {"description": "Horizontal number of cells on the board.", "type": "integer", "default": 11, "minimum": 3}, "rows": {"description": "Vertical number of cells on the board.", "type": "integer", "default": 7, "minimum": 3}, "hunger_rate": {"description": "The number of steps before the goose shrinks a cell.", "type": "integer", "minimum": 1, "default": 40}, "min_food": {"description": "The minimum amount of food present for all steps.", "type": "integer", "default": 2, "minimum": 1}, "max_length": {"description": "The max length any goose can be. Total reward = (max length + 1) * steps survived + goose length.", "type": "integer", "default": 99}}, "info": {}, "observation": {"remainingOverageTime": {"description": "Total remaining banked time (seconds) that can be used in excess of per-step actTimeouts -- agent is disqualified with TIMEOUT status when this drops below 0.", "shared": false, "type": "number", "minimum": 0, "default": 60}, "step": {"description": "Current step within the episode.", "type": "integer", "shared": true, "minimum": 0, "default": 0}, "geese": {"description": "List of geese in order by the agent index.", "type": "array", "default": [], "shared": true}, "food": {"description": "Positions on the board where food is present.", "type": "array", "default": [], "shared": true}, "index": {"description": "Index of the current agent's goose in the list of geese.", "type": "integer", "minimum": 0, "defaults": [0, 1, 2, 3, 4, 5, 6, 7]}}, "reward": {"description": "steps survived * (max goose length + 1) + current goose length.", "type": ["number", "null"], "default": 0, "minimum": 0}}, "steps": [[{"action": "NORTH", "reward": 0, "info": {}, "observation": {"remainingOverageTime": 60, "step": 0, "geese": [[74], [41], [68], [28]], "food": [25, 17], "index": 0}, "status": "ACTIVE"}, {"action": "NORTH", "reward": 0, "info": {}, "observation": {"remainingOverageTime": 60, "index": 1}, "status": "ACTIVE"}, {"action": "NORTH", "reward": 0, "info": {}, "observation": {"remainingOverageTime": 60, "index": 2}, "status": "ACTIVE"}, {"action": "NORTH", "reward": 0, "info": {}, "observation": {"remainingOverageTime": 60, "index": 3}, "status": "ACTIVE"}], [{"action": "WEST", "reward": 201, "info": {}, "observation": {"remainingOverageTime": 60, "step": 1, "geese": [[73], [42], [69], [17, 28]], "food": [25, 3], "index": 0}, "status": "ACTIVE"}, {"action": "EAST", "reward": 201, "info": {}, "observation": {"remainingOverageTime": 60, "index": 1}, "status": "ACTIVE"}, {"action": "EAST", "reward": 201, "info": {}, "observation": {"remainingOverageTime": 60, "index": 2}, "status": "ACTIVE"}, {"action": "NORTH", "reward": 202, "info": {}, "observation": {"remainingOverageTime": 60, "index": 3}, "status": "ACTIVE"}], [{"action": "WEST", "reward": 301, "info": {}, "observation": {"remainingOverageTime": 60, "step": 2, "geese": [[72], [43], [3, 69], [16, 17]], "food": [25, 29], "index": 0}, "status": "ACTIVE"}, {"action": "EAST", "reward": 301, "info": {}, "observation": {"remainingOverageTime": 60, "index": 1}, "status": "ACTIVE"}, {"action": "SOUTH", "reward": 302, "info": {}, "observation": {"remainingOverageTime": 60, "index": 2}, "status": "ACTIVE"}, {"action": "WEST", "reward": 302, "info": {}, "observation": {"remainingOverageTime": 60, "index": 3}, "status": "ACTIVE"}], [{"action": "EAST", "reward": 301, "info": {}, "observation": {"remainingOverageTime": 60, "step": 3, "geese": [[], [32], [14, 3], []], "food": [25, 29], "index": 0}, "status": "DONE"}, {"action": "NORTH", "reward": 401, "info": {}, "observation": {"remainingOverageTime": 60, "index": 1}, "status": "ACTIVE"}, {"action": "SOUTH", "reward": 402, "info": {}, "observation": {"remainingOverageTime": 60, "index": 2}, "status": "ACTIVE"}, {"action": "EAST", "reward": 302, "info": {}, "observation": {"remainingOverageTime": 60, "index": 3}, "status": "DONE"}], [{"action": "NORTH", "reward": 301, "info": {}, "observation": {"remainingOverageTime": 60, "step": 4, "geese": [[], [31], [25, 14, 3], []], "food": [29, 6], "index": 0}, "status": "DONE"}, {"action": "WEST", "reward": 501, "info": {}, "observation": {"remainingOverageTime": 60, "index": 1}, "status": "ACTIVE"}, {"action": "SOUTH", "reward": 503, "info": {}, "observation": {"remainingOverageTime": 60, "index": 2}, "status": "ACTIVE"}, {"action": "NORTH", "reward": 302, "info": {}, "observation": {"remainingOverageTime": 60, "index": 3}, "status": "DONE"}], [{"action": "NORTH", "reward": 301, "info": {}, "observation": {"remainingOverageTime": 60, "step": 5, "geese": [[], [30], [26, 25, 14], []], "food": [29, 6], "index": 0}, "status": "DONE"}, {"action": "WEST", "reward": 601, "info": {}, "observation": {"remainingOverageTime": 60, "index": 1}, "status": "ACTIVE"}, {"action": "EAST", "reward": 603, "info": {}, "observation": {"remainingOverageTime": 60, "index": 2}, "status": "ACTIVE"}, {"action": "NORTH", "reward": 302, "info": {}, "observation": {"remainingOverageTime": 60, "index": 3}, "status": "DONE"}], [{"action": "NORTH", "reward": 301, "info": {}, "observation": {"remainingOverageTime": 60, "step": 6, "geese": [[], [29, 30], [27, 26, 25], []], "food": [6, 15], "index": 0}, "status": "DONE"}, {"action": "WEST", "reward": 702, "info": {}, "observation": {"remainingOverageTime": 60, "index": 1}, "status": "ACTIVE"}, {"action": "EAST", "reward": 703, "info": {}, "observation": {"remainingOverageTime": 60, "index": 2}, "status": "ACTIVE"}, {"action": "NORTH", "reward": 302, "info": {}, "observation": {"remainingOverageTime": 60, "index": 3}, "status": "DONE"}], [{"action": "NORTH", "reward": 301, "info": {}, "observation": {"remainingOverageTime": 60, "step": 7, "geese": [[], [18, 29], [16, 27, 26], []], "food": [6, 15], "index": 0}, "status": "DONE"}, {"action": "NORTH", "reward": 802, "info": {}, "observation": {"remainingOverageTime": 60, "index": 1}, "status": "ACTIVE"}, {"action": "NORTH", "reward": 803, "info": {}, "observation": {"remainingOverageTime": 60, "index": 2}, "status": "ACTIVE"}, {"action": "NORTH", "reward": 302, "info": {}, "observation": {"remainingOverageTime": 60, "index": 3}, "status": "DONE"}], [{"action": "NORTH", "reward": 301, "info": {}, "observation": {"remainingOverageTime": 60, "step": 8, "geese": [[], [7, 18], [15, 16, 27, 26], []], "food": [6, 23], "index": 0}, "status": "DONE"}, {"action": "NORTH", "reward": 902, "info": {}, "observation": {"remainingOverageTime": 60, "index": 1}, "status": "ACTIVE"}, {"action": "WEST", "reward": 904, "info": {}, "observation": {"remainingOverageTime": 60, "index": 2}, "status": "ACTIVE"}, {"action": "NORTH", "reward": 302, "info": {}, "observation": {"remainingOverageTime": 60, "index": 3}, "status": "DONE"}], [{"action": "NORTH", "reward": 301, "info": {}, "observation": {"remainingOverageTime": 60, "step": 9, "geese": [[], [6, 7, 18], [14, 15, 16, 27], []], "food": [23, 2], "index": 0}, "status": "DONE"}, {"action": "WEST", "reward": 1003, "info": {}, "observation": {"remainingOverageTime": 60, "index": 1}, "status": "ACTIVE"}, {"action": "WEST", "reward": 1004, "info": {}, "observation": {"remainingOverageTime": 60, "index": 2}, "status": "ACTIVE"}, {"action": "NORTH", "reward": 302, "info": {}, "observation": {"remainingOverageTime": 60, "index": 3}, "status": "DONE"}], [{"action": "NORTH", "reward": 301, "info": {}, "observation": {"remainingOverageTime": 60, "step": 10, "geese": [[], [72, 6, 7], [3, 14, 15, 16], []], "food": [23, 2], "index": 0}, "status": "DONE"}, {"action": "NORTH", "reward": 1103, "info": {}, "observation": {"remainingOverageTime": 60, "index": 1}, "status": "ACTIVE"}, {"action": "NORTH", "reward": 1104, "info": {}, "observation": {"remainingOverageTime": 60, "index": 2}, "status": "ACTIVE"}, {"action": "NORTH", "reward": 302, "info": {}, "observation": {"remainingOverageTime": 60, "index": 3}, "status": "DONE"}], [{"action": "NORTH", "reward": 301, "info": {}, "observation": {"remainingOverageTime": 60, "step": 11, "geese": [[], [71, 72, 6], [2, 3, 14, 15, 16], []], "food": [23, 27], "index": 0}, "status": "DONE"}, {"action": "WEST", "reward": 1203, "info": {}, "observation": {"remainingOverageTime": 60, "index": 1}, "status": "ACTIVE"}, {"action": "WEST", "reward": 1205, "info": {}, "observation": {"remainingOverageTime": 60, "index": 2}, "status": "ACTIVE"}, {"action": "NORTH", "reward": 302, "info": {}, "observation": {"remainingOverageTime": 60, "index": 3}, "status": "DONE"}], [{"action": "NORTH", "reward": 301, "info": {}, "observation": {"remainingOverageTime": 60, "step": 12, "geese": [[], [5, 71, 72], [1, 2, 3, 14, 15], []], "food": [23, 27], "index": 0}, "status": "DONE"}, {"action": "SOUTH", "reward": 1303, "info": {}, "observation": {"remainingOverageTime": 60, "index": 1}, "status": "ACTIVE"}, {"action": "WEST", "reward": 1305, "info": {}, "observation": {"remainingOverageTime": 60, "index": 2}, "status": "ACTIVE"}, {"action": "NORTH", "reward": 302, "info": {}, "observation": {"remainingOverageTime": 60, "index": 3}, "status": "DONE"}], [{"action": "NORTH", "reward": 301, "info": {}, "observation": {"remainingOverageTime": 60, "step": 13, "geese": [[], [16, 5, 71], [12, 1, 2, 3, 14], []], "food": [23, 27], "index": 0}, "status": "DONE"}, {"action": "SOUTH", "reward": 1403, "info": {}, "observation": {"remainingOverageTime": 60, "index": 1}, "status": "ACTIVE"}, {"action": "SOUTH", "reward": 1405, "info": {}, "observation": {"remainingOverageTime": 60, "index": 2}, "status": "ACTIVE"}, {"action": "NORTH", "reward": 302, "info": {}, "observation": {"remainingOverageTime": 60, "index": 3}, "status": "DONE"}], [{"action": "NORTH", "reward": 301, "info": {}, "observation": {"remainingOverageTime": 60, "step": 14, "geese": [[], [27, 16, 5, 71], [23, 12, 1, 2, 3, 14], []], "food": [63, 59], "index": 0}, "status": "DONE"}, {"action": "SOUTH", "reward": 1504, "info": {}, "observation": {"remainingOverageTime": 60, "index": 1}, "status": "ACTIVE"}, {"action": "SOUTH", "reward": 1506, "info": {}, "observation": {"remainingOverageTime": 60, "index": 2}, "status": "ACTIVE"}, {"action": "NORTH", "reward": 302, "info": {}, "observation": {"remainingOverageTime": 60, "index": 3}, "status": "DONE"}], [{"action": "NORTH", "reward": 301, "info": {}, "observation": {"remainingOverageTime": 60, "step": 15, "geese": [[], [26, 27, 16, 5], [24, 23, 12, 1, 2, 3], []], "food": [63, 59], "index": 0}, "status": "DONE"}, {"action": "WEST", "reward": 1604, "info": {}, "observation": {"remainingOverageTime": 60, "index": 1}, "status": "ACTIVE"}, {"action": "EAST", "reward": 1606, "info": {}, "observation": {"remainingOverageTime": 60, "index": 2}, "status": "ACTIVE"}, {"action": "NORTH", "reward": 302, "info": {}, "observation": {"remainingOverageTime": 60, "index": 3}, "status": "DONE"}], [{"action": "NORTH", "reward": 301, "info": {}, "observation": {"remainingOverageTime": 60, "step": 16, "geese": [[], [37, 26, 27, 16], [35, 24, 23, 12, 1, 2], []], "food": [63, 59], "index": 0}, "status": "DONE"}, {"action": "SOUTH", "reward": 1704, "info": {}, "observation": {"remainingOverageTime": 60, "index": 1}, "status": "ACTIVE"}, {"action": "SOUTH", "reward": 1706, "info": {}, "observation": {"remainingOverageTime": 60, "index": 2}, "status": "ACTIVE"}, {"action": "NORTH", "reward": 302, "info": {}, "observation": {"remainingOverageTime": 60, "index": 3}, "status": "DONE"}], [{"action": "NORTH", "reward": 301, "info": {}, "observation": {"remainingOverageTime": 60, "step": 17, "geese": [[], [48, 37, 26, 27], [46, 35, 24, 23, 12, 1], []], "food": [63, 59], "index": 0}, "status": "DONE"}, {"action": "SOUTH", "reward": 1804, "info": {}, "observation": {"remainingOverageTime": 60, "index": 1}, "status": "ACTIVE"}, {"action": "SOUTH", "reward": 1806, "info": {}, "observation": {"remainingOverageTime": 60, "index": 2}, "status": "ACTIVE"}, {"action": "NORTH", "reward": 302, "info": {}, "observation": {"remainingOverageTime": 60, "index": 3}, "status": "DONE"}], [{"action": "NORTH", "reward": 301, "info": {}, "observation": {"remainingOverageTime": 60, "step": 18, "geese": [[], [59, 48, 37, 26, 27], [45, 46, 35, 24, 23, 12], []], "food": [63, 10], "index": 0}, "status": "DONE"}, {"action": "SOUTH", "reward": 1905, "info": {}, "observation": {"remainingOverageTime": 60, "index": 1}, "status": "ACTIVE"}, {"action": "WEST", "reward": 1906, "info": {}, "observation": {"remainingOverageTime": 60, "index": 2}, "status": "ACTIVE"}, {"action": "NORTH", "reward": 302, "info": {}, "observation": {"remainingOverageTime": 60, "index": 3}, "status": "DONE"}], [{"action": "NORTH", "reward": 301, "info": {}, "observation": {"remainingOverageTime": 60, "step": 19, "geese": [[], [60, 59, 48, 37, 26], [44, 45, 46, 35, 24, 23], []], "food": [63, 10], "index": 0}, "status": "DONE"}, {"action": "EAST", "reward": 2005, "info": {}, "observation": {"remainingOverageTime": 60, "index": 1}, "status": "ACTIVE"}, {"action": "WEST", "reward": 2006, "info": {}, "observation": {"remainingOverageTime": 60, "index": 2}, "status": "ACTIVE"}, {"action": "NORTH", "reward": 302, "info": {}, "observation": {"remainingOverageTime": 60, "index": 3}, "status": "DONE"}], [{"action": "NORTH", "reward": 301, "info": {}, "observation": {"remainingOverageTime": 60, "step": 20, "geese": [[], [61, 60, 59, 48, 37], [54, 44, 45, 46, 35, 24], []], "food": [63, 10], "index": 0}, "status": "DONE"}, {"action": "EAST", "reward": 2105, "info": {}, "observation": {"remainingOverageTime": 60, "index": 1}, "status": "ACTIVE"}, {"action": "WEST", "reward": 2106, "info": {}, "observation": {"remainingOverageTime": 60, "index": 2}, "status": "ACTIVE"}, {"action": "NORTH", "reward": 302, "info": {}, "observation": {"remainingOverageTime": 60, "index": 3}, "status": "DONE"}], [{"action": "NORTH", "reward": 301, "info": {}, "observation": {"remainingOverageTime": 60, "step": 21, "geese": [[], [62, 61, 60, 59, 48], [53, 54, 44, 45, 46, 35], []], "food": [63, 10], "index": 0}, "status": "DONE"}, {"action": "EAST", "reward": 2205, "info": {}, "observation": {"remainingOverageTime": 60, "index": 1}, "status": "ACTIVE"}, {"action": "WEST", "reward": 2206, "info": {}, "observation": {"remainingOverageTime": 60, "index": 2}, "status": "ACTIVE"}, {"action": "NORTH", "reward": 302, "info": {}, "observation": {"remainingOverageTime": 60, "index": 3}, "status": "DONE"}], [{"action": "NORTH", "reward": 301, "info": {}, "observation": {"remainingOverageTime": 60, "step": 22, "geese": [[], [63, 62, 61, 60, 59, 48], [64, 53, 54, 44, 45, 46], []], "food": [10, 65], "index": 0}, "status": "DONE"}, {"action": "EAST", "reward": 2306, "info": {}, "observation": {"remainingOverageTime": 60, "index": 1}, "status": "ACTIVE"}, {"action": "SOUTH", "reward": 2306, "info": {}, "observation": {"remainingOverageTime": 60, "index": 2}, "status": "ACTIVE"}, {"action": "NORTH", "reward": 302, "info": {}, "observation": {"remainingOverageTime": 60, "index": 3}, "status": "DONE"}], [{"action": "NORTH", "reward": 301, "info": {}, "observation": {"remainingOverageTime": 60, "step": 23, "geese": [[], [74, 63, 62, 61, 60, 59], [65, 64, 53, 54, 44, 45, 46], []], "food": [10, 76], "index": 0}, "status": "DONE"}, {"action": "SOUTH", "reward": 2406, "info": {}, "observation": {"remainingOverageTime": 60, "index": 1}, "status": "ACTIVE"}, {"action": "EAST", "reward": 2407, "info": {}, "observation": {"remainingOverageTime": 60, "index": 2}, "status": "ACTIVE"}, {"action": "NORTH", "reward": 302, "info": {}, "observation": {"remainingOverageTime": 60, "index": 3}, "status": "DONE"}], [{"action": "NORTH", "reward": 301, "info": {}, "observation": {"remainingOverageTime": 60, "step": 24, "geese": [[], [75, 74, 63, 62, 61, 60], [76, 65, 64, 53, 54, 44, 45, 46], []], "food": [10, 35], "index": 0}, "status": "DONE"}, {"action": "EAST", "reward": 2506, "info": {}, "observation": {"remainingOverageTime": 60, "index": 1}, "status": "ACTIVE"}, {"action": "SOUTH", "reward": 2508, "info": {}, "observation": {"remainingOverageTime": 60, "index": 2}, "status": "ACTIVE"}, {"action": "NORTH", "reward": 302, "info": {}, "observation": {"remainingOverageTime": 60, "index": 3}, "status": "DONE"}], [{"action": "NORTH", "reward": 301, "info": {}, "observation": {"remainingOverageTime": 60, "step": 25, "geese": [[], [9, 75, 74, 63, 62, 61], [10, 76, 65, 64, 53, 54, 44, 45, 46], []], "food": [35, 48], "index": 0}, "status": "DONE"}, {"action": "SOUTH", "reward": 2606, "info": {}, "observation": {"remainingOverageTime": 60, "index": 1}, "status": "ACTIVE"}, {"action": "SOUTH", "reward": 2609, "info": {}, "observation": {"remainingOverageTime": 60, "index": 2}, "status": "ACTIVE"}, {"action": "NORTH", "reward": 302, "info": {}, "observation": {"remainingOverageTime": 60, "index": 3}, "status": "DONE"}], [{"action": "NORTH", "reward": 301, "info": {}, "observation": {"remainingOverageTime": 60, "step": 26, "geese": [[], [20, 9, 75, 74, 63, 62], [0, 10, 76, 65, 64, 53, 54, 44, 45], []], "food": [35, 48], "index": 0}, "status": "DONE"}, {"action": "SOUTH", "reward": 2706, "info": {}, "observation": {"remainingOverageTime": 60, "index": 1}, "status": "ACTIVE"}, {"action": "EAST", "reward": 2709, "info": {}, "observation": {"remainingOverageTime": 60, "index": 2}, "status": "ACTIVE"}, {"action": "NORTH", "reward": 302, "info": {}, "observation": {"remainingOverageTime": 60, "index": 3}, "status": "DONE"}], [{"action": "NORTH", "reward": 301, "info": {}, "observation": {"remainingOverageTime": 60, "step": 27, "geese": [[], [21, 20, 9, 75, 74, 63], [1, 0, 10, 76, 65, 64, 53, 54, 44], []], "food": [35, 48], "index": 0}, "status": "DONE"}, {"action": "EAST", "reward": 2806, "info": {}, "observation": {"remainingOverageTime": 60, "index": 1}, "status": "ACTIVE"}, {"action": "EAST", "reward": 2809, "info": {}, "observation": {"remainingOverageTime": 60, "index": 2}, "status": "ACTIVE"}, {"action": "NORTH", "reward": 302, "info": {}, "observation": {"remainingOverageTime": 60, "index": 3}, "status": "DONE"}], [{"action": "NORTH", "reward": 301, "info": {}, "observation": {"remainingOverageTime": 60, "step": 28, "geese": [[], [11, 21, 20, 9, 75, 74], [2, 1, 0, 10, 76, 65, 64, 53, 54], []], "food": [35, 48], "index": 0}, "status": "DONE"}, {"action": "EAST", "reward": 2906, "info": {}, "observation": {"remainingOverageTime": 60, "index": 1}, "status": "ACTIVE"}, {"action": "EAST", "reward": 2909, "info": {}, "observation": {"remainingOverageTime": 60, "index": 2}, "status": "ACTIVE"}, {"action": "NORTH", "reward": 302, "info": {}, "observation": {"remainingOverageTime": 60, "index": 3}, "status": "DONE"}], [{"action": "NORTH", "reward": 301, "info": {}, "observation": {"remainingOverageTime": 60, "step": 29, "geese": [[], [12, 11, 21, 20, 9, 75], [13, 2, 1, 0, 10, 76, 65, 64, 53], []], "food": [35, 48], "index": 0}, "status": "DONE"}, {"action": "EAST", "reward": 3006, "info": {}, "observation": {"remainingOverageTime": 60, "index": 1}, "status": "ACTIVE"}, {"action": "SOUTH", "reward": 3009, "info": {}, "observation": {"remainingOverageTime": 60, "index": 2}, "status": "ACTIVE"}, {"action": "NORTH", "reward": 302, "info": {}, "observation": {"remainingOverageTime": 60, "index": 3}, "status": "DONE"}], [{"action": "NORTH", "reward": 301, "info": {}, "observation": {"remainingOverageTime": 60, "step": 30, "geese": [[], [23, 12, 11, 21, 20, 9], [24, 13, 2, 1, 0, 10, 76, 65, 64], []], "food": [35, 48], "index": 0}, "status": "DONE"}, {"action": "SOUTH", "reward": 3106, "info": {}, "observation": {"remainingOverageTime": 60, "index": 1}, "status": "ACTIVE"}, {"action": "SOUTH", "reward": 3109, "info": {}, "observation": {"remainingOverageTime": 60, "index": 2}, "status": "ACTIVE"}, {"action": "NORTH", "reward": 302, "info": {}, "observation": {"remainingOverageTime": 60, "index": 3}, "status": "DONE"}], [{"action": "NORTH", "reward": 301, "info": {}, "observation": {"remainingOverageTime": 60, "step": 31, "geese": [[], [34, 23, 12, 11, 21, 20], [35, 24, 13, 2, 1, 0, 10, 76, 65, 64], []], "food": [48, 56], "index": 0}, "status": "DONE"}, {"action": "SOUTH", "reward": 3206, "info": {}, "observation": {"remainingOverageTime": 60, "index": 1}, "status": "ACTIVE"}, {"action": "SOUTH", "reward": 3210, "info": {}, "observation": {"remainingOverageTime": 60, "index": 2}, "status": "ACTIVE"}, {"action": "NORTH", "reward": 302, "info": {}, "observation": {"remainingOverageTime": 60, "index": 3}, "status": "DONE"}], [{"action": "NORTH", "reward": 301, "info": {}, "observation": {"remainingOverageTime": 60, "step": 32, "geese": [[], [45, 34, 23, 12, 11, 21], [36, 35, 24, 13, 2, 1, 0, 10, 76, 65], []], "food": [48, 56], "index": 0}, "status": "DONE"}, {"action": "SOUTH", "reward": 3306, "info": {}, "observation": {"remainingOverageTime": 60, "index": 1}, "status": "ACTIVE"}, {"action": "EAST", "reward": 3310, "info": {}, "observation": {"remainingOverageTime": 60, "index": 2}, "status": "ACTIVE"}, {"action": "NORTH", "reward": 302, "info": {}, "observation": {"remainingOverageTime": 60, "index": 3}, "status": "DONE"}], [{"action": "NORTH", "reward": 301, "info": {}, "observation": {"remainingOverageTime": 60, "step": 33, "geese": [[], [56, 45, 34, 23, 12, 11, 21], [37, 36, 35, 24, 13, 2, 1, 0, 10, 76], []], "food": [48, 47], "index": 0}, "status": "DONE"}, {"action": "SOUTH", "reward": 3407, "info": {}, "observation": {"remainingOverageTime": 60, "index": 1}, "status": "ACTIVE"}, {"action": "EAST", "reward": 3410, "info": {}, "observation": {"remainingOverageTime": 60, "index": 2}, "status": "ACTIVE"}, {"action": "NORTH", "reward": 302, "info": {}, "observation": {"remainingOverageTime": 60, "index": 3}, "status": "DONE"}], [{"action": "NORTH", "reward": 301, "info": {}, "observation": {"remainingOverageTime": 60, "step": 34, "geese": [[], [57, 56, 45, 34, 23, 12, 11], [48, 37, 36, 35, 24, 13, 2, 1, 0, 10, 76], []], "food": [47, 70], "index": 0}, "status": "DONE"}, {"action": "EAST", "reward": 3507, "info": {}, "observation": {"remainingOverageTime": 60, "index": 1}, "status": "ACTIVE"}, {"action": "SOUTH", "reward": 3511, "info": {}, "observation": {"remainingOverageTime": 60, "index": 2}, "status": "ACTIVE"}, {"action": "NORTH", "reward": 302, "info": {}, "observation": {"remainingOverageTime": 60, "index": 3}, "status": "DONE"}], [{"action": "NORTH", "reward": 301, "info": {}, "observation": {"remainingOverageTime": 60, "step": 35, "geese": [[], [58, 57, 56, 45, 34, 23, 12], [47, 48, 37, 36, 35, 24, 13, 2, 1, 0, 10, 76], []], "food": [70, 16], "index": 0}, "status": "DONE"}, {"action": "EAST", "reward": 3607, "info": {}, "observation": {"remainingOverageTime": 60, "index": 1}, "status": "ACTIVE"}, {"action": "WEST", "reward": 3612, "info": {}, "observation": {"remainingOverageTime": 60, "index": 2}, "status": "ACTIVE"}, {"action": "NORTH", "reward": 302, "info": {}, "observation": {"remainingOverageTime": 60, "index": 3}, "status": "DONE"}], [{"action": "NORTH", "reward": 301, "info": {}, "observation": {"remainingOverageTime": 60, "step": 36, "geese": [[], [59, 58, 57, 56, 45, 34, 23], [], []], "food": [70, 16], "index": 0}, "status": "DONE"}, {"action": "EAST", "reward": 3707, "info": {}, "observation": {"remainingOverageTime": 60, "index": 1}, "status": "DONE"}, {"action": "SOUTH", "reward": 3612, "info": {}, "observation": {"remainingOverageTime": 60, "index": 2}, "status": "DONE"}, {"action": "NORTH", "reward": 302, "info": {}, "observation": {"remainingOverageTime": 60, "index": 3}, "status": "DONE"}]], "rewards": [301, 3707, 3612, 302], "statuses": ["DONE", "DONE", "DONE", "DONE"], "schema_version": 1, "info": {}}