{"id": "a676eb6a-db0c-11ee-b332-0242ac1c000c", "name": "hungry_geese", "title": "Hungry Geese", "description": "Similar to the classic snake game with multiple players", "version": "1.0.0", "configuration": {"episodeSteps": 200, "actTimeout": 1, "runTimeout": 1200, "columns": 11, "rows": 7, "hunger_rate": 40, "min_food": 2, "max_length": 99}, "specification": {"action": {"description": "Direction to move the head of your players goose.", "type": "string", "enum": ["NORTH", "EAST", "SOUTH", "WEST"], "default": "NORTH"}, "agents": [1, 2, 3, 4, 5, 6, 7, 8], "configuration": {"episodeSteps": {"description": "Maximum number of steps in the episode.", "type": "integer", "minimum": 1, "default": 200}, "actTimeout": {"description": "Maximum runtime (seconds) to obtain an action from an agent.", "type": "number", "minimum": 0, "default": 1}, "runTimeout": {"description": "Maximum runtime (seconds) of an episode (not necessarily DONE).", "type": "number", "minimum": 0, "default": 1200}, "columns": {"description": "Horizontal number of cells on the board.", "type": "integer", "default": 11, "minimum": 3}, "rows": {"description": "Vertical number of cells on the board.", "type": "integer", "default": 7, "minimum": 3}, "hunger_rate": {"description": "The number of steps before the goose shrinks a cell.", "type": "integer", "minimum": 1, "default": 40}, "min_food": {"description": "The minimum amount of food present for all steps.", "type": "integer", "default": 2, "minimum": 1}, "max_length": {"description": "The max length any goose can be. Total reward = (max length + 1) * steps survived + goose length.", "type": "integer", "default": 99}}, "info": {}, "observation": {"remainingOverageTime": {"description": "Total remaining banked time (seconds) that can be used in excess of per-step actTimeouts -- agent is disqualified with TIMEOUT status when this drops below 0.", "shared": false, "type": "number", "minimum": 0, "default": 60}, "step": {"description": "Current step within the episode.", "type": "integer", "shared": true, "minimum": 0, "default": 0}, "geese": {"description": "List of geese in order by the agent index.", "type": "array", "default": [], "shared": true}, "food": {"description": "Positions on the board where food is present.", "type": "array", "default": [], "shared": true}, "index": {"description": "Index of the current agent's goose in the list of geese.", "type": "integer", "minimum": 0, "defaults": [0, 1, 2, 3, 4, 5, 6, 7]}}, "reward": {"description": "steps survived * (max goose length + 1) + current goose length.", "type": ["number", "null"], "default": 0, "minimum": 0}}, "steps": [[{"action": "NORTH", "reward": 0, "info": {}, "observation": {"remainingOverageTime": 60, "step": 0, "geese": [[16], [43], [71], [30]], "food": [61, 14], "index": 0}, "status": "ACTIVE"}, {"action": "NORTH", "reward": 0, "info": {}, "observation": {"remainingOverageTime": 60, "index": 1}, "status": "ACTIVE"}, {"action": "NORTH", "reward": 0, "info": {}, "observation": {"remainingOverageTime": 60, "index": 2}, "status": "ACTIVE"}, {"action": "NORTH", "reward": 0, "info": {}, "observation": {"remainingOverageTime": 60, "index": 3}, "status": "ACTIVE"}], [{"action": "WEST", "reward": 201, "info": {}, "observation": {"remainingOverageTime": 60, "step": 1, "geese": [[15], [33], [72], [29]], "food": [61, 14], "index": 0}, "status": "ACTIVE"}, {"action": "EAST", "reward": 201, "info": {}, "observation": {"remainingOverageTime": 60, "index": 1}, "status": "ACTIVE"}, {"action": "EAST", "reward": 201, "info": {}, "observation": {"remainingOverageTime": 60, "index": 2}, "status": "ACTIVE"}, {"action": "WEST", "reward": 201, "info": {}, "observation": {"remainingOverageTime": 60, "index": 3}, "status": "ACTIVE"}], [{"action": "WEST", "reward": 302, "info": {}, "observation": {"remainingOverageTime": 60, "step": 2, "geese": [[14, 15], [34], [61, 72], [40]], "food": [7, 46], "index": 0}, "status": "ACTIVE"}, {"action": "EAST", "reward": 301, "info": {}, "observation": {"remainingOverageTime": 60, "index": 1}, "status": "ACTIVE"}, {"action": "NORTH", "reward": 302, "info": {}, "observation": {"remainingOverageTime": 60, "index": 2}, "status": "ACTIVE"}, {"action": "SOUTH", "reward": 301, "info": {}, "observation": {"remainingOverageTime": 60, "index": 3}, "status": "ACTIVE"}], [{"action": "SOUTH", "reward": 402, "info": {}, "observation": {"remainingOverageTime": 60, "step": 3, "geese": [[25, 14], [35], [62, 61], []], "food": [7, 46], "index": 0}, "status": "ACTIVE"}, {"action": "EAST", "reward": 401, "info": {}, "observation": {"remainingOverageTime": 60, "index": 1}, "status": "ACTIVE"}, {"action": "EAST", "reward": 402, "info": {}, "observation": {"remainingOverageTime": 60, "index": 2}, "status": "ACTIVE"}, {"action": "NORTH", "reward": 301, "info": {}, "observation": {"remainingOverageTime": 60, "index": 3}, "status": "DONE"}], [{"action": "EAST", "reward": 502, "info": {}, "observation": {"remainingOverageTime": 60, "step": 4, "geese": [[26, 25], [46, 35], [73, 62], []], "food": [7, 47], "index": 0}, "status": "ACTIVE"}, {"action": "SOUTH", "reward": 502, "info": {}, "observation": {"remainingOverageTime": 60, "index": 1}, "status": "ACTIVE"}, {"action": "SOUTH", "reward": 502, "info": {}, "observation": {"remainingOverageTime": 60, "index": 2}, "status": "ACTIVE"}, {"action": "NORTH", "reward": 301, "info": {}, "observation": {"remainingOverageTime": 60, "index": 3}, "status": "DONE"}], [{"action": "NORTH", "reward": 602, "info": {}, "observation": {"remainingOverageTime": 60, "step": 5, "geese": [[15, 26], [47, 46, 35], [7, 73, 62], []], "food": [72, 68], "index": 0}, "status": "ACTIVE"}, {"action": "EAST", "reward": 603, "info": {}, "observation": {"remainingOverageTime": 60, "index": 1}, "status": "ACTIVE"}, {"action": "SOUTH", "reward": 603, "info": {}, "observation": {"remainingOverageTime": 60, "index": 2}, "status": "ACTIVE"}, {"action": "NORTH", "reward": 301, "info": {}, "observation": {"remainingOverageTime": 60, "index": 3}, "status": "DONE"}], [{"action": "EAST", "reward": 702, "info": {}, "observation": {"remainingOverageTime": 60, "step": 6, "geese": [[16, 15], [58, 47, 46], [6, 7, 73], []], "food": [72, 68], "index": 0}, "status": "ACTIVE"}, {"action": "SOUTH", "reward": 703, "info": {}, "observation": {"remainingOverageTime": 60, "index": 1}, "status": "ACTIVE"}, {"action": "WEST", "reward": 703, "info": {}, "observation": {"remainingOverageTime": 60, "index": 2}, "status": "ACTIVE"}, {"action": "NORTH", "reward": 301, "info": {}, "observation": {"remainingOverageTime": 60, "index": 3}, "status": "DONE"}], [{"action": "WEST", "reward": 702, "info": {}, "observation": {"remainingOverageTime": 60, "step": 7, "geese": [[], [57, 58, 47], [72, 6, 7, 73], []], "food": [68, 41], "index": 0}, "status": "DONE"}, {"action": "WEST", "reward": 803, "info": {}, "observation": {"remainingOverageTime": 60, "index": 1}, "status": "ACTIVE"}, {"action": "NORTH", "reward": 804, "info": {}, "observation": {"remainingOverageTime": 60, "index": 2}, "status": "ACTIVE"}, {"action": "NORTH", "reward": 301, "info": {}, "observation": {"remainingOverageTime": 60, "index": 3}, "status": "DONE"}], [{"action": "NORTH", "reward": 702, "info": {}, "observation": {"remainingOverageTime": 60, "step": 8, "geese": [[], [68, 57, 58, 47], [73, 72, 6, 7], []], "food": [41, 74], "index": 0}, "status": "DONE"}, {"action": "SOUTH", "reward": 904, "info": {}, "observation": {"remainingOverageTime": 60, "index": 1}, "status": "ACTIVE"}, {"action": "EAST", "reward": 904, "info": {}, "observation": {"remainingOverageTime": 60, "index": 2}, "status": "ACTIVE"}, {"action": "NORTH", "reward": 301, "info": {}, "observation": {"remainingOverageTime": 60, "index": 3}, "status": "DONE"}], [{"action": "NORTH", "reward": 702, "info": {}, "observation": {"remainingOverageTime": 60, "step": 9, "geese": [[], [67, 68, 57, 58], [74, 73, 72, 6, 7], []], "food": [41, 22], "index": 0}, "status": "DONE"}, {"action": "WEST", "reward": 1004, "info": {}, "observation": {"remainingOverageTime": 60, "index": 1}, "status": "ACTIVE"}, {"action": "EAST", "reward": 1005, "info": {}, "observation": {"remainingOverageTime": 60, "index": 2}, "status": "ACTIVE"}, {"action": "NORTH", "reward": 301, "info": {}, "observation": {"remainingOverageTime": 60, "index": 3}, "status": "DONE"}], [{"action": "NORTH", "reward": 702, "info": {}, "observation": {"remainingOverageTime": 60, "step": 10, "geese": [[], [66, 67, 68, 57], [63, 74, 73, 72, 6], []], "food": [41, 22], "index": 0}, "status": "DONE"}, {"action": "WEST", "reward": 1104, "info": {}, "observation": {"remainingOverageTime": 60, "index": 1}, "status": "ACTIVE"}, {"action": "NORTH", "reward": 1105, "info": {}, "observation": {"remainingOverageTime": 60, "index": 2}, "status": "ACTIVE"}, {"action": "NORTH", "reward": 301, "info": {}, "observation": {"remainingOverageTime": 60, "index": 3}, "status": "DONE"}], [{"action": "NORTH", "reward": 702, "info": {}, "observation": {"remainingOverageTime": 60, "step": 11, "geese": [[], [0, 66, 67, 68], [52, 63, 74, 73, 72], []], "food": [41, 22], "index": 0}, "status": "DONE"}, {"action": "SOUTH", "reward": 1204, "info": {}, "observation": {"remainingOverageTime": 60, "index": 1}, "status": "ACTIVE"}, {"action": "NORTH", "reward": 1205, "info": {}, "observation": {"remainingOverageTime": 60, "index": 2}, "status": "ACTIVE"}, {"action": "NORTH", "reward": 301, "info": {}, "observation": {"remainingOverageTime": 60, "index": 3}, "status": "DONE"}], [{"action": "NORTH", "reward": 702, "info": {}, "observation": {"remainingOverageTime": 60, "step": 12, "geese": [[], [11, 0, 66, 67], [41, 52, 63, 74, 73, 72], []], "food": [22, 47], "index": 0}, "status": "DONE"}, {"action": "SOUTH", "reward": 1304, "info": {}, "observation": {"remainingOverageTime": 60, "index": 1}, "status": "ACTIVE"}, {"action": "NORTH", "reward": 1306, "info": {}, "observation": {"remainingOverageTime": 60, "index": 2}, "status": "ACTIVE"}, {"action": "NORTH", "reward": 301, "info": {}, "observation": {"remainingOverageTime": 60, "index": 3}, "status": "DONE"}], [{"action": "NORTH", "reward": 702, "info": {}, "observation": {"remainingOverageTime": 60, "step": 13, "geese": [[], [22, 11, 0, 66, 67], [40, 41, 52, 63, 74, 73], []], "food": [47, 10], "index": 0}, "status": "DONE"}, {"action": "SOUTH", "reward": 1405, "info": {}, "observation": {"remainingOverageTime": 60, "index": 1}, "status": "ACTIVE"}, {"action": "WEST", "reward": 1406, "info": {}, "observation": {"remainingOverageTime": 60, "index": 2}, "status": "ACTIVE"}, {"action": "NORTH", "reward": 301, "info": {}, "observation": {"remainingOverageTime": 60, "index": 3}, "status": "DONE"}], [{"action": "NORTH", "reward": 702, "info": {}, "observation": {"remainingOverageTime": 60, "step": 14, "geese": [[], [32, 22, 11, 0, 66], [39, 40, 41, 52, 63, 74], []], "food": [47, 10], "index": 0}, "status": "DONE"}, {"action": "WEST", "reward": 1505, "info": {}, "observation": {"remainingOverageTime": 60, "index": 1}, "status": "ACTIVE"}, {"action": "WEST", "reward": 1506, "info": {}, "observation": {"remainingOverageTime": 60, "index": 2}, "status": "ACTIVE"}, {"action": "NORTH", "reward": 301, "info": {}, "observation": {"remainingOverageTime": 60, "index": 3}, "status": "DONE"}], [{"action": "NORTH", "reward": 702, "info": {}, "observation": {"remainingOverageTime": 60, "step": 15, "geese": [[], [21, 32, 22, 11, 0], [38, 39, 40, 41, 52, 63], []], "food": [47, 10], "index": 0}, "status": "DONE"}, {"action": "NORTH", "reward": 1605, "info": {}, "observation": {"remainingOverageTime": 60, "index": 1}, "status": "ACTIVE"}, {"action": "WEST", "reward": 1606, "info": {}, "observation": {"remainingOverageTime": 60, "index": 2}, "status": "ACTIVE"}, {"action": "NORTH", "reward": 301, "info": {}, "observation": {"remainingOverageTime": 60, "index": 3}, "status": "DONE"}], [{"action": "NORTH", "reward": 702, "info": {}, "observation": {"remainingOverageTime": 60, "step": 16, "geese": [[], [10, 21, 32, 22, 11, 0], [37, 38, 39, 40, 41, 52], []], "food": [47, 8], "index": 0}, "status": "DONE"}, {"action": "NORTH", "reward": 1706, "info": {}, "observation": {"remainingOverageTime": 60, "index": 1}, "status": "ACTIVE"}, {"action": "WEST", "reward": 1706, "info": {}, "observation": {"remainingOverageTime": 60, "index": 2}, "status": "ACTIVE"}, {"action": "NORTH", "reward": 301, "info": {}, "observation": {"remainingOverageTime": 60, "index": 3}, "status": "DONE"}], [{"action": "NORTH", "reward": 702, "info": {}, "observation": {"remainingOverageTime": 60, "step": 17, "geese": [[], [9, 10, 21, 32, 22, 11], [36, 37, 38, 39, 40, 41], []], "food": [47, 8], "index": 0}, "status": "DONE"}, {"action": "WEST", "reward": 1806, "info": {}, "observation": {"remainingOverageTime": 60, "index": 1}, "status": "ACTIVE"}, {"action": "WEST", "reward": 1806, "info": {}, "observation": {"remainingOverageTime": 60, "index": 2}, "status": "ACTIVE"}, {"action": "NORTH", "reward": 301, "info": {}, "observation": {"remainingOverageTime": 60, "index": 3}, "status": "DONE"}], [{"action": "NORTH", "reward": 702, "info": {}, "observation": {"remainingOverageTime": 60, "step": 18, "geese": [[], [8, 9, 10, 21, 32, 22, 11], [47, 36, 37, 38, 39, 40, 41], []], "food": [48, 71], "index": 0}, "status": "DONE"}, {"action": "WEST", "reward": 1907, "info": {}, "observation": {"remainingOverageTime": 60, "index": 1}, "status": "ACTIVE"}, {"action": "SOUTH", "reward": 1907, "info": {}, "observation": {"remainingOverageTime": 60, "index": 2}, "status": "ACTIVE"}, {"action": "NORTH", "reward": 301, "info": {}, "observation": {"remainingOverageTime": 60, "index": 3}, "status": "DONE"}], [{"action": "NORTH", "reward": 702, "info": {}, "observation": {"remainingOverageTime": 60, "step": 19, "geese": [[], [74, 8, 9, 10, 21, 32, 22], [48, 47, 36, 37, 38, 39, 40, 41], []], "food": [71, 57], "index": 0}, "status": "DONE"}, {"action": "NORTH", "reward": 2007, "info": {}, "observation": {"remainingOverageTime": 60, "index": 1}, "status": "ACTIVE"}, {"action": "EAST", "reward": 2008, "info": {}, "observation": {"remainingOverageTime": 60, "index": 2}, "status": "ACTIVE"}, {"action": "NORTH", "reward": 301, "info": {}, "observation": {"remainingOverageTime": 60, "index": 3}, "status": "DONE"}], [{"action": "NORTH", "reward": 702, "info": {}, "observation": {"remainingOverageTime": 60, "step": 20, "geese": [[], [73, 74, 8, 9, 10, 21, 32], [49, 48, 47, 36, 37, 38, 39, 40], []], "food": [71, 57], "index": 0}, "status": "DONE"}, {"action": "WEST", "reward": 2107, "info": {}, "observation": {"remainingOverageTime": 60, "index": 1}, "status": "ACTIVE"}, {"action": "EAST", "reward": 2108, "info": {}, "observation": {"remainingOverageTime": 60, "index": 2}, "status": "ACTIVE"}, {"action": "NORTH", "reward": 301, "info": {}, "observation": {"remainingOverageTime": 60, "index": 3}, "status": "DONE"}], [{"action": "NORTH", "reward": 702, "info": {}, "observation": {"remainingOverageTime": 60, "step": 21, "geese": [[], [72, 73, 74, 8, 9, 10, 21], [60, 49, 48, 47, 36, 37, 38, 39], []], "food": [71, 57], "index": 0}, "status": "DONE"}, {"action": "WEST", "reward": 2207, "info": {}, "observation": {"remainingOverageTime": 60, "index": 1}, "status": "ACTIVE"}, {"action": "SOUTH", "reward": 2208, "info": {}, "observation": {"remainingOverageTime": 60, "index": 2}, "status": "ACTIVE"}, {"action": "NORTH", "reward": 301, "info": {}, "observation": {"remainingOverageTime": 60, "index": 3}, "status": "DONE"}], [{"action": "NORTH", "reward": 702, "info": {}, "observation": {"remainingOverageTime": 60, "step": 22, "geese": [[], [6, 72, 73, 74, 8, 9, 10], [59, 60, 49, 48, 47, 36, 37, 38], []], "food": [71, 57], "index": 0}, "status": "DONE"}, {"action": "SOUTH", "reward": 2307, "info": {}, "observation": {"remainingOverageTime": 60, "index": 1}, "status": "ACTIVE"}, {"action": "WEST", "reward": 2308, "info": {}, "observation": {"remainingOverageTime": 60, "index": 2}, "status": "ACTIVE"}, {"action": "NORTH", "reward": 301, "info": {}, "observation": {"remainingOverageTime": 60, "index": 3}, "status": "DONE"}], [{"action": "NORTH", "reward": 702, "info": {}, "observation": {"remainingOverageTime": 60, "step": 23, "geese": [[], [5, 6, 72, 73, 74, 8, 9], [58, 59, 60, 49, 48, 47, 36, 37], []], "food": [71, 57], "index": 0}, "status": "DONE"}, {"action": "WEST", "reward": 2407, "info": {}, "observation": {"remainingOverageTime": 60, "index": 1}, "status": "ACTIVE"}, {"action": "WEST", "reward": 2408, "info": {}, "observation": {"remainingOverageTime": 60, "index": 2}, "status": "ACTIVE"}, {"action": "NORTH", "reward": 301, "info": {}, "observation": {"remainingOverageTime": 60, "index": 3}, "status": "DONE"}], [{"action": "NORTH", "reward": 702, "info": {}, "observation": {"remainingOverageTime": 60, "step": 24, "geese": [[], [71, 5, 6, 72, 73, 74, 8, 9], [57, 58, 59, 60, 49, 48, 47, 36, 37], []], "food": [76, 52], "index": 0}, "status": "DONE"}, {"action": "NORTH", "reward": 2508, "info": {}, "observation": {"remainingOverageTime": 60, "index": 1}, "status": "ACTIVE"}, {"action": "WEST", "reward": 2509, "info": {}, "observation": {"remainingOverageTime": 60, "index": 2}, "status": "ACTIVE"}, {"action": "NORTH", "reward": 301, "info": {}, "observation": {"remainingOverageTime": 60, "index": 3}, "status": "DONE"}], [{"action": "NORTH", "reward": 702, "info": {}, "observation": {"remainingOverageTime": 60, "step": 25, "geese": [[], [70, 71, 5, 6, 72, 73, 74, 8], [56, 57, 58, 59, 60, 49, 48, 47, 36], []], "food": [76, 52], "index": 0}, "status": "DONE"}, {"action": "WEST", "reward": 2608, "info": {}, "observation": {"remainingOverageTime": 60, "index": 1}, "status": "ACTIVE"}, {"action": "WEST", "reward": 2609, "info": {}, "observation": {"remainingOverageTime": 60, "index": 2}, "status": "ACTIVE"}, {"action": "NORTH", "reward": 301, "info": {}, "observation": {"remainingOverageTime": 60, "index": 3}, "status": "DONE"}], [{"action": "NORTH", "reward": 702, "info": {}, "observation": {"remainingOverageTime": 60, "step": 26, "geese": [[], [69, 70, 71, 5, 6, 72, 73, 74], [55, 56, 57, 58, 59, 60, 49, 48, 47], []], "food": [76, 52], "index": 0}, "status": "DONE"}, {"action": "WEST", "reward": 2708, "info": {}, "observation": {"remainingOverageTime": 60, "index": 1}, "status": "ACTIVE"}, {"action": "WEST", "reward": 2709, "info": {}, "observation": {"remainingOverageTime": 60, "index": 2}, "status": "ACTIVE"}, {"action": "NORTH", "reward": 301, "info": {}, "observation": {"remainingOverageTime": 60, "index": 3}, "status": "DONE"}], [{"action": "NORTH", "reward": 702, "info": {}, "observation": {"remainingOverageTime": 60, "step": 27, "geese": [[], [68, 69, 70, 71, 5, 6, 72, 73], [65, 55, 56, 57, 58, 59, 60, 49, 48], []], "food": [76, 52], "index": 0}, "status": "DONE"}, {"action": "WEST", "reward": 2808, "info": {}, "observation": {"remainingOverageTime": 60, "index": 1}, "status": "ACTIVE"}, {"action": "WEST", "reward": 2809, "info": {}, "observation": {"remainingOverageTime": 60, "index": 2}, "status": "ACTIVE"}, {"action": "NORTH", "reward": 301, "info": {}, "observation": {"remainingOverageTime": 60, "index": 3}, "status": "DONE"}], [{"action": "NORTH", "reward": 702, "info": {}, "observation": {"remainingOverageTime": 60, "step": 28, "geese": [[], [67, 68, 69, 70, 71, 5, 6, 72], [76, 65, 55, 56, 57, 58, 59, 60, 49, 48], []], "food": [52, 22], "index": 0}, "status": "DONE"}, {"action": "WEST", "reward": 2908, "info": {}, "observation": {"remainingOverageTime": 60, "index": 1}, "status": "ACTIVE"}, {"action": "SOUTH", "reward": 2910, "info": {}, "observation": {"remainingOverageTime": 60, "index": 2}, "status": "ACTIVE"}, {"action": "NORTH", "reward": 301, "info": {}, "observation": {"remainingOverageTime": 60, "index": 3}, "status": "DONE"}], [{"action": "NORTH", "reward": 702, "info": {}, "observation": {"remainingOverageTime": 60, "step": 29, "geese": [[], [1, 67, 68, 69, 70, 71, 5, 6], [75, 76, 65, 55, 56, 57, 58, 59, 60, 49], []], "food": [52, 22], "index": 0}, "status": "DONE"}, {"action": "SOUTH", "reward": 3008, "info": {}, "observation": {"remainingOverageTime": 60, "index": 1}, "status": "ACTIVE"}, {"action": "WEST", "reward": 3010, "info": {}, "observation": {"remainingOverageTime": 60, "index": 2}, "status": "ACTIVE"}, {"action": "NORTH", "reward": 301, "info": {}, "observation": {"remainingOverageTime": 60, "index": 3}, "status": "DONE"}], [{"action": "NORTH", "reward": 702, "info": {}, "observation": {"remainingOverageTime": 60, "step": 30, "geese": [[], [0, 1, 67, 68, 69, 70, 71, 5], [64, 75, 76, 65, 55, 56, 57, 58, 59, 60], []], "food": [52, 22], "index": 0}, "status": "DONE"}, {"action": "WEST", "reward": 3108, "info": {}, "observation": {"remainingOverageTime": 60, "index": 1}, "status": "ACTIVE"}, {"action": "NORTH", "reward": 3110, "info": {}, "observation": {"remainingOverageTime": 60, "index": 2}, "status": "ACTIVE"}, {"action": "NORTH", "reward": 301, "info": {}, "observation": {"remainingOverageTime": 60, "index": 3}, "status": "DONE"}], [{"action": "NORTH", "reward": 702, "info": {}, "observation": {"remainingOverageTime": 60, "step": 31, "geese": [[], [11, 0, 1, 67, 68, 69, 70, 71], [53, 64, 75, 76, 65, 55, 56, 57, 58, 59], []], "food": [52, 22], "index": 0}, "status": "DONE"}, {"action": "SOUTH", "reward": 3208, "info": {}, "observation": {"remainingOverageTime": 60, "index": 1}, "status": "ACTIVE"}, {"action": "NORTH", "reward": 3210, "info": {}, "observation": {"remainingOverageTime": 60, "index": 2}, "status": "ACTIVE"}, {"action": "NORTH", "reward": 301, "info": {}, "observation": {"remainingOverageTime": 60, "index": 3}, "status": "DONE"}], [{"action": "NORTH", "reward": 702, "info": {}, "observation": {"remainingOverageTime": 60, "step": 32, "geese": [[], [22, 11, 0, 1, 67, 68, 69, 70, 71], [52, 53, 64, 75, 76, 65, 55, 56, 57, 58, 59], []], "food": [60, 12], "index": 0}, "status": "DONE"}, {"action": "SOUTH", "reward": 3309, "info": {}, "observation": {"remainingOverageTime": 60, "index": 1}, "status": "ACTIVE"}, {"action": "WEST", "reward": 3311, "info": {}, "observation": {"remainingOverageTime": 60, "index": 2}, "status": "ACTIVE"}, {"action": "NORTH", "reward": 301, "info": {}, "observation": {"remainingOverageTime": 60, "index": 3}, "status": "DONE"}], [{"action": "NORTH", "reward": 702, "info": {}, "observation": {"remainingOverageTime": 60, "step": 33, "geese": [[], [23, 22, 11, 0, 1, 67, 68, 69, 70], [51, 52, 53, 64, 75, 76, 65, 55, 56, 57, 58], []], "food": [60, 12], "index": 0}, "status": "DONE"}, {"action": "EAST", "reward": 3409, "info": {}, "observation": {"remainingOverageTime": 60, "index": 1}, "status": "ACTIVE"}, {"action": "WEST", "reward": 3411, "info": {}, "observation": {"remainingOverageTime": 60, "index": 2}, "status": "ACTIVE"}, {"action": "NORTH", "reward": 301, "info": {}, "observation": {"remainingOverageTime": 60, "index": 3}, "status": "DONE"}], [{"action": "NORTH", "reward": 702, "info": {}, "observation": {"remainingOverageTime": 60, "step": 34, "geese": [[], [12, 23, 22, 11, 0, 1, 67, 68, 69, 70], [50, 51, 52, 53, 64, 75, 76, 65, 55, 56, 57], []], "food": [60, 54], "index": 0}, "status": "DONE"}, {"action": "NORTH", "reward": 3510, "info": {}, "observation": {"remainingOverageTime": 60, "index": 1}, "status": "ACTIVE"}, {"action": "WEST", "reward": 3511, "info": {}, "observation": {"remainingOverageTime": 60, "index": 2}, "status": "ACTIVE"}, {"action": "NORTH", "reward": 301, "info": {}, "observation": {"remainingOverageTime": 60, "index": 3}, "status": "DONE"}], [{"action": "NORTH", "reward": 702, "info": {}, "observation": {"remainingOverageTime": 60, "step": 35, "geese": [[], [13, 12, 23, 22, 11, 0, 1, 67, 68, 69], [49, 50, 51, 52, 53, 64, 75, 76, 65, 55, 56], []], "food": [60, 54], "index": 0}, "status": "DONE"}, {"action": "EAST", "reward": 3610, "info": {}, "observation": {"remainingOverageTime": 60, "index": 1}, "status": "ACTIVE"}, {"action": "WEST", "reward": 3611, "info": {}, "observation": {"remainingOverageTime": 60, "index": 2}, "status": "ACTIVE"}, {"action": "NORTH", "reward": 301, "info": {}, "observation": {"remainingOverageTime": 60, "index": 3}, "status": "DONE"}], [{"action": "NORTH", "reward": 702, "info": {}, "observation": {"remainingOverageTime": 60, "step": 36, "geese": [[], [24, 13, 12, 23, 22, 11, 0, 1, 67, 68], [60, 49, 50, 51, 52, 53, 64, 75, 76, 65, 55, 56], []], "food": [54, 27], "index": 0}, "status": "DONE"}, {"action": "SOUTH", "reward": 3710, "info": {}, "observation": {"remainingOverageTime": 60, "index": 1}, "status": "ACTIVE"}, {"action": "SOUTH", "reward": 3712, "info": {}, "observation": {"remainingOverageTime": 60, "index": 2}, "status": "ACTIVE"}, {"action": "NORTH", "reward": 301, "info": {}, "observation": {"remainingOverageTime": 60, "index": 3}, "status": "DONE"}], [{"action": "NORTH", "reward": 702, "info": {}, "observation": {"remainingOverageTime": 60, "step": 37, "geese": [[], [25, 24, 13, 12, 23, 22, 11, 0, 1, 67], [71, 60, 49, 50, 51, 52, 53, 64, 75, 76, 65, 55], []], "food": [54, 27], "index": 0}, "status": "DONE"}, {"action": "EAST", "reward": 3810, "info": {}, "observation": {"remainingOverageTime": 60, "index": 1}, "status": "ACTIVE"}, {"action": "SOUTH", "reward": 3812, "info": {}, "observation": {"remainingOverageTime": 60, "index": 2}, "status": "ACTIVE"}, {"action": "NORTH", "reward": 301, "info": {}, "observation": {"remainingOverageTime": 60, "index": 3}, "status": "DONE"}], [{"action": "NORTH", "reward": 702, "info": {}, "observation": {"remainingOverageTime": 60, "step": 38, "geese": [[], [26, 25, 24, 13, 12, 23, 22, 11, 0, 1], [5, 71, 60, 49, 50, 51, 52, 53, 64, 75, 76, 65], []], "food": [54, 27], "index": 0}, "status": "DONE"}, {"action": "EAST", "reward": 3910, "info": {}, "observation": {"remainingOverageTime": 60, "index": 1}, "status": "ACTIVE"}, {"action": "SOUTH", "reward": 3912, "info": {}, "observation": {"remainingOverageTime": 60, "index": 2}, "status": "ACTIVE"}, {"action": "NORTH", "reward": 301, "info": {}, "observation": {"remainingOverageTime": 60, "index": 3}, "status": "DONE"}], [{"action": "NORTH", "reward": 702, "info": {}, "observation": {"remainingOverageTime": 60, "step": 39, "geese": [[], [27, 26, 25, 24, 13, 12, 23, 22, 11, 0, 1], [6, 5, 71, 60, 49, 50, 51, 52, 53, 64, 75, 76], []], "food": [54, 30], "index": 0}, "status": "DONE"}, {"action": "EAST", "reward": 4011, "info": {}, "observation": {"remainingOverageTime": 60, "index": 1}, "status": "ACTIVE"}, {"action": "EAST", "reward": 4012, "info": {}, "observation": {"remainingOverageTime": 60, "index": 2}, "status": "ACTIVE"}, {"action": "NORTH", "reward": 301, "info": {}, "observation": {"remainingOverageTime": 60, "index": 3}, "status": "DONE"}], [{"action": "NORTH", "reward": 702, "info": {}, "observation": {"remainingOverageTime": 60, "step": 40, "geese": [[], [28, 27, 26, 25, 24, 13, 12, 23, 22, 11], [7, 6, 5, 71, 60, 49, 50, 51, 52, 53, 64], []], "food": [54, 30], "index": 0}, "status": "DONE"}, {"action": "EAST", "reward": 4110, "info": {}, "observation": {"remainingOverageTime": 60, "index": 1}, "status": "ACTIVE"}, {"action": "EAST", "reward": 4111, "info": {}, "observation": {"remainingOverageTime": 60, "index": 2}, "status": "ACTIVE"}, {"action": "NORTH", "reward": 301, "info": {}, "observation": {"remainingOverageTime": 60, "index": 3}, "status": "DONE"}], [{"action": "NORTH", "reward": 702, "info": {}, "observation": {"remainingOverageTime": 60, "step": 41, "geese": [[], [29, 28, 27, 26, 25, 24, 13, 12, 23, 22], [8, 7, 6, 5, 71, 60, 49, 50, 51, 52, 53], []], "food": [54, 30], "index": 0}, "status": "DONE"}, {"action": "EAST", "reward": 4210, "info": {}, "observation": {"remainingOverageTime": 60, "index": 1}, "status": "ACTIVE"}, {"action": "EAST", "reward": 4211, "info": {}, "observation": {"remainingOverageTime": 60, "index": 2}, "status": "ACTIVE"}, {"action": "NORTH", "reward": 301, "info": {}, "observation": {"remainingOverageTime": 60, "index": 3}, "status": "DONE"}], [{"action": "NORTH", "reward": 702, "info": {}, "observation": {"remainingOverageTime": 60, "step": 42, "geese": [[], [30, 29, 28, 27, 26, 25, 24, 13, 12, 23, 22], [9, 8, 7, 6, 5, 71, 60, 49, 50, 51, 52], []], "food": [54, 42], "index": 0}, "status": "DONE"}, {"action": "EAST", "reward": 4311, "info": {}, "observation": {"remainingOverageTime": 60, "index": 1}, "status": "ACTIVE"}, {"action": "EAST", "reward": 4311, "info": {}, "observation": {"remainingOverageTime": 60, "index": 2}, "status": "ACTIVE"}, {"action": "NORTH", "reward": 301, "info": {}, "observation": {"remainingOverageTime": 60, "index": 3}, "status": "DONE"}], [{"action": "NORTH", "reward": 702, "info": {}, "observation": {"remainingOverageTime": 60, "step": 43, "geese": [[], [31, 30, 29, 28, 27, 26, 25, 24, 13, 12, 23], [10, 9, 8, 7, 6, 5, 71, 60, 49, 50, 51], []], "food": [54, 42], "index": 0}, "status": "DONE"}, {"action": "EAST", "reward": 4411, "info": {}, "observation": {"remainingOverageTime": 60, "index": 1}, "status": "ACTIVE"}, {"action": "EAST", "reward": 4411, "info": {}, "observation": {"remainingOverageTime": 60, "index": 2}, "status": "ACTIVE"}, {"action": "NORTH", "reward": 301, "info": {}, "observation": {"remainingOverageTime": 60, "index": 3}, "status": "DONE"}], [{"action": "NORTH", "reward": 702, "info": {}, "observation": {"remainingOverageTime": 60, "step": 44, "geese": [[], [42, 31, 30, 29, 28, 27, 26, 25, 24, 13, 12, 23], [76, 10, 9, 8, 7, 6, 5, 71, 60, 49, 50], []], "food": [54, 19], "index": 0}, "status": "DONE"}, {"action": "SOUTH", "reward": 4512, "info": {}, "observation": {"remainingOverageTime": 60, "index": 1}, "status": "ACTIVE"}, {"action": "NORTH", "reward": 4511, "info": {}, "observation": {"remainingOverageTime": 60, "index": 2}, "status": "ACTIVE"}, {"action": "NORTH", "reward": 301, "info": {}, "observation": {"remainingOverageTime": 60, "index": 3}, "status": "DONE"}], [{"action": "NORTH", "reward": 702, "info": {}, "observation": {"remainingOverageTime": 60, "step": 45, "geese": [[], [43, 42, 31, 30, 29, 28, 27, 26, 25, 24, 13, 12], [65, 76, 10, 9, 8, 7, 6, 5, 71, 60, 49], []], "food": [54, 19], "index": 0}, "status": "DONE"}, {"action": "EAST", "reward": 4612, "info": {}, "observation": {"remainingOverageTime": 60, "index": 1}, "status": "ACTIVE"}, {"action": "NORTH", "reward": 4611, "info": {}, "observation": {"remainingOverageTime": 60, "index": 2}, "status": "ACTIVE"}, {"action": "NORTH", "reward": 301, "info": {}, "observation": {"remainingOverageTime": 60, "index": 3}, "status": "DONE"}], [{"action": "NORTH", "reward": 702, "info": {}, "observation": {"remainingOverageTime": 60, "step": 46, "geese": [[], [32, 43, 42, 31, 30, 29, 28, 27, 26, 25, 24, 13], [55, 65, 76, 10, 9, 8, 7, 6, 5, 71, 60], []], "food": [54, 19], "index": 0}, "status": "DONE"}, {"action": "NORTH", "reward": 4712, "info": {}, "observation": {"remainingOverageTime": 60, "index": 1}, "status": "ACTIVE"}, {"action": "EAST", "reward": 4711, "info": {}, "observation": {"remainingOverageTime": 60, "index": 2}, "status": "ACTIVE"}, {"action": "NORTH", "reward": 301, "info": {}, "observation": {"remainingOverageTime": 60, "index": 3}, "status": "DONE"}], [{"action": "NORTH", "reward": 702, "info": {}, "observation": {"remainingOverageTime": 60, "step": 47, "geese": [[], [21, 32, 43, 42, 31, 30, 29, 28, 27, 26, 25, 24], [44, 55, 65, 76, 10, 9, 8, 7, 6, 5, 71], []], "food": [54, 19], "index": 0}, "status": "DONE"}, {"action": "NORTH", "reward": 4812, "info": {}, "observation": {"remainingOverageTime": 60, "index": 1}, "status": "ACTIVE"}, {"action": "NORTH", "reward": 4811, "info": {}, "observation": {"remainingOverageTime": 60, "index": 2}, "status": "ACTIVE"}, {"action": "NORTH", "reward": 301, "info": {}, "observation": {"remainingOverageTime": 60, "index": 3}, "status": "DONE"}], [{"action": "NORTH", "reward": 702, "info": {}, "observation": {"remainingOverageTime": 60, "step": 48, "geese": [[], [20, 21, 32, 43, 42, 31, 30, 29, 28, 27, 26, 25], [54, 44, 55, 65, 76, 10, 9, 8, 7, 6, 5, 71], []], "food": [19, 22], "index": 0}, "status": "DONE"}, {"action": "WEST", "reward": 4912, "info": {}, "observation": {"remainingOverageTime": 60, "index": 1}, "status": "ACTIVE"}, {"action": "WEST", "reward": 4912, "info": {}, "observation": {"remainingOverageTime": 60, "index": 2}, "status": "ACTIVE"}, {"action": "NORTH", "reward": 301, "info": {}, "observation": {"remainingOverageTime": 60, "index": 3}, "status": "DONE"}], [{"action": "NORTH", "reward": 702, "info": {}, "observation": {"remainingOverageTime": 60, "step": 49, "geese": [[], [19, 20, 21, 32, 43, 42, 31, 30, 29, 28, 27, 26, 25], [53, 54, 44, 55, 65, 76, 10, 9, 8, 7, 6, 5], []], "food": [22, 66], "index": 0}, "status": "DONE"}, {"action": "WEST", "reward": 5013, "info": {}, "observation": {"remainingOverageTime": 60, "index": 1}, "status": "ACTIVE"}, {"action": "WEST", "reward": 5012, "info": {}, "observation": {"remainingOverageTime": 60, "index": 2}, "status": "ACTIVE"}, {"action": "NORTH", "reward": 301, "info": {}, "observation": {"remainingOverageTime": 60, "index": 3}, "status": "DONE"}], [{"action": "NORTH", "reward": 702, "info": {}, "observation": {"remainingOverageTime": 60, "step": 50, "geese": [[], [18, 19, 20, 21, 32, 43, 42, 31, 30, 29, 28, 27, 26], [52, 53, 54, 44, 55, 65, 76, 10, 9, 8, 7, 6], []], "food": [22, 66], "index": 0}, "status": "DONE"}, {"action": "WEST", "reward": 5113, "info": {}, "observation": {"remainingOverageTime": 60, "index": 1}, "status": "ACTIVE"}, {"action": "WEST", "reward": 5112, "info": {}, "observation": {"remainingOverageTime": 60, "index": 2}, "status": "ACTIVE"}, {"action": "NORTH", "reward": 301, "info": {}, "observation": {"remainingOverageTime": 60, "index": 3}, "status": "DONE"}], [{"action": "NORTH", "reward": 702, "info": {}, "observation": {"remainingOverageTime": 60, "step": 51, "geese": [[], [17, 18, 19, 20, 21, 32, 43, 42, 31, 30, 29, 28, 27], [41, 52, 53, 54, 44, 55, 65, 76, 10, 9, 8, 7], []], "food": [22, 66], "index": 0}, "status": "DONE"}, {"action": "WEST", "reward": 5213, "info": {}, "observation": {"remainingOverageTime": 60, "index": 1}, "status": "ACTIVE"}, {"action": "NORTH", "reward": 5212, "info": {}, "observation": {"remainingOverageTime": 60, "index": 2}, "status": "ACTIVE"}, {"action": "NORTH", "reward": 301, "info": {}, "observation": {"remainingOverageTime": 60, "index": 3}, "status": "DONE"}], [{"action": "NORTH", "reward": 702, "info": {}, "observation": {"remainingOverageTime": 60, "step": 52, "geese": [[], [16, 17, 18, 19, 20, 21, 32, 43, 42, 31, 30, 29, 28], [40, 41, 52, 53, 54, 44, 55, 65, 76, 10, 9, 8], []], "food": [22, 66], "index": 0}, "status": "DONE"}, {"action": "WEST", "reward": 5313, "info": {}, "observation": {"remainingOverageTime": 60, "index": 1}, "status": "ACTIVE"}, {"action": "WEST", "reward": 5312, "info": {}, "observation": {"remainingOverageTime": 60, "index": 2}, "status": "ACTIVE"}, {"action": "NORTH", "reward": 301, "info": {}, "observation": {"remainingOverageTime": 60, "index": 3}, "status": "DONE"}], [{"action": "NORTH", "reward": 702, "info": {}, "observation": {"remainingOverageTime": 60, "step": 53, "geese": [[], [15, 16, 17, 18, 19, 20, 21, 32, 43, 42, 31, 30, 29], [39, 40, 41, 52, 53, 54, 44, 55, 65, 76, 10, 9], []], "food": [22, 66], "index": 0}, "status": "DONE"}, {"action": "WEST", "reward": 5413, "info": {}, "observation": {"remainingOverageTime": 60, "index": 1}, "status": "ACTIVE"}, {"action": "WEST", "reward": 5412, "info": {}, "observation": {"remainingOverageTime": 60, "index": 2}, "status": "ACTIVE"}, {"action": "NORTH", "reward": 301, "info": {}, "observation": {"remainingOverageTime": 60, "index": 3}, "status": "DONE"}], [{"action": "NORTH", "reward": 702, "info": {}, "observation": {"remainingOverageTime": 60, "step": 54, "geese": [[], [14, 15, 16, 17, 18, 19, 20, 21, 32, 43, 42, 31, 30], [38, 39, 40, 41, 52, 53, 54, 44, 55, 65, 76, 10], []], "food": [22, 66], "index": 0}, "status": "DONE"}, {"action": "WEST", "reward": 5513, "info": {}, "observation": {"remainingOverageTime": 60, "index": 1}, "status": "ACTIVE"}, {"action": "WEST", "reward": 5512, "info": {}, "observation": {"remainingOverageTime": 60, "index": 2}, "status": "ACTIVE"}, {"action": "NORTH", "reward": 301, "info": {}, "observation": {"remainingOverageTime": 60, "index": 3}, "status": "DONE"}], [{"action": "NORTH", "reward": 702, "info": {}, "observation": {"remainingOverageTime": 60, "step": 55, "geese": [[], [13, 14, 15, 16, 17, 18, 19, 20, 21, 32, 43, 42, 31], [37, 38, 39, 40, 41, 52, 53, 54, 44, 55, 65, 76], []], "food": [22, 66], "index": 0}, "status": "DONE"}, {"action": "WEST", "reward": 5613, "info": {}, "observation": {"remainingOverageTime": 60, "index": 1}, "status": "ACTIVE"}, {"action": "WEST", "reward": 5612, "info": {}, "observation": {"remainingOverageTime": 60, "index": 2}, "status": "ACTIVE"}, {"action": "NORTH", "reward": 301, "info": {}, "observation": {"remainingOverageTime": 60, "index": 3}, "status": "DONE"}], [{"action": "NORTH", "reward": 702, "info": {}, "observation": {"remainingOverageTime": 60, "step": 56, "geese": [[], [12, 13, 14, 15, 16, 17, 18, 19, 20, 21, 32, 43, 42], [36, 37, 38, 39, 40, 41, 52, 53, 54, 44, 55, 65], []], "food": [22, 66], "index": 0}, "status": "DONE"}, {"action": "WEST", "reward": 5713, "info": {}, "observation": {"remainingOverageTime": 60, "index": 1}, "status": "ACTIVE"}, {"action": "WEST", "reward": 5712, "info": {}, "observation": {"remainingOverageTime": 60, "index": 2}, "status": "ACTIVE"}, {"action": "NORTH", "reward": 301, "info": {}, "observation": {"remainingOverageTime": 60, "index": 3}, "status": "DONE"}], [{"action": "NORTH", "reward": 702, "info": {}, "observation": {"remainingOverageTime": 60, "step": 57, "geese": [[], [11, 12, 13, 14, 15, 16, 17, 18, 19, 20, 21, 32, 43], [35, 36, 37, 38, 39, 40, 41, 52, 53, 54, 44, 55], []], "food": [22, 66], "index": 0}, "status": "DONE"}, {"action": "WEST", "reward": 5813, "info": {}, "observation": {"remainingOverageTime": 60, "index": 1}, "status": "ACTIVE"}, {"action": "WEST", "reward": 5812, "info": {}, "observation": {"remainingOverageTime": 60, "index": 2}, "status": "ACTIVE"}, {"action": "NORTH", "reward": 301, "info": {}, "observation": {"remainingOverageTime": 60, "index": 3}, "status": "DONE"}], [{"action": "NORTH", "reward": 702, "info": {}, "observation": {"remainingOverageTime": 60, "step": 58, "geese": [[], [22, 11, 12, 13, 14, 15, 16, 17, 18, 19, 20, 21, 32, 43], [34, 35, 36, 37, 38, 39, 40, 41, 52, 53, 54, 44], []], "food": [66, 9], "index": 0}, "status": "DONE"}, {"action": "SOUTH", "reward": 5914, "info": {}, "observation": {"remainingOverageTime": 60, "index": 1}, "status": "ACTIVE"}, {"action": "WEST", "reward": 5912, "info": {}, "observation": {"remainingOverageTime": 60, "index": 2}, "status": "ACTIVE"}, {"action": "NORTH", "reward": 301, "info": {}, "observation": {"remainingOverageTime": 60, "index": 3}, "status": "DONE"}], [{"action": "NORTH", "reward": 702, "info": {}, "observation": {"remainingOverageTime": 60, "step": 59, "geese": [[], [33, 22, 11, 12, 13, 14, 15, 16, 17, 18, 19, 20, 21, 32], [45, 34, 35, 36, 37, 38, 39, 40, 41, 52, 53, 54], []], "food": [66, 9], "index": 0}, "status": "DONE"}, {"action": "SOUTH", "reward": 6014, "info": {}, "observation": {"remainingOverageTime": 60, "index": 1}, "status": "ACTIVE"}, {"action": "SOUTH", "reward": 6012, "info": {}, "observation": {"remainingOverageTime": 60, "index": 2}, "status": "ACTIVE"}, {"action": "NORTH", "reward": 301, "info": {}, "observation": {"remainingOverageTime": 60, "index": 3}, "status": "DONE"}], [{"action": "NORTH", "reward": 702, "info": {}, "observation": {"remainingOverageTime": 60, "step": 60, "geese": [[], [43, 33, 22, 11, 12, 13, 14, 15, 16, 17, 18, 19, 20, 21], [56, 45, 34, 35, 36, 37, 38, 39, 40, 41, 52, 53], []], "food": [66, 9], "index": 0}, "status": "DONE"}, {"action": "WEST", "reward": 6114, "info": {}, "observation": {"remainingOverageTime": 60, "index": 1}, "status": "ACTIVE"}, {"action": "SOUTH", "reward": 6112, "info": {}, "observation": {"remainingOverageTime": 60, "index": 2}, "status": "ACTIVE"}, {"action": "NORTH", "reward": 301, "info": {}, "observation": {"remainingOverageTime": 60, "index": 3}, "status": "DONE"}], [{"action": "NORTH", "reward": 702, "info": {}, "observation": {"remainingOverageTime": 60, "step": 61, "geese": [[], [32, 43, 33, 22, 11, 12, 13, 14, 15, 16, 17, 18, 19, 20], [55, 56, 45, 34, 35, 36, 37, 38, 39, 40, 41, 52], []], "food": [66, 9], "index": 0}, "status": "DONE"}, {"action": "NORTH", "reward": 6214, "info": {}, "observation": {"remainingOverageTime": 60, "index": 1}, "status": "ACTIVE"}, {"action": "WEST", "reward": 6212, "info": {}, "observation": {"remainingOverageTime": 60, "index": 2}, "status": "ACTIVE"}, {"action": "NORTH", "reward": 301, "info": {}, "observation": {"remainingOverageTime": 60, "index": 3}, "status": "DONE"}], [{"action": "NORTH", "reward": 702, "info": {}, "observation": {"remainingOverageTime": 60, "step": 62, "geese": [[], [21, 32, 43, 33, 22, 11, 12, 13, 14, 15, 16, 17, 18, 19], [66, 55, 56, 45, 34, 35, 36, 37, 38, 39, 40, 41, 52], []], "food": [9, 1], "index": 0}, "status": "DONE"}, {"action": "NORTH", "reward": 6314, "info": {}, "observation": {"remainingOverageTime": 60, "index": 1}, "status": "ACTIVE"}, {"action": "SOUTH", "reward": 6313, "info": {}, "observation": {"remainingOverageTime": 60, "index": 2}, "status": "ACTIVE"}, {"action": "NORTH", "reward": 301, "info": {}, "observation": {"remainingOverageTime": 60, "index": 3}, "status": "DONE"}], [{"action": "NORTH", "reward": 702, "info": {}, "observation": {"remainingOverageTime": 60, "step": 63, "geese": [[], [10, 21, 32, 43, 33, 22, 11, 12, 13, 14, 15, 16, 17, 18], [67, 66, 55, 56, 45, 34, 35, 36, 37, 38, 39, 40, 41], []], "food": [9, 1], "index": 0}, "status": "DONE"}, {"action": "NORTH", "reward": 6414, "info": {}, "observation": {"remainingOverageTime": 60, "index": 1}, "status": "ACTIVE"}, {"action": "EAST", "reward": 6413, "info": {}, "observation": {"remainingOverageTime": 60, "index": 2}, "status": "ACTIVE"}, {"action": "NORTH", "reward": 301, "info": {}, "observation": {"remainingOverageTime": 60, "index": 3}, "status": "DONE"}], [{"action": "NORTH", "reward": 702, "info": {}, "observation": {"remainingOverageTime": 60, "step": 64, "geese": [[], [9, 10, 21, 32, 43, 33, 22, 11, 12, 13, 14, 15, 16, 17, 18], [1, 67, 66, 55, 56, 45, 34, 35, 36, 37, 38, 39, 40, 41], []], "food": [31, 3], "index": 0}, "status": "DONE"}, {"action": "WEST", "reward": 6515, "info": {}, "observation": {"remainingOverageTime": 60, "index": 1}, "status": "ACTIVE"}, {"action": "SOUTH", "reward": 6514, "info": {}, "observation": {"remainingOverageTime": 60, "index": 2}, "status": "ACTIVE"}, {"action": "NORTH", "reward": 301, "info": {}, "observation": {"remainingOverageTime": 60, "index": 3}, "status": "DONE"}], [{"action": "NORTH", "reward": 702, "info": {}, "observation": {"remainingOverageTime": 60, "step": 65, "geese": [[], [20, 9, 10, 21, 32, 43, 33, 22, 11, 12, 13, 14, 15, 16, 17], [2, 1, 67, 66, 55, 56, 45, 34, 35, 36, 37, 38, 39, 40], []], "food": [31, 3], "index": 0}, "status": "DONE"}, {"action": "SOUTH", "reward": 6615, "info": {}, "observation": {"remainingOverageTime": 60, "index": 1}, "status": "ACTIVE"}, {"action": "EAST", "reward": 6614, "info": {}, "observation": {"remainingOverageTime": 60, "index": 2}, "status": "ACTIVE"}, {"action": "NORTH", "reward": 301, "info": {}, "observation": {"remainingOverageTime": 60, "index": 3}, "status": "DONE"}], [{"action": "NORTH", "reward": 702, "info": {}, "observation": {"remainingOverageTime": 60, "step": 66, "geese": [[], [31, 20, 9, 10, 21, 32, 43, 33, 22, 11, 12, 13, 14, 15, 16, 17], [3, 2, 1, 67, 66, 55, 56, 45, 34, 35, 36, 37, 38, 39, 40], []], "food": [19, 49], "index": 0}, "status": "DONE"}, {"action": "SOUTH", "reward": 6716, "info": {}, "observation": {"remainingOverageTime": 60, "index": 1}, "status": "ACTIVE"}, {"action": "EAST", "reward": 6715, "info": {}, "observation": {"remainingOverageTime": 60, "index": 2}, "status": "ACTIVE"}, {"action": "NORTH", "reward": 301, "info": {}, "observation": {"remainingOverageTime": 60, "index": 3}, "status": "DONE"}], [{"action": "NORTH", "reward": 702, "info": {}, "observation": {"remainingOverageTime": 60, "step": 67, "geese": [[], [30, 31, 20, 9, 10, 21, 32, 43, 33, 22, 11, 12, 13, 14, 15, 16], [4, 3, 2, 1, 67, 66, 55, 56, 45, 34, 35, 36, 37, 38, 39], []], "food": [19, 49], "index": 0}, "status": "DONE"}, {"action": "WEST", "reward": 6816, "info": {}, "observation": {"remainingOverageTime": 60, "index": 1}, "status": "ACTIVE"}, {"action": "EAST", "reward": 6815, "info": {}, "observation": {"remainingOverageTime": 60, "index": 2}, "status": "ACTIVE"}, {"action": "NORTH", "reward": 301, "info": {}, "observation": {"remainingOverageTime": 60, "index": 3}, "status": "DONE"}], [{"action": "NORTH", "reward": 702, "info": {}, "observation": {"remainingOverageTime": 60, "step": 68, "geese": [[], [19, 30, 31, 20, 9, 10, 21, 32, 43, 33, 22, 11, 12, 13, 14, 15, 16], [5, 4, 3, 2, 1, 67, 66, 55, 56, 45, 34, 35, 36, 37, 38], []], "food": [49, 25], "index": 0}, "status": "DONE"}, {"action": "NORTH", "reward": 6917, "info": {}, "observation": {"remainingOverageTime": 60, "index": 1}, "status": "ACTIVE"}, {"action": "EAST", "reward": 6915, "info": {}, "observation": {"remainingOverageTime": 60, "index": 2}, "status": "ACTIVE"}, {"action": "NORTH", "reward": 301, "info": {}, "observation": {"remainingOverageTime": 60, "index": 3}, "status": "DONE"}], [{"action": "NORTH", "reward": 702, "info": {}, "observation": {"remainingOverageTime": 60, "step": 69, "geese": [[], [18, 19, 30, 31, 20, 9, 10, 21, 32, 43, 33, 22, 11, 12, 13, 14, 15], [71, 5, 4, 3, 2, 1, 67, 66, 55, 56, 45, 34, 35, 36, 37], []], "food": [49, 25], "index": 0}, "status": "DONE"}, {"action": "WEST", "reward": 7017, "info": {}, "observation": {"remainingOverageTime": 60, "index": 1}, "status": "ACTIVE"}, {"action": "NORTH", "reward": 7015, "info": {}, "observation": {"remainingOverageTime": 60, "index": 2}, "status": "ACTIVE"}, {"action": "NORTH", "reward": 301, "info": {}, "observation": {"remainingOverageTime": 60, "index": 3}, "status": "DONE"}], [{"action": "NORTH", "reward": 702, "info": {}, "observation": {"remainingOverageTime": 60, "step": 70, "geese": [[], [17, 18, 19, 30, 31, 20, 9, 10, 21, 32, 43, 33, 22, 11, 12, 13, 14], [60, 71, 5, 4, 3, 2, 1, 67, 66, 55, 56, 45, 34, 35, 36], []], "food": [49, 25], "index": 0}, "status": "DONE"}, {"action": "WEST", "reward": 7117, "info": {}, "observation": {"remainingOverageTime": 60, "index": 1}, "status": "ACTIVE"}, {"action": "NORTH", "reward": 7115, "info": {}, "observation": {"remainingOverageTime": 60, "index": 2}, "status": "ACTIVE"}, {"action": "NORTH", "reward": 301, "info": {}, "observation": {"remainingOverageTime": 60, "index": 3}, "status": "DONE"}], [{"action": "NORTH", "reward": 702, "info": {}, "observation": {"remainingOverageTime": 60, "step": 71, "geese": [[], [16, 17, 18, 19, 30, 31, 20, 9, 10, 21, 32, 43, 33, 22, 11, 12, 13], [49, 60, 71, 5, 4, 3, 2, 1, 67, 66, 55, 56, 45, 34, 35, 36], []], "food": [25, 27], "index": 0}, "status": "DONE"}, {"action": "WEST", "reward": 7217, "info": {}, "observation": {"remainingOverageTime": 60, "index": 1}, "status": "ACTIVE"}, {"action": "NORTH", "reward": 7216, "info": {}, "observation": {"remainingOverageTime": 60, "index": 2}, "status": "ACTIVE"}, {"action": "NORTH", "reward": 301, "info": {}, "observation": {"remainingOverageTime": 60, "index": 3}, "status": "DONE"}], [{"action": "NORTH", "reward": 702, "info": {}, "observation": {"remainingOverageTime": 60, "step": 72, "geese": [[], [27, 16, 17, 18, 19, 30, 31, 20, 9, 10, 21, 32, 43, 33, 22, 11, 12, 13], [38, 49, 60, 71, 5, 4, 3, 2, 1, 67, 66, 55, 56, 45, 34, 35], []], "food": [25, 75], "index": 0}, "status": "DONE"}, {"action": "SOUTH", "reward": 7318, "info": {}, "observation": {"remainingOverageTime": 60, "index": 1}, "status": "ACTIVE"}, {"action": "NORTH", "reward": 7316, "info": {}, "observation": {"remainingOverageTime": 60, "index": 2}, "status": "ACTIVE"}, {"action": "NORTH", "reward": 301, "info": {}, "observation": {"remainingOverageTime": 60, "index": 3}, "status": "DONE"}], [{"action": "NORTH", "reward": 702, "info": {}, "observation": {"remainingOverageTime": 60, "step": 73, "geese": [[], [26, 27, 16, 17, 18, 19, 30, 31, 20, 9, 10, 21, 32, 43, 33, 22, 11, 12], [37, 38, 49, 60, 71, 5, 4, 3, 2, 1, 67, 66, 55, 56, 45, 34], []], "food": [25, 75], "index": 0}, "status": "DONE"}, {"action": "WEST", "reward": 7418, "info": {}, "observation": {"remainingOverageTime": 60, "index": 1}, "status": "ACTIVE"}, {"action": "WEST", "reward": 7416, "info": {}, "observation": {"remainingOverageTime": 60, "index": 2}, "status": "ACTIVE"}, {"action": "NORTH", "reward": 301, "info": {}, "observation": {"remainingOverageTime": 60, "index": 3}, "status": "DONE"}], [{"action": "NORTH", "reward": 702, "info": {}, "observation": {"remainingOverageTime": 60, "step": 74, "geese": [[], [25, 26, 27, 16, 17, 18, 19, 30, 31, 20, 9, 10, 21, 32, 43, 33, 22, 11, 12], [], []], "food": [75, 51], "index": 0}, "status": "DONE"}, {"action": "WEST", "reward": 7519, "info": {}, "observation": {"remainingOverageTime": 60, "index": 1}, "status": "DONE"}, {"action": "NORTH", "reward": 7416, "info": {}, "observation": {"remainingOverageTime": 60, "index": 2}, "status": "DONE"}, {"action": "NORTH", "reward": 301, "info": {}, "observation": {"remainingOverageTime": 60, "index": 3}, "status": "DONE"}]], "rewards": [702, 7519, 7416, 301], "statuses": ["DONE", "DONE", "DONE", "DONE"], "schema_version": 1, "info": {}}